# Blender 5.0.1
# www.blender.org
o Frontal_bone_Generated_Mesh_From_X3D.001
v -3.048689 2.155816 -0.091638
v -3.059440 2.306616 -0.177538
v -3.072190 2.199214 -0.220538
v -3.059740 2.220368 -0.242088
v -3.061090 2.112967 -0.242088
v -3.055890 2.242064 -0.231488
v -2.797990 1.426518 0.144862
v -2.952290 1.812363 0.080312
v -2.937540 1.661515 -0.091638
v -2.860290 1.511216 -0.005638
v -2.976140 1.704913 -0.199038
v -2.905440 1.630515 -0.113088
v -2.862490 1.546866 -0.070138
v -2.948440 1.638263 -0.263538
v -2.986889 1.790666 -0.134588
v -2.969940 1.815468 -0.199038
v -2.985539 1.790666 -0.156088
v -2.967390 1.768964 -0.177538
v -2.994290 2.392363 -0.027088
v -3.018440 2.628916 -0.242088
v -3.035940 2.521515 -0.220538
v -2.497590 2.586067 0.961512
v -2.972439 1.661515 -0.263538
v -2.986889 1.704913 -0.285038
v -2.969940 1.661515 -0.287938
v -2.926939 1.663613 -0.306538
v -2.905440 1.726115 -0.325488
v -2.977839 1.747763 -0.156088
v -2.969940 1.729715 -0.199038
v -3.042290 2.027213 -0.134588
v -3.002340 1.833516 -0.199038
v -2.969940 1.719367 -0.242088
v -2.902040 1.768964 -0.220538
v -2.948440 1.704913 -0.315788
v -2.883940 1.789617 -0.220538
v -2.883940 1.808715 -0.242088
v -2.883940 1.749313 -0.263538
v -2.894890 1.919764 -0.285038
v -3.012939 2.037012 -0.220538
v -2.926939 1.940966 -0.230438
v -2.991439 1.984316 -0.209338
v -2.925089 2.005517 -0.263538
v -2.948440 2.042168 -0.328038
v -2.905440 2.000868 -0.328038
v -2.862490 1.986414 -0.328038
v -2.895540 1.962668 -0.285038
v -3.018539 2.091765 -0.285038
v -3.026340 2.220368 -0.263538
v -3.000990 2.177512 -0.285038
v -3.006690 2.155816 -0.306538
v -2.994939 2.199214 -0.306538
v -2.991439 2.091765 -0.353688
v -2.969940 2.177512 -0.330538
v -2.969940 2.112967 -0.370838
v -2.969940 2.220368 -0.332588
v -2.883940 2.155816 -0.356388
v -3.058740 2.456915 -0.263538
v -3.041989 2.327817 -0.242088
v -3.034389 2.242064 -0.246588
v -3.027840 2.284914 -0.242088
v -3.005340 2.263266 -0.263538
v -3.008039 2.284914 -0.285038
v -3.012939 2.260166 -0.285038
v -3.031889 2.263266 -0.306538
v -3.012939 2.256512 -0.328038
v -3.010390 2.242064 -0.285038
v -3.012939 2.327817 -0.303138
v -3.007390 2.371216 -0.392488
v -2.925990 2.263266 -0.413988
v -3.038589 2.521515 -0.263538
v -3.040440 2.478617 -0.285038
v -3.033590 2.564364 -0.263538
v -2.975790 2.499813 -0.328038
v -3.023139 2.564364 -0.306538
v -2.991439 2.607214 -0.374588
v -3.034389 2.610314 -0.285038
v -3.028890 2.586066 -0.242088
v -2.969940 2.641314 -0.349488
v -3.034389 2.602064 -0.306538
v -3.010990 2.693516 -0.285038
v -2.979990 2.714664 -0.328038
v -3.004340 2.736366 -0.306538
v -2.988890 2.822113 -0.349488
v -2.518589 3.216713 0.359762
v -2.904590 3.015816 -0.392488
v -2.883940 2.005517 -0.355688
v -2.961790 2.091765 -0.370988
v -2.905440 2.091765 -0.389338
v -2.905440 2.119165 -0.370988
v -2.883940 2.070063 -0.375538
v -3.001339 2.327817 -0.413988
v -3.027840 2.327817 -0.370988
v -2.948440 2.349514 -0.445738
v -2.867489 2.456915 -0.392488
v -2.926939 2.456915 -0.409788
v -2.905440 2.220368 -0.367138
v -2.875040 2.242064 -0.370988
v -2.926939 2.306616 -0.446688
v -2.770640 2.564364 -0.285038
v -2.951990 2.499813 -0.392488
v -2.959690 2.435267 -0.392488
v -2.909039 2.521515 -0.435488
v -2.883940 2.607214 -0.443738
v -2.911690 2.671814 -0.392488
v -2.918040 2.671814 -0.435488
v -2.905440 2.607214 -0.444838
v -2.920740 2.736366 -0.456988
v -2.926939 2.689868 -0.478488
v -2.905440 2.714664 -0.506838
v -2.993939 2.800917 -0.392488
v -2.969940 2.865463 -0.394988
v -2.925089 2.865463 -0.478488
v -2.916039 2.822113 -0.478488
v -2.925440 2.843815 -0.478488
v -2.926939 2.737415 -0.478488
v -2.905440 2.758068 -0.478288
v -2.883940 2.805567 -0.499938
v -2.908340 2.822113 -0.499938
v -2.905440 2.886665 -0.503188
v -2.905440 2.819514 -0.521438
v -2.926939 2.843815 -0.524488
v -2.952640 2.822113 -0.435488
v -2.921490 2.972913 -0.392488
v -2.905440 2.951216 -0.406438
v -2.905440 2.994114 -0.410988
v -2.896240 3.058666 -0.456988
v -2.883940 2.989965 -0.435488
v -2.873390 2.994114 -0.456988
v -2.905440 2.821564 -0.542938
v -2.862490 2.822113 -0.538338
v -2.862490 2.805567 -0.521438
v -2.512690 2.005517 1.154962
v -2.842490 1.661515 0.553162
v -2.754990 1.446664 0.753412
v -2.787740 1.446664 0.660662
v -2.594990 1.167214 1.047512
v -2.611790 1.146066 0.983012
v -2.561589 1.014864 1.004512
v -2.665190 1.210618 0.682162
v -2.594990 2.263266 0.940062
v -2.712540 1.274663 0.187812
v -2.725940 2.070063 0.209312
v -2.778690 2.220368 0.080312
v -2.585939 2.435267 0.424212
v -2.842840 1.489514 -0.005638
v -2.838439 1.468366 0.015862
v -2.819489 1.415664 -0.005638
v -2.790790 2.048367 -0.242088
v -2.674240 1.898068 -0.027088
v -2.796490 2.199214 -0.113088
v -2.475590 2.994114 0.102212
v -2.797990 1.355767 -0.113088
v -2.782690 1.318067 -0.070138
v -2.783740 1.339215 -0.027088
v -2.639290 1.146066 0.015862
v -2.789440 1.318067 -0.091638
v -2.776490 1.340264 -0.091638
v -2.776490 1.353168 -0.113088
v -2.734340 1.231813 -0.113088
v -2.800839 1.318067 -0.134588
v -2.797990 1.360917 -0.135088
v -2.754990 1.345414 -0.113088
v -2.754990 1.351613 -0.134588
v -2.754990 1.336115 -0.156088
v -2.754990 1.296365 -0.174738
v -2.776490 1.342314 -0.070138
v -2.704090 1.360917 -0.134588
v -2.754990 1.252967 -0.156088
v -2.712040 1.253515 -0.162288
v -2.690540 1.210618 -0.134738
v -2.712040 1.340264 -0.156088
v -2.690540 1.318067 -0.161588
v -2.821990 1.425516 -0.027088
v -2.833090 1.446664 -0.005638
v -2.819489 1.493168 -0.027088
v -2.733490 1.425516 -0.071938
v -2.754990 1.532918 -0.056838
v -2.776490 1.360917 -0.039038
v -2.776490 1.382118 -0.030688
v -2.801190 1.382118 -0.005638
v -2.690540 1.382118 -0.120038
v -2.604539 1.489514 -0.108938
v -2.840990 1.597464 -0.108938
v -2.862490 1.636714 -0.156088
v -2.690540 1.704913 -0.088038
v -2.748340 1.726115 -0.113088
v -2.905440 1.643968 -0.263538
v -2.712040 1.734865 -0.134588
v -2.675739 1.726115 -0.134588
v -2.776490 1.696664 -0.220538
v -2.774990 2.392363 -0.156088
v -2.858590 2.155816 -0.328038
v -2.633590 2.822113 -0.156088
v -2.840990 1.683217 -0.306688
v -2.797990 1.726115 -0.309388
v -2.797990 1.678568 -0.263538
v -2.733490 1.683217 -0.219338
v -2.690540 1.703364 -0.177538
v -2.840990 1.749313 -0.285038
v -2.840990 1.790666 -0.270438
v -2.862490 1.742613 -0.306538
v -2.905440 1.753467 -0.306538
v -2.840990 1.738465 -0.306538
v -2.819489 1.812363 -0.288238
v -2.819489 1.747763 -0.302338
v -2.797990 1.768964 -0.303338
v -2.776490 1.812363 -0.289588
v -2.626040 1.683217 -0.177538
v -2.583090 1.683217 -0.145838
v -2.819489 1.876414 -0.324138
v -2.819489 1.962668 -0.313388
v -2.826389 2.005517 -0.306538
v -2.679940 1.876414 -0.177538
v -2.878090 2.091765 -0.370988
v -2.792089 2.843815 -0.478488
v -2.883940 2.116066 -0.370988
v -2.883940 2.721363 -0.499938
v -2.840990 2.754968 -0.478488
v -2.862490 2.779215 -0.493088
v -2.862490 2.908367 -0.507338
v -2.862490 2.929014 -0.478488
v -2.840990 2.779215 -0.489388
v -2.843140 2.822113 -0.521438
v -2.776490 2.929514 -0.523288
v -2.854890 2.951216 -0.456988
v -2.854589 2.951216 -0.478488
v -2.840990 2.994114 -0.574038
v -2.819489 3.172266 -0.435488
v -2.819489 3.123218 -0.469238
v -2.750940 3.123218 -0.521438
v -2.797990 3.088617 -0.521438
v -2.754990 3.266817 -0.392488
v -2.754990 3.263217 -0.456988
v -2.776490 3.208965 -0.477638
v -2.647540 3.230667 -0.537838
v -2.647540 3.166115 -0.552488
v -2.712040 3.306067 -0.413988
v -2.712040 3.328264 -0.370988
v -2.712040 3.271967 -0.456988
v -2.883940 2.843815 -0.557238
v -2.819489 2.886665 -0.530338
v -2.852590 3.037464 -0.564438
v -2.819489 3.015816 -0.597838
v -2.819489 2.930563 -0.542938
v -2.840990 2.932113 -0.521438
v -2.819489 2.994114 -0.597838
v -2.797990 2.982718 -0.585888
v -2.797990 3.015816 -0.606588
v -2.776490 3.015816 -0.590888
v -2.690540 3.101516 -0.566188
v -2.754990 3.110814 -0.564438
v -2.712040 3.130966 -0.542938
v -2.733490 3.109264 -0.585888
v -2.690540 3.128415 -0.564438
v -2.561589 0.518513 1.069012
v -2.587590 0.522667 1.026062
v -2.561589 0.493717 0.983012
v -2.583090 0.565517 1.104062
v -2.561589 0.682765 1.069012
v -2.518589 0.560868 1.197962
v -2.533539 0.587213 1.219462
v -2.540090 0.551063 1.133462
v -2.540090 0.521618 1.069012
v -2.537240 0.844914 1.197962
v -2.545290 0.844914 1.111962
v -2.546290 0.974065 1.133462
v -2.534890 0.887817 1.069012
v -2.572839 1.038617 1.047512
v -2.491539 0.995266 1.262462
v -2.561589 1.296365 1.134362
v -2.518589 0.485963 0.961512
v -2.524490 0.479764 0.940062
v -2.542989 0.500965 0.940062
v -2.573490 0.522667 0.983012
v -2.540090 0.544315 0.957662
v -2.388140 0.866616 0.574662
v -2.567090 1.747763 0.682162
v -2.563090 1.446664 0.596162
v -2.628240 1.726115 0.467162
v -2.576190 2.177513 0.488712
v -2.548640 2.929514 0.596162
v -2.561090 1.446664 0.467162
v -2.626040 1.966268 0.230762
v -2.647540 2.099013 0.295262
v -2.604539 1.823717 0.080312
v -2.673490 2.005517 0.209312
v -2.690540 2.091765 0.253812
v -2.619489 1.124364 -0.005638
v -2.497240 1.102668 0.101812
v -2.518589 1.425516 0.205312
v -2.584890 1.768964 0.058862
v -2.630489 1.146066 -0.005638
v -2.583090 1.124364 -0.029988
v -2.561589 1.188916 -0.056838
v -2.583090 1.169812 -0.048588
v -2.607790 1.210618 -0.091638
v -2.518589 1.139366 -0.027088
v -2.518589 1.163614 -0.048588
v -2.733490 1.343864 -0.091638
v -2.647540 1.360917 -0.165338
v -2.626040 1.339215 -0.162288
v -2.583090 1.318067 -0.138838
v -2.583090 1.339215 -0.160238
v -2.561589 1.360917 -0.173038
v -2.454090 1.233864 -0.070138
v -2.540090 1.296365 -0.134188
v -2.647540 1.380014 -0.156088
v -2.604539 1.425516 -0.164738
v -2.583090 1.511216 -0.131388
v -2.583090 1.468366 -0.142038
v -2.540090 1.489514 -0.136088
v -2.487639 1.296365 -0.156088
v -2.628590 1.683217 -0.134588
v -2.604539 1.661014 -0.156088
v -2.502990 1.575768 -0.091638
v -2.690540 1.733315 -0.113088
v -2.580190 1.768964 -0.113088
v -2.598340 3.166115 -0.521438
v -2.511690 3.187763 -0.413988
v -2.583090 3.230667 -0.564238
v -2.577439 3.273517 -0.607438
v -2.695039 3.359765 -0.370988
v -2.703440 3.338063 -0.392488
v -2.669040 3.258568 -0.478488
v -2.685640 3.380966 -0.413988
v -2.674590 3.338063 -0.435488
v -2.647540 3.273517 -0.452438
v -2.647540 3.316414 -0.451088
v -2.627540 3.359765 -0.499938
v -2.647540 3.261113 -0.499938
v -2.669040 3.438818 -0.456988
v -2.626040 3.316414 -0.478238
v -2.643690 3.295213 -0.564438
v -2.634290 3.252363 -0.542938
v -2.604539 3.533315 -0.392488
v -2.476789 3.767818 -0.478488
v -2.573539 3.531766 -0.542938
v -2.611090 3.510064 -0.478488
v -2.579540 3.639215 -0.542938
v -2.583090 3.252363 -0.588888
v -2.604539 3.246164 -0.585888
v -2.622190 3.316414 -0.564438
v -2.586940 3.359765 -0.564438
v -2.613389 3.230667 -0.564438
v -2.654990 3.295213 -0.585888
v -2.604539 3.316414 -0.602888
v -2.606440 3.252363 -0.607438
v -2.546940 3.316414 -0.585888
v -2.583090 3.295213 -0.618638
v -2.571489 3.617513 -0.585888
v -2.528840 3.574663 -0.628938
v -2.546390 3.682065 -0.564438
v -2.464689 3.789514 -0.499938
v -2.339089 0.630063 1.520312
v -2.411139 0.820166 1.434362
v -2.455289 0.672966 1.369862
v -2.454090 0.508714 1.305412
v -2.407239 0.436366 1.348362
v -2.467040 0.544316 1.326912
v -2.325140 0.522667 1.493312
v -2.368140 0.415218 1.365712
v -2.395840 0.415218 1.305412
v -2.387790 0.458068 1.197962
v -2.346640 0.393516 1.221562
v -2.368140 0.394565 1.305412
v -2.475590 0.544316 1.255162
v -2.292089 2.435267 1.369862
v -2.411139 0.530416 1.133462
v -2.432590 0.559813 1.090512
v -2.411139 0.538164 1.111962
v -2.443339 0.544315 1.111962
v -2.497090 0.536615 1.047512
v -2.411139 0.587213 1.071562
v -2.411139 0.604766 1.004512
v -2.389640 0.565517 1.095362
v -2.389640 0.593418 1.069012
v -2.389640 0.529867 1.111962
v -2.518589 0.844914 1.064162
v -2.485490 0.844914 1.026062
v -2.502990 0.694668 1.004512
v -2.511340 0.866616 1.047512
v -2.422040 1.511216 0.897062
v -2.405240 2.263266 0.983012
v -2.309189 1.618665 1.154962
v -2.260690 2.632016 1.305412
v -2.271590 2.929514 1.069012
v -2.497090 0.467914 0.940062
v -2.454090 0.479764 0.872362
v -2.497090 0.458068 0.895212
v -2.454090 0.458068 0.925762
v -2.440690 0.479764 0.940062
v -2.454090 0.500965 0.948912
v -2.454090 0.458068 0.868362
v -2.411139 0.565517 0.949612
v -2.411139 0.458068 0.933462
v -2.454090 0.443113 0.897062
v -2.389640 0.522667 0.941212
v -2.335040 0.415218 1.004512
v -2.356040 0.436365 0.961512
v -2.411139 0.589764 0.961512
v -2.239190 0.500417 0.660662
v -2.477089 0.823265 0.983012
v -2.389640 0.600618 0.983012
v -2.368140 0.596517 1.004512
v -2.389640 0.587213 0.958012
v -2.490890 0.866616 0.983012
v -2.377690 1.231813 0.897062
v -2.363290 0.780368 0.725112
v -2.401239 1.231813 0.725112
v -2.432590 1.281917 0.660662
v -2.325140 1.124364 0.768112
v -2.447239 1.210618 0.445712
v -2.388440 2.714664 0.639112
v -2.368140 3.197068 0.660662
v -2.527140 1.339215 0.531712
v -2.368140 1.141417 0.338262
v -2.239190 1.043266 0.553162
v -2.511040 1.318067 0.424212
v -2.418990 1.210618 0.295262
v -2.239190 0.887817 0.392662
v -2.329690 1.210618 0.101812
v -2.203740 3.510064 0.553162
v -2.368140 0.837713 0.187812
v -2.584690 1.102668 -0.027088
v -2.346640 0.844914 0.186962
v -2.454090 1.115066 0.123362
v -2.454090 1.131064 0.080312
v -2.298490 1.038617 0.166312
v -2.260690 0.972015 0.338262
v -2.406940 1.360917 0.037362
v -2.291090 1.188916 -0.005638
v -2.416990 1.403814 -0.005638
v -2.487540 1.575768 -0.027088
v -2.232640 3.467214 -0.048588
v -2.314240 3.703266 0.058862
v -2.454090 1.125413 -0.027088
v -2.389640 1.127964 -0.048588
v -2.366990 1.081514 -0.027088
v -2.432590 1.188916 -0.054188
v -2.561589 1.324266 -0.156088
v -2.518589 1.282918 -0.156088
v -2.442540 1.231813 -0.113088
v -2.411139 1.231813 -0.120338
v -2.349989 1.188916 -0.091638
v -2.472090 1.425516 -0.091638
v -2.320640 3.488368 -0.306538
v -2.396840 3.896916 -0.521438
v -2.465340 3.402668 -0.542938
v -2.420340 3.531766 -0.564438
v -2.211040 3.767818 -0.478488
v -2.475590 3.473913 -0.585888
v -2.475590 3.574663 -0.640488
v -2.540090 3.617513 -0.622388
v -2.561589 3.338063 -0.588138
v -2.518589 3.662467 -0.607438
v -2.432590 3.639215 -0.590838
v -2.338990 3.746664 -0.564438
v -2.399889 3.896916 -0.564438
v -2.393489 3.918618 -0.628938
v -2.397840 3.875267 -0.585888
v -2.398190 3.896916 -0.607438
v -2.387790 3.896916 -0.671888
v -2.346640 3.811216 -0.582388
v -2.368140 3.852015 -0.607438
v -2.346640 3.939813 -0.552038
v -2.389640 3.944468 -0.693388
v -2.303639 3.896916 -0.763088
v -2.346640 3.939813 -0.611488
v -2.368140 3.961515 -0.715688
v -2.303639 0.500965 1.486762
v -2.196189 0.651765 1.639062
v -2.067240 0.694114 1.713762
v -2.325140 0.436366 1.395512
v -2.267340 0.802064 1.606312
v -2.088739 0.759214 1.736812
v -2.346640 0.398666 1.305412
v -2.281340 0.479764 1.391412
v -2.166140 0.587213 1.541812
v -2.196189 0.564468 1.563362
v -2.091939 2.220368 1.692262
v -1.984490 2.435267 1.735312
v -2.320940 0.415218 1.219462
v -2.298440 0.458068 1.133462
v -2.261189 0.587213 1.154962
v -2.225590 0.651765 1.305412
v -2.342090 0.458068 1.111962
v -2.320390 0.436365 1.133462
v -2.337740 0.522667 1.047512
v -2.341790 0.544315 1.069012
v -2.338089 0.565517 1.047512
v -2.196189 0.565517 0.918262
v -2.201390 0.651765 1.047512
v -2.153689 0.759214 1.176462
v -2.289040 1.382118 1.090512
v -2.110240 1.135713 1.026062
v -2.260690 1.167214 0.983512
v -2.217690 1.270515 1.090512
v -1.959790 2.908367 1.472962
v -1.976390 3.488368 0.897062
v -2.349840 0.544315 0.983012
v -2.239190 0.335163 0.875562
v -2.303639 0.350666 0.961212
v -2.311490 0.350666 0.832562
v -2.220739 0.350666 0.875562
v -2.174690 0.458616 0.832562
v -2.282190 1.129013 0.897062
v -2.196189 1.082015 0.897062
v -2.282190 0.350666 0.765312
v -2.260690 0.350666 0.800862
v -2.216540 0.522667 0.682162
v -2.196189 0.518018 0.725112
v -2.153190 0.565517 0.682312
v -2.207090 0.651765 0.639112
v -2.024240 0.988012 0.789562
v -1.809340 3.167665 1.154962
v -2.198440 0.544315 0.574662
v -2.194340 0.544315 0.574662
v -2.282190 0.728714 0.252262
v -2.207439 0.844914 0.467162
v -2.217690 0.694668 0.293262
v -2.217539 0.931215 0.359762
v -2.196189 0.866616 0.467712
v -2.260690 0.737518 0.250062
v -2.325140 0.802064 0.197462
v -2.256740 0.715816 0.252262
v -2.174690 1.033968 0.166312
v -2.291090 1.146066 0.144862
v -2.161840 1.038617 0.037362
v -2.045740 3.380966 0.418662
v -2.093940 3.724968 0.424212
v -2.260690 1.019013 0.037362
v -2.174690 1.006615 -0.005638
v -2.368140 1.167768 -0.091638
v -2.260690 1.081514 -0.087088
v -2.217690 1.026767 -0.048588
v -2.282190 1.059818 -0.097438
v -2.210040 1.038617 -0.070138
v -2.239190 1.082015 -0.070138
v -2.196189 1.025218 -0.048588
v -2.178240 3.746664 -0.413988
v -2.297790 4.004365 -0.499938
v -2.196189 3.841167 -0.564438
v -2.346640 3.955817 -0.521438
v -2.346640 3.854567 -0.650438
v -2.325140 3.863364 -0.714888
v -2.325140 3.827214 -0.607438
v -2.282190 3.789514 -0.549488
v -2.325140 3.939813 -0.628938
v -2.325140 3.847366 -0.650438
v -2.303639 3.929466 -0.585888
v -2.260690 3.926915 -0.693388
v -2.303639 3.859216 -0.714888
v -2.282190 3.928464 -0.628938
v -2.269790 3.939813 -0.628938
v -2.217690 3.932065 -0.693388
v -2.325140 3.953218 -0.542938
v -2.368140 3.967714 -0.693388
v -2.325140 3.976464 -0.521438
v -2.304840 4.004365 -0.542938
v -2.282190 4.032266 -0.521438
v -2.276640 3.939813 -0.585888
v -2.288740 3.982663 -0.585888
v -2.303639 3.982663 -0.555888
v -2.260690 3.961515 -0.630488
v -2.296090 4.047215 -0.671888
v -2.306839 4.026067 -0.564438
v -2.260690 4.078215 -0.671888
v -2.260690 4.068917 -0.695588
v -2.024240 4.273468 -0.542938
v -2.217690 4.122663 -0.607438
v -2.139090 4.026067 -0.714888
v -2.217690 4.111814 -0.634188
v -2.196189 3.961515 -0.698338
v -2.131740 4.192913 -0.585888
v -2.303639 3.870064 -0.736338
v -2.282190 3.864914 -0.714888
v -2.282190 3.875267 -0.732688
v -2.282190 3.896916 -0.757338
v -2.282190 3.918618 -0.769488
v -2.239190 3.896916 -0.718238
v -2.260690 3.936213 -0.736338
v -2.239190 3.922766 -0.714888
v -2.196189 3.918618 -0.693188
v -1.680390 1.403815 2.050762
v -1.852340 0.802064 1.852962
v -1.959790 0.737518 1.781462
v -1.830840 1.425517 1.955412
v -2.131740 0.620264 1.627812
v -2.098989 0.630063 1.606312
v -1.981290 0.695664 1.713762
v -2.009089 0.694668 1.627812
v -2.091239 0.651765 1.584862
v -1.981290 0.837213 1.520312
v -2.161089 0.694668 1.434362
v -2.020740 1.554114 1.477362
v -2.067240 1.543766 1.369862
v -2.094940 1.597464 1.391412
v -1.873789 2.027214 1.658162
v -2.016040 1.575768 1.498862
v -2.110240 0.807768 1.305412
v -2.067240 0.834614 1.219462
v -2.024240 0.865066 1.326912
v -2.110240 1.446664 1.253212
v -2.153190 1.369166 1.154962
v -2.110240 1.382118 1.195762
v -2.088739 0.683266 0.875562
v -1.959790 0.797415 0.897062
v -1.873789 0.836164 0.897062
v -2.088739 1.318067 1.157862
v -2.067240 1.263314 1.133462
v -1.959790 1.154315 1.026062
v -2.174690 0.328964 0.838462
v -2.088739 0.307763 0.772262
v -2.067739 0.221515 0.639112
v -2.239190 0.326913 0.811062
v -2.067240 0.172967 0.682162
v -2.131740 0.239068 0.768112
v -2.002740 0.148165 0.682162
v -2.002740 0.155914 0.703662
v -2.024240 0.479764 0.702162
v -2.174690 0.651765 0.668862
v -2.067240 0.587213 0.544512
v -2.045740 0.608367 0.754812
v -1.895290 0.522667 0.612112
v -1.830840 0.744766 0.703662
v -1.958190 0.307763 0.531712
v -2.024240 0.170916 0.639112
v -2.196189 0.436365 0.757212
v -2.167140 0.565517 0.445712
v -2.155390 0.759214 0.531712
v -2.088739 0.648165 0.510212
v -1.981290 0.587213 0.477762
v -2.202090 0.565517 0.510212
v -2.174690 0.541216 0.467162
v -2.180540 0.587213 0.510212
v -2.171490 0.565517 0.488712
v -2.175189 0.565517 0.402712
v -2.168490 0.608367 0.402712
v -2.110240 0.802064 0.325412
v -2.067240 0.834614 0.187812
v -2.067240 0.787616 0.295262
v -1.959790 0.948214 0.660662
v -2.067240 0.811368 0.252262
v -2.045740 0.769514 0.316762
v -2.045740 0.667763 0.445712
v -2.045740 0.813413 0.252262
v -2.045740 0.827914 0.209312
v -2.024240 0.835115 0.166312
v -2.045740 0.837213 0.144862
v -1.959790 0.793815 0.316762
v -1.981290 0.838715 0.209312
v -2.024240 0.976664 0.058862
v -2.002740 0.831514 0.101812
v -2.088739 0.860965 0.144862
v -1.696489 3.789514 0.316762
v -1.959790 4.090118 0.015862
v -2.186940 1.038617 -0.048588
v -1.787840 4.011065 -0.328038
v -2.179890 4.111814 -0.671888
v -2.088739 4.068917 -0.718738
v -2.110240 4.004365 -0.695238
v -1.955040 4.090613 -0.628938
v -2.181340 4.154664 -0.650438
v -2.196189 4.133516 -0.666888
v -2.185940 4.154664 -0.714888
v -2.110240 4.206317 -0.607438
v -2.173140 3.939813 -0.693388
v -2.174690 4.004365 -0.743288
v -2.088739 4.111814 -0.736188
v -2.131740 4.133516 -0.751988
v -2.183740 4.133516 -0.714888
v -2.131740 4.111814 -0.740888
v -2.153190 4.181015 -0.714888
v -2.131740 4.154664 -0.752738
v -2.088739 4.154664 -0.743288
v -1.680390 2.155817 2.057162
v -1.895290 2.177513 1.890262
v -1.873789 0.747317 1.799762
v -1.852340 0.749916 1.756762
v -1.809340 0.854766 1.649312
v -1.938290 1.468366 1.577612
v -1.594390 1.898068 1.869812
v -1.744840 1.382118 1.666262
v -1.866590 1.318067 1.563362
v -1.939140 2.242064 1.563362
v -1.553390 2.349514 1.885712
v -1.809340 2.779216 1.709262
v -1.916790 0.903815 1.412912
v -1.974740 1.425517 1.498862
v -1.983440 1.296365 1.219462
v -1.572890 2.607214 1.821062
v -1.959790 0.887316 1.283912
v -1.830840 0.925016 1.262462
v -2.045740 1.401716 1.219462
v -1.895290 1.139367 1.047512
v -2.024240 1.274663 1.141362
v -1.938290 1.066017 0.897062
v -1.873789 1.092863 0.940062
v -1.852340 1.033467 0.789562
v -1.959790 0.157463 0.686062
v -1.954940 0.157463 0.660662
v -2.002740 0.178665 0.718562
v -1.959790 0.178665 0.692362
v -1.839340 0.243217 0.574662
v -1.873789 0.651765 0.655112
v -1.916790 1.017463 0.789562
v -1.916790 0.973016 0.703662
v -1.830840 0.986963 0.596162
v -1.854440 1.016915 0.725112
v -1.852340 0.221515 0.547712
v -1.873640 0.286066 0.510212
v -1.852340 0.221515 0.580212
v -1.852340 0.332063 0.488712
v -1.895290 0.963217 0.338262
v -1.938290 0.715816 0.405262
v -1.809340 0.672966 0.359912
v -1.809340 0.737518 0.329712
v -1.981290 0.826865 0.123362
v -2.001340 0.844914 0.058862
v -1.941790 0.802064 0.058862
v -1.787840 0.784516 0.209312
v -1.916790 0.866616 -0.017888
v -1.916790 0.887817 -0.016788
v -1.766339 3.924817 0.596162
v -1.594390 4.284316 0.230762
v -2.153190 1.016915 -0.014088
v -1.805990 0.823265 -0.048588
v -1.873789 4.401064 -0.542938
v -1.809340 4.154664 -0.536388
v -1.916790 4.372614 -0.564438
v -2.016690 4.262114 -0.585889
v -2.002740 4.154664 -0.682288
v -2.038640 4.262114 -0.564438
v -2.020689 4.283815 -0.564438
v -2.012340 4.283815 -0.628938
v -2.002740 4.283815 -0.700238
v -1.999189 4.262114 -0.671889
v -1.967340 4.219216 -0.650438
v -1.938290 4.219216 -0.686538
v -1.975740 4.240918 -0.650438
v -1.981290 4.133516 -0.686838
v -1.916790 4.198068 -0.681138
v -1.938290 4.198068 -0.682788
v -1.895290 4.154664 -0.631038
v -1.894440 4.219216 -0.671888
v -1.916790 4.223865 -0.693388
v -1.916790 4.262114 -0.705639
v -1.887390 4.262114 -0.671889
v -1.911940 4.305464 -0.693388
v -1.860190 4.154664 -0.585888
v -1.836690 4.198068 -0.585888
v -1.873789 4.305464 -0.620489
v -1.830840 4.262114 -0.585739
v -2.002740 4.307014 -0.671889
v -1.991840 4.305464 -0.693388
v -1.938290 4.354566 -0.607439
v -1.959790 4.326665 -0.695989
v -1.916790 4.369515 -0.592188
v -1.895290 4.382467 -0.585889
v -1.916790 4.353016 -0.628938
v -1.873789 4.403615 -0.564438
v -1.881990 4.348367 -0.607439
v -1.895290 4.334414 -0.628938
v -1.895290 4.362315 -0.607439
v -1.852340 4.391217 -0.595839
v -1.873789 4.326665 -0.603689
v -1.873789 4.369515 -0.599538
v -1.830840 4.326665 -0.574688
v -1.852340 4.369515 -0.592839
v -1.959790 4.262114 -0.725489
v -1.938290 4.262114 -0.722788
v -1.981290 4.305464 -0.702788
v -1.959790 4.283815 -0.728138
v -1.422440 1.318067 2.169962
v -1.723340 2.414066 1.967162
v -1.658890 2.542663 1.956112
v -1.551440 2.414066 2.070912
v -1.504840 0.844914 1.864212
v -1.551440 0.821167 1.950212
v -1.508439 0.811863 1.907162
v -1.508439 2.886164 1.842711
v -1.701890 0.928616 1.563362
v -1.744840 1.227164 1.541812
v -1.465440 1.532918 1.868462
v -1.594390 3.098965 1.627812
v -1.766339 3.230667 1.386212
v -1.637390 0.965267 1.412912
v -1.633340 1.188916 1.369862
v -1.788090 1.188916 1.455862
v -1.744840 1.167214 1.326212
v -1.723340 1.055664 0.983012
v -1.680390 0.941014 1.219462
v -1.357990 0.871265 0.940062
v -1.708489 3.724968 0.918562
v -1.787840 0.993168 0.574662
v -1.400990 3.939813 0.939812
v -1.747739 0.264913 0.488712
v -1.744840 0.350666 0.494262
v -1.621940 0.415218 0.402712
v -1.536790 0.630063 0.488712
v -1.680390 0.938964 0.316762
v -1.723340 0.959062 0.209312
v -1.680390 0.991613 0.746612
v -1.809340 0.286066 0.442862
v -1.615890 0.458068 0.352512
v -1.787840 0.243217 0.467562
v -1.745639 0.243217 0.467162
v -1.809340 0.225663 0.510212
v -1.766339 0.286066 0.421012
v -1.508439 0.587213 0.289412
v -1.744840 0.500965 0.393162
v -1.723340 0.630063 0.346862
v -1.783790 0.780368 0.252262
v -1.723340 0.691014 0.101812
v -1.680390 0.696713 0.187812
v -1.701890 0.651765 0.333362
v -1.707840 0.715816 0.252262
v -1.658890 0.665718 0.295262
v -1.680390 0.668317 0.080312
v -1.701890 0.697714 0.015862
v -1.594390 0.663668 0.015862
v -1.594390 0.875914 0.144862
v -1.783039 0.802064 -0.048588
v -1.637390 0.780368 -0.074788
v -1.744840 4.508966 -0.585889
v -1.766339 4.174817 -0.521438
v -1.484590 4.305464 -0.392488
v -1.809340 4.283815 -0.570688
v -1.787840 4.240918 -0.559938
v -1.766339 4.262114 -0.559588
v -1.787840 4.305464 -0.571338
v -1.723340 4.240918 -0.538388
v -1.809340 4.457867 -0.585889
v -1.809340 4.412913 -0.601539
v -1.766339 4.455817 -0.619038
v -1.778590 4.477465 -0.607439
v -1.701890 4.551864 -0.628938
v -1.738089 4.520362 -0.628938
v -1.723340 4.470766 -0.650439
v -1.723340 4.498666 -0.664688
v -1.733940 4.520362 -0.650439
v -1.701890 4.477465 -0.665038
v -1.615890 4.391217 -0.655639
v -1.701890 4.520362 -0.671089
v -1.674690 4.563218 -0.607439
v -1.641189 4.584914 -0.628938
v -1.422440 2.177513 2.195862
v -1.314990 2.349514 2.196862
v -1.529940 0.866616 1.981612
v -1.465440 0.844914 1.975212
v -1.551440 0.952363 2.011162
v -1.357990 2.607214 2.071962
v -1.229040 1.855218 2.050462
v -1.443940 2.650613 1.874112
v -1.551440 0.955963 1.520312
v -1.637390 1.251966 1.584862
v -1.508439 1.318067 1.754912
v -1.442890 2.843815 1.735312
v -1.422440 3.398514 1.197962
v -1.229040 0.897115 1.090512
v -1.250540 1.086664 1.348362
v -1.551440 1.167214 1.390062
v -1.508439 1.162565 1.520312
v -1.658890 1.120216 1.154962
v -1.486940 1.122814 1.069012
v -1.336490 4.265714 0.553162
v -1.164540 0.672966 0.447862
v -1.551440 0.841313 0.273762
v -1.607690 0.415218 0.381262
v -1.655290 0.350666 0.381262
v -1.615890 0.432265 0.359762
v -1.594390 0.438964 0.359762
v -1.572890 0.458068 0.378512
v -1.400990 0.522667 0.270962
v -1.637390 0.677067 0.230762
v -1.551440 0.640416 0.273762
v -1.508439 0.623363 0.230762
v -1.582240 0.866616 0.209312
v -1.429990 4.047215 0.295262
v -1.057090 4.256916 0.295262
v -1.572890 0.632167 0.101812
v -1.508439 0.583064 0.101812
v -1.551440 0.710666 -0.048588
v -1.641740 0.759214 -0.091638
v -1.615890 0.747317 -0.091638
v -1.658890 0.759214 -0.057138
v -1.615890 0.770068 -0.091638
v -1.572890 0.759214 -0.094738
v -1.572890 0.715816 -0.131338
v -1.615890 0.756615 -0.113088
v -1.572890 0.727165 -0.091638
v -1.572890 0.737518 -0.135088
v -1.529940 0.710666 -0.091638
v -1.486940 0.723565 -0.091638
v -1.544690 0.715816 -0.134588
v -1.486940 0.715816 -0.100088
v -1.529940 0.706017 -0.113088
v -1.465440 0.651765 0.000562
v -1.508439 0.704968 -0.091638
v -1.637390 4.348367 -0.591488
v -1.658890 4.455817 -0.666689
v -1.594390 4.326665 -0.540838
v -1.572890 4.408765 -0.671889
v -1.529940 4.415518 -0.671889
v -1.572890 4.434615 -0.693388
v -1.551440 4.425817 -0.693388
v -1.508439 4.450613 -0.736338
v -1.658890 4.547215 -0.650439
v -1.250540 4.641717 -0.113089
v -1.615890 4.599917 -0.628938
v -1.580789 4.627764 -0.693388
v -1.615890 4.584914 -0.645789
v -1.595090 4.455817 -0.693388
v -1.551440 4.646915 -0.671889
v -1.551440 4.459417 -0.736338
v -1.572890 4.520362 -0.770139
v -1.590889 4.498666 -0.714889
v -1.592239 4.606116 -0.757838
v -1.465440 4.520362 -0.816988
v -1.551440 4.563218 -0.795638
v -1.572890 4.653615 -0.736338
v -1.508439 4.692364 -0.758788
v -1.486940 4.606116 -0.793288
v -1.486940 4.670668 -0.783589
v -1.551440 4.648965 -0.781188
v -1.422440 0.952363 2.044412
v -1.229040 1.016915 2.152862
v -1.229040 2.134663 2.267012
v -1.486940 0.817066 1.950212
v -1.443940 0.851667 1.907162
v -1.464940 0.823265 1.928712
v -1.486940 0.909513 2.003412
v -1.443940 0.866616 1.973862
v -1.443940 0.887817 1.985962
v -1.422440 0.880063 1.971712
v -1.422440 0.860965 1.950212
v -1.400990 0.866616 1.919912
v -1.400990 0.874913 1.950212
v -1.379490 0.887817 1.972562
v -1.336490 0.869215 1.950212
v -1.290490 0.844914 1.864212
v -1.164540 1.339215 1.906062
v -1.317690 2.220368 2.014662
v -1.443940 0.882113 1.756762
v -1.207540 1.296365 1.858312
v -1.143040 0.862515 1.584862
v -1.400990 1.169318 1.649312
v -1.272040 1.176518 1.735312
v -0.777690 3.338063 1.619262
v -1.357990 3.316414 1.581662
v -1.292040 3.767818 1.197962
v -1.508439 1.021564 0.854112
v -1.379490 1.079416 0.875562
v -1.272040 0.884217 0.467162
v -1.357990 0.832564 0.381262
v -1.379490 0.693613 -0.027088
v -1.057090 0.714767 0.187812
v -1.166890 4.477465 0.359761
v -1.422440 0.510764 0.252262
v -1.423990 0.544315 0.230762
v -1.357990 0.518513 0.187812
v -1.422440 0.563466 0.166312
v -1.078590 0.474113 0.037362
v -1.357990 0.508165 0.209312
v -1.443940 0.554663 0.080312
v -1.460090 0.565517 0.058862
v -1.379490 0.559813 0.101812
v -1.422440 0.562918 0.058862
v -1.379490 0.679666 -0.005638
v -1.419140 0.694668 -0.070138
v -1.422440 4.502815 -0.779389
v -1.443090 4.713517 -0.714889
v -1.422440 4.531717 -0.822338
v -1.462290 4.541516 -0.822338
v -1.465440 4.606116 -0.796989
v -1.443940 4.627764 -0.787889
v -1.443940 4.606116 -0.814139
v -1.427340 4.627764 -0.822338
v -1.422440 4.563218 -0.847339
v -1.272040 4.639667 -0.886839
v -1.419590 4.648965 -0.843839
v -1.379490 4.648965 -0.883639
v -1.379490 4.584914 -0.863788
v -1.186040 4.676318 -0.865338
v -1.465440 4.702663 -0.757838
v -1.465440 4.670668 -0.777838
v -1.443940 4.692364 -0.770139
v -1.443940 4.708367 -0.757838
v -1.421640 4.648965 -0.822338
v -1.376090 4.778063 -0.843839
v -1.417590 4.735213 -0.843839
v -1.422440 4.735213 -0.769938
v -1.405190 4.713517 -0.865338
v -1.379490 4.735213 -0.880239
v -1.357990 4.692364 -0.880939
v -1.336490 4.778063 -0.857888
v -1.293489 4.648965 -0.896739
v -1.162840 1.403815 2.272612
v -0.992590 1.188916 2.291212
v -1.293489 0.917768 2.057662
v -1.250540 0.887817 2.062862
v -0.863640 0.974065 2.258012
v -1.035590 2.027214 2.139462
v -1.229040 0.796914 2.014662
v -1.229040 0.787115 1.971712
v -0.799190 0.656915 2.057662
v -1.143040 2.754468 2.057662
v -1.164540 1.220417 1.799762
v -1.164540 1.168764 1.692262
v -0.949640 3.380966 1.684061
v -1.121590 0.883663 1.391412
v -0.842190 3.701168 1.455862
v -1.121590 3.961515 0.727962
v -0.969740 1.059818 0.897062
v -1.035590 1.079416 1.197962
v -1.064890 4.047215 1.026062
v -1.143040 0.830465 0.897062
v -1.078590 4.277068 0.725111
v -1.272040 0.494766 0.144862
v -1.272040 0.529367 0.101812
v -1.178890 0.473666 0.028762
v -1.186040 0.466865 0.058862
v -1.207540 0.522667 -0.024288
v -1.143040 0.479764 0.005262
v -1.336490 0.598568 0.037362
v -1.250540 0.521618 0.058862
v -1.314990 0.672966 -0.011588
v -1.293489 0.565517 0.027212
v -1.186040 0.587213 -0.052488
v -1.035590 0.608367 -0.081688
v -0.605740 4.633468 -0.113089
v -1.314990 4.798764 -0.822338
v -1.293489 4.799765 -0.818138
v -1.293489 4.781717 -0.822338
v -1.293489 4.692364 -0.876588
v -1.268140 4.820967 -0.822338
v -1.229040 4.713517 -0.896739
v -1.292040 4.820967 -0.779389
v -1.014090 4.929965 -0.671889
v -1.272040 4.837465 -0.800889
v -1.314990 4.809063 -0.800889
v -1.250540 4.849863 -0.800889
v -1.229790 4.864365 -0.822338
v -1.186040 4.913914 -0.929789
v -1.057090 4.965568 -0.886839
v -1.207540 4.692364 -0.900088
v -1.202990 4.756415 -0.929789
v -1.116540 4.735213 -0.908288
v -1.186040 4.735213 -0.927289
v -1.146890 4.778063 -0.972839
v -1.121590 4.842663 -1.039138
v -1.057090 2.199215 2.292562
v -0.906640 1.919764 2.339262
v -1.100090 2.456915 2.212262
v -0.885140 2.456915 2.246212
v -1.014090 0.823265 2.138112
v -0.906640 1.919764 2.174362
v -0.906640 1.274663 2.028912
v -0.863640 2.692467 2.143662
v -0.928140 0.699264 1.971712
v -1.078590 1.237464 1.885712
v -0.971140 1.210618 1.960462
v -0.971140 0.819117 1.477362
v -1.035590 0.836164 1.069012
v -0.942190 1.081514 1.627812
v -0.633140 4.068917 1.176462
v -1.035590 0.682765 0.510212
v -0.627240 4.442864 0.725111
v -0.885140 0.737518 0.249162
v -0.992590 4.679966 0.101812
v -0.799190 0.458068 0.068062
v -1.121590 0.666767 0.015862
v -1.058240 0.630063 -0.070138
v -1.143040 0.630063 -0.033688
v -1.078590 4.799765 -0.955539
v -1.100090 4.804963 -0.972839
v -1.160040 4.907215 -1.015789
v -1.147340 4.928416 -1.015789
v -1.121390 4.950064 -0.994288
v -1.121590 4.820967 -1.016289
v -1.100090 4.955762 -0.951288
v -1.100090 4.950064 -0.975688
v -1.057090 4.928416 -0.948138
v -1.078590 4.952168 -0.951288
v -1.078590 4.820967 -0.969638
v -1.099240 4.842663 -1.015789
v -1.095190 4.928416 -1.015789
v -1.057090 4.968667 -0.929789
v -1.057090 4.950064 -0.945089
v -1.057090 4.820967 -0.963189
v -1.005090 4.992968 -0.929789
v -1.035590 4.950064 -0.946789
v -1.035590 4.971766 -0.937389
v -1.013940 4.885512 -0.994288
v -1.121590 4.864365 -1.050539
v -1.100090 4.864365 -1.049888
v -1.100090 4.928416 -1.045189
v -1.121590 4.928416 -1.043489
v -0.691690 1.081514 2.334912
v -0.820690 1.318067 2.351662
v -0.476790 1.253515 2.388262
v -0.279790 2.048367 2.380062
v -0.089940 2.177513 2.374162
v -0.863640 2.048367 2.189462
v -0.734690 1.984316 2.214012
v -0.111440 2.499813 2.285512
v -0.842190 0.685316 1.993162
v -0.906640 0.708568 1.950212
v -0.906640 0.721514 1.907162
v -0.863640 0.711668 1.950212
v -0.885140 0.715315 1.907162
v -0.842190 0.703913 1.971712
v -0.842190 0.708568 1.950212
v -0.777690 0.644517 2.014662
v -0.820690 1.055664 1.885712
v -0.820690 1.167214 2.003112
v -0.800690 1.231813 2.036162
v -0.713190 1.812363 2.196512
v -0.799190 0.664163 1.842712
v -0.670240 2.865463 1.889262
v -0.455290 3.658313 1.584862
v -0.519790 3.166115 1.914111
v -0.885140 0.760764 1.219462
v -0.875240 0.974065 0.854112
v -0.928140 1.042265 0.897062
v -0.885140 0.944114 0.725112
v -0.928140 0.952363 0.715212
v -0.651540 0.737518 0.746612
v -0.820690 0.858867 0.574662
v -0.918390 4.047215 0.725112
v -0.777690 0.759214 0.445212
v -0.756190 4.617465 0.381262
v -0.670240 0.436365 0.113412
v -0.776340 0.436365 0.101812
v -0.691690 4.979014 -0.542938
v -0.724740 4.735213 0.166312
v -0.838790 0.608367 -0.048588
v -0.820690 0.580466 -0.048588
v -0.971140 4.875713 -1.015789
v -0.947590 4.885512 -1.015789
v -0.971140 4.928416 -1.063988
v -0.928140 5.013114 -0.929789
v -0.906640 4.811168 -0.908288
v -0.928140 4.907215 -1.017038
v -0.948140 4.992968 -0.972839
v -0.928140 4.894817 -0.994288
v -0.863640 4.950064 -0.990088
v -0.799190 4.928416 -1.019989
v -0.799190 4.826117 -0.908288
v -0.983390 4.992968 -0.994288
v -0.981690 4.992968 -1.037289
v -0.979140 4.971766 -1.058738
v -0.906640 5.019814 -0.908288
v -0.949640 5.017215 -1.015789
v -0.947090 4.971766 -1.058738
v -0.906640 5.011564 -0.929789
v -0.885140 5.014664 -0.944939
v -0.885140 4.885512 -0.971639
v -0.842190 5.014664 -1.013139
v -0.971140 4.992968 -1.060938
v -0.648740 0.620264 2.122162
v -0.756190 0.639915 2.057662
v -0.584240 0.544316 2.104162
v -0.541290 0.608367 2.167962
v -0.648740 2.541113 2.100662
v -0.820690 0.669318 2.014662
v -0.662690 0.500965 1.971712
v -0.670240 0.993168 1.907162
v -0.498290 1.016915 1.939912
v -0.623690 0.350666 1.799762
v -0.682140 0.458068 1.369862
v -0.724140 0.565517 1.369862
v -0.519790 0.806218 1.735312
v -0.660340 -0.036234 1.305412
v -0.652590 -0.036234 1.455862
v -0.652240 0.049514 1.541812
v -0.653940 -0.079083 1.326912
v -0.627240 -0.112134 1.348362
v -0.648740 -0.084782 1.283912
v -0.652240 -0.014532 1.219462
v -0.656640 0.157464 1.240962
v -0.588790 0.264913 0.789562
v -0.498290 3.961515 1.000412
v -0.661340 0.458068 0.811062
v -0.756190 0.761765 0.488712
v -0.394090 0.479764 0.510212
v -0.455290 0.513363 0.252262
v -0.476790 4.609716 0.510212
v -0.639840 0.286066 0.144862
v -0.625040 0.264913 0.101812
v -0.605740 0.328964 0.114112
v -0.605740 0.286066 0.081562
v -0.713190 0.393516 0.093862
v -0.722290 0.544315 -0.027088
v -0.562740 0.507164 0.058862
v -0.799190 0.597513 -0.027088
v -0.738490 0.565517 -0.048588
v -0.605740 4.833364 -0.779389
v -0.734690 4.838514 -0.865338
v -0.713190 4.864365 -0.882589
v -0.670240 4.896867 -0.886839
v -0.772740 5.035818 -0.865338
v -0.734690 5.043566 -0.843839
v -0.713190 4.928416 -0.898089
v -0.756190 4.983115 -0.908288
v -0.605740 5.065268 -0.843839
v -0.750040 4.885512 -0.929789
v -0.772490 4.928416 -0.972839
v -0.775840 5.014664 -0.929789
v -0.780590 5.035818 -0.994288
v -0.670240 4.907215 -0.896739
v -0.691690 4.907215 -0.895038
v -0.584240 4.907215 -0.868438
v -0.648740 4.950064 -0.925288
v -0.799190 5.046165 -0.929789
v -0.842190 5.042017 -0.972839
v -0.799190 5.048215 -0.994288
v -0.799190 5.014664 -1.015589
v -0.261840 0.651765 2.264062
v -0.475790 0.522667 2.165112
v -0.455290 2.005517 2.203912
v -0.390840 1.532918 2.153562
v -0.562740 2.263266 2.200862
v -0.519790 2.804017 1.928712
v -0.455290 2.524614 2.100662
v -0.089940 2.843815 2.128662
v -0.541290 0.269568 1.928712
v -0.541290 0.293815 1.971712
v -0.367790 0.243217 2.122162
v -0.412290 0.264913 2.131712
v -0.476790 0.302613 1.971712
v -0.463190 0.328964 1.950212
v -0.476790 0.307763 1.892162
v -0.519790 0.952363 1.903362
v -0.519790 0.139916 1.713762
v -0.562740 0.208616 1.799762
v -0.433790 0.178665 1.785512
v -0.509890 0.114113 1.670762
v -0.605740 0.221515 1.763412
v -0.627240 0.154918 1.670762
v -0.433790 0.286067 1.845262
v -0.390840 3.467214 1.580612
v -0.642190 0.114113 1.606312
v -0.605740 0.028366 1.601112
v -0.627240 0.049514 1.609512
v -0.584240 0.155413 1.713762
v -0.562740 0.148165 1.670762
v -0.605740 0.049514 1.603462
v -0.627240 0.092918 1.616562
v -0.541290 0.015467 1.584862
v -0.627240 -0.016582 1.520312
v -0.519790 0.071216 1.593462
v -0.541290 0.114113 1.596412
v -0.584240 0.092918 1.591712
v -0.544140 0.028366 1.520312
v -0.504140 0.092918 1.670762
v -0.505840 0.049514 1.627812
v -0.511540 0.071216 1.584862
v -0.506940 0.071216 1.606312
v -0.498290 0.157464 1.559812
v -0.476790 0.114113 1.717662
v -0.455290 0.033516 1.649312
v -0.498290 0.023216 1.649312
v -0.476790 0.049514 1.621612
v -0.498290 0.071216 1.598112
v -0.412290 0.114113 1.596412
v -0.433790 0.746316 1.627812
v -0.519790 0.732368 1.348362
v -0.595890 -0.079083 1.455862
v -0.627240 -0.083184 1.455862
v -0.605740 -0.112134 1.391412
v -0.565640 -0.079083 1.369862
v -0.559890 -0.014532 1.434362
v -0.584240 -0.012982 1.520312
v -0.544140 0.178665 1.455862
v -0.532690 0.178665 1.326912
v -0.562940 0.071216 1.262462
v -0.519790 0.243217 1.412012
v -0.519790 0.200367 1.358562
v -0.477290 0.307763 1.412912
v -0.476790 0.257164 1.369862
v -0.476790 0.232363 1.326912
v -0.627240 0.039214 1.154962
v -0.627240 -0.114733 1.283912
v -0.604790 -0.121933 1.283912
v -0.632790 -0.100785 1.262462
v -0.605740 -0.100785 1.263612
v -0.562740 -0.036234 1.261562
v -0.577040 0.006664 1.219462
v -0.534740 0.221515 1.197962
v -0.498290 0.227213 1.283912
v -0.633440 0.049513 1.154962
v -0.634140 0.071216 1.133462
v -0.584240 0.064516 1.133462
v -0.581890 0.028366 1.047512
v -0.619890 0.049513 1.133462
v -0.629740 0.049513 1.133462
v -0.630090 0.049513 1.026062
v -0.565940 0.071216 1.197962
v -0.588790 0.049513 1.176462
v -0.565290 0.114113 1.154962
v -0.541290 0.028366 0.984262
v -0.533390 0.243217 1.026062
v -0.498290 0.293314 1.047512
v -0.476790 0.281465 1.176462
v -0.283340 4.404116 0.875562
v -0.549140 -0.014532 0.918562
v -0.498290 -0.060982 0.854112
v -0.532390 -0.036234 0.875562
v -0.541290 -0.039286 0.897062
v -0.476790 -0.034136 0.811062
v -0.535290 -0.014532 0.854112
v -0.541290 -0.026387 0.940062
v -0.519790 -0.053233 0.897062
v -0.519790 0.006664 0.946012
v -0.600740 0.049513 0.918562
v -0.612940 0.071216 0.918562
v -0.583090 0.049513 0.768112
v -0.562740 0.021118 0.961512
v -0.519790 0.221515 0.981862
v -0.476790 0.200367 0.934812
v -0.498290 0.264913 0.979512
v -0.476790 0.243217 0.946262
v -0.476790 0.280917 0.983012
v -0.456290 0.307763 1.047512
v -0.433790 0.684816 1.090512
v -0.562740 0.005114 0.660662
v -0.455290 -0.047583 0.682162
v -0.541290 0.011814 0.768112
v -0.455290 -0.043935 0.811062
v -0.583090 0.221515 0.596162
v -0.584240 0.006163 0.832562
v -0.570340 0.028366 0.660662
v -0.455290 -0.030536 0.768112
v -0.369340 0.608367 0.864862
v -0.498290 -0.088883 0.617662
v -0.566640 -0.036234 0.574662
v -0.498290 -0.108534 0.553162
v -0.550840 -0.057882 0.510212
v -0.498290 -0.107485 0.510212
v -0.476790 -0.119883 0.531712
v -0.609940 0.028366 0.316762
v -0.519790 -0.057882 0.378112
v -0.519790 -0.074935 0.467162
v -0.498290 -0.079084 0.449062
v -0.622390 0.114113 0.316762
v -0.562740 4.323065 0.467162
v -0.584240 -0.036234 0.233412
v -0.519790 -0.103885 0.230762
v -0.562740 -0.079084 0.196512
v -0.528690 -0.036234 0.273762
v -0.541290 -0.080633 0.230762
v -0.519790 -0.053233 0.316762
v -0.519790 -0.079084 0.304862
v -0.455290 -0.079084 0.359762
v -0.621690 0.028366 0.123362
v -0.584240 -0.004685 0.295262
v -0.197390 4.514163 0.252262
v -0.603240 -0.036234 0.123362
v -0.584240 0.006664 0.076162
v -0.562740 -0.072384 0.101812
v -0.562740 0.028366 0.056012
v -0.412290 -0.066686 0.101812
v -0.541290 -0.057882 0.084212
v -0.455290 -0.014532 0.059012
v -0.498290 -0.014532 0.069062
v -0.584240 0.049513 0.065712
v -0.541290 0.006664 0.063362
v -0.541290 0.135767 0.051212
v -0.498290 0.049513 0.114412
v -0.498290 0.006664 0.089262
v -0.519790 -0.014532 0.071112
v -0.519790 0.114113 0.081962
v -0.541290 0.178665 0.078812
v -0.498290 0.135767 0.105662
v -0.464890 0.049513 0.101812
v -0.519790 0.264913 0.128212
v -0.476790 0.006664 0.073162
v -0.562740 0.146615 0.058862
v -0.412290 0.264913 0.111412
v -0.433790 0.307763 0.107412
v -0.498290 0.350666 0.102012
v -0.452040 0.415218 0.037362
v -0.541290 0.471514 0.037362
v -0.493840 0.458068 0.037362
v -0.412290 4.867416 -0.048588
v -0.347840 4.656213 -0.113089
v 3.023211 2.155816 -0.091638
v -0.562740 5.067313 -0.822338
v -0.476790 4.857117 -0.822338
v -0.519790 4.885512 -0.847739
v -0.541290 4.907215 -0.859788
v -0.519790 4.907215 -0.850389
v -0.541290 4.950064 -0.860139
v -0.498290 4.971766 -0.846038
v -0.570840 5.035818 -0.865338
v -0.498290 4.907215 -0.849738
v -0.319640 4.885512 -0.886839
v -0.476790 4.885512 -0.858788
v -0.498290 4.885512 -0.848389
v -0.475290 4.907215 -0.865338
v -0.627240 5.064767 -0.865338
v -0.562740 5.057514 -0.854089
v -0.584240 5.057514 -0.853839
v -0.541290 5.035818 -0.870189
v -0.543340 5.057514 -0.865338
v -0.369340 5.080765 -0.822338
v -0.573490 4.928416 -0.886839
v -0.605740 4.950064 -0.923939
v -0.605740 5.063218 -0.886839
v -0.519790 5.035818 -0.889338
v -0.412290 4.907215 -0.911139
v -0.390840 1.102668 2.381212
v 3.033960 2.306616 -0.177538
v -0.326340 0.236517 2.165112
v -0.427840 0.328964 1.993162
v -0.347840 0.307763 2.181412
v -0.304840 0.264913 2.188462
v -0.261840 0.328964 2.214962
v -0.304840 0.235963 2.165112
v -0.304840 1.962668 2.137762
v -0.218890 1.618665 2.066912
v -0.369340 2.349514 2.125012
v -0.154390 2.456915 1.918112
v -0.261840 2.800918 1.861662
v -0.412290 0.388867 1.950212
v -0.433790 0.379068 1.907162
v -0.347840 0.393015 1.907162
v -0.326340 0.381613 2.014662
v -0.304840 0.377518 1.907162
v -0.304840 0.978714 1.907162
v -0.369340 0.071216 1.752562
v -0.476790 0.071216 1.703912
v -0.455290 0.031966 1.670762
v -0.369340 -0.014532 1.760612
v -0.347840 0.006664 1.758962
v -0.369340 -0.018632 1.735312
v -0.347840 -0.014532 1.758262
v -0.326340 0.049514 1.756562
v -0.304840 0.113565 1.821262
v -0.412290 0.328964 1.852962
v -0.390840 0.264913 1.835512
v -0.390840 0.307763 1.846262
v -0.390840 0.350666 1.845912
v -0.347840 0.307763 1.849612
v -0.347840 0.264913 1.840562
v -0.304840 0.178665 1.852662
v -0.347840 0.221515 1.834162
v -0.326340 0.243217 1.836512
v -0.283340 0.286067 1.849962
v -0.326340 0.328964 1.854962
v -0.304840 0.726163 1.670762
v -0.261840 0.866616 1.830512
v -0.433790 0.037664 1.649312
v -0.390840 0.077415 1.606312
v -0.347840 0.069165 1.606312
v -0.369340 0.114113 1.561112
v -0.369340 0.243717 1.498862
v -0.347840 0.084668 1.584862
v -0.347840 0.092918 1.570812
v -0.328540 0.114113 1.520312
v -0.326340 0.082564 1.606312
v -0.326340 0.135767 1.496212
v -0.304840 0.114113 1.507562
v -0.304840 0.151813 1.455862
v -0.455290 0.324816 1.434362
v -0.455290 0.317067 1.412912
v -0.455290 0.292814 1.391412
v -0.433790 0.257665 1.348362
v -0.413990 0.264913 1.520312
v -0.433790 0.315017 1.477362
v -0.519790 0.286067 1.503412
v -0.433790 0.321716 1.434362
v -0.412290 0.280416 1.391412
v -0.412290 0.303668 1.477362
v -0.380590 0.264913 1.412912
v -0.376190 0.264913 1.455862
v -0.333540 0.200367 1.412912
v -0.347690 0.221515 1.369862
v -0.340940 0.200367 1.477362
v -0.304840 0.171965 1.412912
v -0.283340 0.168318 1.348362
v -0.390840 0.689465 1.369862
v -0.347840 0.666767 1.369862
v -0.283340 3.875268 1.429862
v -0.433790 0.251466 1.305412
v -0.390840 0.257665 1.369862
v -0.390840 0.252014 1.326912
v -0.390840 0.255615 1.305412
v -0.412290 0.309318 1.090512
v -0.326340 0.237566 1.283912
v -0.304840 0.249916 1.240962
v -0.294590 0.243217 1.133462
v -0.347840 0.683266 1.240962
v -0.326340 3.780717 1.219462
v -0.412290 0.275266 0.983012
v -0.244240 0.415218 0.703662
v -0.089940 4.198068 1.137862
v -0.412290 -0.036234 0.884462
v -0.304840 0.000965 0.983012
v -0.369340 -0.014532 0.913362
v -0.347840 -0.041884 0.875562
v -0.412290 0.227213 0.940062
v -0.295590 0.092918 1.026062
v -0.433790 0.269067 0.961512
v -0.377240 0.243217 0.983012
v -0.240390 4.004365 0.978512
v -0.347840 -0.093037 0.746612
v -0.390840 -0.053233 0.811062
v -0.412290 -0.072384 0.832562
v -0.369340 -0.054282 0.832562
v -0.369340 -0.085783 0.660662
v -0.455290 -0.103337 0.617662
v -0.412290 -0.111634 0.574662
v -0.390840 -0.075483 0.660662
v -0.412290 -0.079084 0.651112
v -0.394240 -0.100786 0.531712
v -0.390840 -0.084233 0.639112
v -0.390840 -0.093532 0.617662
v -0.372290 -0.100786 0.574662
v -0.369340 -0.090933 0.617662
v -0.347840 -0.111085 0.574662
v -0.304840 -0.143635 0.734262
v -0.154390 4.584914 0.622912
v -0.455290 -0.100786 0.491612
v -0.433790 -0.134337 0.316762
v -0.369340 -0.130737 0.445712
v -0.390840 -0.126583 0.359762
v -0.369340 -0.149334 0.316762
v -0.347840 4.720765 0.338261
v -0.433790 -0.141084 0.295262
v -0.347840 -0.141585 0.295262
v -0.326340 -0.158084 0.402712
v -0.304840 -0.077033 0.252262
v -0.292490 -0.143635 0.381262
v -0.305440 0.415218 0.101812
v -0.412290 0.438964 0.058862
v -0.261840 0.393516 0.144862
v 3.046710 2.199214 -0.220538
v -0.476790 0.071216 0.116412
v -0.455290 0.135767 0.091962
v -0.444740 0.049513 0.058862
v -0.424240 0.135767 0.058862
v -0.390840 0.049513 0.006962
v -0.433790 0.178665 0.095612
v -0.390840 0.114113 0.005262
v -0.397140 0.157463 0.015862
v -0.347840 0.157463 -0.006138
v -0.369340 0.049513 0.007962
v -0.307990 0.071216 0.037362
v -0.412290 0.372368 0.068412
v -0.390840 0.307763 0.111412
v -0.392790 0.178665 0.080312
v -0.390840 0.198263 0.101812
v -0.390840 0.221515 0.112112
v -0.390840 0.172466 0.058862
v -0.369340 0.243217 0.131562
v -0.369340 0.218916 0.123362
v -0.369340 0.194168 0.101812
v -0.369340 0.183815 0.080312
v -0.283340 0.144064 0.080312
v -0.258690 0.178665 0.166312
v -0.326740 0.328964 0.123362
v -0.326340 0.243217 0.170512
v -0.347840 0.171965 0.015862
v -0.390840 0.415218 0.025162
v -0.261840 0.372368 0.115662
v -0.394690 5.035818 -0.886839
v -0.369340 5.057514 -0.859788
v -0.347840 5.057514 -0.866138
v -0.326340 4.907215 -0.909139
v -0.433790 5.035818 -0.913139
v -0.498290 5.057514 -0.898638
v -0.412290 5.080765 -0.886839
v -0.369340 5.077666 -0.843839
v -0.394340 5.057514 -0.886839
v -0.412290 4.992968 -0.911839
v -0.369340 4.992968 -0.868839
v -0.347840 4.992968 -0.873538
v -0.369340 4.950064 -0.898089
v -0.347840 5.014664 -0.869189
v -0.326340 4.971766 -0.901739
v -0.288240 5.079216 -0.929789
v -0.347840 5.079216 -0.846638
v -0.154390 0.415218 2.250262
v 3.034260 2.220368 -0.242088
v -0.256990 0.286067 2.122162
v -0.261840 0.286067 2.074312
v -0.218890 0.350666 2.031062
v -0.261840 0.276768 2.186612
v -0.197390 0.375468 2.079112
v -0.068440 0.351667 2.186612
v -0.175890 0.388867 2.057662
v -0.111440 0.092918 1.910412
v -0.218890 0.157464 1.913412
v -0.261840 0.328964 2.035312
v -0.154390 0.310367 1.928712
v -0.218890 0.340867 1.928712
v -0.218890 0.264913 1.894962
v -0.154390 0.264913 1.898662
v -0.154390 0.328964 1.962862
v -0.132890 0.324816 1.971712
v -0.111440 0.200367 1.912112
v -0.240390 0.347018 2.014662
v -0.197390 0.341868 1.971712
v -0.175890 0.353765 1.993162
v -0.154390 0.350666 1.986762
v -0.089940 0.355315 2.014662
v -0.261840 1.210618 2.007112
v -0.197190 1.059818 1.907162
v -0.197390 1.318067 2.006762
v -0.132390 0.931215 1.799762
v -0.154240 1.446664 1.993162
v -0.132890 1.855218 1.975862
v -0.111790 2.070063 1.971712
v -0.111440 2.392364 1.937262
v -0.257990 0.049514 1.799762
v -0.304840 0.028366 1.756312
v -0.283340 0.040764 1.692262
v -0.197390 -0.011432 1.821262
v -0.218890 -0.000036 1.821262
v -0.240390 0.018513 1.778262
v -0.154390 0.088763 1.670762
v -0.111440 -0.007284 1.864212
v -0.211890 0.672966 1.649312
v -0.132890 0.737518 1.688112
v -0.132890 3.316414 1.609512
v -0.068440 3.338063 1.843912
v -0.293240 0.114113 1.627812
v -0.347840 0.041765 1.627812
v -0.283340 0.118214 1.520312
v -0.240390 0.167817 1.606312
v -0.240390 0.092918 1.674312
v -0.240390 0.162113 1.541812
v -0.240390 0.157464 1.639062
v -0.197390 0.059867 1.692262
v -0.240390 0.049514 1.710512
v -0.218890 0.114113 1.663562
v -0.218890 0.167316 1.627812
v -0.197390 0.135767 1.638062
v -0.175890 0.157464 1.596212
v -0.089940 0.114113 1.666912
v -0.218890 0.178117 1.563362
v -0.218890 0.186914 1.520312
v -0.178590 0.200367 1.541812
v -0.197390 0.171965 1.584862
v -0.178390 0.221515 1.520312
v -0.175890 0.608367 1.603812
v -0.244240 0.544316 1.434362
v -0.154390 0.630063 1.615562
v -0.111440 0.515413 1.563362
v -0.132890 0.651765 1.616562
v -0.132890 0.609416 1.606312
v -0.240390 3.380966 1.583662
v -0.197390 3.467214 1.495662
v -0.283340 0.135767 1.470862
v -0.283340 0.167316 1.412912
v -0.283340 0.166267 1.391412
v -0.261840 0.183815 1.391412
v -0.250940 0.200367 1.412912
v -0.226440 0.328964 1.391412
v -0.239890 0.221515 1.369862
v -0.132890 0.350666 1.514112
v -0.251940 0.500965 1.391412
v -0.232490 0.393516 1.326912
v -0.154390 0.479764 1.513462
v -0.256640 0.522667 1.391412
v -0.255990 0.522667 1.369862
v -0.175890 3.682065 1.310262
v -0.068440 3.526115 1.477361
v -0.283340 0.200367 1.271912
v -0.261840 0.167316 1.348362
v -0.261840 0.193614 1.219462
v -0.267390 0.200367 1.197962
v -0.261840 0.194663 1.197962
v -0.236490 0.200367 1.262462
v -0.240390 0.197768 1.176462
v -0.235190 0.479764 1.326912
v -0.230440 0.243217 1.133462
v -0.111440 3.891766 1.154962
v -0.261840 0.133216 1.133462
v -0.261840 0.157463 1.146812
v -0.273090 0.157463 1.133462
v -0.238190 0.135767 1.133462
v -0.229790 0.200367 1.133462
v -0.240390 0.157463 1.141512
v -0.230440 0.157463 1.111962
v -0.235490 0.135767 1.069012
v -0.261840 0.102216 1.069012
v -0.276140 0.200367 1.154962
v -0.261840 0.190014 1.176462
v -0.089940 4.240918 0.737112
v -0.304840 -0.064087 0.940062
v -0.304840 -0.083184 0.897062
v -0.261840 -0.121933 0.821612
v -0.253290 -0.036234 0.940062
v -0.209990 -0.186485 0.596162
v -0.195890 0.243217 0.574662
v -0.046940 4.369515 0.941962
v -0.277490 0.393516 0.531712
v -0.240390 -0.226283 0.531712
v -0.211990 -0.186485 0.488712
v -0.209640 0.049513 0.488712
v -0.257990 0.221515 0.381262
v -0.265040 0.350666 0.402712
v -0.240390 -0.186485 0.443862
v -0.261840 -0.100786 0.395712
v -0.273090 -0.057882 0.316762
v -0.245890 0.135767 0.166312
v -0.262690 0.200367 0.209312
v -0.261840 0.302613 0.187812
v -0.247240 0.328964 0.209312
v -0.283340 0.221515 0.179612
v -0.261840 0.120318 0.080312
v 3.035610 2.112967 -0.242088
v -0.197390 4.890668 -0.822338
v -0.132890 4.897416 -0.800889
v -0.132890 4.928416 -0.836288
v -0.204290 4.950064 -0.908288
v -0.132890 4.969215 -0.865338
v -0.154390 5.095714 -0.822338
v -0.175890 5.093163 -0.843839
v -0.154390 5.079216 -0.853088
v -0.154390 5.089015 -0.843839
v -0.111440 5.100363 -0.843839
v -0.132890 5.097264 -0.843839
v -0.132890 5.079216 -0.860788
v -0.304840 4.928416 -0.926939
v -0.283340 4.902065 -0.929789
v -0.300340 4.992968 -0.951288
v -0.261840 4.971766 -0.979339
v -0.240390 4.914463 -0.929789
v -0.283340 4.928416 -0.962888
v -0.240390 4.950064 -0.962888
v -0.283340 5.057514 -0.952839
v -0.261840 5.090064 -0.929789
v -0.218040 5.057514 -0.929789
v -0.205590 5.057514 -0.886839
v -0.218890 5.093664 -0.865338
v -0.240390 5.079716 -0.951288
v -0.132890 4.992968 -0.874588
v -0.132890 5.057514 -0.866138
v 3.030410 2.242064 -0.231488
v -0.089940 0.372368 2.247912
v 2.772510 1.426518 0.144862
v 2.926810 1.812363 0.080312
v 2.912060 1.661515 -0.091638
v 2.834811 1.511216 -0.005638
v 2.950660 1.704913 -0.199038
v -0.056840 -0.036234 2.057662
v 2.879961 1.630515 -0.113088
v -0.025440 0.028366 2.128012
v -0.046940 -0.057882 2.070662
v 2.837010 1.546866 -0.070138
v -0.025440 -0.072885 2.057662
v 2.922960 1.638263 -0.263538
v -0.046940 0.092918 2.102462
v -0.060540 0.028366 2.079112
v -0.046440 0.006664 2.036162
v -0.078340 0.071216 2.079112
v -0.068440 0.114113 2.062662
v 2.961411 1.790666 -0.134588
v -0.046940 0.157464 2.069262
v 2.944460 1.815468 -0.199038
v 2.960061 1.790666 -0.156088
v 2.941910 1.768964 -0.177538
v 2.968811 2.392363 -0.027088
v 2.992960 2.628916 -0.242088
v 3.010460 2.521515 -0.220538
v -0.046940 -0.080633 1.971712
v 2.472110 2.586067 0.961512
v -0.046940 -0.076485 2.036162
v -0.059590 -0.036234 1.971712
v -0.068440 -0.035185 1.864212
v -0.064240 -0.057882 2.014662
v -0.027940 0.006664 2.014662
v -0.025440 -0.015533 1.971712
v 2.946960 1.661515 -0.263538
v -0.025440 -0.055832 1.864212
v 2.961411 1.704913 -0.285038
v 2.944460 1.661515 -0.287938
v 2.901461 1.663613 -0.306538
v -0.064840 0.114113 2.036162
v -0.068440 0.157464 1.905712
v -0.046940 0.114113 1.916812
v -0.068440 0.139916 2.036162
v -0.068440 0.225663 2.036162
v -0.061890 0.178665 2.014662
v -0.025440 0.006664 1.945312
v -0.132890 0.000966 1.885712
v -0.025440 0.135767 1.922862
v -0.025440 0.135767 2.003112
v -0.025440 0.114113 1.921112
v 2.879961 1.726115 -0.325488
v -0.025440 0.157464 1.930512
v 2.952360 1.747763 -0.156088
v 2.944460 1.729715 -0.199038
v 3.016810 2.027213 -0.134588
v 2.976861 1.833516 -0.199038
v -0.111440 0.297964 1.971712
v -0.096440 0.307763 1.993162
v -0.094340 0.264913 1.928712
v -0.046940 0.328964 2.023262
v -0.080690 0.264913 1.993162
v -0.068440 0.200367 1.921112
v -0.048790 0.200367 1.950212
v -0.072290 0.264913 2.014662
v -0.045640 0.200367 1.971712
v -0.046940 0.175065 1.928712
v -0.025440 0.328964 2.030962
v -0.025440 0.181764 1.971712
v -0.025440 0.177115 1.950212
v 2.944460 1.719367 -0.242088
v 2.876560 1.768964 -0.220538
v 2.922960 1.704913 -0.315788
v 2.858460 1.789617 -0.220538
v 2.858460 1.808715 -0.242088
v 2.858460 1.749313 -0.263538
v 2.869411 1.919764 -0.285038
v -0.046940 0.354767 2.057662
v -0.025440 0.350666 2.051112
v 2.987460 2.037012 -0.220538
v -0.046940 0.365114 2.143662
v 2.901461 1.940966 -0.230438
v -0.077990 1.188916 1.799762
v -0.097490 1.468366 1.907162
v -0.104190 1.425517 1.907162
v -0.089940 1.511216 1.883362
v -0.089940 1.640368 1.919462
v -0.046940 1.480216 1.928712
v -0.025640 1.468366 1.950212
v -0.061540 1.468366 1.907162
v -0.051490 1.489514 1.907162
v -0.048790 1.511216 1.907162
v -0.057190 1.532918 1.885712
v -0.045090 1.511216 1.928712
v -0.025440 1.405865 1.842712
v -0.058540 1.425517 1.907162
v 2.965961 1.984316 -0.209338
v -0.068440 1.468366 1.883812
v -0.040040 1.575768 1.950212
v 2.899611 2.005517 -0.263538
v 2.922960 2.042168 -0.328038
v 2.879961 2.000868 -0.328038
v 2.837010 1.986414 -0.328038
v 2.870060 1.962668 -0.285038
v 2.993061 2.091765 -0.285038
v 3.000861 2.220368 -0.263538
v 2.975510 2.177512 -0.285038
v 2.981210 2.155816 -0.306538
v 2.969460 2.199214 -0.306538
v -0.068440 1.575768 1.895512
v -0.052090 1.640368 1.928712
v -0.025440 1.683217 1.952762
v 2.965961 2.091765 -0.353688
v 2.944460 2.177512 -0.330538
v 2.944460 2.112967 -0.370838
v 2.944460 2.220368 -0.332588
v -0.025440 1.919764 1.938262
v -0.025440 1.768965 1.942962
v 2.858460 2.155816 -0.356388
v -0.132890 2.263266 1.955412
v -0.089940 2.263266 1.956112
v 3.033260 2.456915 -0.263538
v 3.016510 2.327817 -0.242088
v -0.068440 2.435267 1.968162
v -0.068440 2.628917 1.941662
v -0.175890 2.693516 1.859662
v 3.008911 2.242064 -0.246588
v 3.002360 2.284914 -0.242088
v -0.111440 0.056267 1.735312
v -0.025440 0.028366 1.800562
v -0.025440 0.135267 1.692262
v 2.979860 2.263266 -0.263538
v -0.046940 0.840813 1.606312
v -0.064240 1.253515 1.756762
v -0.025440 1.323718 1.756762
v 2.982561 2.284914 -0.285038
v -0.046940 1.274663 1.743762
v 2.987460 2.260166 -0.285038
v 3.006411 2.263266 -0.306538
v 2.987460 2.256512 -0.328038
v 2.984910 2.242064 -0.285038
v -0.068440 1.487464 1.864212
v -0.068440 1.431167 1.864212
v -0.036340 1.382118 1.756762
v 2.987460 2.327817 -0.303138
v 2.981910 2.371216 -0.392488
v 2.900510 2.263266 -0.413988
v 3.013110 2.521515 -0.263538
v 3.014960 2.478617 -0.285038
v 3.008111 2.564364 -0.263538
v -0.025440 0.286067 1.602162
v 2.950311 2.499813 -0.328038
v 2.997661 2.564364 -0.306538
v -0.025440 0.328964 1.592362
v -0.089940 0.415218 1.576912
v -0.025440 0.393516 1.625962
v -0.046940 0.544316 1.602462
v -0.025440 0.350666 1.594762
v 2.965961 2.607214 -0.374588
v 3.008911 2.610314 -0.285038
v 3.003410 2.586066 -0.242088
v -0.089940 0.651765 1.592362
v -0.105490 0.672966 1.606312
v -0.025440 0.802064 1.574262
v 2.944460 2.641314 -0.349488
v -0.025440 1.146066 1.643312
v 3.008911 2.602064 -0.306538
v -0.025440 1.247317 1.692262
v 2.985510 2.693516 -0.285038
v 2.954511 2.714664 -0.328038
v 2.978860 2.736366 -0.306538
v -0.046940 3.749716 1.305412
v 2.963410 2.822113 -0.349488
v 2.493111 3.216713 0.359762
v 2.879110 3.015816 -0.392488
v 2.858460 2.005517 -0.355688
v -0.025440 4.921168 -0.822338
v -0.089940 4.978466 -0.865338
v -0.068440 5.014664 -0.871588
v -0.025440 4.950064 -0.839989
v -0.046940 4.950064 -0.839989
v -0.025440 4.971766 -0.837288
v 2.936311 2.091765 -0.370988
v -0.012740 4.950064 -0.843839
v 2.879961 2.091765 -0.389338
v -0.111440 5.093664 -0.865338
v -0.089940 5.100363 -0.865338
v -0.060390 5.100363 -0.800889
v -0.061190 5.035818 -0.865338
v -0.053490 5.079216 -0.843839
v -0.025440 5.081814 -0.822338
v 2.879961 2.119165 -0.370988
v -0.025440 5.102468 -0.800889
v 2.858460 2.070063 -0.375538
v 2.975861 2.327817 -0.413988
v 3.002360 2.327817 -0.370988
v 2.922960 2.349514 -0.445738
v 2.842010 2.456915 -0.392488
v 2.901461 2.456915 -0.409788
v -0.111440 5.014115 -0.886839
v -0.111440 5.079216 -0.878939
v -0.089940 5.079216 -0.885988
v -0.068440 5.035818 -0.888988
v 2.879961 2.220368 -0.367138
v 2.849560 2.242064 -0.370988
v 2.901461 2.306616 -0.446688
v 2.745160 2.564364 -0.285038
v 2.926510 2.499813 -0.392488
v 2.934210 2.435267 -0.392488
v 2.883561 2.521515 -0.435488
v 2.858460 2.607214 -0.443738
v 2.886210 2.671814 -0.392488
v 2.892560 2.671814 -0.435488
v 2.879961 2.607214 -0.444838
v 2.895260 2.736366 -0.456988
v 2.901461 2.689868 -0.478488
v 2.879961 2.714664 -0.506838
v 2.968461 2.800917 -0.392488
v 2.944460 2.865463 -0.394988
v 2.899611 2.865463 -0.478488
v 2.890560 2.822113 -0.478488
v 2.899961 2.843815 -0.478488
v 2.901461 2.737415 -0.478488
v 2.879961 2.758068 -0.478288
v 2.858460 2.805567 -0.499938
v 2.882861 2.822113 -0.499938
v 2.879961 2.886665 -0.503188
v 2.879961 2.819514 -0.521438
v 2.901461 2.843815 -0.524488
v 2.927160 2.822113 -0.435488
v 2.896010 2.972913 -0.392488
v 2.879961 2.951216 -0.406438
v 2.879961 2.994114 -0.410988
v 2.870760 3.058666 -0.456988
v 2.858460 2.989965 -0.435488
v 2.847910 2.994114 -0.456988
v 2.879961 2.821564 -0.542938
v 2.837010 2.822113 -0.538338
v 2.837010 2.805567 -0.521438
v 2.487210 2.005517 1.154962
v 2.817010 1.661515 0.553162
v 2.729510 1.446664 0.753412
v 2.762260 1.446664 0.660662
v 2.569510 1.167214 1.047512
v 2.586310 1.146066 0.983012
v 2.536110 1.014864 1.004512
v 2.639710 1.210618 0.682162
v 2.569510 2.263266 0.940062
v 2.687060 1.274663 0.187812
v 2.700460 2.070063 0.209312
v 2.753210 2.220368 0.080312
v 2.560461 2.435267 0.424212
v 2.817360 1.489514 -0.005638
v 2.812960 1.468366 0.015862
v 2.794011 1.415664 -0.005638
v 2.765310 2.048367 -0.242088
v 2.648760 1.898068 -0.027088
v 2.771010 2.199214 -0.113088
v 2.450110 2.994114 0.102212
v 2.772510 1.355767 -0.113088
v 2.757211 1.318067 -0.070138
v 2.758260 1.339215 -0.027088
v 2.613811 1.146066 0.015862
v 2.763960 1.318067 -0.091638
v 2.751010 1.340264 -0.091638
v 2.751010 1.353168 -0.113088
v 2.708860 1.231813 -0.113088
v 2.775361 1.318067 -0.134588
v 2.772510 1.360917 -0.135088
v 2.729510 1.345414 -0.113088
v 2.729510 1.351613 -0.134588
v 2.729510 1.336115 -0.156088
v 2.729510 1.296365 -0.174738
v 2.751010 1.342314 -0.070138
v 2.678610 1.360917 -0.134588
v 2.729510 1.252967 -0.156088
v 2.686560 1.253515 -0.162288
v 2.665060 1.210618 -0.134738
v 2.686560 1.340264 -0.156088
v 2.665060 1.318067 -0.161588
v 2.796511 1.425516 -0.027088
v 2.807611 1.446664 -0.005638
v 2.794011 1.493168 -0.027088
v 2.708010 1.425516 -0.071938
v 2.729510 1.532918 -0.056838
v 2.751010 1.360917 -0.039038
v 2.751010 1.382118 -0.030688
v 2.775710 1.382118 -0.005638
v 2.665060 1.382118 -0.120038
v 2.579061 1.489514 -0.108938
v 2.815511 1.597464 -0.108938
v 2.837010 1.636714 -0.156088
v 2.665060 1.704913 -0.088038
v 2.722860 1.726115 -0.113088
v 2.879961 1.643968 -0.263538
v 2.686560 1.734865 -0.134588
v 2.650260 1.726115 -0.134588
v 2.751010 1.696664 -0.220538
v 2.749510 2.392363 -0.156088
v 2.833110 2.155816 -0.328038
v 2.608110 2.822113 -0.156088
v 2.815511 1.683217 -0.306688
v 2.772510 1.726115 -0.309388
v 2.772510 1.678568 -0.263538
v 2.708010 1.683217 -0.219338
v 2.665060 1.703364 -0.177538
v 2.815511 1.749313 -0.285038
v 2.815511 1.790666 -0.270438
v 2.837010 1.742613 -0.306538
v 2.879961 1.753467 -0.306538
v 2.815511 1.738465 -0.306538
v 2.794011 1.812363 -0.288238
v 2.794011 1.747763 -0.302338
v 2.772510 1.768964 -0.303338
v 2.751010 1.812363 -0.289588
v 2.600561 1.683217 -0.177538
v 2.557610 1.683217 -0.145838
v 2.794011 1.876414 -0.324138
v 2.794011 1.962668 -0.313388
v 2.800910 2.005517 -0.306538
v 2.654460 1.876414 -0.177538
v 2.852611 2.091765 -0.370988
v 2.766611 2.843815 -0.478488
v 2.858460 2.116066 -0.370988
v 2.858460 2.721363 -0.499938
v 2.815511 2.754968 -0.478488
v 2.837010 2.779215 -0.493088
v 2.837010 2.908367 -0.507338
v 2.837010 2.929014 -0.478488
v 2.815511 2.779215 -0.489388
v 2.817660 2.822113 -0.521438
v 2.751010 2.929514 -0.523288
v 2.829411 2.951216 -0.456988
v 2.829111 2.951216 -0.478488
v 2.815511 2.994114 -0.574038
v 2.794011 3.172266 -0.435488
v 2.794011 3.123218 -0.469238
v 2.725460 3.123218 -0.521438
v 2.772510 3.088617 -0.521438
v 2.729510 3.266817 -0.392488
v 2.729510 3.263217 -0.456988
v 2.751010 3.208965 -0.477638
v 2.622060 3.230667 -0.537838
v 2.622060 3.166115 -0.552488
v 2.686560 3.306067 -0.413988
v 2.686560 3.328264 -0.370988
v 2.686560 3.271967 -0.456988
v 2.858460 2.843815 -0.557238
v 2.794011 2.886665 -0.530338
v 2.827110 3.037464 -0.564438
v 2.794011 3.015816 -0.597838
v 2.794011 2.930563 -0.542938
v 2.815511 2.932113 -0.521438
v 2.794011 2.994114 -0.597838
v 2.772510 2.982718 -0.585888
v 2.772510 3.015816 -0.606588
v 2.751010 3.015816 -0.590888
v 2.665060 3.101516 -0.566188
v 2.729510 3.110814 -0.564438
v 2.686560 3.130966 -0.542938
v 2.708010 3.109264 -0.585888
v 2.665060 3.128415 -0.564438
v 2.536110 0.518513 1.069012
v 2.562110 0.522667 1.026062
v 2.536110 0.493717 0.983012
v 2.557610 0.565517 1.104062
v 2.536110 0.682765 1.069012
v 2.493111 0.560868 1.197962
v 2.508060 0.587213 1.219462
v 2.514610 0.551063 1.133462
v 2.514610 0.521618 1.069012
v 2.511760 0.844914 1.197962
v 2.519810 0.844914 1.111962
v 2.520810 0.974065 1.133462
v 2.509410 0.887817 1.069012
v 2.547360 1.038617 1.047512
v 2.466061 0.995266 1.262462
v 2.536110 1.296365 1.134362
v 2.493111 0.485963 0.961512
v 2.499010 0.479764 0.940062
v 2.517510 0.500965 0.940062
v 2.548010 0.522667 0.983012
v 2.514610 0.544315 0.957662
v 2.362660 0.866616 0.574662
v 2.541610 1.747763 0.682162
v 2.537610 1.446664 0.596162
v 2.602760 1.726115 0.467162
v 2.550710 2.177513 0.488712
v 2.523160 2.929514 0.596162
v 2.535611 1.446664 0.467162
v 2.600561 1.966268 0.230762
v 2.622060 2.099013 0.295262
v 2.579061 1.823717 0.080312
v 2.648010 2.005517 0.209312
v 2.665060 2.091765 0.253812
v 2.594010 1.124364 -0.005638
v 2.471761 1.102668 0.101812
v 2.493111 1.425516 0.205312
v 2.559410 1.768964 0.058862
v 2.605011 1.146066 -0.005638
v 2.557610 1.124364 -0.029988
v 2.536110 1.188916 -0.056838
v 2.557610 1.169812 -0.048588
v 2.582310 1.210618 -0.091638
v 2.493111 1.139366 -0.027088
v 2.493111 1.163614 -0.048588
v 2.708010 1.343864 -0.091638
v 2.622060 1.360917 -0.165338
v 2.600561 1.339215 -0.162288
v 2.557610 1.318067 -0.138838
v 2.557610 1.339215 -0.160238
v 2.536110 1.360917 -0.173038
v 2.428610 1.233864 -0.070138
v 2.514610 1.296365 -0.134188
v 2.622060 1.380014 -0.156088
v 2.579061 1.425516 -0.164738
v 2.557610 1.511216 -0.131388
v 2.557610 1.468366 -0.142038
v 2.514610 1.489514 -0.136088
v 2.462161 1.296365 -0.156088
v 2.603110 1.683217 -0.134588
v 2.579061 1.661014 -0.156088
v 2.477510 1.575768 -0.091638
v 2.665060 1.733315 -0.113088
v 2.554710 1.768964 -0.113088
v 2.572860 3.166115 -0.521438
v 2.486210 3.187763 -0.413988
v 2.557610 3.230667 -0.564238
v 2.551960 3.273517 -0.607438
v 2.669560 3.359765 -0.370988
v 2.677960 3.338063 -0.392488
v 2.643560 3.258568 -0.478488
v 2.660161 3.380966 -0.413988
v 2.649110 3.338063 -0.435488
v 2.622060 3.273517 -0.452438
v 2.622060 3.316414 -0.451088
v 2.602060 3.359765 -0.499938
v 2.622060 3.261113 -0.499938
v 2.643560 3.438818 -0.456988
v 2.600561 3.316414 -0.478238
v 2.618210 3.295213 -0.564438
v 2.608810 3.252363 -0.542938
v 2.579061 3.533315 -0.392488
v 2.451311 3.767818 -0.478488
v 2.548060 3.531766 -0.542938
v 2.585610 3.510064 -0.478488
v 2.554060 3.639215 -0.542938
v 2.557610 3.252363 -0.588888
v 2.579061 3.246164 -0.585888
v 2.596711 3.316414 -0.564438
v 2.561460 3.359765 -0.564438
v 2.587910 3.230667 -0.564438
v 2.629510 3.295213 -0.585888
v 2.579061 3.316414 -0.602888
v 2.580960 3.252363 -0.607438
v 2.521461 3.316414 -0.585888
v 2.557610 3.295213 -0.618638
v 2.546010 3.617513 -0.585888
v 2.503360 3.574663 -0.628938
v 2.520911 3.682065 -0.564438
v 2.439210 3.789514 -0.499938
v 2.313611 0.630063 1.520312
v 2.385661 0.820166 1.434362
v 2.429811 0.672966 1.369862
v 2.428610 0.508714 1.305412
v 2.381761 0.436366 1.348362
v 2.441560 0.544316 1.326912
v 2.299660 0.522667 1.493312
v 2.342660 0.415218 1.365712
v 2.370360 0.415218 1.305412
v 2.362310 0.458068 1.197962
v 2.321160 0.393516 1.221562
v 2.342660 0.394565 1.305412
v 2.450110 0.544316 1.255162
v 2.266610 2.435267 1.369862
v 2.385661 0.530416 1.133462
v 2.407110 0.559813 1.090512
v 2.385661 0.538164 1.111962
v 2.417861 0.544315 1.111962
v 2.471611 0.536615 1.047512
v 2.385661 0.587213 1.071562
v 2.385661 0.604766 1.004512
v 2.364161 0.565517 1.095362
v 2.364161 0.593418 1.069012
v 2.364161 0.529867 1.111962
v 2.493111 0.844914 1.064162
v 2.460010 0.844914 1.026062
v 2.477510 0.694668 1.004512
v 2.485860 0.866616 1.047512
v 2.396560 1.511216 0.897062
v 2.379760 2.263266 0.983012
v 2.283710 1.618665 1.154962
v 2.235210 2.632016 1.305412
v 2.246110 2.929514 1.069012
v 2.471611 0.467914 0.940062
v 2.428610 0.479764 0.872362
v 2.471611 0.458068 0.895212
v 2.428610 0.458068 0.925762
v 2.415210 0.479764 0.940062
v 2.428610 0.500965 0.948912
v 2.428610 0.458068 0.868362
v 2.385661 0.565517 0.949612
v 2.385661 0.458068 0.933462
v 2.428610 0.443113 0.897062
v 2.364161 0.522667 0.941212
v 2.309560 0.415218 1.004512
v 2.330561 0.436365 0.961512
v 2.385661 0.589764 0.961512
v 2.213710 0.500417 0.660662
v 2.451611 0.823265 0.983012
v 2.364161 0.600618 0.983012
v 2.342660 0.596517 1.004512
v 2.364161 0.587213 0.958012
v 2.465410 0.866616 0.983012
v 2.352211 1.231813 0.897062
v 2.337810 0.780368 0.725112
v 2.375761 1.231813 0.725112
v 2.407110 1.281917 0.660662
v 2.299660 1.124364 0.768112
v 2.421761 1.210618 0.445712
v 2.362960 2.714664 0.639112
v 2.342660 3.197068 0.660662
v 2.501660 1.339215 0.531712
v 2.342660 1.141417 0.338262
v 2.213710 1.043266 0.553162
v 2.485560 1.318067 0.424212
v 2.393510 1.210618 0.295262
v 2.213710 0.887817 0.392662
v 2.304210 1.210618 0.101812
v 2.178261 3.510064 0.553162
v 2.342660 0.837713 0.187812
v 2.559210 1.102668 -0.027088
v 2.321160 0.844914 0.186962
v 2.428610 1.115066 0.123362
v 2.428610 1.131064 0.080312
v 2.273010 1.038617 0.166312
v 2.235210 0.972015 0.338262
v 2.381460 1.360917 0.037362
v 2.265610 1.188916 -0.005638
v 2.391510 1.403814 -0.005638
v 2.462060 1.575768 -0.027088
v 2.207160 3.467214 -0.048588
v 2.288761 3.703266 0.058862
v 2.428610 1.125413 -0.027088
v 2.364161 1.127964 -0.048588
v 2.341510 1.081514 -0.027088
v 2.407110 1.188916 -0.054188
v 2.536110 1.324266 -0.156088
v 2.493111 1.282918 -0.156088
v 2.417060 1.231813 -0.113088
v 2.385661 1.231813 -0.120338
v 2.324510 1.188916 -0.091638
v 2.446610 1.425516 -0.091638
v 2.295160 3.488368 -0.306538
v 2.371360 3.896916 -0.521438
v 2.439860 3.402668 -0.542938
v 2.394860 3.531766 -0.564438
v 2.185560 3.767818 -0.478488
v 2.450110 3.473913 -0.585888
v 2.450110 3.574663 -0.640488
v 2.514610 3.617513 -0.622388
v 2.536110 3.338063 -0.588138
v 2.493111 3.662467 -0.607438
v 2.407110 3.639215 -0.590838
v 2.313510 3.746664 -0.564438
v 2.374411 3.896916 -0.564438
v 2.368011 3.918618 -0.628938
v 2.372360 3.875267 -0.585888
v 2.372710 3.896916 -0.607438
v 2.362310 3.896916 -0.671888
v 2.321160 3.811216 -0.582388
v 2.342660 3.852015 -0.607438
v 2.321160 3.939813 -0.552038
v 2.364161 3.944468 -0.693388
v 2.278161 3.896916 -0.763088
v 2.321160 3.939813 -0.611488
v 2.342660 3.961515 -0.715688
v 2.278161 0.500965 1.486762
v 2.170711 0.651765 1.639062
v 2.041760 0.694114 1.713762
v 2.299660 0.436366 1.395512
v 2.241860 0.802064 1.606312
v 2.063261 0.759214 1.736812
v 2.321160 0.398666 1.305412
v 2.255861 0.479764 1.391412
v 2.140660 0.587213 1.541812
v 2.170711 0.564468 1.563362
v 2.066461 2.220368 1.692262
v 1.959010 2.435267 1.735312
v 2.295460 0.415218 1.219462
v 2.272960 0.458068 1.133462
v 2.235711 0.587213 1.154962
v 2.200110 0.651765 1.305412
v 2.316610 0.458068 1.111962
v 2.294910 0.436365 1.133462
v 2.312260 0.522667 1.047512
v 2.316310 0.544315 1.069012
v 2.312611 0.565517 1.047512
v 2.170711 0.565517 0.918262
v 2.175910 0.651765 1.047512
v 2.128211 0.759214 1.176462
v 2.263560 1.382118 1.090512
v 2.084760 1.135713 1.026062
v 2.235210 1.167214 0.983512
v 2.192210 1.270515 1.090512
v 1.934310 2.908367 1.472962
v 1.950911 3.488368 0.897062
v 2.324360 0.544315 0.983012
v 2.213710 0.335163 0.875562
v 2.278161 0.350666 0.961212
v 2.286010 0.350666 0.832562
v 2.195261 0.350666 0.875562
v 2.149210 0.458616 0.832562
v 2.256710 1.129013 0.897062
v 2.170711 1.082015 0.897062
v 2.256710 0.350666 0.765312
v 2.235210 0.350666 0.800862
v 2.191060 0.522667 0.682162
v 2.170711 0.518018 0.725112
v 2.127710 0.565517 0.682312
v 2.181610 0.651765 0.639112
v 1.998760 0.988012 0.789562
v 1.783860 3.167665 1.154962
v 2.172961 0.544315 0.574662
v 2.168860 0.544315 0.574662
v 2.256710 0.728714 0.252262
v 2.181961 0.844914 0.467162
v 2.192210 0.694668 0.293262
v 2.192060 0.931215 0.359762
v 2.170711 0.866616 0.467712
v 2.235210 0.737518 0.250062
v 2.299660 0.802064 0.197462
v 2.231260 0.715816 0.252262
v 2.149210 1.033968 0.166312
v 2.265610 1.146066 0.144862
v 2.136360 1.038617 0.037362
v 2.020261 3.380966 0.418662
v 2.068460 3.724968 0.424212
v 2.235210 1.019013 0.037362
v 2.149210 1.006615 -0.005638
v 2.342660 1.167768 -0.091638
v 2.235210 1.081514 -0.087088
v 2.192210 1.026767 -0.048588
v 2.256710 1.059818 -0.097438
v 2.184560 1.038617 -0.070138
v 2.213710 1.082015 -0.070138
v 2.170711 1.025218 -0.048588
v 2.152761 3.746664 -0.413988
v 2.272310 4.004365 -0.499938
v 2.170711 3.841167 -0.564438
v 2.321160 3.955817 -0.521438
v 2.321160 3.854567 -0.650438
v 2.299660 3.863364 -0.714888
v 2.299660 3.827214 -0.607438
v 2.256710 3.789514 -0.549488
v 2.299660 3.939813 -0.628938
v 2.299660 3.847366 -0.650438
v 2.278161 3.929466 -0.585888
v 2.235210 3.926915 -0.693388
v 2.278161 3.859216 -0.714888
v 2.256710 3.928464 -0.628938
v 2.244310 3.939813 -0.628938
v 2.192210 3.932065 -0.693388
v 2.299660 3.953218 -0.542938
v 2.342660 3.967714 -0.693388
v 2.299660 3.976464 -0.521438
v 2.279360 4.004365 -0.542938
v 2.256710 4.032266 -0.521438
v 2.251160 3.939813 -0.585888
v 2.263260 3.982663 -0.585888
v 2.278161 3.982663 -0.555888
v 2.235210 3.961515 -0.630488
v 2.270610 4.047215 -0.671888
v 2.281361 4.026067 -0.564438
v 2.235210 4.078215 -0.671888
v 2.235210 4.068917 -0.695588
v 1.998760 4.273468 -0.542938
v 2.192210 4.122663 -0.607438
v 2.113610 4.026067 -0.714888
v 2.192210 4.111814 -0.634188
v 2.170711 3.961515 -0.698338
v 2.106260 4.192913 -0.585888
v 2.278161 3.870064 -0.736338
v 2.256710 3.864914 -0.714888
v 2.256710 3.875267 -0.732688
v 2.256710 3.896916 -0.757338
v 2.256710 3.918618 -0.769488
v 2.213710 3.896916 -0.718238
v 2.235210 3.936213 -0.736338
v 2.213710 3.922766 -0.714888
v 2.170711 3.918618 -0.693188
v 1.654910 1.403815 2.050762
v 1.826860 0.802064 1.852962
v 1.934310 0.737518 1.781462
v 1.805360 1.425517 1.955412
v 2.106260 0.620264 1.627812
v 2.073510 0.630063 1.606312
v 1.955810 0.695664 1.713762
v 1.983610 0.694668 1.627812
v 2.065761 0.651765 1.584862
v 1.955810 0.837213 1.520312
v 2.135611 0.694668 1.434362
v 1.995260 1.554114 1.477362
v 2.041760 1.543766 1.369862
v 2.069460 1.597464 1.391412
v 1.848310 2.027214 1.658162
v 1.990560 1.575768 1.498862
v 2.084760 0.807768 1.305412
v 2.041760 0.834614 1.219462
v 1.998760 0.865066 1.326912
v 2.084760 1.446664 1.253212
v 2.127710 1.369166 1.154962
v 2.084760 1.382118 1.195762
v 2.063261 0.683266 0.875562
v 1.934310 0.797415 0.897062
v 1.848310 0.836164 0.897062
v 2.063261 1.318067 1.157862
v 2.041760 1.263314 1.133462
v 1.934310 1.154315 1.026062
v 2.149210 0.328964 0.838462
v 2.063261 0.307763 0.772262
v 2.042260 0.221515 0.639112
v 2.213710 0.326913 0.811062
v 2.041760 0.172967 0.682162
v 2.106260 0.239068 0.768112
v 1.977260 0.148165 0.682162
v 1.977260 0.155914 0.703662
v 1.998760 0.479764 0.702162
v 2.149210 0.651765 0.668862
v 2.041760 0.587213 0.544512
v 2.020261 0.608367 0.754812
v 1.869810 0.522667 0.612112
v 1.805360 0.744766 0.703662
v 1.932710 0.307763 0.531712
v 1.998760 0.170916 0.639112
v 2.170711 0.436365 0.757212
v 2.141660 0.565517 0.445712
v 2.129910 0.759214 0.531712
v 2.063261 0.648165 0.510212
v 1.955810 0.587213 0.477762
v 2.176610 0.565517 0.510212
v 2.149210 0.541216 0.467162
v 2.155061 0.587213 0.510212
v 2.146010 0.565517 0.488712
v 2.149710 0.565517 0.402712
v 2.143010 0.608367 0.402712
v 2.084760 0.802064 0.325412
v 2.041760 0.834614 0.187812
v 2.041760 0.787616 0.295262
v 1.934310 0.948214 0.660662
v 2.041760 0.811368 0.252262
v 2.020261 0.769514 0.316762
v 2.020261 0.667763 0.445712
v 2.020261 0.813413 0.252262
v 2.020261 0.827914 0.209312
v 1.998760 0.835115 0.166312
v 2.020261 0.837213 0.144862
v 1.934310 0.793815 0.316762
v 1.955810 0.838715 0.209312
v 1.998760 0.976664 0.058862
v 1.977260 0.831514 0.101812
v 2.063261 0.860965 0.144862
v 1.671010 3.789514 0.316762
v 1.934310 4.090118 0.015862
v 2.161460 1.038617 -0.048588
v 1.762360 4.011065 -0.328038
v 2.154410 4.111814 -0.671888
v 2.063261 4.068917 -0.718738
v 2.084760 4.004365 -0.695238
v 1.929561 4.090613 -0.628938
v 2.155860 4.154664 -0.650438
v 2.170711 4.133516 -0.666888
v 2.160460 4.154664 -0.714888
v 2.084760 4.206317 -0.607438
v 2.147660 3.939813 -0.693388
v 2.149210 4.004365 -0.743288
v 2.063261 4.111814 -0.736188
v 2.106260 4.133516 -0.751988
v 2.158260 4.133516 -0.714888
v 2.106260 4.111814 -0.740888
v 2.127710 4.181015 -0.714888
v 2.106260 4.154664 -0.752738
v 2.063261 4.154664 -0.743288
v 1.654910 2.155817 2.057162
v 1.869810 2.177513 1.890262
v 1.848310 0.747317 1.799762
v 1.826860 0.749916 1.756762
v 1.783860 0.854766 1.649312
v 1.912811 1.468366 1.577612
v 1.568910 1.898068 1.869812
v 1.719360 1.382118 1.666262
v 1.841110 1.318067 1.563362
v 1.913660 2.242064 1.563362
v 1.527910 2.349514 1.885712
v 1.783860 2.779216 1.709262
v 1.891310 0.903815 1.412912
v 1.949260 1.425517 1.498862
v 1.957960 1.296365 1.219462
v 1.547410 2.607214 1.821062
v 1.934310 0.887316 1.283912
v 1.805360 0.925016 1.262462
v 2.020261 1.401716 1.219462
v 1.869810 1.139367 1.047512
v 1.998760 1.274663 1.141362
v 1.912811 1.066017 0.897062
v 1.848310 1.092863 0.940062
v 1.826860 1.033467 0.789562
v 1.934310 0.157463 0.686062
v 1.929460 0.157463 0.660662
v 1.977260 0.178665 0.718562
v 1.934310 0.178665 0.692362
v 1.813860 0.243217 0.574662
v 1.848310 0.651765 0.655112
v 1.891310 1.017463 0.789562
v 1.891310 0.973016 0.703662
v 1.805360 0.986963 0.596162
v 1.828960 1.016915 0.725112
v 1.826860 0.221515 0.547712
v 1.848160 0.286066 0.510212
v 1.826860 0.221515 0.580212
v 1.826860 0.332063 0.488712
v 1.869810 0.963217 0.338262
v 1.912811 0.715816 0.405262
v 1.783860 0.672966 0.359912
v 1.783860 0.737518 0.329712
v 1.955810 0.826865 0.123362
v 1.975860 0.844914 0.058862
v 1.916310 0.802064 0.058862
v 1.762360 0.784516 0.209312
v 1.891310 0.866616 -0.017888
v 1.891310 0.887817 -0.016788
v 1.740860 3.924817 0.596162
v 1.568910 4.284316 0.230762
v 2.127710 1.016915 -0.014088
v 1.780510 0.823265 -0.048588
v 1.848310 4.401064 -0.542938
v 1.783860 4.154664 -0.536388
v 1.891310 4.372614 -0.564438
v 1.991210 4.262114 -0.585889
v 1.977260 4.154664 -0.682288
v 2.013161 4.262114 -0.564438
v 1.995210 4.283815 -0.564438
v 1.986860 4.283815 -0.628938
v 1.977260 4.283815 -0.700238
v 1.973710 4.262114 -0.671889
v 1.941860 4.219216 -0.650438
v 1.912811 4.219216 -0.686538
v 1.950261 4.240918 -0.650438
v 1.955810 4.133516 -0.686838
v 1.891310 4.198068 -0.681138
v 1.912811 4.198068 -0.682788
v 1.869810 4.154664 -0.631038
v 1.868960 4.219216 -0.671888
v 1.891310 4.223865 -0.693388
v 1.891310 4.262114 -0.705639
v 1.861910 4.262114 -0.671889
v 1.886460 4.305464 -0.693388
v 1.834710 4.154664 -0.585888
v 1.811210 4.198068 -0.585888
v 1.848310 4.305464 -0.620489
v 1.805360 4.262114 -0.585739
v 1.977260 4.307014 -0.671889
v 1.966360 4.305464 -0.693388
v 1.912811 4.354566 -0.607439
v 1.934310 4.326665 -0.695989
v 1.891310 4.369515 -0.592188
v 1.869810 4.382467 -0.585889
v 1.891310 4.353016 -0.628938
v 1.848310 4.403615 -0.564438
v 1.856511 4.348367 -0.607439
v 1.869810 4.334414 -0.628938
v 1.869810 4.362315 -0.607439
v 1.826860 4.391217 -0.595839
v 1.848310 4.326665 -0.603689
v 1.848310 4.369515 -0.599538
v 1.805360 4.326665 -0.574688
v 1.826860 4.369515 -0.592839
v 1.934310 4.262114 -0.725489
v 1.912811 4.262114 -0.722788
v 1.955810 4.305464 -0.702788
v 1.934310 4.283815 -0.728138
v 1.396960 1.318067 2.169962
v 1.697860 2.414066 1.967162
v 1.633410 2.542663 1.956112
v 1.525960 2.414066 2.070912
v 1.479360 0.844914 1.864212
v 1.525960 0.821167 1.950212
v 1.482960 0.811863 1.907162
v 1.482960 2.886164 1.842711
v 1.676410 0.928616 1.563362
v 1.719360 1.227164 1.541812
v 1.439960 1.532918 1.868462
v 1.568910 3.098965 1.627812
v 1.740860 3.230667 1.386212
v 1.611910 0.965267 1.412912
v 1.607860 1.188916 1.369862
v 1.762610 1.188916 1.455862
v 1.719360 1.167214 1.326212
v 1.697860 1.055664 0.983012
v 1.654910 0.941014 1.219462
v 1.332510 0.871265 0.940062
v 1.683010 3.724968 0.918562
v 1.762360 0.993168 0.574662
v 1.375510 3.939813 0.939812
v 1.722260 0.264913 0.488712
v 1.719360 0.350666 0.494262
v 1.596460 0.415218 0.402712
v 1.511310 0.630063 0.488712
v 1.654910 0.938964 0.316762
v 1.697860 0.959062 0.209312
v 1.654910 0.991613 0.746612
v 1.783860 0.286066 0.442862
v 1.590410 0.458068 0.352512
v 1.762360 0.243217 0.467562
v 1.720160 0.243217 0.467162
v 1.783860 0.225663 0.510212
v 1.740860 0.286066 0.421012
v 1.482960 0.587213 0.289412
v 1.719360 0.500965 0.393162
v 1.697860 0.630063 0.346862
v 1.758310 0.780368 0.252262
v 1.697860 0.691014 0.101812
v 1.654910 0.696713 0.187812
v 1.676410 0.651765 0.333362
v 1.682360 0.715816 0.252262
v 1.633410 0.665718 0.295262
v 1.654910 0.668317 0.080312
v 1.676410 0.697714 0.015862
v 1.568910 0.663668 0.015862
v 1.568910 0.875914 0.144862
v 1.757560 0.802064 -0.048588
v 1.611910 0.780368 -0.074788
v 1.719360 4.508966 -0.585889
v 1.740860 4.174817 -0.521438
v 1.459110 4.305464 -0.392488
v 1.783860 4.283815 -0.570688
v 1.762360 4.240918 -0.559938
v 1.740860 4.262114 -0.559588
v 1.762360 4.305464 -0.571338
v 1.697860 4.240918 -0.538388
v 1.783860 4.457867 -0.585889
v 1.783860 4.412913 -0.601539
v 1.740860 4.455817 -0.619038
v 1.753110 4.477465 -0.607439
v 1.676410 4.551864 -0.628938
v 1.712610 4.520362 -0.628938
v 1.697860 4.470766 -0.650439
v 1.697860 4.498666 -0.664688
v 1.708460 4.520362 -0.650439
v 1.676410 4.477465 -0.665038
v 1.590410 4.391217 -0.655639
v 1.676410 4.520362 -0.671089
v 1.649210 4.563218 -0.607439
v 1.615710 4.584914 -0.628938
v 1.396960 2.177513 2.195862
v 1.289510 2.349514 2.196862
v 1.504460 0.866616 1.981612
v 1.439960 0.844914 1.975212
v 1.525960 0.952363 2.011162
v 1.332510 2.607214 2.071962
v 1.203560 1.855218 2.050462
v 1.418460 2.650613 1.874112
v 1.525960 0.955963 1.520312
v 1.611910 1.251966 1.584862
v 1.482960 1.318067 1.754912
v 1.417410 2.843815 1.735312
v 1.396960 3.398514 1.197962
v 1.203560 0.897115 1.090512
v 1.225060 1.086664 1.348362
v 1.525960 1.167214 1.390062
v 1.482960 1.162565 1.520312
v 1.633410 1.120216 1.154962
v 1.461460 1.122814 1.069012
v 1.311010 4.265714 0.553162
v 1.139060 0.672966 0.447862
v 1.525960 0.841313 0.273762
v 1.582210 0.415218 0.381262
v 1.629810 0.350666 0.381262
v 1.590410 0.432265 0.359762
v 1.568910 0.438964 0.359762
v 1.547410 0.458068 0.378512
v 1.375510 0.522667 0.270962
v 1.611910 0.677067 0.230762
v 1.525960 0.640416 0.273762
v 1.482960 0.623363 0.230762
v 1.556760 0.866616 0.209312
v 1.404510 4.047215 0.295262
v 1.031610 4.256916 0.295262
v 1.547410 0.632167 0.101812
v 1.482960 0.583064 0.101812
v 1.525960 0.710666 -0.048588
v 1.616260 0.759214 -0.091638
v 1.590410 0.747317 -0.091638
v 1.633410 0.759214 -0.057138
v 1.590410 0.770068 -0.091638
v 1.547410 0.759214 -0.094738
v 1.547410 0.715816 -0.131338
v 1.590410 0.756615 -0.113088
v 1.547410 0.727165 -0.091638
v 1.547410 0.737518 -0.135088
v 1.504460 0.710666 -0.091638
v 1.461460 0.723565 -0.091638
v 1.519210 0.715816 -0.134588
v 1.461460 0.715816 -0.100088
v 1.504460 0.706017 -0.113088
v 1.439960 0.651765 0.000562
v 1.482960 0.704968 -0.091638
v 1.611910 4.348367 -0.591488
v 1.633410 4.455817 -0.666689
v 1.568910 4.326665 -0.540838
v 1.547410 4.408765 -0.671889
v 1.504460 4.415518 -0.671889
v 1.547410 4.434615 -0.693388
v 1.525960 4.425817 -0.693388
v 1.482960 4.450613 -0.736338
v 1.633410 4.547215 -0.650439
v 1.225060 4.641717 -0.113089
v 1.590410 4.599917 -0.628938
v 1.555310 4.627764 -0.693388
v 1.590410 4.584914 -0.645789
v 1.569610 4.455817 -0.693388
v 1.525960 4.646915 -0.671889
v 1.525960 4.459417 -0.736338
v 1.547410 4.520362 -0.770139
v 1.565410 4.498666 -0.714889
v 1.566760 4.606116 -0.757838
v 1.439960 4.520362 -0.816988
v 1.525960 4.563218 -0.795638
v 1.547410 4.653615 -0.736338
v 1.482960 4.692364 -0.758788
v 1.461460 4.606116 -0.793288
v 1.461460 4.670668 -0.783589
v 1.525960 4.648965 -0.781188
v 1.396960 0.952363 2.044412
v 1.203560 1.016915 2.152862
v 1.203560 2.134663 2.267012
v 1.461460 0.817066 1.950212
v 1.418460 0.851667 1.907162
v 1.439460 0.823265 1.928712
v 1.461460 0.909513 2.003412
v 1.418460 0.866616 1.973862
v 1.418460 0.887817 1.985962
v 1.396960 0.880063 1.971712
v 1.396960 0.860965 1.950212
v 1.375510 0.866616 1.919912
v 1.375510 0.874913 1.950212
v 1.354010 0.887817 1.972562
v 1.311010 0.869215 1.950212
v 1.265010 0.844914 1.864212
v 1.139060 1.339215 1.906062
v 1.292210 2.220368 2.014662
v 1.418460 0.882113 1.756762
v 1.182060 1.296365 1.858312
v 1.117560 0.862515 1.584862
v 1.375510 1.169318 1.649312
v 1.246560 1.176518 1.735312
v 0.752210 3.338063 1.619262
v 1.332510 3.316414 1.581662
v 1.266560 3.767818 1.197962
v 1.482960 1.021564 0.854112
v 1.354010 1.079416 0.875562
v 1.246560 0.884217 0.467162
v 1.332510 0.832564 0.381262
v 1.354010 0.693613 -0.027088
v 1.031610 0.714767 0.187812
v 1.141410 4.477465 0.359761
v 1.396960 0.510764 0.252262
v 1.398510 0.544315 0.230762
v 1.332510 0.518513 0.187812
v 1.396960 0.563466 0.166312
v 1.053110 0.474113 0.037362
v 1.332510 0.508165 0.209312
v 1.418460 0.554663 0.080312
v 1.434610 0.565517 0.058862
v 1.354010 0.559813 0.101812
v 1.396960 0.562918 0.058862
v 1.354010 0.679666 -0.005638
v 1.393660 0.694668 -0.070138
v 1.396960 4.502815 -0.779389
v 1.417610 4.713517 -0.714889
v 1.396960 4.531717 -0.822338
v 1.436810 4.541516 -0.822338
v 1.439960 4.606116 -0.796989
v 1.418460 4.627764 -0.787889
v 1.418460 4.606116 -0.814139
v 1.401860 4.627764 -0.822338
v 1.396960 4.563218 -0.847339
v 1.246560 4.639667 -0.886839
v 1.394110 4.648965 -0.843839
v 1.354010 4.648965 -0.883639
v 1.354010 4.584914 -0.863788
v 1.160560 4.676318 -0.865338
v 1.439960 4.702663 -0.757838
v 1.439960 4.670668 -0.777838
v 1.418460 4.692364 -0.770139
v 1.418460 4.708367 -0.757838
v 1.396160 4.648965 -0.822338
v 1.350610 4.778063 -0.843839
v 1.392110 4.735213 -0.843839
v 1.396960 4.735213 -0.769938
v 1.379710 4.713517 -0.865338
v 1.354010 4.735213 -0.880239
v 1.332510 4.692364 -0.880939
v 1.311010 4.778063 -0.857888
v 1.268010 4.648965 -0.896739
v 1.137360 1.403815 2.272612
v 0.967110 1.188916 2.291212
v 1.268010 0.917768 2.057662
v 1.225060 0.887817 2.062862
v 0.838160 0.974065 2.258012
v 1.010110 2.027214 2.139462
v 1.203560 0.796914 2.014662
v 1.203560 0.787115 1.971712
v 0.773710 0.656915 2.057662
v 1.117560 2.754468 2.057662
v 1.139060 1.220417 1.799762
v 1.139060 1.168764 1.692262
v 0.924160 3.380966 1.684061
v 1.096110 0.883663 1.391412
v 0.816710 3.701168 1.455862
v 1.096110 3.961515 0.727962
v 0.944260 1.059818 0.897062
v 1.010110 1.079416 1.197962
v 1.039410 4.047215 1.026062
v 1.117560 0.830465 0.897062
v 1.053110 4.277068 0.725111
v 1.246560 0.494766 0.144862
v 1.246560 0.529367 0.101812
v 1.153410 0.473666 0.028762
v 1.160560 0.466865 0.058862
v 1.182060 0.522667 -0.024288
v 1.117560 0.479764 0.005262
v 1.311010 0.598568 0.037362
v 1.225060 0.521618 0.058862
v 1.289510 0.672966 -0.011588
v 1.268010 0.565517 0.027212
v 1.160560 0.587213 -0.052488
v 1.010110 0.608367 -0.081688
v 0.580260 4.633468 -0.113089
v 1.289510 4.798764 -0.822338
v 1.268010 4.799765 -0.818138
v 1.268010 4.781717 -0.822338
v 1.268010 4.692364 -0.876588
v 1.242660 4.820967 -0.822338
v 1.203560 4.713517 -0.896739
v 1.266560 4.820967 -0.779389
v 0.988610 4.929965 -0.671889
v 1.246560 4.837465 -0.800889
v 1.289510 4.809063 -0.800889
v 1.225060 4.849863 -0.800889
v 1.204310 4.864365 -0.822338
v 1.160560 4.913914 -0.929789
v 1.031610 4.965568 -0.886839
v 1.182060 4.692364 -0.900088
v 1.177510 4.756415 -0.929789
v 1.091060 4.735213 -0.908288
v 1.160560 4.735213 -0.927289
v 1.121410 4.778063 -0.972839
v 1.096110 4.842663 -1.039138
v 1.031610 2.199215 2.292562
v 0.881160 1.919764 2.339262
v 1.074610 2.456915 2.212262
v 0.859660 2.456915 2.246212
v 0.988610 0.823265 2.138112
v 0.881160 1.919764 2.174362
v 0.881160 1.274663 2.028912
v 0.838160 2.692467 2.143662
v 0.902660 0.699264 1.971712
v 1.053110 1.237464 1.885712
v 0.945660 1.210618 1.960462
v 0.945660 0.819117 1.477362
v 1.010110 0.836164 1.069012
v 0.916710 1.081514 1.627812
v 0.607660 4.068917 1.176462
v 1.010110 0.682765 0.510212
v 0.601760 4.442864 0.725111
v 0.859660 0.737518 0.249162
v 0.967110 4.679966 0.101812
v 0.773710 0.458068 0.068062
v 1.096110 0.666767 0.015862
v 1.032760 0.630063 -0.070138
v 1.117560 0.630063 -0.033688
v 1.053110 4.799765 -0.955539
v 1.074610 4.804963 -0.972839
v 1.134560 4.907215 -1.015789
v 1.121861 4.928416 -1.015789
v 1.095910 4.950064 -0.994288
v 1.096110 4.820967 -1.016289
v 1.074610 4.955762 -0.951288
v 1.074610 4.950064 -0.975688
v 1.031610 4.928416 -0.948138
v 1.053110 4.952168 -0.951288
v 1.053110 4.820967 -0.969638
v 1.073760 4.842663 -1.015789
v 1.069710 4.928416 -1.015789
v 1.031610 4.968667 -0.929789
v 1.031610 4.950064 -0.945089
v 1.031610 4.820967 -0.963189
v 0.979610 4.992968 -0.929789
v 1.010110 4.950064 -0.946789
v 1.010110 4.971766 -0.937389
v 0.988460 4.885512 -0.994288
v 1.096110 4.864365 -1.050539
v 1.074610 4.864365 -1.049888
v 1.074610 4.928416 -1.045189
v 1.096110 4.928416 -1.043489
v 0.666210 1.081514 2.334912
v 0.795210 1.318067 2.351662
v 0.451310 1.253515 2.388262
v 0.254310 2.048367 2.380062
v 0.064460 2.177513 2.374162
v 0.838160 2.048367 2.189462
v 0.709210 1.984316 2.214012
v 0.085960 2.499813 2.285512
v 0.816710 0.685316 1.993162
v 0.881160 0.708568 1.950212
v 0.881160 0.721514 1.907162
v 0.838160 0.711668 1.950212
v 0.859660 0.715315 1.907162
v 0.816710 0.703913 1.971712
v 0.816710 0.708568 1.950212
v 0.752210 0.644517 2.014662
v 0.795210 1.055664 1.885712
v 0.795210 1.167214 2.003112
v 0.775210 1.231813 2.036162
v 0.687710 1.812363 2.196512
v 0.773710 0.664163 1.842712
v 0.644760 2.865463 1.889262
v 0.429810 3.658313 1.584862
v 0.494310 3.166115 1.914111
v 0.859660 0.760764 1.219462
v 0.849760 0.974065 0.854112
v 0.902660 1.042265 0.897062
v 0.859660 0.944114 0.725112
v 0.902660 0.952363 0.715212
v 0.626060 0.737518 0.746612
v 0.795210 0.858867 0.574662
v 0.892910 4.047215 0.725112
v 0.752210 0.759214 0.445212
v 0.730710 4.617465 0.381262
v 0.644760 0.436365 0.113412
v 0.750860 0.436365 0.101812
v 0.666210 4.979014 -0.542938
v 0.699260 4.735213 0.166312
v 0.813310 0.608367 -0.048588
v 0.795210 0.580466 -0.048588
v 0.945660 4.875713 -1.015789
v 0.922110 4.885512 -1.015789
v 0.945660 4.928416 -1.063988
v 0.902660 5.013114 -0.929789
v 0.881160 4.811168 -0.908288
v 0.902660 4.907215 -1.017038
v 0.922660 4.992968 -0.972839
v 0.902660 4.894817 -0.994288
v 0.838160 4.950064 -0.990088
v 0.773710 4.928416 -1.019989
v 0.773710 4.826117 -0.908288
v 0.957910 4.992968 -0.994288
v 0.956210 4.992968 -1.037289
v 0.953660 4.971766 -1.058738
v 0.881160 5.019814 -0.908288
v 0.924160 5.017215 -1.015789
v 0.921610 4.971766 -1.058738
v 0.881160 5.011564 -0.929789
v 0.859660 5.014664 -0.944939
v 0.859660 4.885512 -0.971639
v 0.816710 5.014664 -1.013139
v 0.945660 4.992968 -1.060938
v 0.623260 0.620264 2.122162
v 0.730710 0.639915 2.057662
v 0.558760 0.544316 2.104162
v 0.515810 0.608367 2.167962
v 0.623260 2.541113 2.100662
v 0.795210 0.669318 2.014662
v 0.637210 0.500965 1.971712
v 0.644760 0.993168 1.907162
v 0.472810 1.016915 1.939912
v 0.598210 0.350666 1.799762
v 0.656660 0.458068 1.369862
v 0.698660 0.565517 1.369862
v 0.494310 0.806218 1.735312
v 0.634860 -0.036234 1.305412
v 0.627110 -0.036234 1.455862
v 0.626760 0.049514 1.541812
v 0.628460 -0.079083 1.326912
v 0.601760 -0.112134 1.348362
v 0.623260 -0.084782 1.283912
v 0.626760 -0.014532 1.219462
v 0.631160 0.157464 1.240962
v 0.563310 0.264913 0.789562
v 0.472810 3.961515 1.000412
v 0.635860 0.458068 0.811062
v 0.730710 0.761765 0.488712
v 0.368610 0.479764 0.510212
v 0.429810 0.513363 0.252262
v 0.451310 4.609716 0.510212
v 0.614360 0.286066 0.144862
v 0.599560 0.264913 0.101812
v 0.580260 0.328964 0.114112
v 0.580260 0.286066 0.081562
v 0.687710 0.393516 0.093862
v 0.696810 0.544315 -0.027088
v 0.537260 0.507164 0.058862
v 0.773710 0.597513 -0.027088
v 0.713010 0.565517 -0.048588
v 0.580260 4.833364 -0.779389
v 0.709210 4.838514 -0.865338
v 0.687710 4.864365 -0.882589
v 0.644760 4.896867 -0.886839
v 0.747260 5.035818 -0.865338
v 0.709210 5.043566 -0.843839
v 0.687710 4.928416 -0.898089
v 0.730710 4.983115 -0.908288
v 0.580260 5.065268 -0.843839
v 0.724560 4.885512 -0.929789
v 0.747010 4.928416 -0.972839
v 0.750360 5.014664 -0.929789
v 0.755110 5.035818 -0.994288
v 0.644760 4.907215 -0.896739
v 0.666210 4.907215 -0.895038
v 0.558760 4.907215 -0.868438
v 0.623260 4.950064 -0.925288
v 0.773710 5.046165 -0.929789
v 0.816710 5.042017 -0.972839
v 0.773710 5.048215 -0.994288
v 0.773710 5.014664 -1.015589
v 0.236360 0.651765 2.264062
v 0.450310 0.522667 2.165112
v 0.429810 2.005517 2.203912
v 0.365360 1.532918 2.153562
v 0.537260 2.263266 2.200862
v 0.494310 2.804017 1.928712
v 0.429810 2.524614 2.100662
v 0.064460 2.843815 2.128662
v 0.515810 0.269568 1.928712
v 0.515810 0.293815 1.971712
v 0.342310 0.243217 2.122162
v 0.386810 0.264913 2.131712
v 0.451310 0.302613 1.971712
v 0.437710 0.328964 1.950212
v 0.451310 0.307763 1.892162
v 0.494310 0.952363 1.903362
v 0.494310 0.139916 1.713762
v 0.537260 0.208616 1.799762
v 0.408310 0.178665 1.785512
v 0.484410 0.114113 1.670762
v 0.580260 0.221515 1.763412
v 0.601760 0.154918 1.670762
v 0.408310 0.286067 1.845262
v 0.365360 3.467214 1.580612
v 0.616710 0.114113 1.606312
v 0.580260 0.028366 1.601112
v 0.601760 0.049514 1.609512
v 0.558760 0.155413 1.713762
v 0.537260 0.148165 1.670762
v 0.580260 0.049514 1.603462
v 0.601760 0.092918 1.616562
v 0.515810 0.015467 1.584862
v 0.601760 -0.016582 1.520312
v 0.494310 0.071216 1.593462
v 0.515810 0.114113 1.596412
v 0.558760 0.092918 1.591712
v 0.518660 0.028366 1.520312
v 0.478660 0.092918 1.670762
v 0.480360 0.049514 1.627812
v 0.486060 0.071216 1.584862
v 0.481460 0.071216 1.606312
v 0.472810 0.157464 1.559812
v 0.451310 0.114113 1.717662
v 0.429810 0.033516 1.649312
v 0.472810 0.023216 1.649312
v 0.451310 0.049514 1.621612
v 0.472810 0.071216 1.598112
v 0.386810 0.114113 1.596412
v 0.408310 0.746316 1.627812
v 0.494310 0.732368 1.348362
v 0.570410 -0.079083 1.455862
v 0.601760 -0.083184 1.455862
v 0.580260 -0.112134 1.391412
v 0.540160 -0.079083 1.369862
v 0.534410 -0.014532 1.434362
v 0.558760 -0.012982 1.520312
v 0.518660 0.178665 1.455862
v 0.507210 0.178665 1.326912
v 0.537460 0.071216 1.262462
v 0.494310 0.243217 1.412012
v 0.494310 0.200367 1.358562
v 0.451810 0.307763 1.412912
v 0.451310 0.257164 1.369862
v 0.451310 0.232363 1.326912
v 0.601760 0.039214 1.154962
v 0.601760 -0.114733 1.283912
v 0.579310 -0.121933 1.283912
v 0.607310 -0.100785 1.262462
v 0.580260 -0.100785 1.263612
v 0.537260 -0.036234 1.261562
v 0.551560 0.006664 1.219462
v 0.509260 0.221515 1.197962
v 0.472810 0.227213 1.283912
v 0.607960 0.049513 1.154962
v 0.608660 0.071216 1.133462
v 0.558760 0.064516 1.133462
v 0.556410 0.028366 1.047512
v 0.594410 0.049513 1.133462
v 0.604260 0.049513 1.133462
v 0.604610 0.049513 1.026062
v 0.540460 0.071216 1.197962
v 0.563310 0.049513 1.176462
v 0.539810 0.114113 1.154962
v 0.515810 0.028366 0.984262
v 0.507910 0.243217 1.026062
v 0.472810 0.293314 1.047512
v 0.451310 0.281465 1.176462
v 0.257860 4.404116 0.875562
v 0.523660 -0.014532 0.918562
v 0.472810 -0.060982 0.854112
v 0.506910 -0.036234 0.875562
v 0.515810 -0.039286 0.897062
v 0.451310 -0.034136 0.811062
v 0.509810 -0.014532 0.854112
v 0.515810 -0.026387 0.940062
v 0.494310 -0.053233 0.897062
v 0.494310 0.006664 0.946012
v 0.575260 0.049513 0.918562
v 0.587460 0.071216 0.918562
v 0.557610 0.049513 0.768112
v 0.537260 0.021118 0.961512
v 0.494310 0.221515 0.981862
v 0.451310 0.200367 0.934812
v 0.472810 0.264913 0.979512
v 0.451310 0.243217 0.946262
v 0.451310 0.280917 0.983012
v 0.430810 0.307763 1.047512
v 0.408310 0.684816 1.090512
v 0.537260 0.005114 0.660662
v 0.429810 -0.047583 0.682162
v 0.515810 0.011814 0.768112
v 0.429810 -0.043935 0.811062
v 0.557610 0.221515 0.596162
v 0.558760 0.006163 0.832562
v 0.544860 0.028366 0.660662
v 0.429810 -0.030536 0.768112
v 0.343860 0.608367 0.864862
v 0.472810 -0.088883 0.617662
v 0.541160 -0.036234 0.574662
v 0.472810 -0.108534 0.553162
v 0.525360 -0.057882 0.510212
v 0.472810 -0.107485 0.510212
v 0.451310 -0.119883 0.531712
v 0.584460 0.028366 0.316762
v 0.494310 -0.057882 0.378112
v 0.494310 -0.074935 0.467162
v 0.472810 -0.079084 0.449062
v 0.596910 0.114113 0.316762
v 0.537260 4.323065 0.467162
v 0.558760 -0.036234 0.233412
v 0.494310 -0.103885 0.230762
v 0.537260 -0.079084 0.196512
v 0.503210 -0.036234 0.273762
v 0.515810 -0.080633 0.230762
v 0.494310 -0.053233 0.316762
v 0.494310 -0.079084 0.304862
v 0.429810 -0.079084 0.359762
v 0.596210 0.028366 0.123362
v 0.558760 -0.004685 0.295262
v 0.171910 4.514163 0.252262
v 0.577760 -0.036234 0.123362
v 0.558760 0.006664 0.076162
v 0.537260 -0.072384 0.101812
v 0.537260 0.028366 0.056012
v 0.386810 -0.066686 0.101812
v 0.515810 -0.057882 0.084212
v 0.429810 -0.014532 0.059012
v 0.472810 -0.014532 0.069062
v 0.558760 0.049513 0.065712
v 0.515810 0.006664 0.063362
v 0.515810 0.135767 0.051212
v 0.472810 0.049513 0.114412
v 0.472810 0.006664 0.089262
v 0.494310 -0.014532 0.071112
v 0.494310 0.114113 0.081962
v 0.515810 0.178665 0.078812
v 0.472810 0.135767 0.105662
v 0.439410 0.049513 0.101812
v 0.494310 0.264913 0.128212
v 0.451310 0.006664 0.073162
v 0.537260 0.146615 0.058862
v 0.386810 0.264913 0.111412
v 0.408310 0.307763 0.107412
v 0.472810 0.350666 0.102012
v 0.426560 0.415218 0.037362
v 0.515810 0.471514 0.037362
v 0.468360 0.458068 0.037362
v 0.386810 4.867416 -0.048588
v 0.322360 4.656213 -0.113089
v 0.537260 5.067313 -0.822338
v 0.451310 4.857117 -0.822338
v 0.494310 4.885512 -0.847739
v 0.515810 4.907215 -0.859788
v 0.494310 4.907215 -0.850389
v 0.515810 4.950064 -0.860139
v 0.472810 4.971766 -0.846038
v 0.545360 5.035818 -0.865338
v 0.472810 4.907215 -0.849738
v 0.294160 4.885512 -0.886839
v 0.451310 4.885512 -0.858788
v 0.472810 4.885512 -0.848389
v 0.449810 4.907215 -0.865338
v 0.601760 5.064767 -0.865338
v 0.537260 5.057514 -0.854089
v 0.558760 5.057514 -0.853839
v 0.515810 5.035818 -0.870189
v 0.517860 5.057514 -0.865338
v 0.343860 5.080765 -0.822338
v 0.548010 4.928416 -0.886839
v 0.580260 4.950064 -0.923939
v 0.580260 5.063218 -0.886839
v 0.494310 5.035818 -0.889338
v 0.386810 4.907215 -0.911139
v 0.365360 1.102668 2.381212
v 0.300860 0.236517 2.165112
v 0.402360 0.328964 1.993162
v 0.322360 0.307763 2.181412
v 0.279360 0.264913 2.188462
v 0.236360 0.328964 2.214962
v 0.279360 0.235963 2.165112
v 0.279360 1.962668 2.137762
v 0.193410 1.618665 2.066912
v 0.343860 2.349514 2.125012
v 0.128910 2.456915 1.918112
v 0.236360 2.800918 1.861662
v 0.279360 0.978714 1.907162
v 0.343860 0.071216 1.752562
v 0.451310 0.071216 1.703912
v 0.429810 0.031966 1.670762
v 0.343860 -0.014532 1.760612
v 0.322360 0.006664 1.758962
v 0.343860 -0.018632 1.735312
v 0.322360 -0.014532 1.758262
v 0.300860 0.049514 1.756562
v 0.279360 0.113565 1.821262
v 0.386810 0.328964 1.852962
v 0.365360 0.264913 1.835512
v 0.365360 0.307763 1.846262
v 0.322360 0.307763 1.849612
v 0.322360 0.264913 1.840562
v 0.279360 0.178665 1.852662
v 0.322360 0.221515 1.834162
v 0.300860 0.243217 1.836512
v 0.279360 0.726163 1.670762
v 0.236360 0.866616 1.830512
v 0.408310 0.037664 1.649312
v 0.365360 0.077415 1.606312
v 0.322360 0.069165 1.606312
v 0.343860 0.114113 1.561112
v 0.343860 0.243717 1.498862
v 0.322360 0.084668 1.584862
v 0.322360 0.092918 1.570812
v 0.303060 0.114113 1.520312
v 0.300860 0.082564 1.606312
v 0.300860 0.135767 1.496212
v 0.279360 0.114113 1.507562
v 0.279360 0.151813 1.455862
v 0.429810 0.324816 1.434362
v 0.429810 0.317067 1.412912
v 0.429810 0.292814 1.391412
v 0.408310 0.257665 1.348362
v 0.388510 0.264913 1.520312
v 0.408310 0.315017 1.477362
v 0.494310 0.286067 1.503412
v 0.408310 0.321716 1.434362
v 0.386810 0.280416 1.391412
v 0.386810 0.303668 1.477362
v 0.355110 0.264913 1.412912
v 0.350710 0.264913 1.455862
v 0.308060 0.200367 1.412912
v 0.322210 0.221515 1.369862
v 0.315460 0.200367 1.477362
v 0.279360 0.171965 1.412912
v 0.257860 0.168318 1.348362
v 0.365360 0.689465 1.369862
v 0.322360 0.666767 1.369862
v 0.257860 3.875268 1.429862
v 0.408310 0.251466 1.305412
v 0.365360 0.257665 1.369862
v 0.365360 0.252014 1.326912
v 0.365360 0.255615 1.305412
v 0.386810 0.309318 1.090512
v 0.300860 0.237566 1.283912
v 0.279360 0.249916 1.240962
v 0.269110 0.243217 1.133462
v 0.322360 0.683266 1.240962
v 0.300860 3.780717 1.219462
v 0.386810 0.275266 0.983012
v 0.218760 0.415218 0.703662
v 0.064460 4.198068 1.137862
v 0.386810 -0.036234 0.884462
v 0.279360 0.000965 0.983012
v 0.343860 -0.014532 0.913362
v 0.322360 -0.041884 0.875562
v 0.386810 0.227213 0.940062
v 0.270110 0.092918 1.026062
v 0.408310 0.269067 0.961512
v 0.351760 0.243217 0.983012
v 0.214910 4.004365 0.978512
v 0.322360 -0.093037 0.746612
v 0.365360 -0.053233 0.811062
v 0.386810 -0.072384 0.832562
v 0.343860 -0.054282 0.832562
v 0.343860 -0.085783 0.660662
v 0.429810 -0.103337 0.617662
v 0.386810 -0.111634 0.574662
v 0.365360 -0.075483 0.660662
v 0.386810 -0.079084 0.651112
v 0.368760 -0.100786 0.531712
v 0.365360 -0.084233 0.639112
v 0.365360 -0.093532 0.617662
v 0.346810 -0.100786 0.574662
v 0.343860 -0.090933 0.617662
v 0.322360 -0.111085 0.574662
v 0.279360 -0.143635 0.734262
v 0.128910 4.584914 0.622912
v 0.429810 -0.100786 0.491612
v 0.408310 -0.134337 0.316762
v 0.343860 -0.130737 0.445712
v 0.365360 -0.126583 0.359762
v 0.343860 -0.149334 0.316762
v 0.322360 4.720765 0.338261
v 0.408310 -0.141084 0.295262
v 0.322360 -0.141585 0.295262
v 0.300860 -0.158084 0.402712
v 0.279360 -0.077033 0.252262
v 0.267010 -0.143635 0.381262
v 0.279960 0.415218 0.101812
v 0.386810 0.438964 0.058862
v 0.236360 0.393516 0.144862
v 0.451310 0.071216 0.116412
v 0.429810 0.135767 0.091962
v 0.419260 0.049513 0.058862
v 0.398760 0.135767 0.058862
v 0.365360 0.049513 0.006962
v 0.408310 0.178665 0.095612
v 0.365360 0.114113 0.005262
v 0.371660 0.157463 0.015862
v 0.322360 0.157463 -0.006138
v 0.343860 0.049513 0.007962
v 0.282510 0.071216 0.037362
v 0.386810 0.372368 0.068412
v 0.365360 0.307763 0.111412
v 0.367310 0.178665 0.080312
v 0.365360 0.198263 0.101812
v 0.365360 0.221515 0.112112
v 0.365360 0.172466 0.058862
v 0.343860 0.243217 0.131562
v 0.343860 0.218916 0.123362
v 0.343860 0.194168 0.101812
v 0.343860 0.183815 0.080312
v 0.257860 0.144064 0.080312
v 0.233210 0.178665 0.166312
v 0.301260 0.328964 0.123362
v 0.300860 0.243217 0.170512
v 0.322360 0.171965 0.015862
v 0.365360 0.415218 0.025162
v 0.236360 0.372368 0.115662
v 0.369210 5.035818 -0.886839
v 0.343860 5.057514 -0.859788
v 0.322360 5.057514 -0.866138
v 0.300860 4.907215 -0.909139
v 0.408310 5.035818 -0.913139
v 0.472810 5.057514 -0.898638
v 0.386810 5.080765 -0.886839
v 0.343860 5.077666 -0.843839
v 0.368860 5.057514 -0.886839
v 0.386810 4.992968 -0.911839
v 0.343860 4.992968 -0.868839
v 0.322360 4.992968 -0.873538
v 0.343860 4.950064 -0.898089
v 0.322360 5.014664 -0.869189
v 0.300860 4.971766 -0.901739
v 0.262760 5.079216 -0.929789
v 0.322360 5.079216 -0.846638
v 0.128910 0.415218 2.250262
v 0.231510 0.286067 2.122162
v 0.236360 0.286067 2.074312
v 0.193410 0.350666 2.031062
v 0.236360 0.328964 2.035312
v 0.214910 0.347018 2.014662
v 0.150410 0.353765 1.993162
v 0.128910 0.350666 1.986762
v 0.236360 1.210618 2.007112
v 0.171710 1.059818 1.907162
v 0.171910 1.318067 2.006762
v 0.106910 0.931215 1.799762
v 0.128760 1.446664 1.993162
v 0.107410 1.855218 1.975862
v 0.086310 2.070063 1.971712
v 0.085960 2.392364 1.937262
v 0.232510 0.049514 1.799762
v 0.279360 0.028366 1.756312
v 0.257860 0.040764 1.692262
v 0.171910 -0.011432 1.821262
v 0.193410 -0.000036 1.821262
v 0.214910 0.018513 1.778262
v 0.128910 0.088763 1.670762
v 0.085960 -0.007284 1.864212
v 0.186410 0.672966 1.649312
v 0.107410 0.737518 1.688112
v 0.107410 3.316414 1.609512
v 0.042960 3.338063 1.843912
v 0.267760 0.114113 1.627812
v 0.322360 0.041765 1.627812
v 0.257860 0.118214 1.520312
v 0.214910 0.167817 1.606312
v 0.214910 0.092918 1.674312
v 0.214910 0.162113 1.541812
v 0.214910 0.157464 1.639062
v 0.171910 0.059867 1.692262
v 0.214910 0.049514 1.710512
v 0.193410 0.114113 1.663562
v 0.193410 0.167316 1.627812
v 0.171910 0.135767 1.638062
v 0.150410 0.157464 1.596212
v 0.193410 0.178117 1.563362
v 0.193410 0.186914 1.520312
v 0.153110 0.200367 1.541812
v 0.171910 0.171965 1.584862
v 0.152910 0.221515 1.520312
v 0.150410 0.608367 1.603812
v 0.218760 0.544316 1.434362
v 0.128910 0.630063 1.615562
v 0.085960 0.515413 1.563362
v 0.107410 0.651765 1.616562
v 0.107410 0.609416 1.606312
v 0.214910 3.380966 1.583662
v 0.171910 3.467214 1.495662
v 0.257860 0.135767 1.470862
v 0.257860 0.167316 1.412912
v 0.257860 0.166267 1.391412
v 0.236360 0.183815 1.391412
v 0.225460 0.200367 1.412912
v 0.200960 0.328964 1.391412
v 0.214410 0.221515 1.369862
v 0.107410 0.350666 1.514112
v 0.226460 0.500965 1.391412
v 0.207010 0.393516 1.326912
v 0.128910 0.479764 1.513462
v 0.231160 0.522667 1.391412
v 0.230510 0.522667 1.369862
v 0.150410 3.682065 1.310262
v 0.042960 3.526115 1.477361
v 0.257860 0.200367 1.271912
v 0.236360 0.167316 1.348362
v 0.236360 0.193614 1.219462
v 0.241910 0.200367 1.197962
v 0.236360 0.194663 1.197962
v 0.211010 0.200367 1.262462
v 0.214910 0.197768 1.176462
v 0.209710 0.479764 1.326912
v 0.204960 0.243217 1.133462
v 0.085960 3.891766 1.154962
v 0.236360 0.133216 1.133462
v 0.236360 0.157463 1.146812
v 0.247610 0.157463 1.133462
v 0.212710 0.135767 1.133462
v 0.204310 0.200367 1.133462
v 0.214910 0.157463 1.141512
v 0.204960 0.157463 1.111962
v 0.210010 0.135767 1.069012
v 0.236360 0.102216 1.069012
v 0.250660 0.200367 1.154962
v 0.236360 0.190014 1.176462
v 0.064460 4.240918 0.737112
v 0.279360 -0.064087 0.940062
v 0.279360 -0.083184 0.897062
v 0.236360 -0.121933 0.821612
v 0.227810 -0.036234 0.940062
v 0.184510 -0.186485 0.596162
v 0.170410 0.243217 0.574662
v 0.021460 4.369515 0.941962
v 0.252010 0.393516 0.531712
v 0.214910 -0.226283 0.531712
v 0.186510 -0.186485 0.488712
v 0.184160 0.049513 0.488712
v 0.232510 0.221515 0.381262
v 0.239560 0.350666 0.402712
v 0.214910 -0.186485 0.443862
v 0.236360 -0.100786 0.395712
v 0.247610 -0.057882 0.316762
v 0.220410 0.135767 0.166312
v 0.237210 0.200367 0.209312
v 0.236360 0.302613 0.187812
v 0.221760 0.328964 0.209312
v 0.257860 0.221515 0.179612
v 0.236360 0.120318 0.080312
v 0.171910 4.890668 -0.822338
v 0.107410 4.897416 -0.800889
v 0.107410 4.928416 -0.836288
v 0.178810 4.950064 -0.908288
v 0.107410 4.969215 -0.865338
v 0.128910 5.095714 -0.822338
v 0.150410 5.093163 -0.843839
v 0.128910 5.079216 -0.853088
v 0.128910 5.089015 -0.843839
v 0.085960 5.100363 -0.843839
v 0.107410 5.097264 -0.843839
v 0.107410 5.079216 -0.860788
v 0.279360 4.928416 -0.926939
v 0.257860 4.902065 -0.929789
v 0.274860 4.992968 -0.951288
v 0.236360 4.971766 -0.979339
v 0.214910 4.914463 -0.929789
v 0.257860 4.928416 -0.962888
v 0.214910 4.950064 -0.962888
v 0.257860 5.057514 -0.952839
v 0.236360 5.090064 -0.929789
v 0.192560 5.057514 -0.929789
v 0.180110 5.057514 -0.886839
v 0.193410 5.093664 -0.865338
v 0.214910 5.079716 -0.951288
v 0.107410 4.992968 -0.874588
v 0.107410 5.057514 -0.866138
v 0.034110 -0.036234 1.971712
v 0.002460 0.006664 2.014662
v -0.000040 -0.015533 1.971712
v 0.107410 0.000966 1.885712
v 0.052510 1.188916 1.799762
v 0.072010 1.468366 1.907162
v 0.078710 1.425517 1.907162
v 0.064460 1.511216 1.883362
v 0.064460 1.640368 1.919462
v 0.021460 1.480216 1.928712
v 0.000160 1.468366 1.950212
v 0.036060 1.468366 1.907162
v 0.026010 1.489514 1.907162
v 0.023310 1.511216 1.907162
v 0.031710 1.532918 1.885712
v 0.019610 1.511216 1.928712
v -0.000040 1.405865 1.842712
v 0.033060 1.425517 1.907162
v 0.042960 1.468366 1.883812
v 0.014560 1.575768 1.950212
v 0.042960 1.575768 1.895512
v 0.026610 1.640368 1.928712
v -0.000040 1.683217 1.952762
v -0.000040 1.919764 1.938262
v -0.000040 1.768965 1.942962
v 0.107410 2.263266 1.955412
v 0.064460 2.263266 1.956112
v 0.042960 2.435267 1.968162
v 0.042960 2.628917 1.941662
v 0.150410 2.693516 1.859662
v 0.085960 0.056267 1.735312
v 0.021460 0.840813 1.606312
v 0.038760 1.253515 1.756762
v -0.000040 1.323718 1.756762
v 0.021460 1.274663 1.743762
v 0.042960 1.487464 1.864212
v 0.042960 1.431167 1.864212
v 0.010860 1.382118 1.756762
v -0.012740 5.023766 -0.465338
v -0.012740 5.033165 -0.499939
v -0.012740 5.037463 -0.519289
v -0.012740 1.151615 2.387712
v -0.012740 1.213664 2.390962
v -0.012740 4.738367 0.338261
v -0.012740 4.741615 0.329962
v -0.012740 0.613368 2.277912
v -0.012740 0.701267 2.285812
v -0.012740 0.778615 2.306662
v -0.012740 4.729867 0.354912
v -0.012740 5.003613 -0.393688
v -0.012740 4.515618 0.252262
v -0.012740 4.557365 0.145812
v -0.012740 0.415218 2.256162
v -0.012740 0.361216 2.243862
v -0.012740 0.352615 2.230062
v -0.012740 1.635015 2.386112
v -0.012740 2.033615 2.386212
v -0.012740 2.117515 2.380062
v -0.012740 2.598464 2.242012
v -0.012740 2.460468 2.297012
v -0.012740 -0.023383 2.098912
v -0.012740 0.003016 2.115112
v -0.012740 -0.064486 2.064012
v -0.012740 -0.050783 2.075162
v -0.012740 0.075668 2.120412
v -0.012740 0.053716 2.126212
v -0.012740 0.088865 2.113612
v -0.012740 0.028366 2.127012
v -0.012740 0.343066 2.194562
v -0.012740 0.346118 2.177312
v -0.012740 0.373566 2.130912
v -0.012740 2.792263 2.153462
v -0.012740 -0.080633 1.994512
v -0.012740 -0.078684 2.024762
v -0.012740 -0.074583 1.937462
v -0.012740 -0.059783 1.876912
v -0.012740 -0.075185 2.044962
v -0.012740 -0.020885 1.977262
v -0.012740 -0.004435 1.957662
v -0.012740 0.001168 1.946762
v -0.012740 0.116163 1.919062
v -0.012740 0.173068 1.942162
v -0.012740 0.368965 2.076112
v -0.012740 0.379264 2.109412
v -0.012740 1.404566 1.897262
v -0.012740 1.406813 1.925762
v -0.012740 1.408315 1.861762
v -0.012740 1.409715 1.847412
v -0.012740 1.881617 1.937812
v -0.012740 1.911265 1.942312
v -0.012740 2.230418 1.957962
v -0.012740 2.144313 1.964862
v -0.012740 1.961064 1.941462
v -0.012740 2.628917 1.940962
v -0.012740 2.726316 1.908562
v -0.012740 2.887368 1.834011
v -0.012740 1.274663 1.741812
v -0.012740 1.302868 1.749462
v -0.012740 1.326013 1.761262
v -0.012740 1.348668 1.765962
v -0.012740 3.241968 1.660912
v -0.012740 0.131464 1.692262
v -0.012740 0.224417 1.639412
v -0.012740 0.286067 1.602562
v -0.012740 0.311416 1.596562
v -0.012740 0.328964 1.592562
v -0.012740 0.341767 1.593562
v -0.012740 0.738567 1.579812
v -0.012740 0.802064 1.574662
v -0.012740 0.942713 1.602862
v -0.012740 1.171416 1.654212
v -0.012740 3.353518 1.583112
v -0.012740 3.748518 1.542662
v -0.012740 3.795666 1.506711
v -0.012740 3.497165 1.729061
v -0.012740 3.494114 1.495662
v -0.012740 3.688365 1.348311
v -0.012740 3.972667 1.067262
v -0.012740 3.829467 1.219912
v -0.012740 4.155367 0.847512
v -0.012740 4.252565 0.719962
v -0.012740 4.593515 0.596762
v -0.012740 4.391217 0.905712
v -0.012740 4.334813 0.575412
v -0.012740 4.818564 -0.597489
v -0.012740 4.695415 -0.258789
v -0.012740 4.898864 -0.800889
v -0.012740 4.918664 -0.819839
v -0.012740 4.924017 -0.825438
v -0.012740 5.101216 -0.808038
v -0.012740 5.021065 -0.840289
v -0.012740 4.984468 -0.849889
v -0.012740 2.227217 2.361062
v -0.012740 0.364113 2.146812
v -0.012740 4.131216 1.195912
v -0.012740 4.004913 1.315512
v -0.012740 4.220468 1.105562
v -0.012740 4.366815 0.941812
v -0.012740 4.656213 -0.136488
v -0.012740 1.081115 2.377362
v -0.012740 2.871615 2.109561
v -0.012740 3.305614 1.860312
v -0.012740 3.340113 1.838662
v -0.012740 4.186064 1.143612
v -0.012740 0.398016 2.254112
v -0.012740 0.092268 2.112912
v -0.012740 0.296617 2.030812
v -0.012740 0.377113 2.119762
v -0.012740 -0.037384 1.848162
v -0.012740 -0.005984 2.008362
v -0.012740 0.157464 1.926962
v -0.012740 0.142217 1.921562
v -0.012740 0.006664 2.025212
v -0.012740 0.021166 2.024312
v -0.012740 0.068718 2.007462
v -0.012740 0.024617 1.939662
v -0.012740 0.126916 1.920362
v -0.012740 0.302267 2.028012
v -0.012740 0.312114 2.028612
v -0.012740 0.316465 2.030362
v -0.012740 0.335366 2.026762
v -0.012740 0.188416 1.971712
v -0.012740 0.159013 1.991812
v -0.012740 0.181067 1.950212
v -0.012740 0.182968 1.959012
v -0.012740 0.152415 2.000162
v -0.012740 0.357068 2.040812
v -0.012740 0.350666 2.041012
v -0.012740 1.427215 1.936512
v -0.012740 1.461613 1.950212
v -0.012740 1.557714 1.965312
v -0.012740 1.608217 1.969412
v -0.012740 1.645064 1.966262
v -0.012740 1.670414 1.955262
v -0.012740 1.705468 1.951262
v -0.012740 1.768965 1.942962
v -0.012740 1.830614 1.941062
v -0.012740 2.333313 1.964562
v -0.012740 2.535617 1.953712
v -0.012740 0.021917 1.803362
v -0.012740 0.056118 1.768562
v -0.012740 1.332915 1.762112
v -0.012740 1.382118 1.769262
v -0.012740 1.395714 1.815162
v -0.012740 1.408613 1.842712
v -0.012740 0.567067 1.597462
v -0.012740 0.450766 1.616212
v -0.012740 0.368166 1.607312
v -0.012740 0.350666 1.594562
v -0.012740 0.413817 1.619862
v -0.012740 0.383967 1.616512
v -0.012740 1.263463 1.721262
v -0.012740 1.243615 1.702462
v -0.012740 1.212817 1.674212
v -0.012740 5.072117 -0.665388
v -0.012740 5.091518 -0.750039
v -0.012740 5.102766 -0.800889
v -0.012740 5.092764 -0.816839
v -0.012740 5.080616 -0.832239
v -0.000040 0.286067 1.602162
v -0.000040 0.328964 1.592362
v 0.064460 0.415218 1.576912
v -0.000040 0.393516 1.625962
v 0.021460 0.544316 1.602462
v -0.000040 0.350666 1.594762
v 0.064460 0.651765 1.592362
v 0.080010 0.672966 1.606312
v -0.000040 0.802064 1.574262
v -0.000040 1.146066 1.643312
v -0.000040 1.247317 1.692262
v 0.021460 3.749716 1.305412
v 0.064460 4.978466 -0.865338
v 0.085960 5.093664 -0.865338
v 0.064460 5.100363 -0.865338
v 0.085960 5.014115 -0.886839
v 0.085960 5.079216 -0.878939
v 0.064460 5.079216 -0.885988
v -0.282290 0.220364 1.229662
v -0.284640 0.223166 1.217762
v 0.386810 0.388867 1.950212
v 0.408310 0.379068 1.907162
v 0.322360 0.393015 1.907162
v 0.300860 0.381613 2.014662
v 0.279360 0.377518 1.907162
v 0.365360 0.350666 1.845912
v 0.257860 0.286067 1.849962
v 0.300860 0.328964 1.854962
v 0.236360 0.276768 2.186612
v 0.171910 0.375468 2.079112
v 0.042960 0.351667 2.186612
v 0.150410 0.388867 2.057662
v 0.085960 0.092918 1.910412
v 0.193410 0.157464 1.913412
v 0.128910 0.310367 1.928712
v 0.193410 0.340867 1.928712
v 0.193410 0.264913 1.894962
v 0.128910 0.264913 1.898662
v 0.128910 0.328964 1.962862
v 0.107410 0.324816 1.971712
v 0.085960 0.200367 1.912112
v 0.171910 0.341868 1.971712
v 0.064460 0.355315 2.014662
v 0.064460 0.114113 1.666912
v 0.064460 0.372368 2.247912
v 0.031360 -0.036234 2.057662
v -0.000040 0.028366 2.128012
v 0.021460 -0.057882 2.070662
v -0.000040 -0.072885 2.057662
v 0.021460 0.092918 2.102462
v 0.035060 0.028366 2.079112
v 0.020960 0.006664 2.036162
v 0.052860 0.071216 2.079112
v 0.042960 0.114113 2.062662
v 0.021460 0.157464 2.069262
v 0.021460 -0.080633 1.971712
v 0.021460 -0.076485 2.036162
v 0.042960 -0.035185 1.864212
v 0.038760 -0.057882 2.014662
v -0.000040 -0.055832 1.864212
v 0.039360 0.114113 2.036162
v 0.042960 0.157464 1.905712
v 0.021460 0.114113 1.916812
v 0.042960 0.139916 2.036162
v 0.042960 0.225663 2.036162
v 0.036410 0.178665 2.014662
v -0.000040 0.006664 1.945312
v -0.000040 0.135767 1.922862
v -0.000040 0.135767 2.003112
v -0.000040 0.114113 1.921112
v -0.000040 0.157464 1.930512
v 0.085960 0.297964 1.971712
v 0.070960 0.307763 1.993162
v 0.068860 0.264913 1.928712
v 0.021460 0.328964 2.023262
v 0.055210 0.264913 1.993162
v 0.042960 0.200367 1.921112
v 0.023310 0.200367 1.950212
v 0.046810 0.264913 2.014662
v 0.020160 0.200367 1.971712
v 0.021460 0.175065 1.928712
v -0.000040 0.328964 2.030962
v -0.000040 0.181764 1.971712
v -0.000040 0.177115 1.950212
v 0.021460 0.354767 2.057662
v -0.000040 0.350666 2.051112
v 0.021460 0.365114 2.143662
v -0.000040 0.028366 1.800562
v -0.000040 0.135267 1.692262
v -0.000040 4.921168 -0.822338
v 0.042960 5.014664 -0.871588
v -0.000040 4.950064 -0.839989
v 0.021460 4.950064 -0.839989
v -0.000040 4.971766 -0.837288
v 0.034910 5.100363 -0.800889
v 0.035710 5.035818 -0.865338
v 0.028010 5.079216 -0.843839
v -0.000040 5.081814 -0.822338
v -0.000040 5.102468 -0.800889
v 0.042960 5.035818 -0.888988
v 0.256810 0.220364 1.229662
v 0.259160 0.223166 1.217762
vn -0.9642 -0.0018 0.2654
vn -0.9951 0.0889 0.0438
vn -0.9870 0.0373 -0.1563
vn -0.8960 -0.2367 -0.3757
vn -0.9760 -0.2177 -0.0052
vn -0.7572 0.2489 -0.6039
vn -0.7718 0.3224 -0.5481
vn -0.9013 -0.4231 0.0929
vn -0.9543 -0.2491 0.1648
vn -0.8817 -0.4578 0.1145
vn -0.8298 -0.5394 -0.1434
vn -0.9870 -0.1575 -0.0309
vn -0.9934 -0.0806 0.0817
vn -0.5415 -0.7970 -0.2675
vn -0.3126 -0.9298 -0.1945
vn -0.4304 -0.6631 -0.6124
vn 0.3328 -0.8541 -0.3996
vn -0.9600 -0.2615 0.1004
vn -0.7936 -0.3523 -0.4960
vn -0.9180 -0.3238 -0.2291
vn -0.9119 0.1857 0.3660
vn -0.9845 0.1113 -0.1358
vn -0.9060 0.2775 0.3196
vn -0.9531 0.1925 0.2336
vn -0.8387 0.2930 0.4592
vn -0.8518 -0.5219 0.0458
vn -0.9041 0.2607 -0.3386
vn -0.6511 -0.5649 -0.5068
vn -0.8417 0.4317 -0.3244
vn -0.6616 0.7480 -0.0519
vn -0.6911 -0.5465 -0.4730
vn -0.8960 -0.2386 -0.3745
vn -0.7993 -0.0257 -0.6003
vn -0.9883 -0.1170 -0.0979
vn -0.8568 0.0129 0.5154
vn -0.9418 -0.3136 0.1211
vn -0.9502 0.1548 -0.2706
vn -0.7490 0.3293 -0.5749
vn -0.9981 0.0541 -0.0282
vn -0.8482 -0.2631 -0.4597
vn -0.9291 0.0681 -0.3636
vn -0.9834 0.1691 0.0653
vn -0.9512 0.1747 0.2545
vn -0.9624 0.2099 -0.1722
vn -0.9977 0.0540 -0.0402
vn -0.7649 -0.3385 -0.5481
vn -0.9289 0.3353 0.1573
vn -0.8056 0.4681 0.3632
vn -0.9086 0.4007 0.1180
vn 0.4787 0.3024 -0.8243
vn 0.0013 0.4615 -0.8871
vn 0.3559 0.1063 -0.9285
vn 0.5386 -0.1533 -0.8285
vn 0.0584 -0.6208 -0.7818
vn 0.0731 0.0495 -0.9961
vn 0.1671 -0.2939 -0.9411
vn -0.1847 0.1535 -0.9707
vn 0.6378 -0.0984 -0.7639
vn -0.0814 -0.0666 -0.9945
vn -0.1034 -0.6758 -0.7298
vn 0.6360 -0.2615 -0.7260
vn -0.1537 -0.4365 -0.8865
vn 0.8579 -0.2366 -0.4561
vn -0.0934 -0.2109 -0.9730
vn -0.4688 -0.1466 -0.8711
vn 0.4566 -0.3185 -0.8307
vn -0.1987 -0.0074 -0.9800
vn -0.9233 -0.0008 -0.3840
vn -0.8768 0.3827 -0.2910
vn -0.8487 0.2547 -0.4635
vn -0.6329 0.1760 -0.7540
vn -0.8718 0.0176 -0.4896
vn -0.9203 0.3168 -0.2297
vn -0.8466 0.0932 0.5240
vn -0.9486 -0.0262 0.3154
vn -0.9170 -0.0618 0.3940
vn -0.9452 -0.2708 0.1821
vn -0.9263 -0.1068 0.3613
vn -0.9349 -0.2547 0.2473
vn -0.9121 -0.3947 -0.1108
vn -0.8481 -0.5296 -0.0157
vn -0.8773 0.1698 0.4489
vn -0.8426 -0.5336 0.0731
vn 0.8395 0.3088 -0.4470
vn 0.9694 -0.0514 -0.2399
vn 0.9068 -0.2306 -0.3530
vn -0.9243 -0.3723 0.0838
vn -0.7214 -0.4157 -0.5538
vn -0.8973 -0.4397 0.0388
vn -0.9534 -0.2474 -0.1728
vn -0.8774 -0.4447 -0.1802
vn -0.9756 -0.2163 -0.0369
vn 0.8799 0.2745 -0.3879
vn 0.8266 0.5415 -0.1532
vn 0.9843 0.0294 -0.1739
vn 0.8364 -0.4567 -0.3031
vn -0.9390 -0.2307 -0.2549
vn -0.9290 -0.1776 0.3248
vn -0.6324 0.6540 0.4150
vn -0.9580 -0.2215 0.1820
vn -0.7079 0.6734 -0.2131
vn -0.7962 0.2661 -0.5434
vn -0.7588 -0.6510 -0.0211
vn -0.3844 0.8599 0.3358
vn 0.2081 0.9133 0.3502
vn -0.6841 -0.7293 0.0117
vn 0.0348 0.9599 0.2780
vn 0.0373 0.9795 -0.1978
vn -0.5552 0.7583 -0.3417
vn -0.4973 0.8158 -0.2953
vn -0.5653 -0.6824 -0.4635
vn -0.4815 -0.3434 -0.8064
vn -0.7631 -0.2797 -0.5826
vn -0.6565 -0.0488 -0.7527
vn 0.1019 -0.5525 -0.8273
vn 0.9488 -0.2293 -0.2171
vn 0.8660 0.0293 -0.4992
vn 0.8582 -0.3844 -0.3401
vn 0.3525 -0.1529 -0.9233
vn -0.0575 0.2073 -0.9766
vn 0.4003 -0.0411 -0.9155
vn -0.2508 -0.2680 -0.9302
vn 0.0703 -0.1760 -0.9819
vn 0.2886 -0.5537 -0.7811
vn 0.6493 0.1131 -0.7521
vn 0.0959 -0.4129 -0.9057
vn -0.5502 -0.7287 -0.4078
vn 0.5824 0.1825 -0.7921
vn 0.7293 0.0955 -0.6775
vn 0.8155 0.4281 -0.3895
vn 0.7053 0.0769 -0.7047
vn 0.7497 -0.3635 -0.5530
vn 0.3339 -0.0438 -0.9416
vn 0.5593 -0.3000 -0.7728
vn -0.1385 -0.3893 -0.9106
vn 0.4318 -0.4559 -0.7783
vn 0.0804 -0.7599 -0.6451
vn 0.6083 -0.4297 -0.6673
vn 0.2870 -0.1856 -0.9398
vn 0.6094 -0.4951 -0.6193
vn -0.1873 -0.4886 -0.8522
vn -0.8499 0.4942 -0.1830
vn -0.5258 0.4869 -0.6974
vn -0.8178 0.5658 0.1056
vn -0.5828 0.6854 -0.4366
vn -0.6550 0.3544 -0.6674
vn -0.6132 0.6080 -0.5043
vn -0.8676 0.4932 0.0639
vn 0.3743 -0.5220 -0.7664
vn -0.0942 0.0567 -0.9939
vn 0.3521 -0.5773 -0.7367
vn 0.5851 -0.4229 -0.6919
vn 0.0685 -0.0748 -0.9948
vn 0.5249 -0.2194 -0.8224
vn -0.0095 0.5296 -0.8482
vn -0.0389 0.4965 -0.8671
vn -0.3071 -0.8656 0.3954
vn -0.9348 -0.3552 0.0016
vn -0.5046 -0.8624 -0.0411
vn -0.9230 -0.2626 0.2811
vn -0.9046 0.2137 -0.3688
vn -0.4754 -0.8588 0.1908
vn -0.8703 -0.2890 0.3987
vn -0.2414 -0.9216 0.3038
vn 0.3005 -0.8973 0.3234
vn -0.9474 0.0624 0.3139
vn -0.9852 0.0517 -0.1633
vn -0.9695 -0.0630 0.2370
vn -0.9129 -0.2290 -0.3380
vn -0.9673 -0.2432 0.0726
vn -0.8976 0.0351 0.4393
vn -0.8731 0.0084 0.4874
vn -0.2655 -0.8949 0.3587
vn 0.4212 -0.8808 0.2161
vn -0.6227 -0.7655 0.1621
vn -0.7685 -0.2256 -0.5987
vn -0.8805 0.0194 -0.4737
vn -0.6145 0.3584 -0.7028
vn -0.8174 -0.5700 -0.0834
vn 0.9240 0.0150 -0.3820
vn 0.9183 0.2980 -0.2608
vn 0.9935 0.0723 -0.0875
vn 0.9538 -0.0521 -0.2959
vn -0.8361 0.3642 0.4103
vn 0.9574 0.2790 0.0737
vn 0.9278 0.2777 -0.2491
vn 0.7689 0.2644 -0.5821
vn 0.9354 0.3523 -0.0306
vn 0.6873 0.5593 -0.4635
vn 0.6734 0.2757 -0.6859
vn -0.7044 -0.5665 -0.4276
vn 0.8887 0.3836 0.2511
vn 0.9381 0.3271 0.1140
vn -0.2131 -0.6353 -0.7423
vn -0.2341 -0.2395 -0.9423
vn -0.3197 0.4687 -0.8235
vn -0.5727 0.1642 -0.8031
vn -0.4268 -0.0707 -0.9016
vn -0.2721 0.3800 -0.8841
vn 0.3708 0.1680 -0.9134
vn 0.0968 -0.0450 -0.9943
vn 0.3998 -0.0056 -0.9166
vn -0.0734 -0.3467 -0.9351
vn 0.8253 0.2393 -0.5115
vn 0.8378 0.4211 -0.3475
vn 0.6425 -0.5010 -0.5799
vn 0.7946 -0.4779 -0.3744
vn 0.4553 -0.6108 -0.6478
vn 0.5873 -0.4198 -0.6919
vn -0.8846 0.4424 0.1477
vn -0.8829 0.3852 -0.2684
vn -0.9530 0.1222 -0.2773
vn -0.8805 0.3189 -0.3507
vn -0.8461 0.4956 0.1964
vn -0.8780 0.2365 -0.4162
vn -0.7960 0.5617 0.2256
vn -0.9097 0.4061 -0.0863
vn 0.0373 -0.0038 -0.9993
vn -0.4325 -0.2678 -0.8609
vn -0.2941 -0.8344 -0.4661
vn 0.4139 -0.7158 -0.5624
vn -0.2262 -0.6767 -0.7006
vn -0.9293 0.0130 -0.3690
vn -0.8798 0.3558 0.3152
vn -0.9323 0.1889 -0.3085
vn -0.6833 0.7228 -0.1032
vn 0.1768 0.0867 -0.9804
vn 0.6857 -0.1260 -0.7169
vn 0.1089 0.3660 -0.9242
vn -0.7801 0.5449 -0.3075
vn -0.6930 0.6202 -0.3674
vn -0.7107 -0.1540 0.6865
vn -0.8184 0.0415 0.5732
vn -0.8460 -0.0325 0.5322
vn -0.8633 -0.5046 0.0018
vn -0.7401 -0.5608 0.3711
vn -0.8529 -0.3059 0.4231
vn -0.5582 -0.4326 0.7080
vn -0.2479 -0.8406 0.4817
vn -0.7279 -0.6848 -0.0337
vn -0.7403 -0.5631 -0.3671
vn -0.0592 -0.9673 -0.2468
vn -0.2430 -0.9624 0.1212
vn -0.5335 -0.8433 -0.0643
vn -0.7883 0.2312 0.5702
vn -0.0468 -0.9760 -0.2128
vn -0.4799 -0.8146 -0.3258
vn 0.3295 -0.7573 -0.5639
vn -0.1507 -0.7819 -0.6049
vn 0.3298 -0.8123 -0.4810
vn 0.2921 -0.9553 0.0451
vn -0.5027 -0.5406 -0.6746
vn -0.2446 -0.5740 -0.7815
vn -0.1915 -0.8597 -0.4735
vn -0.8121 -0.0272 -0.5829
vn -0.9067 -0.1344 -0.3997
vn -0.7466 0.2116 -0.6307
vn -0.7617 -0.3199 -0.5635
vn 0.8944 0.1442 -0.4234
vn 0.8470 -0.1926 -0.4955
vn 0.8018 0.1338 -0.5825
vn -0.7494 0.3552 0.5587
vn -0.7345 0.4446 0.5127
vn -0.1171 -0.8777 0.4646
vn -0.6563 -0.5607 -0.5048
vn -0.6252 0.2230 -0.7480
vn -0.3830 -0.9207 0.0758
vn -0.0295 -0.7714 0.6356
vn 0.0740 -0.3409 0.9372
vn 0.4235 -0.4543 0.7837
vn -0.6445 -0.3412 -0.6843
vn -0.3352 -0.3034 0.8920
vn 0.2235 -0.3214 0.9202
vn -0.7751 -0.4344 0.4589
vn -0.3375 -0.1384 0.9311
vn -0.4774 -0.8757 -0.0727
vn -0.9022 -0.3943 0.1745
vn 0.3821 -0.6971 0.6067
vn -0.0681 -0.6894 -0.7212
vn -0.9334 -0.1086 -0.3420
vn -0.2185 -0.9278 0.3023
vn -0.3572 -0.5784 0.7334
vn -0.5914 -0.7945 0.1375
vn -0.9075 -0.3808 -0.1771
vn 0.8499 0.3952 -0.3486
vn -0.8541 -0.4544 -0.2530
vn 0.9045 0.3854 -0.1825
vn 0.8703 0.3985 -0.2893
vn 0.6560 0.7388 -0.1545
vn 0.7744 0.6327 -0.0075
vn 0.8124 -0.4171 -0.4075
vn -0.7456 0.4861 0.4558
vn 0.8682 0.4763 -0.1389
vn 0.6517 0.7466 0.1339
vn 0.4792 0.8770 -0.0363
vn 0.8908 0.4401 0.1125
vn 0.7693 0.5864 0.2536
vn 0.8918 0.1100 -0.4389
vn 0.1599 -0.8107 -0.5631
vn -0.0331 -0.7844 -0.6194
vn 0.7854 0.5661 0.2505
vn -0.6988 0.5665 0.4367
vn -0.4735 -0.6977 -0.5376
vn 0.5684 0.0235 -0.8224
vn 0.7191 -0.3919 -0.5738
vn 0.8227 0.4829 0.2998
vn 0.7854 0.5941 -0.1737
vn 0.9017 0.4223 -0.0931
vn 0.9272 0.3718 0.0447
vn 0.7454 -0.5635 -0.3562
vn -0.7334 0.5888 0.3396
vn -0.2794 -0.3436 -0.8966
vn -0.4074 -0.8101 -0.4216
vn 0.1675 -0.2867 -0.9433
vn -0.3241 -0.6639 -0.6740
vn 0.5087 0.3139 -0.8017
vn 0.7506 0.2488 -0.6121
vn 0.8023 -0.4905 -0.3402
vn -0.7673 0.6217 0.1573
vn 0.7394 -0.3766 -0.5581
vn 0.7307 -0.3344 -0.5952
vn 0.5703 -0.6071 -0.5534
vn 0.1588 -0.3481 -0.9239
vn 0.2857 -0.0823 -0.9548
vn 0.4166 0.0393 -0.9083
vn 0.2335 -0.1187 -0.9651
vn -0.9276 0.3697 -0.0535
vn -0.8204 0.5548 0.1385
vn -0.8921 -0.2358 -0.3854
vn -0.9959 -0.0023 -0.0900
vn -0.9211 0.2420 -0.3051
vn -0.4342 0.8728 -0.2227
vn -0.2616 0.9643 0.0419
vn -0.1819 0.9752 0.1258
vn -0.1726 -0.7217 0.6703
vn -0.4545 -0.3724 0.8092
vn -0.2677 -0.5540 0.7883
vn 0.3079 -0.8545 0.4183
vn 0.3699 -0.8540 0.3659
vn -0.6868 -0.0197 0.7266
vn -0.4839 -0.2166 0.8479
vn 0.4457 -0.8809 0.1594
vn 0.8141 -0.5755 -0.0781
vn 0.7196 -0.6602 -0.2153
vn -0.7417 0.1365 0.6567
vn -0.6738 0.2954 0.6773
vn 0.7861 -0.6160 -0.0506
vn 0.8670 -0.4506 0.2129
vn 0.9086 -0.4034 0.1086
vn 0.8672 -0.4810 -0.1286
vn -0.8432 -0.4911 -0.2188
vn 0.1339 -0.9887 -0.0673
vn -0.9992 -0.0261 0.0289
vn 0.6547 -0.3735 0.6571
vn -0.8254 -0.2911 -0.4836
vn -0.8769 -0.4480 -0.1745
vn 0.8299 -0.3547 0.4306
vn 0.7990 -0.5329 0.2787
vn 0.7200 -0.6787 0.1452
vn 0.6384 0.2854 -0.7149
vn 0.1247 0.7419 -0.6588
vn 0.5158 0.6198 -0.5915
vn 0.4416 0.4518 -0.7752
vn -0.6461 0.4662 0.6043
vn -0.6341 0.5753 0.5167
vn -0.8698 -0.1916 0.4546
vn -0.3043 -0.9016 0.3075
vn 0.1421 -0.9216 0.3612
vn 0.7565 -0.1431 0.6382
vn 0.5668 0.7533 -0.3336
vn 0.3488 0.8662 -0.3578
vn -0.4575 -0.8381 -0.2972
vn -0.0118 -0.8047 -0.5936
vn 0.1969 -0.4708 -0.8600
vn 0.0379 -0.7549 -0.6547
vn 0.8829 -0.3967 -0.2512
vn -0.5168 -0.2391 -0.8220
vn 0.9110 -0.2654 -0.3157
vn 0.0975 0.9351 -0.3407
vn 0.6310 -0.5612 -0.5356
vn -0.4530 -0.7946 -0.4043
vn 0.7339 -0.6684 -0.1210
vn -0.3662 -0.9270 -0.0805
vn 0.1870 -0.9804 0.0625
vn -0.5001 -0.6661 -0.5534
vn 0.9244 -0.1225 -0.3613
vn 0.8091 -0.0595 -0.5846
vn -0.1133 -0.7365 -0.6668
vn -0.6589 -0.7079 -0.2544
vn 0.2109 -0.3441 -0.9150
vn 0.5762 0.0441 -0.8161
vn 0.2034 -0.4190 -0.8849
vn 0.2936 -0.8018 -0.5204
vn 0.5149 0.8522 0.0934
vn 0.7057 0.6691 0.2330
vn 0.6103 0.7908 -0.0466
vn 0.7036 -0.5911 -0.3944
vn -0.6572 0.6303 0.4134
vn -0.1260 -0.5296 -0.8389
vn 0.4533 0.3321 -0.8272
vn 0.4177 -0.3308 -0.8462
vn -0.2103 -0.9310 -0.2983
vn 0.5967 0.5263 -0.6058
vn 0.7468 0.1622 -0.6450
vn 0.2616 -0.7542 -0.6023
vn -0.1033 -0.8454 -0.5241
vn 0.6255 -0.6401 -0.4461
vn -0.7330 0.6318 0.2520
vn -0.6998 0.7031 -0.1262
vn 0.4557 -0.7495 -0.4802
vn -0.7531 0.6153 -0.2330
vn -0.0697 -0.8310 -0.5520
vn 0.3939 -0.5875 -0.7068
vn -0.2668 -0.5543 -0.7884
vn 0.0248 -0.9401 -0.3399
vn -0.1373 -0.9536 -0.2678
vn -0.4516 -0.7655 -0.4583
vn -0.4568 -0.3275 -0.8271
vn 0.4741 -0.4144 -0.7769
vn -0.1616 0.6018 -0.7821
vn -0.5223 0.6191 -0.5865
vn -0.8930 0.0180 -0.4497
vn -0.9457 0.3203 0.0552
vn -0.9279 0.3548 0.1141
vn -0.8900 0.1633 -0.4257
vn -0.7120 0.6407 0.2873
vn -0.3864 0.8798 -0.2769
vn -0.7010 0.5774 -0.4185
vn -0.3181 0.6267 -0.7114
vn -0.6525 0.7176 0.2434
vn -0.7253 0.6881 0.0224
vn -0.6244 0.7667 0.1494
vn -0.0626 -0.7887 -0.6116
vn -0.2799 -0.3686 -0.8864
vn 0.3640 -0.8439 -0.3940
vn 0.4013 -0.7437 -0.5347
vn 0.4081 -0.5579 -0.7226
vn 0.2443 0.2246 -0.9433
vn 0.6466 -0.4257 -0.6330
vn 0.5100 0.6539 -0.5588
vn -0.4873 -0.0627 0.8710
vn -0.3061 -0.4210 0.8539
vn -0.1889 -0.6355 0.7487
vn -0.5768 -0.0230 0.8165
vn 0.2104 -0.8535 0.4767
vn 0.5692 -0.8159 -0.1013
vn 0.3120 -0.9294 0.1969
vn 0.6091 -0.6799 -0.4083
vn 0.6580 -0.5931 -0.4640
vn 0.5407 -0.7374 -0.4049
vn 0.7674 -0.5402 -0.3454
vn 0.8449 0.3439 -0.4098
vn 0.6585 0.5566 -0.5066
vn 0.7536 0.2572 -0.6049
vn 0.6854 -0.0334 -0.7274
vn 0.8012 0.1053 -0.5891
vn 0.6823 -0.7220 -0.1149
vn 0.4991 -0.8530 0.1524
vn 0.4794 -0.8745 -0.0741
vn 0.2841 0.6702 -0.6856
vn 0.4723 0.4142 -0.7781
vn 0.3110 0.5954 -0.7408
vn 0.4771 0.6033 -0.6390
vn 0.6415 -0.6158 0.4575
vn 0.4774 -0.7917 0.3811
vn 0.2262 -0.9094 0.3492
vn 0.2366 0.4914 -0.8382
vn 0.0979 0.5571 -0.8247
vn 0.3146 0.6464 -0.6951
vn 0.1293 0.8120 -0.5692
vn 0.3638 -0.4342 0.8241
vn -0.1784 -0.7234 0.6669
vn 0.5494 -0.0650 0.8330
vn -0.5850 -0.7997 -0.1351
vn -0.1006 -0.9949 -0.0083
vn 0.0228 -0.8019 0.5970
vn 0.6314 -0.0727 0.7720
vn -0.1346 -0.5470 -0.8263
vn 0.6226 -0.4127 0.6649
vn 0.5526 -0.2233 0.8030
vn 0.2934 -0.7565 0.5844
vn 0.9485 -0.2022 0.2438
vn 0.9886 -0.1488 -0.0228
vn -0.7580 -0.5041 -0.4139
vn 0.8747 -0.2216 0.4311
vn 0.9765 0.0215 -0.2146
vn -0.0063 0.9910 -0.1336
vn 0.3476 0.9147 -0.2060
vn 0.5725 0.0375 -0.8191
vn 0.6311 -0.6758 -0.3808
vn -0.6275 0.6959 0.3492
vn 0.5882 -0.7006 -0.4040
vn 0.3761 -0.5457 -0.7488
vn 0.5337 -0.4984 -0.6832
vn 0.5768 -0.5911 -0.5638
vn -0.7016 0.7125 0.0038
vn -0.5999 0.7380 -0.3088
vn -0.3402 0.9038 -0.2596
vn -0.7792 0.6267 -0.0063
vn 0.0395 -0.0540 -0.9978
vn 0.2132 0.2606 -0.9416
vn 0.1530 -0.3857 -0.9098
vn -0.5349 0.0862 0.8405
vn -0.6478 0.1119 0.7535
vn 0.0669 -0.8884 0.4542
vn 0.3870 -0.8878 -0.2489
vn 0.3686 -0.8095 -0.4570
vn 0.6779 0.2231 -0.7005
vn 0.5247 0.0672 -0.8486
vn 0.4279 0.4167 -0.8020
vn 0.5850 0.5571 -0.5894
vn 0.7330 -0.1736 -0.6577
vn 0.5302 -0.1143 -0.8402
vn -0.5773 0.4436 0.6856
vn 0.3407 -0.9271 -0.1562
vn 0.8423 0.3935 -0.3683
vn 0.7203 0.5835 -0.3751
vn 0.5803 -0.3313 -0.7440
vn 0.3271 -0.9394 0.1027
vn 0.2243 -0.9681 0.1121
vn 0.3766 0.8600 -0.3444
vn -0.1049 0.8639 -0.4926
vn 0.1740 0.9015 -0.3963
vn -0.0049 0.9610 -0.2764
vn 0.5178 -0.6984 0.4941
vn 0.2850 -0.9414 -0.1805
vn 0.3312 -0.3173 0.8886
vn 0.6306 -0.0667 0.7732
vn 0.6790 -0.0888 0.7287
vn 0.4634 -0.4792 0.7454
vn -0.2586 0.8735 -0.4124
vn -0.3342 0.8843 -0.3262
vn -0.2772 0.9477 -0.1579
vn -0.3131 0.9058 -0.2853
vn 0.6719 -0.6440 0.3657
vn -0.1157 -0.8958 -0.4291
vn -0.0228 0.9997 -0.0021
vn 0.3040 0.9305 -0.2044
vn 0.1588 0.5127 -0.8438
vn -0.5733 0.6757 0.4634
vn -0.5350 0.7530 0.3830
vn -0.5933 0.7726 0.2260
vn 0.5550 -0.5738 -0.6023
vn -0.5996 0.7959 0.0836
vn 0.4397 -0.2090 -0.8735
vn 0.6447 -0.4965 -0.5813
vn 0.4303 -0.3950 -0.8117
vn 0.7202 -0.2636 -0.6417
vn 0.6588 -0.4473 -0.6048
vn 0.6854 -0.2635 -0.6789
vn -0.7986 0.5756 -0.1760
vn -0.9732 -0.1588 -0.1661
vn -0.3773 0.8769 -0.2978
vn -0.4313 0.8814 -0.1927
vn -0.3723 0.7928 -0.4826
vn -0.5795 0.7915 -0.1940
vn -0.3814 -0.1484 0.9124
vn -0.5680 0.2723 0.7767
vn -0.4999 0.3900 0.7733
vn -0.4392 0.2960 0.8482
vn 0.3159 -0.9092 -0.2713
vn 0.2969 -0.8607 -0.4136
vn -0.1329 -0.6753 0.7254
vn -0.3879 0.5153 0.7642
vn 0.2117 -0.9338 -0.2884
vn 0.1488 0.8186 -0.5547
vn 0.4098 0.2697 -0.8714
vn -0.4593 0.5630 0.6871
vn -0.5436 0.5735 0.6128
vn 0.0524 -0.9985 -0.0182
vn 0.0575 0.9701 -0.2357
vn 0.2889 0.8951 -0.3397
vn 0.0145 0.9752 -0.2210
vn 0.1352 0.9411 -0.3098
vn 0.0577 -0.9818 0.1808
vn -0.0300 -0.9521 0.3043
vn -0.5381 0.6392 0.5494
vn 0.0026 0.9897 -0.1434
vn -0.4484 0.6871 0.5716
vn -0.0533 -0.9661 -0.2524
vn 0.7241 -0.2931 0.6243
vn 0.6210 -0.0228 0.7835
vn 0.6678 -0.3740 0.6435
vn 0.3018 -0.6773 0.6710
vn 0.5096 0.8581 -0.0628
vn 0.3427 0.9263 -0.1566
vn 0.5223 -0.8463 -0.1046
vn -0.1620 0.2106 -0.9641
vn 0.4652 0.8571 -0.2214
vn -0.1998 0.7450 -0.6364
vn -0.3255 -0.4804 -0.8144
vn -0.6004 0.7756 0.1947
vn 0.5134 -0.5555 -0.6541
vn 0.4949 -0.7790 -0.3851
vn 0.4365 -0.2057 -0.8759
vn 0.1608 -0.3327 -0.9292
vn 0.3670 -0.5379 -0.7589
vn -0.6837 0.6404 -0.3499
vn 0.0673 -0.6958 -0.7151
vn -0.7289 0.4786 -0.4895
vn -0.5278 0.8354 -0.1534
vn -0.7000 0.7132 -0.0368
vn -0.4948 0.8375 0.2319
vn -0.4831 0.8152 -0.3195
vn -0.4036 0.1028 0.9091
vn -0.3004 0.2859 0.9100
vn -0.1602 -0.4355 0.8858
vn 0.2785 -0.6107 0.7413
vn 0.2067 -0.8810 0.4256
vn -0.2697 -0.3342 0.9031
vn -0.3208 0.4296 0.8441
vn 0.3924 0.1381 -0.9094
vn 0.3450 -0.3918 -0.8529
vn -0.0473 -0.9864 -0.1574
vn 0.2825 0.8134 -0.5085
vn 0.3892 0.5490 -0.7396
vn 0.4141 -0.5756 -0.7051
vn 0.4176 -0.6807 -0.6019
vn -0.1728 -0.9743 0.1444
vn 0.0660 0.9886 -0.1355
vn 0.3036 0.9488 -0.0879
vn 0.3483 0.9157 -0.2006
vn -0.1753 0.9387 -0.2968
vn 0.0396 0.9793 -0.1985
vn -0.4521 0.7441 0.4918
vn 0.0121 -0.9044 0.4266
vn 0.5511 0.8305 -0.0808
vn 0.7771 -0.6261 -0.0640
vn 0.4335 -0.6014 -0.6711
vn 0.1873 -0.4247 -0.8857
vn -0.3544 -0.1787 -0.9179
vn 0.3263 -0.7497 -0.5758
vn 0.6405 -0.6451 0.4167
vn 0.2858 -0.8676 0.4069
vn 0.5951 0.8034 0.0202
vn 0.5373 -0.7435 -0.3982
vn 0.3772 -0.8233 -0.4241
vn -0.3717 -0.6042 -0.7048
vn -0.7608 -0.2056 -0.6156
vn -0.4506 0.0922 -0.8879
vn -0.3520 -0.8918 -0.2841
vn 0.1029 0.8689 -0.4842
vn 0.2707 0.8594 -0.4339
vn -0.0369 0.4166 -0.9083
vn -0.4481 -0.7376 -0.5051
vn 0.4281 0.7627 -0.4848
vn 0.2843 -0.2876 -0.9146
vn 0.4336 -0.0051 -0.9011
vn 0.0133 -0.9778 -0.2089
vn 0.3838 -0.7841 -0.4877
vn -0.1638 -0.6928 -0.7023
vn 0.0410 -0.7699 -0.6368
vn 0.2203 -0.8672 -0.4465
vn -0.3495 -0.5954 -0.7235
vn -0.5693 -0.2308 -0.7890
vn -0.0914 -0.8033 -0.5885
vn 0.0923 -0.8355 -0.5417
vn -0.5861 0.8092 -0.0419
vn -0.6731 0.3798 -0.6346
vn -0.4455 0.8370 0.3178
vn -0.8586 0.5118 0.0302
vn -0.4972 0.8395 0.2192
vn -0.4034 -0.6302 -0.6634
vn -0.1112 -0.5229 -0.8451
vn -0.7299 0.6821 -0.0446
vn -0.3771 0.8738 -0.3070
vn -0.2098 -0.5368 0.8172
vn -0.3444 -0.3765 0.8600
vn -0.2680 0.0867 0.9595
vn 0.5169 -0.8492 -0.1078
vn 0.4528 -0.8578 -0.2430
vn 0.5186 -0.7856 0.3375
vn -0.0839 -0.4707 0.8783
vn 0.4911 -0.5060 0.7090
vn 0.2148 -0.5508 0.8065
vn 0.2963 -0.6994 0.6505
vn 0.1312 -0.9862 0.1013
vn 0.3455 -0.8749 0.3395
vn 0.0390 -0.8121 0.5821
vn -0.3480 -0.8717 0.3451
vn -0.3191 -0.9401 -0.1199
vn 0.3955 0.3991 -0.8272
vn 0.3701 -0.1122 -0.9222
vn -0.0464 -0.9753 -0.2159
vn 0.3258 0.5885 -0.7400
vn -0.2708 -0.9466 -0.1752
vn 0.2727 0.8715 -0.4075
vn 0.1434 0.8450 -0.5152
vn 0.2127 -0.6139 -0.7601
vn -0.3562 0.6047 0.7123
vn -0.3824 0.6506 0.6561
vn -0.1869 0.8917 -0.4122
vn -0.0680 0.9425 -0.3274
vn 0.0159 0.8994 -0.4369
vn 0.0177 0.9203 -0.3907
vn 0.4982 0.2378 -0.8338
vn 0.0616 0.9223 -0.3814
vn -0.3962 0.8099 0.4326
vn -0.0437 -0.9289 -0.3678
vn 0.0974 -0.9792 -0.1777
vn -0.1551 -0.9853 -0.0715
vn -0.0289 -0.9453 -0.3251
vn 0.5456 -0.2321 -0.8053
vn 0.3365 -0.8247 -0.4547
vn -0.4701 0.8684 0.1577
vn 0.1328 -0.7147 -0.6867
vn -0.3003 -0.0637 -0.9517
vn -0.3814 -0.2892 -0.8780
vn 0.3144 -0.6730 -0.6695
vn 0.0019 -0.5193 -0.8546
vn 0.4184 -0.7820 -0.4620
vn -0.1933 0.8460 -0.4968
vn -0.5933 0.7044 -0.3895
vn -0.7782 0.6226 -0.0827
vn -0.4810 0.8075 -0.3415
vn -0.8624 0.3778 -0.3368
vn -0.2949 -0.0758 0.9525
vn -0.2717 -0.2190 0.9371
vn -0.3768 -0.6457 0.6641
vn -0.4546 -0.5265 0.7185
vn -0.2498 -0.3690 0.8952
vn 0.3295 -0.0479 -0.9429
vn -0.4917 -0.7225 0.4860
vn -0.4421 -0.8970 -0.0050
vn -0.3736 -0.8983 0.2311
vn -0.2198 0.4950 0.8406
vn 0.2197 0.8021 -0.5553
vn 0.0933 0.9475 -0.3057
vn -0.2240 0.5822 0.7816
vn -0.2837 -0.9583 -0.0334
vn -0.2388 0.6433 0.7274
vn 0.3881 -0.7419 -0.5468
vn 0.2043 0.9468 -0.2488
vn 0.0685 0.9952 -0.0706
vn -0.3157 0.7123 0.6269
vn -0.2275 -0.9349 0.2723
vn -0.3342 0.7645 0.5512
vn -0.2821 -0.9510 -0.1264
vn 0.1709 0.1428 -0.9749
vn -0.1149 -0.3720 -0.9211
vn -0.0990 -0.3231 -0.9412
vn -0.1352 0.9411 -0.3098
vn 0.1753 0.9387 -0.2968
vn -0.0575 0.9701 -0.2357
vn 0.6602 -0.7454 -0.0922
vn 0.5153 -0.7696 -0.3772
vn 0.1299 -0.9642 -0.2312
vn 0.2836 -0.9586 -0.0247
vn 0.4688 -0.8391 0.2759
vn -0.0971 -0.0449 -0.9943
vn -0.8880 -0.4536 0.0761
vn -0.8958 -0.2716 -0.3518
vn -0.3131 -0.9010 -0.3003
vn 0.5270 0.4166 -0.7408
vn 0.6581 0.3488 -0.6673
vn 0.1463 0.5843 -0.7982
vn -0.1422 -0.9216 0.3612
vn 0.4575 -0.8381 -0.2972
vn 0.4774 -0.8757 -0.0727
vn -0.1826 -0.9830 0.0172
vn -0.6560 0.7388 -0.1545
vn -0.3488 0.8662 -0.3578
vn -0.5668 0.7532 -0.3336
vn -0.5411 0.7603 -0.3592
vn 0.4529 0.6323 -0.6285
vn -0.2443 0.2246 -0.9433
vn -0.3079 -0.8545 0.4183
vn 0.1720 -0.7220 0.6702
vn 0.2677 -0.5540 0.7883
vn -0.0876 -0.9178 0.3872
vn 0.4206 -0.7727 0.4754
vn 0.6140 -0.7547 -0.2313
vn 0.7798 -0.6260 -0.0065
vn 0.8793 -0.4763 0.0036
vn 0.1397 0.3162 -0.9384
vn 0.1752 -0.0777 0.9815
vn 0.0755 -0.0491 0.9959
vn 0.1737 -0.2433 0.9543
vn 0.2299 -0.9012 -0.3674
vn -0.4938 0.8394 0.2271
vn -0.3769 0.8909 -0.2536
vn -0.3402 0.9039 0.2592
vn -0.5643 0.8081 -0.1689
vn -0.4629 0.8651 0.1932
vn -0.6523 0.4475 -0.6118
vn -0.5713 0.8164 0.0846
vn -0.7646 0.6358 -0.1054
vn -0.3759 0.9099 0.1756
vn -0.0116 -0.1603 -0.9870
vn 0.1105 -0.5256 -0.8435
vn 0.3196 -0.7761 -0.5437
vn -0.1359 -0.5668 -0.8126
vn 0.0255 -0.7133 -0.7004
vn -0.1512 0.1766 0.9726
vn -0.1439 0.0417 0.9887
vn -0.1913 0.3507 0.9167
vn -0.1032 0.3240 0.9404
vn -0.3029 -0.5485 0.7793
vn 0.2627 0.1235 -0.9569
vn 0.3397 0.3322 -0.8799
vn -0.1191 0.4535 0.8833
vn -0.1739 -0.9551 -0.2399
vn 0.4739 0.7143 -0.5149
vn 0.4800 0.5582 -0.6768
vn -0.4730 -0.8773 -0.0816
vn -0.4205 -0.8957 0.1445
vn 0.4795 0.8623 -0.1629
vn -0.1994 0.7089 0.6766
vn -0.2797 -0.9097 0.3069
vn -0.2225 0.7965 0.5622
vn -0.1715 -0.8741 -0.4545
vn 0.2490 0.9108 -0.3294
vn -0.3416 0.8667 0.3635
vn 0.0545 0.9151 -0.3996
vn -0.0753 0.6890 -0.7208
vn -0.1327 0.7005 -0.7012
vn -0.2219 -0.0021 -0.9751
vn 0.0524 -0.0381 -0.9979
vn 0.3202 -0.6085 -0.7261
vn 0.4602 -0.6551 -0.5992
vn 0.2196 -0.8319 -0.5097
vn -0.1145 -0.5943 -0.7961
vn 0.3282 -0.7175 -0.6144
vn -0.1840 0.9798 -0.0778
vn -0.1913 0.9611 -0.1991
vn 0.5448 -0.3068 -0.7804
vn 0.7685 -0.2256 -0.5987
vn 0.5046 -0.8624 -0.0411
vn 0.2655 -0.8949 0.3587
vn -0.2957 0.8986 -0.3242
vn 0.1175 -0.3639 -0.9240
vn -0.3756 0.9267 -0.0072
vn -0.1737 -0.2433 0.9543
vn -0.1752 -0.0777 0.9815
vn -0.0755 -0.0491 0.9959
vn -0.0541 0.0820 0.9952
vn -0.0190 0.1762 0.9842
vn 0.2265 -0.1109 -0.9677
vn 0.0834 0.0183 -0.9964
vn -0.0285 0.3415 0.9394
vn 0.0682 -0.7778 -0.6248
vn 0.0057 -0.9234 -0.3838
vn -0.3083 -0.9073 -0.2858
vn -0.1901 -0.9573 -0.2176
vn -0.0383 -0.9690 -0.2441
vn -0.3635 -0.9289 0.0714
vn -0.2233 -0.8790 -0.4214
vn -0.4462 -0.8943 -0.0324
vn -0.6532 -0.7473 0.1218
vn 0.4828 0.7638 -0.4284
vn 0.2372 0.5443 -0.8047
vn 0.1061 0.3531 -0.9296
vn 0.0921 0.1636 -0.9822
vn -0.6645 -0.7473 -0.0011
vn 0.0906 -0.4980 -0.8624
vn -0.1227 0.6090 0.7836
vn -0.1098 0.5268 0.8428
vn -0.6419 -0.7647 0.0566
vn -0.5282 -0.7202 -0.4498
vn 0.7133 0.6905 -0.1198
vn 0.5662 0.8067 -0.1693
vn 0.4152 0.8483 -0.3285
vn 0.1488 0.8653 -0.4786
vn 0.5996 0.7815 -0.1725
vn 0.4428 0.8144 -0.3751
vn 0.2803 -0.7704 -0.5726
vn 0.3952 0.8494 -0.3498
vn -0.2530 0.8425 0.4755
vn -0.5964 -0.8026 0.0107
vn -0.1821 0.9447 0.2728
vn -0.2163 0.8998 0.3788
vn 0.2989 0.6007 -0.7415
vn 0.2014 -0.1910 -0.9607
vn -0.0291 -0.6835 -0.7294
vn -0.5996 0.7815 -0.1725
vn -0.5888 0.7951 -0.1452
vn -0.6096 0.7624 -0.2170
vn 0.2756 -0.8225 -0.4976
vn -0.2536 0.9666 0.0378
vn 0.9688 -0.1959 -0.1519
vn 0.8386 -0.5363 -0.0957
vn 0.5643 0.8080 -0.1693
vn 0.6523 0.4475 -0.6118
vn 0.5713 0.8164 0.0846
vn -0.4104 0.8824 -0.2301
vn -0.6981 0.4194 -0.5803
vn 0.1728 -0.9743 0.1444
vn 0.2275 -0.9349 0.2723
vn 0.0300 -0.9521 0.3043
vn -0.4128 -0.5687 0.7115
vn -0.4924 -0.8096 0.3194
vn -0.5547 -0.4707 0.6861
vn -0.3475 -0.4226 0.8370
vn 0.0952 -0.4160 -0.9044
vn -0.7764 -0.5530 0.3023
vn 0.2656 0.6904 -0.6729
vn -0.0198 0.4476 -0.8940
vn -0.9417 -0.2723 0.1976
vn -0.9735 -0.2284 0.0054
vn -0.8559 -0.5169 0.0159
vn 0.3329 0.8434 -0.4217
vn -0.9936 -0.1028 -0.0475
vn -0.9311 -0.2904 0.2206
vn -0.9627 -0.1643 0.2148
vn -0.9227 -0.3841 0.0331
vn -0.9024 -0.4007 -0.1584
vn -0.8867 -0.2471 -0.3908
vn -0.9892 -0.0252 -0.1441
vn -0.9830 -0.1772 -0.0488
vn 0.1583 -0.7705 -0.6175
vn -0.8527 -0.5199 0.0508
vn 0.6059 0.7553 -0.2500
vn 0.5888 0.7951 -0.1452
vn 0.4922 0.8563 -0.1562
vn -0.1558 0.8553 0.4941
vn -0.9381 -0.3463 -0.0011
vn -0.8003 -0.2265 -0.5551
vn 0.1351 0.1990 -0.9706
vn -0.1434 0.8450 -0.5152
vn -0.0933 0.9475 -0.3057
vn -0.2197 0.8021 -0.5553
vn 0.4762 0.7810 -0.4040
vn 0.3388 0.7964 -0.5009
vn -0.0121 -0.9044 0.4266
vn -0.2934 -0.7565 0.5844
vn -0.2825 0.8134 -0.5085
vn -0.3036 0.9488 -0.0879
vn -0.2262 -0.9094 0.3492
vn -0.4991 -0.8530 0.1524
vn -0.3271 -0.9394 0.1027
vn -0.8450 0.3441 -0.4094
vn -0.7203 0.5835 -0.3751
vn -0.8423 0.3935 -0.3683
vn 0.7564 -0.3944 -0.5218
vn 0.9473 0.1283 -0.2937
vn 0.6407 -0.6009 -0.4779
vn 0.2578 0.1000 -0.9610
vn -0.5882 -0.7006 -0.4040
vn -0.3761 -0.5460 -0.7487
vn -0.4741 -0.4144 -0.7769
vn -0.6466 -0.4257 -0.6330
vn -0.5100 0.6539 -0.5588
vn 0.0163 -0.0111 -0.9998
vn -0.2483 -0.7842 -0.5687
vn 0.1281 -0.8987 -0.4195
vn 0.3789 -0.8190 -0.4310
vn 0.4444 -0.6200 -0.6467
vn 0.2286 -0.6447 -0.7295
vn 0.1004 0.9864 -0.1303
vn -0.1523 0.9544 -0.2568
vn -0.0168 0.9989 0.0445
vn 0.2847 0.9551 0.0825
vn -0.5434 -0.6252 0.5603
vn -0.1562 -0.2229 0.9622
vn -0.4144 -0.2431 0.8770
vn -0.2322 -0.0108 -0.9726
vn -0.2132 0.2064 -0.9550
vn -0.0417 -0.2006 -0.9788
vn -0.0976 -0.5072 -0.8563
vn -0.2428 -0.4075 -0.8803
vn -0.0216 0.4640 0.8856
vn 0.0314 -0.9150 0.4022
vn -0.5361 -0.7469 0.3934
vn -0.2893 -0.7525 0.5916
vn -0.4792 0.8770 -0.0363
vn -0.9272 0.3718 0.0447
vn -0.9017 0.4223 -0.0931
vn -0.8227 0.4829 0.2998
vn 0.0713 0.6314 -0.7722
vn -0.7940 -0.4102 0.4487
vn -0.6665 -0.5422 0.5116
vn -0.0744 -0.6239 -0.7779
vn -0.2925 -0.4224 0.8579
vn -0.9386 -0.1524 0.3094
vn -0.4359 -0.3599 0.8249
vn 0.7044 -0.5665 -0.4276
vn -0.0212 -0.6064 -0.7949
vn 0.5653 -0.6824 -0.4634
vn 0.2745 -0.6845 -0.6753
vn -0.5112 -0.8594 0.0047
vn -0.8849 -0.3892 -0.2560
vn -0.7208 -0.6931 -0.0082
vn -0.9060 -0.2105 0.3673
vn 0.7881 -0.5882 -0.1812
vn 0.9119 -0.3890 -0.1307
vn 0.5539 -0.3062 -0.7742
vn 0.1955 -0.9188 -0.3429
vn 0.2465 -0.6157 -0.7484
vn 0.6506 -0.6104 -0.4518
vn -0.2606 -0.5017 -0.8249
vn 0.2849 0.9386 -0.1946
vn 0.4327 0.8941 -0.1159
vn 0.2414 -0.9216 0.3038
vn 0.3071 -0.8656 0.3954
vn 0.9230 -0.2626 0.2812
vn 0.9666 -0.2520 0.0475
vn 0.9856 -0.1643 -0.0398
vn 0.9016 -0.4307 -0.0395
vn 0.9848 -0.1424 -0.0995
vn 0.8566 -0.4157 0.3059
vn 0.7817 -0.5840 0.2187
vn 0.5565 -0.7069 0.4366
vn 0.5223 -0.6456 0.5572
vn 0.5481 -0.8273 0.1232
vn 0.8958 -0.2716 -0.3518
vn 0.7980 -0.3171 -0.5126
vn 0.9449 -0.2310 -0.2319
vn 0.8542 -0.5002 -0.1423
vn 0.5835 -0.7732 -0.2483
vn -0.9345 -0.2465 -0.2567
vn -0.9760 -0.2150 -0.0360
vn -0.8386 -0.5363 -0.0957
vn 0.7001 -0.5454 -0.4608
vn 0.9648 -0.2628 0.0045
vn 0.7120 -0.6849 0.1552
vn 0.6342 -0.5938 0.4952
vn 0.9061 -0.3786 0.1889
vn 0.5808 -0.8117 0.0621
vn 0.4027 -0.8854 -0.2323
vn -0.1138 0.7894 0.6032
vn 0.9060 0.2775 0.3196
vn 0.9289 0.3353 0.1573
vn 0.8056 0.4681 0.3632
vn -0.9688 -0.1959 -0.1519
vn -0.7798 -0.6260 -0.0065
vn -0.9315 -0.3353 -0.1409
vn -0.7040 -0.7029 -0.1011
vn 0.0832 0.5837 -0.8077
vn 0.2851 -0.0266 -0.9581
vn 0.1206 0.5030 -0.8558
vn 0.7588 -0.6510 -0.0210
vn 0.9580 -0.2215 0.1820
vn 0.8426 -0.5336 0.0731
vn 0.5804 -0.3440 0.7381
vn 0.8233 -0.2070 0.5286
vn 0.3860 -0.1876 0.9032
vn 0.6311 -0.5785 0.5168
vn 0.3507 -0.4168 0.8386
vn 0.2553 -0.8338 0.4894
vn 0.0856 -0.9862 0.1417
vn 0.3496 0.9270 -0.1356
vn -0.9802 -0.1895 0.0579
vn -0.5291 -0.8440 -0.0880
vn -0.9835 -0.1805 -0.0112
vn -0.7914 -0.5669 0.2288
vn 0.6096 0.7624 -0.2170
vn -0.8746 -0.4578 0.1595
vn -0.9925 -0.0659 0.1027
vn -0.9167 -0.3864 0.1015
vn 0.2097 -0.8308 -0.5156
vn -0.8492 -0.4696 -0.2415
vn -0.6677 -0.6675 0.3296
vn -0.9487 -0.1483 -0.2791
vn -0.6013 -0.7648 0.2314
vn 0.0742 -0.8917 -0.4464
vn -0.6368 -0.2854 -0.7163
vn -0.6760 0.0036 -0.7369
vn -0.1836 -0.1716 -0.9679
vn -0.3439 0.1820 -0.9212
vn 0.3603 0.2164 -0.9074
vn 0.6608 -0.0221 -0.7503
vn 0.6853 -0.0639 -0.7254
vn 0.8011 -0.2559 -0.5411
vn 0.5716 0.2970 -0.7649
vn 0.2157 0.5233 -0.8244
vn -0.1035 0.9398 0.3256
vn 0.0455 -0.9404 -0.3370
vn 0.9870 0.0373 -0.1563
vn 0.7718 0.3224 -0.5481
vn 0.9951 0.0889 0.0438
vn 0.1499 -0.7215 -0.6760
vn -0.0315 -0.8846 -0.4653
vn 0.0780 -0.4445 -0.8924
vn -0.2105 -0.4580 -0.8637
vn 0.0194 -0.9027 -0.4298
vn -0.3729 -0.5499 -0.7473
vn -0.1524 0.9842 -0.0901
vn 0.2060 0.7442 -0.6354
vn -0.0964 0.9948 0.0317
vn 0.8960 -0.2367 -0.3757
vn 0.7570 0.2489 -0.6042
vn -0.0678 -0.1716 0.9828
vn 0.8298 -0.5394 -0.1434
vn 0.8817 -0.4578 0.1145
vn 0.9013 -0.4231 0.0929
vn -0.2413 -0.8422 0.4822
vn -0.4087 -0.2211 0.8855
vn -0.1268 -0.4444 0.8868
vn -0.1724 -0.2891 0.9417
vn -0.5322 -0.0257 -0.8462
vn -0.6299 0.0604 -0.7744
vn -0.4531 -0.2204 -0.8638
vn -0.3195 -0.1607 -0.9338
vn -0.2609 -0.2602 -0.9296
vn -0.3438 -0.3818 -0.8579
vn -0.1742 0.4681 -0.8663
vn 0.1076 -0.8026 0.5867
vn -0.2524 -0.3015 0.9194
vn 0.0317 0.0295 0.9991
vn 0.2961 0.8042 -0.5154
vn -0.1661 0.5997 -0.7828
vn -0.2266 -0.9626 0.1486
vn 0.0366 -0.8487 -0.5276
vn 0.2072 -0.7388 -0.6412
vn -0.3068 -0.5956 -0.7424
vn 0.1400 -0.6980 -0.7023
vn -0.5562 -0.5150 -0.6523
vn -0.7411 -0.4880 -0.4611
vn 0.0302 -0.8849 -0.4649
vn -0.3489 -0.7692 -0.5354
vn -0.4117 -0.7277 -0.5486
vn 0.5812 -0.7461 -0.3250
vn -0.6235 -0.5201 -0.5837
vn -0.0053 -0.8920 -0.4521
vn -0.5566 -0.7108 -0.4301
vn 0.1764 -0.9827 0.0562
vn 0.0338 -0.8323 0.5533
vn 0.0818 -0.6880 0.7211
vn 0.0876 -0.9178 0.3872
vn -0.2841 -0.5510 -0.7847
vn -0.1569 -0.8813 -0.4458
vn -0.4079 -0.8977 0.1664
vn -0.4206 -0.7727 0.4754
vn -0.5873 -0.7484 -0.3081
vn -0.7044 -0.6898 0.1674
vn -0.7886 -0.6137 -0.0379
vn -0.4688 -0.8391 0.2759
vn -0.7657 -0.6322 -0.1179
vn -0.6602 -0.7454 -0.0922
vn -0.8510 -0.4362 -0.2924
vn -0.5131 -0.8178 -0.2605
vn -0.3785 -0.9071 -0.1840
vn 0.3860 0.9191 -0.0787
vn 0.6781 0.7305 -0.0808
vn -0.0858 0.6585 0.7477
vn 0.2313 -0.9671 -0.1062
vn -0.2836 -0.9586 -0.0247
vn -0.1299 -0.9642 -0.2312
vn -0.2059 -0.9784 0.0206
vn -0.5153 -0.7696 -0.3772
vn -0.5797 -0.7790 -0.2389
vn -0.7711 -0.6027 0.2055
vn 0.6037 0.7955 -0.0526
vn -0.0152 -0.7344 -0.6785
vn -0.4091 -0.7913 0.4545
vn 0.8854 0.4506 -0.1140
vn -0.0269 0.7222 0.6912
vn 0.0685 -0.6355 0.7691
vn -0.3712 -0.3543 0.8583
vn -0.1530 -0.7203 0.6765
vn -0.5424 -0.4839 0.6868
vn -0.6960 -0.4725 0.5407
vn -0.7532 -0.2863 0.5923
vn 0.1519 -0.7611 -0.6307
vn -0.0346 0.8544 0.5185
vn -0.0986 0.9023 0.4197
vn 0.5530 0.7198 -0.4196
vn 0.3136 0.8851 -0.3439
vn 0.8205 0.5564 -0.1310
vn -0.0000 0.9338 0.3577
vn -0.0000 0.9124 0.4094
vn -0.7733 0.3624 -0.5202
vn -0.3129 0.7773 -0.5458
vn -0.4858 0.8383 -0.2474
vn 0.2701 0.1035 -0.9573
vn -0.0523 0.9960 0.0729
vn 0.2009 0.8170 -0.5405
vn 0.1424 0.9017 -0.4083
vn -0.2549 0.8877 -0.3835
vn -0.1723 -0.4228 -0.8897
vn -0.2872 -0.3858 -0.8768
vn 0.0123 -0.5438 0.8391
vn -0.1171 -0.1569 0.9806
vn 0.4304 -0.6631 -0.6124
vn 0.5415 -0.7970 -0.2675
vn -0.0000 -0.2514 0.9679
vn -0.0000 -0.1869 0.9824
vn -0.2879 0.3560 -0.8890
vn -0.4883 0.3648 -0.7928
vn -0.6021 0.2139 -0.7692
vn -0.6731 0.3314 -0.6612
vn -0.7546 0.0681 -0.6526
vn -0.5292 0.0292 -0.8480
vn -0.3913 -0.0104 -0.9202
vn 0.0312 -0.3054 -0.9517
vn 0.4465 -0.0788 -0.8913
vn 0.0691 0.6308 -0.7729
vn -0.5361 0.4873 -0.6893
vn -0.0106 -0.5053 -0.8629
vn -0.0112 0.5455 0.8380
vn 0.2730 0.6382 -0.7199
vn 0.7768 0.4281 -0.4618
vn -0.1582 0.4650 -0.8711
vn 0.5681 0.2824 -0.7729
vn -0.4998 0.3979 -0.7693
vn -0.0901 0.2568 -0.9623
vn -0.2159 -0.5304 -0.8198
vn -0.0733 -0.6462 -0.7596
vn 0.3577 -0.8295 -0.4289
vn 0.2923 -0.9324 -0.2127
vn 0.1463 -0.9877 0.0554
vn 0.6370 -0.4788 -0.6041
vn 0.8434 -0.5062 -0.1801
vn 0.9589 -0.0387 -0.2809
vn 0.9606 -0.2601 0.0977
vn 0.7130 -0.0248 -0.7007
vn 0.9778 0.1821 -0.1041
vn 0.9971 0.0727 0.0212
vn 0.7211 0.1365 -0.6793
vn 0.9167 0.3432 -0.2046
vn 0.9036 0.4269 0.0345
vn 0.1596 -0.6505 -0.7426
vn 0.0593 -0.5998 -0.7979
vn -0.7444 -0.5992 -0.2946
vn 0.9702 0.2354 0.0576
vn 0.9996 -0.0097 0.0274
vn 0.1932 -0.7001 -0.6874
vn 0.9920 -0.0432 0.1183
vn 0.6243 -0.3292 0.7084
vn 0.6098 -0.5721 0.5485
vn 0.9927 -0.1168 0.0287
vn 0.9491 -0.2911 0.1205
vn -0.8037 -0.5948 -0.0139
vn 0.8659 -0.4986 -0.0394
vn 0.7969 -0.5500 0.2498
vn 0.0963 -0.8123 -0.5753
vn 0.8342 -0.5192 0.1858
vn 0.9808 0.1629 -0.1074
vn 0.0087 0.7895 0.6137
vn 0.7833 0.6063 -0.1376
vn 0.8751 -0.3924 -0.2833
vn 0.9591 0.0036 -0.2832
vn 0.9892 0.0276 -0.1441
vn 0.9940 0.1090 -0.0100
vn 0.9934 -0.0807 0.0817
vn 0.9870 -0.1575 -0.0309
vn 0.9941 0.0122 -0.1081
vn 0.9674 0.1823 -0.1757
vn 0.9952 0.0100 -0.0975
vn 0.8065 0.4948 -0.3236
vn 0.7621 -0.2754 -0.5860
vn -0.0000 0.9573 0.2892
vn 0.8973 0.0643 -0.4367
vn 0.5793 0.7171 -0.3875
vn 0.7871 -0.0827 -0.6113
vn -0.3328 -0.8541 -0.3996
vn 0.3126 -0.9298 -0.1945
vn -0.0000 0.9638 0.2667
vn 0.2607 -0.9060 -0.3335
vn 0.1161 -0.8663 -0.4858
vn 0.1890 0.9523 -0.2397
vn -0.0732 0.9968 -0.0325
vn 0.1959 0.8935 -0.4041
vn -0.0767 0.8317 -0.5499
vn 0.0522 0.9979 -0.0386
vn -0.1045 0.9904 -0.0910
vn -0.2658 0.8919 -0.3659
vn -0.1133 -0.8275 -0.5500
vn -0.1116 0.9351 -0.3363
vn 0.9543 -0.2491 0.1648
vn 0.9600 -0.2616 0.1004
vn -0.0135 -0.1120 0.9936
vn -0.0000 -0.0934 0.9956
vn 0.0037 -0.7181 0.6959
vn -0.0198 -0.1781 0.9838
vn -0.0000 0.0094 1.0000
vn -0.0000 0.0352 0.9994
vn -0.0000 0.1014 0.9948
vn 0.9642 -0.0018 0.2653
vn 0.9119 0.1857 0.3660
vn 0.8387 0.2930 0.4592
vn 0.6511 -0.5649 -0.5069
vn 0.8518 -0.5219 0.0458
vn 0.9041 0.2607 -0.3386
vn 0.0494 -0.6257 -0.7785
vn 0.4340 0.0926 -0.8962
vn 0.0890 0.2081 -0.9741
vn -0.2346 -0.9324 -0.2750
vn 0.6673 -0.2218 -0.7110
vn 0.7936 -0.3523 -0.4960
vn 0.8417 0.4317 -0.3244
vn 0.6946 -0.5362 -0.4795
vn 0.5502 -0.7287 -0.4078
vn 0.6658 -0.7157 -0.2109
vn -0.0000 0.4050 0.9143
vn -0.0000 0.4362 0.8998
vn 0.6616 0.7481 -0.0519
vn 0.6941 -0.0724 -0.7162
vn 0.5986 -0.1412 -0.7885
vn 0.4374 -0.5987 -0.6710
vn 0.4875 0.5939 -0.6400
vn 0.4826 -0.5655 -0.6688
vn 0.6911 -0.5465 -0.4730
vn 0.1581 0.9037 -0.3979
vn -0.7850 0.3731 0.4947
vn -0.2461 0.9164 0.3157
vn -0.1588 0.4853 0.8598
vn -0.0703 -0.1760 -0.9819
vn 0.8488 -0.0630 -0.5249
vn 0.4340 0.2220 -0.8731
vn 0.4037 0.2585 -0.8776
vn -0.0000 0.3648 -0.9311
vn -0.1441 0.8719 -0.4681
vn -0.2552 0.4431 -0.8594
vn -0.0000 -0.2446 -0.9696
vn -0.0990 -0.1222 -0.9876
vn 0.7613 -0.2805 -0.5846
vn 0.7890 -0.3779 -0.4844
vn 0.2190 0.6886 0.6912
vn 0.0017 0.2271 0.9739
vn 0.9382 0.2011 -0.2817
vn 0.8481 -0.5296 -0.0157
vn 0.9452 -0.2708 0.1821
vn 0.9121 -0.3947 -0.1108
vn 0.9760 -0.2177 -0.0052
vn 0.6621 0.1740 -0.7290
vn 0.8683 0.1203 -0.4812
vn 0.5005 -0.2701 -0.8225
vn 0.7783 -0.2819 -0.5610
vn 0.8718 0.0176 -0.4896
vn 0.9039 0.1304 -0.4073
vn 0.8768 0.3827 -0.2910
vn 0.6329 0.1760 -0.7539
vn -0.8395 0.3088 -0.4470
vn -0.9068 -0.2306 -0.3530
vn -0.9694 -0.0514 -0.2399
vn 0.1537 -0.4365 -0.8865
vn -0.3559 0.1063 -0.9285
vn 0.5687 0.2973 -0.7670
vn 0.3844 0.8599 0.3358
vn -0.2081 0.9133 0.3502
vn -0.0348 0.9599 0.2780
vn -0.0373 0.9795 -0.1978
vn -0.8971 0.1044 -0.4293
vn -0.7610 -0.0809 -0.6437
vn -0.8178 0.1890 -0.5437
vn -0.6964 0.0457 -0.7162
vn -0.3373 0.2107 -0.9175
vn 0.7487 0.5365 -0.3893
vn 0.8249 -0.0550 -0.5626
vn 0.4425 0.1978 -0.8747
vn 0.9117 -0.1354 -0.3879
vn 0.9194 -0.2366 -0.3142
vn 0.9658 0.0317 -0.2575
vn 0.7625 0.1967 -0.6164
vn 0.9223 0.0404 -0.3845
vn 0.7982 0.2712 -0.5379
vn 0.9845 0.1113 -0.1358
vn 0.9960 -0.0458 -0.0767
vn -0.0583 0.8599 -0.5070
vn 0.3792 -0.3203 -0.8681
vn 0.8960 -0.2386 -0.3745
vn 0.7488 0.0555 -0.6604
vn -0.0000 0.2949 -0.9555
vn -0.0000 0.0850 -0.9964
vn -0.0000 0.4566 -0.8897
vn 0.7993 -0.0258 -0.6003
vn 0.9883 -0.1170 -0.0979
vn 0.9418 -0.3136 0.1211
vn 0.8571 0.0129 0.5150
vn 0.6673 -0.5471 -0.5053
vn 0.9686 -0.0011 -0.2488
vn -0.0000 0.9995 -0.0330
vn 0.1315 0.9685 -0.2113
vn -0.0000 0.9946 0.1038
vn 0.9380 0.0802 -0.3371
vn 0.9371 0.0542 0.3448
vn 0.5174 0.7798 -0.3524
vn 0.4405 0.3259 -0.8365
vn 0.5603 0.0668 -0.8256
vn 0.4447 -0.1236 -0.8871
vn -0.0000 -0.1250 -0.9922
vn -0.0000 -0.0412 -0.9992
vn -0.0000 -0.3290 -0.9443
vn 0.9502 0.1548 -0.2706
vn 0.7493 0.3293 -0.5746
vn 0.9531 0.1925 0.2336
vn 0.9981 0.0541 -0.0282
vn -0.4787 0.3024 -0.8243
vn -0.0013 0.4615 -0.8871
vn -0.0731 0.0495 -0.9961
vn -0.0309 0.0219 -0.9993
vn -0.0354 0.0247 -0.9991
vn -0.0000 -0.1145 -0.9934
vn -0.0000 -0.0803 -0.9968
vn -0.0000 -0.0326 -0.9995
vn -0.0000 0.0950 -0.9955
vn 0.0615 -0.0575 -0.9964
vn -0.0000 -0.0186 -0.9998
vn -0.0000 -0.0264 -0.9997
vn 0.8107 0.0576 -0.5827
vn 0.8482 -0.2631 -0.4597
vn -0.0000 0.0450 -0.9990
vn 0.2698 -0.0667 -0.9606
vn -0.0000 -0.1225 -0.9925
vn 0.2791 -0.2186 -0.9351
vn 0.9291 0.0681 -0.3636
vn 0.9834 0.1691 0.0653
vn 0.9509 0.1752 0.2551
vn -0.0000 -0.2267 -0.9740
vn -0.0000 -0.4036 -0.9149
vn -0.7853 0.1981 -0.5866
vn -0.8999 0.1221 -0.4187
vn -0.1934 0.5404 -0.8189
vn -0.5125 0.3973 -0.7612
vn 0.3561 0.1029 -0.9288
vn 0.6372 0.4790 -0.6038
vn 0.9122 -0.0455 -0.4071
vn 0.9624 0.2098 -0.1727
vn -0.0000 0.6264 -0.7795
vn -0.0000 0.4011 -0.9161
vn 0.7483 0.2637 -0.6087
vn 0.3923 -0.3165 -0.8637
vn -0.6378 -0.0984 -0.7639
vn -0.4566 -0.3185 -0.8307
vn 0.0934 -0.2109 -0.9730
vn -0.7488 0.0555 -0.6604
vn 0.1542 -0.2767 -0.9485
vn -0.0000 0.2042 -0.9789
vn -0.0000 0.1209 -0.9927
vn 0.9977 0.0540 -0.0401
vn -0.0000 0.9531 -0.3028
vn -0.0000 0.7330 -0.6802
vn -0.0000 0.9450 -0.3271
vn -0.0584 -0.6208 -0.7818
vn 0.1034 -0.6758 -0.7298
vn 0.6997 -0.2348 -0.6747
vn -0.0000 -0.4794 -0.8776
vn -0.0000 -0.4216 -0.9068
vn 0.3053 -0.3627 -0.8805
vn 0.3659 -0.6426 -0.6732
vn 0.3169 -0.0682 -0.9460
vn 0.1555 -0.5969 -0.7871
vn -0.0407 -0.6565 -0.7532
vn 0.0203 -0.5121 -0.8587
vn 0.1847 0.1535 -0.9707
vn 0.0092 -0.3289 -0.9443
vn -0.0000 -0.2237 -0.9747
vn 0.0816 -0.0660 -0.9945
vn 0.6868 0.3572 -0.6330
vn 0.6736 0.1127 -0.7304
vn 0.0914 0.2229 -0.9706
vn 0.1438 -0.0087 -0.9896
vn 0.3041 0.3617 -0.8813
vn -0.1671 -0.2939 -0.9411
vn -0.0000 -0.0731 -0.9973
vn -0.0000 0.1014 -0.9948
vn -0.6360 -0.2615 -0.7260
vn -0.8799 0.2745 -0.3879
vn -0.9843 0.0294 -0.1739
vn -0.8660 0.0293 -0.4992
vn -0.0000 0.5785 -0.8157
vn -0.0000 0.4085 -0.9127
vn -0.7293 0.0955 -0.6775
vn 0.8260 -0.0345 -0.5626
vn -0.2769 0.0095 -0.9609
vn -0.6135 0.2799 -0.7384
vn -0.0000 -0.1010 -0.9949
vn -0.0000 -0.1201 -0.9928
vn -0.3015 0.1167 -0.9463
vn 0.3639 0.7136 -0.5987
vn -0.0413 0.7039 -0.7091
vn 0.2638 0.4510 -0.8526
vn -0.0000 0.0586 -0.9983
vn -0.3951 0.2390 -0.8870
vn -0.1527 0.6279 -0.7631
vn 0.7546 0.0681 -0.6526
vn 0.8178 0.1890 -0.5437
vn 0.7610 -0.0809 -0.6437
vn -0.0000 0.1972 -0.9804
vn -0.0000 0.4063 -0.9137
vn -0.0000 0.8603 -0.5098
vn -0.0000 0.6828 -0.7306
vn -0.0000 0.4615 -0.8871
vn 0.4681 -0.1466 -0.8714
vn -0.0000 -0.5451 -0.8384
vn 0.1987 -0.0074 -0.9800
vn -0.0000 0.5936 0.8048
vn -0.0000 0.6017 0.7987
vn 0.9830 -0.1111 0.1463
vn 0.0188 -0.6609 -0.7503
vn 0.9233 -0.0007 -0.3840
vn 0.7649 -0.3385 -0.5480
vn 0.9790 -0.0410 -0.1999
vn 0.7741 -0.0038 -0.6330
vn 0.7299 -0.4947 -0.4717
vn 0.9175 -0.2051 -0.3408
vn -0.0000 -0.8697 -0.4936
vn -0.0000 -0.8402 -0.5422
vn -0.0000 -0.9040 -0.4275
vn -0.0000 -0.9383 -0.3458
vn -0.0000 -0.9445 -0.3284
vn 0.8886 0.3949 -0.2334
vn 0.9105 -0.2195 -0.3505
vn 0.5328 -0.7505 -0.3910
vn 0.7035 -0.7030 -0.1044
vn -0.3449 0.7646 -0.5445
vn 0.1863 0.8705 -0.4556
vn -0.0239 0.9997 0.0031
vn -0.0052 0.7977 -0.6030
vn -0.1003 0.9703 -0.2201
vn 0.5747 -0.8155 -0.0687
vn 0.8489 0.2551 -0.4628
vn 0.9086 0.4007 0.1180
vn 0.5529 0.3106 -0.7732
vn 0.1382 -0.3895 -0.9106
vn 0.9203 0.3168 -0.2297
vn 0.8685 -0.3394 -0.3613
vn 0.9158 -0.0195 -0.4013
vn 0.4945 -0.6034 -0.6256
vn -0.0804 -0.7599 -0.6451
vn -0.3743 -0.5220 -0.7664
vn 0.0942 0.0567 -0.9939
vn -0.8266 0.5415 -0.1532
vn -0.9278 0.2777 -0.2491
vn -0.6873 0.5593 -0.4635
vn 0.9170 -0.0618 0.3940
vn 0.9263 -0.1068 0.3613
vn 0.9486 -0.0262 0.3154
vn 0.2034 0.9438 -0.2607
vn 0.9349 -0.2547 0.2473
vn 0.8773 0.1698 0.4489
vn 0.9243 -0.3723 0.0838
vn 0.7210 -0.4158 -0.5544
vn 0.8973 -0.4397 0.0394
vn 0.9534 -0.2474 -0.1728
vn 0.8774 -0.4447 -0.1803
vn 0.9756 -0.2163 -0.0369
vn -0.8364 -0.4567 -0.3031
vn 0.9390 -0.2307 -0.2549
vn 0.6324 0.6541 0.4150
vn 0.9290 -0.1776 0.3248
vn 0.5832 0.5155 -0.6278
vn 0.7967 0.2662 -0.5426
vn 0.7079 0.6734 -0.2131
vn 0.5551 0.7583 -0.3417
vn 0.4979 0.4787 -0.7232
vn 0.6841 -0.7293 0.0117
vn 0.5811 -0.6254 -0.5208
vn 0.4973 0.8158 -0.2953
vn 0.6299 0.0604 -0.7744
vn 0.6964 0.0457 -0.7162
vn 0.5727 0.1642 -0.8031
vn 0.5149 0.0794 -0.8535
vn -0.7689 0.2644 -0.5821
vn 0.0345 -0.7525 -0.6577
vn 0.0548 0.0963 -0.9938
vn 0.4815 -0.3434 -0.8064
vn 0.1598 -0.1929 -0.9681
vn 0.7634 -0.2798 -0.5822
vn -0.3382 -0.9091 -0.2431
vn -0.2791 -0.6011 -0.7489
vn -0.3525 -0.1529 -0.9233
vn -0.5387 -0.1533 -0.8285
vn -0.0487 -0.9301 0.3641
vn -0.0000 0.1132 -0.9936
vn 0.6565 -0.0488 -0.7527
vn -0.1019 -0.5525 -0.8273
vn -0.3904 -0.7813 -0.4870
vn -0.9194 -0.2366 -0.3142
vn -0.8249 -0.0550 -0.5626
vn -0.9658 0.0317 -0.2575
vn 0.2257 -0.4040 -0.8865
vn 0.5068 -0.8342 0.2174
vn -0.0137 -0.9810 0.1934
vn -0.9488 -0.2293 -0.2171
vn -0.8582 -0.3844 -0.3401
vn -0.9808 0.1629 -0.1074
vn -0.9892 0.0276 -0.1441
vn -0.9591 0.0036 -0.2832
vn 0.1827 -0.8810 0.4364
vn 0.2967 -0.8037 0.5159
vn -0.2886 -0.5537 -0.7811
vn 0.6386 -0.0573 -0.7674
vn -0.1162 0.8314 -0.5434
vn 0.0575 0.2073 -0.9766
vn 0.2508 -0.2680 -0.9302
vn -0.0959 -0.4129 -0.9057
vn -0.7053 0.0769 -0.7047
vn -0.4003 -0.0411 -0.9155
vn -0.6493 0.1131 -0.7521
vn -0.5824 0.1825 -0.7921
vn -0.8155 0.4281 -0.3895
vn 0.0738 -0.3469 -0.9350
vn -0.3708 0.1680 -0.9134
vn -0.8253 0.2393 -0.5115
vn 0.4267 -0.0707 -0.9016
vn -0.8579 -0.2366 -0.4561
vn -0.7497 -0.3635 -0.5530
vn -0.5590 -0.2999 -0.7730
vn -0.3346 -0.0440 -0.9413
vn -0.4318 -0.4559 -0.7783
vn -0.6083 -0.4297 -0.6673
vn -0.2870 -0.1856 -0.9398
vn -0.6094 -0.4951 -0.6193
vn 0.1873 -0.4886 -0.8522
vn -0.0000 0.7443 0.6678
vn -0.0000 0.7876 0.6161
vn 0.6111 0.6512 -0.4500
vn 0.7477 0.5621 -0.3535
vn 0.8073 -0.2686 -0.5255
vn 0.9625 0.2411 -0.1244
vn 0.8493 0.0195 -0.5275
vn -0.0000 0.8348 0.5506
vn 0.5170 0.5498 -0.6561
vn 0.8499 0.4942 -0.1830
vn 0.5258 0.4869 -0.6975
vn 0.5285 0.6330 -0.5656
vn 0.7456 0.4861 0.4558
vn 0.7345 0.4446 0.5127
vn 0.8361 0.3642 0.4103
vn -0.0000 0.8564 0.5164
vn -0.0000 0.8877 0.4604
vn -0.8908 0.4401 0.1125
vn -0.9574 0.2790 0.0737
vn -0.8887 0.3836 0.2511
vn -0.8682 0.4763 -0.1389
vn 0.5433 0.7682 -0.3386
vn 0.7744 0.3359 -0.5362
vn -0.7744 0.6327 -0.0075
vn -0.8920 0.1100 -0.4384
vn 0.0331 -0.7844 -0.6194
vn -0.1599 -0.8107 -0.5631
vn 0.8178 0.5658 0.1056
vn 0.5828 0.6854 -0.4366
vn 0.6549 0.3544 -0.6674
vn 0.5853 0.3609 -0.7261
vn -0.0000 -0.9483 -0.3174
vn -0.0000 -0.9347 -0.3554
vn -0.0373 -0.0038 -0.9993
vn 0.6132 0.6080 -0.5043
vn 0.5276 0.1991 -0.8258
vn 0.3595 -0.3719 -0.8558
vn 0.8676 0.4932 0.0639
vn 0.0849 0.8144 -0.5741
vn -0.5851 -0.4229 -0.6919
vn -0.3521 -0.5773 -0.7367
vn 0.0095 0.5296 -0.8482
vn 0.4587 0.8147 -0.3549
vn 0.3811 0.7979 -0.4670
vn -0.3005 -0.8973 0.3234
vn 0.4754 -0.8588 0.1908
vn -0.2313 -0.9671 -0.1062
vn 0.9348 -0.3552 0.0016
vn 0.9046 0.2137 -0.3688
vn -0.0685 -0.0748 -0.9948
vn 0.5562 -0.5150 -0.6523
vn 0.3487 -0.7693 -0.5354
vn 0.4117 -0.7277 -0.5486
vn -0.5249 -0.2194 -0.8224
vn 0.0389 0.4965 -0.8671
vn 0.8703 -0.2890 0.3987
vn 0.9474 0.0624 0.3138
vn 0.9852 0.0517 -0.1633
vn 0.9695 -0.0630 0.2370
vn 0.9673 -0.2432 0.0726
vn 0.9129 -0.2290 -0.3380
vn -0.7394 -0.3766 -0.5581
vn -0.1588 -0.3481 -0.9239
vn -0.1089 0.3660 -0.9242
vn -0.2857 -0.0823 -0.9548
vn 0.4884 -0.2511 -0.8358
vn 0.8731 0.0084 0.4874
vn 0.8976 0.0351 0.4393
vn -0.0000 -0.1881 0.9822
vn -0.0000 -0.0950 0.9955
vn 0.8805 0.0189 -0.4736
vn -0.0000 0.2355 0.9719
vn -0.9935 0.0723 -0.0876
vn -0.9354 0.3523 -0.0306
vn 0.6145 0.3584 -0.7028
vn 0.8466 0.0932 0.5240
vn 0.8174 -0.5700 -0.0834
vn -0.9240 0.0150 -0.3820
vn -0.9538 -0.0521 -0.2959
vn -0.9183 0.2980 -0.2608
vn -0.6734 0.2757 -0.6859
vn -0.7191 -0.3919 -0.5738
vn -0.0804 -0.8011 -0.5931
vn 0.2129 -0.6354 -0.7422
vn -0.0000 0.4929 0.8701
vn -0.0000 0.5087 0.8609
vn 0.9381 -0.3463 -0.0011
vn 0.9487 -0.1481 -0.2793
vn 0.8003 -0.2265 -0.5551
vn 0.2341 -0.2390 -0.9424
vn -0.1266 -0.4594 -0.8791
vn -0.4006 -0.4635 -0.7904
vn 0.0501 -0.4693 -0.8816
vn 0.8746 -0.4578 0.1595
vn 0.5135 -0.8460 0.1436
vn 0.7347 -0.6767 -0.0477
vn 0.1195 -0.9869 -0.1084
vn 0.4169 -0.8736 -0.2511
vn 0.0604 -0.5864 -0.8078
vn 0.0249 -0.6433 -0.7652
vn 0.8527 -0.5199 0.0508
vn 0.9830 -0.1772 -0.0488
vn 0.9802 -0.1895 0.0579
vn 0.9024 -0.4007 -0.1584
vn 0.4851 -0.6583 -0.5755
vn 0.8867 -0.2471 -0.3908
vn 0.3328 -0.6947 -0.6376
vn 0.7681 -0.5792 0.2729
vn 0.6677 -0.6675 0.3296
vn 0.6013 -0.7648 0.2314
vn -0.9086 -0.4034 0.1086
vn -0.7990 -0.5329 0.2787
vn -0.8299 -0.3547 0.4306
vn -0.7200 -0.6787 0.1452
vn 0.5101 -0.8169 -0.2692
vn 0.2721 0.3800 -0.8841
vn 0.3513 -0.5705 -0.7424
vn 0.3241 -0.6639 -0.6740
vn -0.0000 0.5532 0.8331
vn 0.3197 0.4687 -0.8235
vn -0.3998 -0.0056 -0.9166
vn 0.7482 -0.5992 -0.2848
vn 0.2777 -0.8754 -0.3956
vn -0.8378 0.4211 -0.3475
vn -0.9381 0.3271 0.1140
vn 0.5914 -0.7945 0.1375
vn 0.8698 -0.1916 0.4546
vn 0.3572 -0.5784 0.7334
vn -0.6425 -0.5010 -0.5799
vn -0.7946 -0.4779 -0.3744
vn -0.4553 -0.6108 -0.6478
vn 0.3375 -0.1384 0.9311
vn 0.7751 -0.4344 0.4589
vn -0.5873 -0.4198 -0.6919
vn 0.8846 0.4424 0.1477
vn 0.8769 -0.4480 -0.1745
vn 0.9992 -0.0261 0.0289
vn 0.8829 0.3854 -0.2684
vn 0.9530 0.1223 -0.2773
vn 0.5700 0.5680 -0.5936
vn 0.1162 0.9035 -0.4125
vn 0.7257 0.5851 -0.3619
vn 0.6704 -0.1399 -0.7287
vn 0.8058 -0.2131 -0.5526
vn 0.7385 -0.0051 -0.6742
vn 0.8809 0.3191 -0.3497
vn 0.9152 0.0522 -0.3995
vn 0.9293 0.0130 -0.3690
vn 0.8461 0.4956 0.1964
vn 0.8798 0.3558 0.3152
vn 0.8780 0.2365 -0.4162
vn 0.7960 0.5617 0.2255
vn 0.7019 -0.4348 -0.5641
vn 0.9097 0.4061 -0.0863
vn 0.4325 -0.2678 -0.8609
vn 0.2945 -0.8344 -0.4659
vn -0.4139 -0.7158 -0.5624
vn 0.9323 0.1889 -0.3085
vn 0.2262 -0.6767 -0.7006
vn -0.0000 0.6882 0.7256
vn -0.0000 0.7138 0.7004
vn 0.8184 0.0415 0.5732
vn 0.7107 -0.1540 0.6865
vn 0.8530 -0.3054 0.4233
vn 0.8460 -0.0325 0.5322
vn -0.1769 0.0866 -0.9804
vn -0.6857 -0.1260 -0.7168
vn 0.3744 0.5832 -0.7209
vn 0.6833 0.7228 -0.1032
vn 0.6323 0.4369 -0.6398
vn 0.8506 0.1354 -0.5081
vn 0.6931 0.6202 -0.3674
vn 0.4948 0.2293 -0.8382
vn 0.8633 -0.5046 0.0018
vn 0.7401 -0.5608 0.3711
vn 0.5582 -0.4326 0.7080
vn 0.2479 -0.8406 0.4817
vn 0.2430 -0.9624 0.1212
vn 0.7403 -0.5632 -0.3671
vn 0.7279 -0.6848 -0.0337
vn 0.0591 -0.9673 -0.2468
vn -0.3298 -0.8123 -0.4810
vn -0.2921 -0.9553 0.0451
vn -0.4212 -0.8808 0.2161
vn 0.5335 -0.8433 -0.0643
vn 0.4799 -0.8146 -0.3258
vn 0.7883 0.2312 0.5702
vn 0.0468 -0.9760 -0.2128
vn 0.1507 -0.7819 -0.6049
vn -0.3296 -0.7567 -0.5645
vn 0.5027 -0.5406 -0.6746
vn 0.7801 0.5449 -0.3075
vn 0.2446 -0.5740 -0.7815
vn 0.1916 -0.8597 -0.4735
vn 0.9067 -0.1343 -0.3997
vn 0.7466 0.2116 -0.6307
vn 0.8121 -0.0272 -0.5829
vn 0.7622 -0.3198 -0.5629
vn 0.7494 0.3552 0.5587
vn -0.8944 0.1442 -0.4234
vn -0.8018 0.1338 -0.5825
vn -0.8470 -0.1926 -0.4955
vn 0.1171 -0.8777 0.4646
vn 0.6227 -0.7655 0.1620
vn 0.6563 -0.5607 -0.5048
vn 0.6252 0.2230 -0.7480
vn 0.3829 -0.9207 0.0758
vn -0.0741 -0.3413 0.9370
vn 0.0295 -0.7715 0.6355
vn 0.6445 -0.3412 -0.6843
vn -0.4234 -0.4543 0.7837
vn 0.3351 -0.3039 0.8918
vn -0.2236 -0.3214 0.9202
vn 0.9022 -0.3943 0.1745
vn -0.3821 -0.6971 0.6067
vn 0.0681 -0.6894 -0.7212
vn 0.2180 -0.9279 0.3024
vn 0.9334 -0.1086 -0.3420
vn 0.9075 -0.3808 -0.1771
vn -0.8703 0.3985 -0.2893
vn 0.8541 -0.4544 -0.2530
vn -0.8499 0.3952 -0.3487
vn -0.9045 0.3854 -0.1825
vn -0.8124 -0.4171 -0.4075
vn -0.6517 0.7466 0.1339
vn -0.7693 0.5864 0.2536
vn -0.7854 0.5661 0.2505
vn 0.4732 -0.6976 -0.5380
vn 0.6988 0.5665 0.4367
vn -0.5687 0.0239 -0.8222
vn 0.0655 -0.9779 -0.1985
vn 0.0634 -0.7886 -0.6117
vn 0.2799 -0.3686 -0.8864
vn 0.4516 -0.7655 -0.4583
vn 0.5145 -0.8440 -0.1514
vn 0.8285 -0.4210 -0.3693
vn -0.7854 0.5941 -0.1737
vn 0.5027 -0.8060 -0.3126
vn 0.2413 -0.7651 0.5969
vn 0.8518 -0.5078 -0.1288
vn -0.4557 -0.7495 -0.4802
vn -0.3643 -0.8436 -0.3945
vn -0.0248 -0.9401 -0.3399
vn -0.7454 -0.5635 -0.3562
vn 0.7334 0.5888 0.3396
vn 0.2914 -0.8797 -0.3757
vn 0.4202 -0.4779 -0.7714
vn 0.2778 -0.3556 -0.8924
vn -0.3120 -0.9294 0.1969
vn -0.6091 -0.6799 -0.4083
vn -0.5692 -0.8159 -0.1013
vn -0.2104 -0.8535 0.4767
vn 0.2794 -0.3436 -0.8966
vn -0.6580 -0.5931 -0.4640
vn -0.1674 -0.2869 -0.9432
vn 0.4075 -0.8103 -0.4211
vn -0.7506 0.2488 -0.6121
vn -0.5087 0.3139 -0.8017
vn 0.8205 0.5547 0.1385
vn 0.4342 0.8728 -0.2227
vn 0.7673 0.6217 0.1573
vn 0.8921 -0.2358 -0.3854
vn 0.6136 -0.6976 -0.3700
vn 0.2663 -0.5545 -0.7884
vn -0.8023 -0.4905 -0.3402
vn -0.7307 -0.3344 -0.5952
vn 0.9211 0.2420 -0.3051
vn 0.9959 -0.0022 -0.0900
vn -0.4166 0.0393 -0.9083
vn -0.2335 -0.1187 -0.9651
vn 0.2304 0.5176 -0.8240
vn 0.2717 -0.2190 0.9371
vn 0.9278 0.3691 -0.0534
vn 0.2616 0.9643 0.0419
vn 0.1819 0.9752 0.1258
vn -0.5703 -0.6071 -0.5534
vn 0.4545 -0.3724 0.8092
vn 0.6868 -0.0197 0.7266
vn 0.4839 -0.2166 0.8479
vn -0.3699 -0.8540 0.3658
vn -0.8141 -0.5754 -0.0781
vn -0.4457 -0.8809 0.1594
vn -0.7196 -0.6602 -0.2153
vn 0.7417 0.1365 0.6567
vn 0.6738 0.2954 0.6773
vn -0.7861 -0.6160 -0.0506
vn -0.8670 -0.4506 0.2129
vn 0.8432 -0.4911 -0.2188
vn -0.8672 -0.4810 -0.1286
vn -0.6384 0.2854 -0.7149
vn -0.4416 0.4518 -0.7752
vn 0.6461 0.4662 0.6043
vn 0.6341 0.5753 0.5167
vn 0.6633 -0.3040 -0.6838
vn 0.5850 -0.7997 -0.1351
vn 0.1006 -0.9949 -0.0083
vn 0.3395 -0.7214 -0.6036
vn -0.1339 -0.9887 -0.0673
vn -0.6547 -0.3735 0.6572
vn 0.8255 -0.2911 -0.4836
vn -0.1247 0.7419 -0.6588
vn -0.5158 0.6198 -0.5915
vn 0.3043 -0.9016 0.3075
vn -0.7565 -0.1430 0.6382
vn -0.6310 -0.5612 -0.5356
vn 0.5168 -0.2391 -0.8220
vn 0.7219 -0.1876 -0.6661
vn -0.1969 -0.4708 -0.8600
vn -0.9110 -0.2654 -0.3157
vn -0.8829 -0.3967 -0.2512
vn -0.2196 -0.8319 -0.5097
vn -0.1174 -0.3639 -0.9240
vn -0.3202 -0.6085 -0.7261
vn -0.2127 -0.6139 -0.7601
vn -0.4141 -0.5756 -0.7051
vn -0.3450 -0.3918 -0.8529
vn 0.3662 -0.9270 -0.0805
vn -0.1870 -0.9804 0.0625
vn 0.5001 -0.6661 -0.5534
vn 0.0118 -0.8047 -0.5936
vn -0.0974 0.9351 -0.3407
vn 0.4530 -0.7946 -0.4043
vn 0.1133 -0.7365 -0.6668
vn -0.9244 -0.1225 -0.3613
vn -0.8091 -0.0595 -0.5846
vn -0.7339 -0.6684 -0.1210
vn 0.6589 -0.7079 -0.2544
vn -0.0384 -0.7550 -0.6546
vn -0.2103 -0.3441 -0.9151
vn -0.5764 0.0444 -0.8160
vn 0.1260 -0.5296 -0.8389
vn -0.2931 -0.8020 -0.5205
vn -0.2032 -0.4191 -0.8849
vn -0.5149 0.8522 0.0934
vn 0.4613 -0.8558 -0.2343
vn 0.5532 -0.7694 -0.3194
vn -0.7036 -0.5911 -0.3944
vn -0.7057 0.6691 0.2330
vn -0.6103 0.7908 -0.0466
vn 0.6572 0.6303 0.4134
vn 0.4518 -0.8499 -0.2712
vn 0.0696 -0.8310 -0.5520
vn -0.3939 -0.5875 -0.7068
vn 0.2103 -0.9310 -0.2983
vn 0.1033 -0.8454 -0.5241
vn -0.4177 -0.3308 -0.8462
vn -0.4533 0.3321 -0.8272
vn -0.5967 0.5263 -0.6058
vn -0.2612 -0.7545 -0.6021
vn -0.7468 0.1622 -0.6450
vn -0.6255 -0.6401 -0.4461
vn 0.6998 0.7031 -0.1262
vn 0.7330 0.6318 0.2520
vn 0.1373 -0.9536 -0.2678
vn 0.0558 0.9672 -0.2478
vn -0.2548 0.9558 0.1469
vn -0.1621 0.9856 0.0476
vn 0.7541 0.4491 -0.4792
vn 0.2896 0.9451 -0.1512
vn 0.7567 0.5348 -0.3760
vn 0.1616 0.6017 -0.7822
vn 0.5223 0.6191 -0.5865
vn 0.4568 -0.3275 -0.8271
vn 0.7531 0.6153 -0.2330
vn 0.8930 0.0180 -0.4497
vn 0.9459 0.3198 0.0547
vn 0.8900 0.1633 -0.4257
vn 0.9279 0.3549 0.1143
vn 0.7123 0.6406 0.2868
vn 0.8227 -0.4172 -0.3861
vn 0.8548 -0.1313 -0.5021
vn 0.3864 0.8798 -0.2769
vn 0.7011 0.5774 -0.4185
vn 0.3181 0.6267 -0.7114
vn -0.2132 0.2606 -0.9416
vn 0.6524 0.7174 0.2442
vn 0.7253 0.6881 0.0224
vn 0.6244 0.7667 0.1493
vn -0.4013 -0.7437 -0.5347
vn -0.4078 -0.5575 -0.7231
vn -0.3295 -0.0479 -0.9429
vn -0.3701 -0.1122 -0.9222
vn 0.5508 -0.8290 -0.0964
vn 0.5634 -0.3635 -0.7419
vn 0.5621 -0.5106 -0.6507
vn 0.0464 -0.9753 -0.2159
vn 0.0473 -0.9864 -0.1574
vn -0.2969 -0.8607 -0.4136
vn -0.0395 -0.0540 -0.9978
vn 0.4873 -0.0627 0.8710
vn 0.1889 -0.6355 0.7487
vn 0.3061 -0.4210 0.8539
vn 0.5768 -0.0230 0.8165
vn 0.6275 0.6959 0.3492
vn -0.5725 0.0375 -0.8191
vn -0.3476 0.9147 -0.2060
vn -0.5407 -0.7374 -0.4049
vn -0.7674 -0.5402 -0.3454
vn -0.7536 0.2572 -0.6049
vn -0.6585 0.5566 -0.5066
vn -0.8012 0.1053 -0.5891
vn -0.6854 -0.0334 -0.7274
vn -0.6823 -0.7220 -0.1149
vn -0.4794 -0.8745 -0.0741
vn -0.2841 0.6702 -0.6856
vn -0.4723 0.4142 -0.7781
vn -0.3110 0.5954 -0.7408
vn -0.4771 0.6033 -0.6390
vn -0.6415 -0.6158 0.4575
vn -0.4774 -0.7917 0.3811
vn -0.2366 0.4914 -0.8382
vn -0.0979 0.5571 -0.8247
vn -0.1293 0.8120 -0.5692
vn -0.3146 0.6464 -0.6951
vn -0.3638 -0.4342 0.8241
vn -0.0228 -0.8019 0.5970
vn 0.1784 -0.7234 0.6669
vn -0.5494 -0.0650 0.8330
vn -0.6306 -0.0667 0.7732
vn -0.3314 -0.3172 0.8886
vn 0.1346 -0.5470 -0.8263
vn -0.6226 -0.4127 0.6649
vn -0.6314 -0.0727 0.7720
vn -0.5526 -0.2233 0.8030
vn 0.4776 -0.2974 -0.8267
vn 0.6448 -0.4653 -0.6064
vn -0.9485 -0.2022 0.2438
vn -0.9886 -0.1488 -0.0228
vn 0.7580 -0.5041 -0.4139
vn 0.7210 -0.5468 -0.4256
vn 0.4648 -0.3853 -0.7972
vn -0.8747 -0.2216 0.4311
vn -0.9765 0.0215 -0.2146
vn 0.6884 -0.6368 -0.3472
vn 0.3222 -0.6758 -0.6629
vn 0.2595 -0.9251 -0.2772
vn 0.3920 -0.7894 -0.4724
vn -0.0840 -0.7996 -0.5946
vn 0.1735 -0.8982 -0.4039
vn -0.1156 -0.8928 -0.4354
vn -0.0604 -0.9641 -0.2587
vn 0.0304 -0.9994 -0.0165
vn 0.0684 -0.9889 -0.1323
vn 0.0063 0.9910 -0.1336
vn 0.2967 -0.9346 -0.1960
vn 0.3860 -0.9139 -0.1255
vn -0.6311 -0.6758 -0.3808
vn -0.5337 -0.4983 -0.6832
vn -0.1529 -0.3857 -0.9099
vn -0.5768 -0.5911 -0.5638
vn 0.3738 -0.3581 -0.8556
vn 0.1957 -0.5935 -0.7807
vn 0.8586 0.5118 0.0302
vn 0.9461 -0.1502 -0.2870
vn 0.9174 0.1665 -0.3616
vn 0.7016 0.7125 0.0038
vn 0.8176 0.3781 -0.4343
vn -0.0660 0.9886 -0.1355
vn 0.6000 0.7380 -0.3088
vn 0.3402 0.9038 -0.2596
vn 0.2918 0.8871 -0.3576
vn 0.7792 0.6267 -0.0063
vn 0.3161 -0.5952 -0.7388
vn -0.2243 -0.9681 0.1121
vn -0.3407 -0.9271 -0.1562
vn 0.1908 -0.2230 -0.9560
vn -0.3431 0.9262 -0.1563
vn -0.5511 0.8305 -0.0808
vn -0.6779 0.2231 -0.7005
vn 0.1429 0.3974 -0.9064
vn -0.3448 0.4710 -0.8120
vn -0.5850 0.5571 -0.5894
vn -0.3871 -0.8877 -0.2494
vn -0.3025 -0.2860 -0.9092
vn -0.7330 -0.1736 -0.6577
vn -0.3686 -0.8095 -0.4570
vn -0.5247 0.0672 -0.8486
vn -0.0807 0.6436 -0.7611
vn -0.4279 0.4167 -0.8020
vn -0.4397 -0.2090 -0.8735
vn -0.0669 -0.8884 0.4542
vn 0.6478 0.1119 0.7535
vn -0.5302 -0.1143 -0.8402
vn 0.5773 0.4436 0.6856
vn -0.5803 -0.3313 -0.7440
vn -0.0524 -0.9985 -0.0182
vn -0.3766 0.8600 -0.3444
vn 0.1049 0.8639 -0.4926
vn 0.0049 0.9610 -0.2764
vn -0.1740 0.9015 -0.3963
vn -0.5178 -0.6984 0.4941
vn -0.2850 -0.9414 -0.1805
vn -0.6790 -0.0888 0.7287
vn -0.4634 -0.4792 0.7454
vn 0.2586 0.8735 -0.4124
vn 0.3342 0.8843 -0.3262
vn 0.3129 0.9060 -0.2851
vn 0.2772 0.9477 -0.1579
vn 0.1157 -0.8958 -0.4291
vn 0.4801 -0.4046 -0.7783
vn -0.6719 -0.6440 0.3657
vn 0.5733 0.6757 0.4634
vn 0.4941 -0.0994 -0.8637
vn 0.0228 0.9997 -0.0021
vn 0.0288 -0.8483 -0.5288
vn 0.3735 -0.6365 -0.6748
vn 0.5159 -0.7329 -0.4435
vn -0.3040 0.9305 -0.2044
vn 0.4545 -0.8505 -0.2646
vn 0.2481 -0.9622 0.1122
vn 0.4627 -0.8773 0.1274
vn -0.1588 0.5128 -0.8437
vn 0.5350 0.7530 0.3830
vn 0.1620 0.2106 -0.9641
vn 0.3255 -0.3417 -0.8816
vn 0.4999 0.3900 0.7733
vn 0.5349 0.0862 0.8405
vn 0.5933 0.7726 0.2260
vn 0.9733 -0.1582 -0.1661
vn 0.7768 -0.5573 -0.2933
vn 0.7757 -0.6080 -0.1692
vn -0.6447 -0.4965 -0.5813
vn -0.7202 -0.2636 -0.6417
vn -0.4303 -0.3950 -0.8117
vn 0.5996 0.7959 0.0836
vn 0.8382 0.2059 -0.5050
vn 0.8301 -0.0614 -0.5542
vn 0.2371 -0.0383 -0.9707
vn 0.4836 -0.4566 -0.7468
vn 0.6714 0.1758 -0.7200
vn -0.5550 -0.5738 -0.6023
vn -0.3567 -0.4039 -0.8424
vn -0.6738 -0.0404 -0.7378
vn -0.8136 0.0617 -0.5781
vn 0.5436 0.5735 0.6128
vn 0.5381 0.6392 0.5494
vn -0.1570 0.8628 -0.4805
vn 0.1191 0.8208 -0.5587
vn -0.6090 0.4592 -0.6468
vn -0.6588 -0.4473 -0.6048
vn -0.6854 -0.2635 -0.6789
vn 0.4310 0.8815 -0.1930
vn -0.0022 0.9896 -0.1437
vn -0.6560 0.0815 -0.7503
vn -0.7876 0.3837 -0.4822
vn 0.3773 0.8769 -0.2978
vn 0.3723 0.7928 -0.4826
vn 0.7986 0.5756 -0.1760
vn 0.6128 0.6265 -0.4816
vn 0.5793 0.7918 -0.1934
vn -0.1718 0.6651 -0.7268
vn -0.5651 0.2519 -0.7856
vn -0.6689 0.5168 -0.5344
vn -0.6897 0.2318 -0.6860
vn -0.1589 0.2755 -0.9481
vn 0.2500 0.2719 -0.9293
vn -0.2660 -0.0897 -0.9598
vn -0.2045 -0.2318 -0.9510
vn 0.2958 -0.4465 -0.8445
vn -0.3743 -0.1757 -0.9105
vn 0.0815 0.2496 -0.9649
vn 0.4657 0.5561 -0.6884
vn 0.5680 0.2723 0.7767
vn 0.4392 0.2960 0.8482
vn -0.3159 -0.9092 -0.2713
vn 0.3814 -0.1484 0.9124
vn 0.3879 0.5153 0.7642
vn -0.2117 -0.9338 -0.2884
vn -0.1488 0.8186 -0.5547
vn 0.4593 0.5630 0.6871
vn -0.4098 0.2697 -0.8714
vn -0.2889 0.8951 -0.3397
vn -0.0145 0.9752 -0.2210
vn -0.0577 -0.9818 0.1808
vn -0.3924 0.1381 -0.9094
vn 0.3208 0.4296 0.8441
vn -0.3018 -0.6773 0.6710
vn 0.5746 -0.2332 -0.7845
vn 0.0533 -0.9661 -0.2524
vn 0.4484 0.6871 0.5716
vn -0.6210 -0.0228 0.7835
vn -0.7241 -0.2931 0.6243
vn -0.5223 -0.8463 -0.1046
vn 0.2222 -0.4149 -0.8823
vn 0.2620 -0.7777 -0.5714
vn -0.6678 -0.3740 0.6435
vn -0.5096 0.8581 -0.0628
vn 0.3544 -0.1787 -0.9179
vn 0.4539 -0.8451 -0.2824
vn 0.3278 -0.3025 -0.8950
vn 0.2822 -0.3013 -0.9108
vn 0.3383 -0.4934 -0.8013
vn 0.4592 -0.8663 0.1965
vn 0.4945 -0.8546 0.1587
vn 0.5641 -0.7816 -0.2660
vn 0.3687 -0.9274 -0.0630
vn 0.3330 -0.8033 -0.4937
vn 0.3351 -0.7988 -0.4997
vn 0.2824 -0.8033 -0.5244
vn 0.3255 -0.4804 -0.8144
vn -0.4652 0.8571 -0.2214
vn 0.3717 -0.6042 -0.7048
vn -0.5134 -0.5555 -0.6541
vn -0.4949 -0.7790 -0.3851
vn -0.4365 -0.2057 -0.8759
vn -0.1608 -0.3327 -0.9292
vn 0.0024 -0.2295 -0.9733
vn -0.3150 -0.0117 -0.9490
vn 0.1329 -0.6753 0.7254
vn 0.4605 -0.1783 -0.8696
vn -0.3670 -0.5379 -0.7589
vn 0.6837 0.6404 -0.3499
vn 0.6004 0.7756 0.1947
vn 0.2333 -0.0144 -0.9723
vn 0.7289 0.4786 -0.4895
vn -0.0673 -0.6958 -0.7151
vn 0.4155 -0.4463 -0.7926
vn 0.4820 -0.0693 -0.8734
vn 0.7000 0.7132 -0.0368
vn 0.5278 0.8354 -0.1534
vn 0.6676 0.5240 -0.5289
vn 0.2689 -0.3083 -0.9125
vn 0.1638 -0.6928 -0.7023
vn 0.1481 0.3527 -0.9240
vn 0.4948 0.8375 0.2319
vn 0.4831 0.8152 -0.3196
vn 0.3004 0.2859 0.9100
vn 0.2680 0.0867 0.9595
vn 0.4036 0.1028 0.9091
vn 0.3444 -0.3765 0.8600
vn 0.2098 -0.5368 0.8172
vn -0.3892 0.5490 -0.7396
vn -0.4528 -0.8578 -0.2430
vn 0.1602 -0.4355 0.8858
vn -0.2785 -0.6107 0.7413
vn -0.3483 0.9157 -0.2006
vn -0.2067 -0.8810 0.4256
vn 0.2697 -0.3342 0.9031
vn -0.5373 -0.7435 -0.3982
vn -0.3772 -0.8233 -0.4241
vn -0.5953 0.8033 0.0202
vn -0.0396 0.9793 -0.1985
vn -0.4176 -0.6807 -0.6019
vn -0.7771 -0.6261 -0.0640
vn 0.4521 0.7441 0.4918
vn -0.5186 -0.7856 0.3375
vn -0.4335 -0.6014 -0.6711
vn -0.1873 -0.4247 -0.8857
vn 0.4039 -0.9071 -0.1183
vn 0.4389 -0.7842 -0.4387
vn -0.3263 -0.7496 -0.5759
vn -0.6405 -0.6451 0.4167
vn -0.2858 -0.8676 0.4069
vn 0.4637 -0.8860 -0.0085
vn 0.5070 -0.8612 0.0352
vn 0.3175 -0.8471 -0.4261
vn 0.1998 0.7450 -0.6364
vn 0.7609 -0.2058 -0.6154
vn 0.3520 -0.8918 -0.2841
vn 0.4506 0.0922 -0.8879
vn -0.1027 0.8688 -0.4843
vn -0.2707 0.8594 -0.4339
vn 0.4926 -0.8685 0.0556
vn -0.4281 0.7628 -0.4846
vn -0.2843 -0.2876 -0.9146
vn -0.4335 -0.0055 -0.9012
vn 0.0370 0.4166 -0.9083
vn 0.4481 -0.7376 -0.5051
vn -0.0133 -0.9778 -0.2089
vn 0.3015 -0.9530 0.0290
vn 0.0289 -0.9453 -0.3250
vn 0.0225 -0.6832 -0.7298
vn 0.5693 -0.2308 -0.7890
vn 0.1961 -0.1141 -0.9739
vn -0.0415 -0.7700 -0.6367
vn -0.3838 -0.7841 -0.4877
vn 0.3495 -0.5954 -0.7235
vn 0.0914 -0.8033 -0.5886
vn -0.2203 -0.8672 -0.4465
vn -0.0923 -0.8355 -0.5417
vn -0.0625 0.3259 -0.9433
vn 0.6731 0.3798 -0.6346
vn 0.4455 0.8370 0.3178
vn 0.5857 0.8094 -0.0416
vn 0.4972 0.8395 0.2192
vn 0.4034 -0.6302 -0.6634
vn 0.6754 -0.3417 -0.6535
vn 0.2949 -0.0758 0.9525
vn 0.3768 -0.6457 0.6641
vn 0.4403 -0.0196 -0.8976
vn 0.1112 -0.5229 -0.8451
vn 0.7299 0.6821 -0.0443
vn 0.3771 0.8738 -0.3069
vn 0.4667 0.4566 -0.7574
vn 0.0116 -0.1603 -0.9870
vn -0.0783 0.1958 -0.9775
vn 0.3759 -0.0780 -0.9234
vn 0.0900 0.2559 -0.9625
vn -0.0122 0.4138 -0.9103
vn 0.3191 -0.9401 -0.1199
vn -0.1312 -0.9862 0.1013
vn -0.3955 0.3991 -0.8272
vn -0.3258 0.5885 -0.7400
vn -0.5169 -0.8492 -0.1078
vn 0.0839 -0.4707 0.8783
vn -0.4910 -0.5059 0.7093
vn -0.2148 -0.5508 0.8065
vn -0.2963 -0.6994 0.6505
vn 0.2942 -0.8851 -0.3605
vn 0.1826 -0.9830 0.0172
vn -0.0977 -0.9793 -0.1773
vn -0.3455 -0.8749 0.3395
vn 0.4036 -0.9148 0.0158
vn 0.5465 -0.7372 -0.3975
vn 0.0515 -0.9698 -0.2385
vn -0.0390 -0.8122 0.5821
vn 0.3480 -0.8717 0.3451
vn -0.2727 0.8715 -0.4075
vn 0.2708 -0.9466 -0.1752
vn 0.3824 0.6506 0.6561
vn 0.3562 0.6047 0.7123
vn 0.0680 0.9425 -0.3274
vn 0.1869 0.8917 -0.4122
vn -0.0159 0.8994 -0.4369
vn -0.4982 0.2378 -0.8338
vn -0.0177 0.9203 -0.3907
vn -0.0616 0.9223 -0.3814
vn 0.3962 0.8099 0.4326
vn 0.0436 -0.9289 -0.3677
vn 0.4428 -0.7817 -0.4391
vn 0.1551 -0.9853 -0.0715
vn 0.1514 -0.9832 -0.1022
vn 0.2612 -0.8103 -0.5246
vn -0.0821 -0.8182 -0.5691
vn 0.6103 -0.6412 -0.4652
vn 0.2032 -0.7301 -0.6524
vn 0.3158 -0.7161 -0.6225
vn -0.5456 -0.2321 -0.8053
vn -0.3365 -0.8247 -0.4547
vn 0.4701 0.8684 0.1577
vn -0.1328 -0.7147 -0.6867
vn 0.3003 -0.0637 -0.9517
vn 0.3173 0.4632 -0.8275
vn 0.6522 0.3791 -0.6564
vn 0.5214 0.3846 -0.7618
vn 0.8905 0.2234 -0.3964
vn 0.3814 -0.2892 -0.8780
vn -0.3144 -0.6730 -0.6695
vn -0.0019 -0.5193 -0.8546
vn 0.8981 0.0451 -0.4374
vn 0.1933 0.8460 -0.4968
vn -0.1563 0.3108 -0.9375
vn 0.5931 0.7045 -0.3898
vn 0.5006 0.4263 -0.7535
vn 0.7782 0.6226 -0.0827
vn 0.9527 0.1655 -0.2548
vn 0.4810 0.8075 -0.3415
vn 0.8624 0.3778 -0.3368
vn 0.7054 0.0915 -0.7029
vn 0.2297 0.3254 -0.9172
vn -0.2343 0.5604 -0.7944
vn 0.4546 -0.5265 0.7185
vn 0.2498 -0.3690 0.8952
vn 0.4917 -0.7225 0.4860
vn 0.4421 -0.8970 -0.0050
vn 0.3736 -0.8983 0.2311
vn 0.2198 0.4950 0.8406
vn 0.2240 0.5822 0.7816
vn 0.2837 -0.9583 -0.0334
vn 0.2957 0.8986 -0.3242
vn -0.0752 0.3706 -0.9258
vn 0.4619 0.6091 -0.6447
vn 0.2388 0.6433 0.7274
vn 0.3756 0.9267 -0.0072
vn -0.2043 0.9468 -0.2488
vn -0.0685 0.9952 -0.0706
vn 0.3342 0.7645 0.5512
vn 0.3157 0.7123 0.6269
vn -0.3881 -0.7419 -0.5468
vn 0.2820 -0.9511 -0.1260
vn 0.3797 -0.5740 -0.7255
vn 0.6091 -0.7700 -0.1901
vn -0.0215 -0.8205 -0.5713
vn -0.0524 -0.0381 -0.9979
vn -0.1397 0.3162 -0.9384
vn -0.4184 -0.7820 -0.4620
vn -0.2299 -0.9012 -0.3674
vn 0.2219 -0.0021 -0.9751
vn 0.1736 0.4618 -0.8699
vn -0.0989 0.8020 -0.5891
vn 0.3769 0.8909 -0.2536
vn 0.0489 0.3965 -0.9167
vn 0.2232 0.4000 -0.8889
vn -0.6956 0.6570 -0.2909
vn 0.6577 0.7460 -0.1046
vn -0.3676 0.9298 -0.0175
vn 0.4702 0.0806 -0.8789
vn 0.4938 0.8394 0.2271
vn 0.3402 0.9039 0.2592
vn 0.4629 0.8651 0.1932
vn 0.3759 0.9099 0.1756
vn 0.7646 0.6358 -0.1054
vn -0.1105 -0.5256 -0.8435
vn 0.6816 -0.1963 -0.7049
vn -0.3196 -0.7761 -0.5437
vn 0.1359 -0.5668 -0.8126
vn -0.0255 -0.7133 -0.7004
vn 0.1145 -0.5943 -0.7961
vn 0.3389 -0.1811 -0.9232
vn 0.1032 0.3240 0.9404
vn 0.1512 0.1766 0.9726
vn 0.1913 0.3507 0.9167
vn 0.1439 0.0417 0.9887
vn 0.3029 -0.5485 0.7793
vn -0.2627 0.1235 -0.9569
vn 0.1191 0.4535 0.8833
vn 0.1739 -0.9551 -0.2399
vn -0.4800 0.5582 -0.6768
vn -0.4739 0.7143 -0.5149
vn -0.4795 0.8623 -0.1629
vn 0.4205 -0.8957 0.1445
vn 0.4730 -0.8773 -0.0816
vn 0.1994 0.7089 0.6766
vn 0.1715 -0.8741 -0.4545
vn 0.2797 -0.9097 0.3069
vn 0.2225 0.7965 0.5622
vn -0.2490 0.9108 -0.3294
vn 0.3416 0.8667 0.3635
vn -0.0545 0.9151 -0.3996
vn 0.0753 0.6890 -0.7208
vn 0.1327 0.7005 -0.7012
vn 0.8197 0.1954 -0.5384
vn 0.6419 0.6576 -0.3944
vn 0.1913 0.9611 -0.1991
vn -0.3282 -0.7175 -0.6144
vn 0.3211 0.5479 -0.7724
vn -0.6417 -0.2356 -0.7299
vn -0.4602 -0.6551 -0.5992
vn -0.5335 0.4871 -0.6915
vn -0.8573 -0.3429 -0.3839
vn 0.1844 0.9797 -0.0780
vn -0.5396 0.7464 -0.3895
vn -0.6846 0.1667 -0.7096
vn 0.2230 0.5867 -0.7785
vn 0.1338 -0.3306 -0.9342
vn 0.7367 0.1086 -0.6674
vn -0.3469 0.6481 -0.6780
vn -0.2221 0.1547 -0.9627
vn -0.5448 -0.3068 -0.7804
vn 0.7081 -0.0101 -0.7061
vn -0.9066 -0.2306 -0.3533
vn -0.9819 0.1835 -0.0466
vn 0.4761 0.2682 -0.8375
vn 0.0291 -0.6835 -0.7294
vn 0.9936 -0.1028 -0.0475
vn 0.9892 -0.0252 -0.1441
vn 0.9735 -0.2284 0.0054
vn 0.9627 -0.1643 0.2148
vn 0.9227 -0.3842 0.0331
vn 0.0541 0.0820 0.9952
vn 0.0190 0.1762 0.9842
vn -0.0834 0.0183 -0.9964
vn -0.2265 -0.1109 -0.9677
vn -0.0682 -0.7778 -0.6248
vn -0.0057 -0.9234 -0.3838
vn 0.0285 0.3415 0.9394
vn 0.3083 -0.9073 -0.2858
vn 0.0383 -0.9690 -0.2441
vn 0.1901 -0.9573 -0.2176
vn 0.3635 -0.9289 0.0714
vn 0.2233 -0.8790 -0.4214
vn 0.4462 -0.8943 -0.0324
vn 0.6532 -0.7473 0.1218
vn -0.3397 0.3322 -0.8799
vn -0.2372 0.5443 -0.8047
vn -0.4828 0.7638 -0.4284
vn 0.6645 -0.7473 -0.0011
vn 0.1227 0.6090 0.7836
vn 0.1098 0.5268 0.8428
vn 0.6419 -0.7647 0.0566
vn 0.5282 -0.7202 -0.4499
vn -0.7133 0.6905 -0.1198
vn -0.5662 0.8067 -0.1693
vn -0.1061 0.3531 -0.9296
vn -0.3952 0.8494 -0.3498
vn -0.4428 0.8144 -0.3751
vn 0.2530 0.8425 0.4755
vn -0.4152 0.8483 -0.3285
vn -0.0758 -0.3554 -0.9316
vn -0.2014 -0.1910 -0.9607
vn 0.1821 0.9447 0.2728
vn 0.2163 0.8998 0.3788
vn -0.2989 0.6007 -0.7415
vn -0.1491 0.8654 -0.4784
vn 0.5964 -0.8026 0.0107
vn -0.4803 -0.6136 -0.6268
vn -0.8087 -0.1784 -0.5605
vn -0.0263 0.8947 -0.4458
vn -0.2803 -0.7704 -0.5726
vn 0.0308 -0.3660 -0.9301
vn -0.2915 -0.2936 -0.9104
vn -0.2756 -0.8225 -0.4976
vn 0.6701 -0.0108 -0.7422
vn 0.8069 0.5565 -0.1982
vn 0.2538 0.9665 0.0374
vn 0.2388 0.6874 -0.6859
vn 0.6981 0.4194 -0.5803
vn 0.7764 -0.5530 0.3023
vn 0.8559 -0.5169 0.0159
vn -0.1583 -0.7705 -0.6175
vn 0.9311 -0.2904 0.2206
vn 0.4798 0.3376 -0.8098
vn 0.4104 0.8824 -0.2301
vn 0.4128 -0.5687 0.7115
vn 0.4924 -0.8096 0.3194
vn -0.0906 -0.4980 -0.8624
vn -0.0952 -0.4160 -0.9044
vn 0.5547 -0.4707 0.6861
vn 0.3475 -0.4226 0.8370
vn -0.0921 0.1636 -0.9822
vn -0.2656 0.6904 -0.6729
vn 0.9417 -0.2723 0.1976
vn 0.0198 0.4476 -0.8940
vn -0.3329 0.8434 -0.4217
vn 0.5385 -0.8228 -0.1819
vn 0.5443 -0.8314 0.1116
vn -0.6059 0.7553 -0.2500
vn -0.4922 0.8563 -0.1562
vn 0.1558 0.8553 0.4941
vn -0.9848 -0.1424 -0.0995
vn -0.7980 -0.3171 -0.5126
vn -0.9666 -0.2520 0.0475
vn -0.1351 0.1990 -0.9706
vn -0.3957 0.3252 -0.8589
vn -0.0163 -0.0111 -0.9998
vn 0.2488 -0.7841 -0.5686
vn -0.4764 0.7807 -0.4043
vn -0.3388 0.7964 -0.5009
vn -0.2578 0.1000 -0.9610
vn -0.1281 -0.8987 -0.4195
vn -0.4444 -0.6200 -0.6467
vn -0.3789 -0.8190 -0.4310
vn -0.2286 -0.6447 -0.7295
vn -0.1004 0.9864 -0.1303
vn 0.0168 0.9989 0.0444
vn 0.1523 0.9544 -0.2568
vn -0.7533 0.3447 -0.5601
vn -0.1713 0.1956 -0.9656
vn -0.6465 -0.3299 -0.6879
vn -0.9173 0.0411 -0.3961
vn -0.9108 0.3850 -0.1489
vn -0.7862 0.4800 -0.3893
vn -0.1837 -0.2681 -0.9457
vn -0.0114 -0.6099 -0.7924
vn 0.1696 -0.0604 -0.9837
vn -0.2847 0.9551 0.0825
vn -0.1508 0.8901 -0.4300
vn -0.3188 0.2411 -0.9166
vn -0.2060 0.7442 -0.6354
vn 0.5361 -0.7469 0.3934
vn 0.5434 -0.6252 0.5603
vn 0.1714 -0.9806 -0.0953
vn 0.2893 -0.7525 0.5916
vn -0.0314 -0.9150 0.4021
vn -0.6461 -0.7160 -0.2643
vn 0.4144 -0.2431 0.8770
vn 0.1562 -0.2229 0.9622
vn 0.2322 -0.0108 -0.9726
vn 0.0417 -0.2006 -0.9788
vn 0.2428 -0.4075 -0.8803
vn 0.2132 0.2064 -0.9550
vn 0.0216 0.4640 0.8856
vn -0.4323 -0.8031 -0.4101
vn -0.6101 -0.7126 0.3464
vn -0.0713 0.6314 -0.7722
vn 0.5013 -0.5346 0.6804
vn 0.4326 -0.8316 0.3483
vn 0.2504 -0.5049 0.8261
vn 0.7590 -0.5489 0.3502
vn 0.7940 -0.4102 0.4487
vn 0.3299 -0.8594 0.3907
vn 0.6665 -0.5422 0.5116
vn 0.0744 -0.6239 -0.7779
vn 0.0976 -0.5072 -0.8563
vn -0.2110 -0.4935 0.8438
vn 0.4359 -0.3599 0.8249
vn 0.9386 -0.1524 0.3094
vn 0.2921 -0.4222 0.8581
vn 0.1005 -0.5579 0.8238
vn 0.4744 -0.6649 0.5769
vn -0.4533 -0.0930 0.8865
vn 0.1717 -0.9295 0.3263
vn -0.5382 -0.6816 0.4958
vn -0.2681 -0.3615 0.8930
vn -0.2553 -0.8338 0.4894
vn -0.6311 -0.5785 0.5168
vn -0.5808 -0.8117 0.0621
vn -0.3507 -0.4168 0.8386
vn -0.0114 -0.5492 0.8356
vn 0.2406 -0.6529 0.7182
vn 0.7210 -0.6929 -0.0083
vn 0.9057 -0.2110 0.3676
vn -0.9119 -0.3890 -0.1307
vn -0.7881 -0.5882 -0.1812
vn -0.2745 -0.6845 -0.6753
vn 0.8846 -0.3897 -0.2562
vn 0.5112 -0.8594 0.0047
vn -0.5539 -0.3062 -0.7742
vn 0.6421 -0.3491 0.6825
vn 0.2105 -0.4580 -0.8637
vn 0.2895 -0.0101 -0.9571
vn -0.0780 -0.4445 -0.8924
vn -0.1955 -0.9188 -0.3429
vn -0.2465 -0.6157 -0.7484
vn -0.6506 -0.6104 -0.4518
vn -0.9856 -0.1643 -0.0398
vn -0.9016 -0.4307 -0.0395
vn 0.3295 0.0335 -0.9436
vn -0.2801 0.2266 -0.9328
vn -0.2207 0.0490 -0.9741
vn 0.5252 0.0838 -0.8468
vn -0.1002 0.0970 -0.9902
vn -0.3736 -0.8126 0.4474
vn -0.5565 -0.7069 0.4366
vn -0.8566 -0.4157 0.3059
vn 0.2610 -0.5015 -0.8249
vn 0.4284 -0.7610 0.4872
vn -0.4907 -0.7248 0.4836
vn -0.1583 -0.9565 0.2451
vn -0.4958 0.0245 -0.8681
vn 0.3330 -0.2697 -0.9035
vn -0.3600 0.3128 -0.8789
vn -0.2849 0.9386 -0.1946
vn -0.4327 0.8941 -0.1159
vn 0.0315 -0.8846 -0.4653
vn -0.7817 -0.5840 0.2187
vn -0.5223 -0.6456 0.5572
vn -0.5481 -0.8273 0.1232
vn 0.2123 -0.7679 -0.6043
vn -0.3796 -0.5957 -0.7079
vn -0.9449 -0.2310 -0.2319
vn -0.5835 -0.7732 -0.2483
vn 0.9344 -0.2471 -0.2567
vn 0.9760 -0.2150 -0.0360
vn 0.6958 -0.7058 -0.1327
vn -0.8542 -0.5002 -0.1423
vn -0.0745 -0.9783 0.1935
vn -0.1993 -0.9794 -0.0329
vn -0.7120 -0.6849 0.1552
vn -0.1499 -0.7215 -0.6760
vn -0.7004 -0.5453 -0.4605
vn -0.6342 -0.5938 0.4952
vn -0.9648 -0.2628 0.0045
vn -0.9061 -0.3786 0.1889
vn 0.4087 -0.2211 0.8855
vn 0.1138 0.7894 0.6032
vn 0.5377 -0.8039 0.2542
vn 0.4338 -0.8433 -0.3172
vn 0.7921 -0.4713 -0.3879
vn 0.1888 -0.9142 0.3587
vn 0.4432 -0.7952 -0.4138
vn -0.5804 -0.3440 0.7381
vn 0.3438 -0.3818 -0.8579
vn 0.4531 -0.2204 -0.8638
vn -0.4027 -0.8854 -0.2323
vn 0.9315 -0.3353 -0.1409
vn 0.7040 -0.7029 -0.1011
vn 0.4738 -0.7620 0.4414
vn 0.7914 -0.5669 0.2288
vn -0.8233 -0.2070 0.5286
vn -0.3860 -0.1876 0.9032
vn -0.0856 -0.9862 0.1417
vn 0.2588 -0.8488 -0.4611
vn 0.5291 -0.8440 -0.0880
vn -0.0648 -0.9886 -0.1362
vn 0.3512 -0.8463 0.4006
vn -0.3496 0.9270 -0.1356
vn 0.9835 -0.1808 -0.0111
vn 0.3990 -0.9166 -0.0237
vn 0.9167 -0.3864 0.1015
vn 0.4979 -0.8588 -0.1209
vn 0.5576 -0.7986 -0.2264
vn 0.3221 -0.9178 -0.2322
vn 0.4685 -0.8507 0.2384
vn 0.8402 -0.5074 0.1914
vn 0.9925 -0.0659 0.1027
vn 0.8492 -0.4696 -0.2415
vn -0.2097 -0.8308 -0.5156
vn 0.5148 -0.8532 0.0836
vn 0.4217 -0.7616 -0.4922
vn 0.6602 -0.7320 0.1682
vn 0.7806 -0.4570 0.4264
vn 0.8028 -0.4438 0.3982
vn 0.6368 -0.2854 -0.7163
vn 0.1423 -0.5498 -0.8231
vn -0.2589 -0.7797 -0.5702
vn 0.2060 -0.3501 -0.9138
vn 0.1836 -0.1716 -0.9679
vn 0.2288 0.2508 -0.9406
vn -0.1170 0.0337 -0.9926
vn -0.2311 -0.0562 -0.9713
vn 0.1569 -0.8813 -0.4458
vn 0.4079 -0.8977 0.1664
vn -0.1764 -0.9827 0.0562
vn -0.0338 -0.8323 0.5533
vn 0.6760 0.0036 -0.7369
vn -0.6037 0.7955 -0.0526
vn 0.7657 -0.6322 -0.1179
vn 0.8510 -0.4362 -0.2924
vn 0.5566 -0.7108 -0.4301
vn 0.6235 -0.5201 -0.5837
vn 0.5131 -0.8178 -0.2605
vn -0.7885 0.0542 -0.6126
vn 0.3439 0.1820 -0.9212
vn -0.3280 -0.1135 -0.9379
vn -0.3608 0.2165 -0.9072
vn -0.5720 0.2970 -0.7646
vn -0.2157 0.5233 -0.8244
vn 0.2043 -0.4445 -0.8722
vn -0.3506 -0.2175 -0.9109
vn 0.2093 -0.4130 -0.8864
vn -0.1322 0.0070 -0.9912
vn 0.0691 -0.3059 -0.9496
vn 0.1035 0.9398 0.3256
vn -0.8854 0.4506 -0.1140
vn -0.0455 -0.9404 -0.3370
vn -0.0742 -0.8917 -0.4464
vn -0.0194 -0.9027 -0.4298
vn 0.3733 -0.5493 -0.7476
vn 0.5629 -0.0704 -0.8235
vn -0.2557 0.8070 -0.5323
vn 0.1203 0.7709 -0.6255
vn 0.4091 -0.7913 0.4545
vn 0.1530 -0.7203 0.6765
vn 0.0964 0.9948 0.0317
vn 0.3712 -0.3543 0.8583
vn 0.1524 0.9842 -0.0901
vn 0.4417 0.6270 -0.6417
vn 0.4462 -0.1696 -0.8787
vn -0.3451 -0.1787 -0.9214
vn -0.4876 -0.4445 -0.7514
vn 0.1723 -0.4228 -0.8897
vn 0.5729 -0.1644 -0.8030
vn -0.1203 -0.9714 0.2049
vn 0.2409 -0.8424 0.4821
vn 0.3176 0.5200 -0.7929
vn 0.0678 -0.1716 0.9828
vn -0.5581 -0.5814 -0.5921
vn 0.4031 -0.3977 0.8242
vn 0.3157 -0.1223 0.9409
vn 0.5322 -0.0257 -0.8462
vn 0.3195 -0.1607 -0.9338
vn 0.2609 -0.2602 -0.9296
vn -0.5760 -0.7852 -0.2274
vn -0.2196 -0.8172 -0.5329
vn -0.3837 -0.7768 -0.4993
vn 0.3766 -0.2742 0.8849
vn 0.2782 -0.6015 0.7488
vn 0.2266 -0.9626 0.1486
vn -0.0317 0.0295 0.9991
vn -0.3733 -0.7387 0.5613
vn 0.0847 -0.9850 -0.1506
vn 0.1742 0.4681 -0.8663
vn 0.2524 -0.3015 0.9194
vn 0.4383 -0.4931 0.7515
vn -0.1076 -0.8026 0.5867
vn -0.4523 -0.8038 -0.3863
vn -0.3599 -0.3232 0.8752
vn 0.0987 -0.3140 0.9443
vn -0.0128 -0.2161 0.9763
vn 0.0933 -0.1982 0.9757
vn 0.0825 -0.1754 0.9810
vn 0.2890 -0.0970 0.9524
vn 0.4443 -0.1899 0.8755
vn 0.1145 -0.0270 0.9931
vn -0.2961 0.8042 -0.5154
vn 0.1661 0.5997 -0.7828
vn -0.0367 -0.8490 -0.5272
vn -0.2072 -0.7388 -0.6412
vn 0.3066 -0.5957 -0.7424
vn -0.1397 -0.6978 -0.7026
vn 0.7411 -0.4880 -0.4611
vn -0.0302 -0.8849 -0.4649
vn -0.2954 0.7736 -0.5606
vn -0.8069 0.4945 -0.3231
vn -0.4738 0.4371 -0.7645
vn -0.4934 0.0946 -0.8646
vn -0.5812 -0.7461 -0.3250
vn -0.8973 0.0643 -0.4367
vn -0.2231 0.8994 -0.3760
vn -0.2249 0.4157 -0.8813
vn 0.0053 -0.8920 -0.4521
vn 0.7886 -0.6137 -0.0379
vn 0.0269 0.7222 0.6912
vn 0.2059 -0.9784 0.0206
vn 0.5873 -0.7484 -0.3081
vn 0.7044 -0.6898 0.1674
vn 0.2841 -0.5510 -0.7847
vn -0.0818 -0.6880 0.7211
vn -0.2730 0.6382 -0.7199
vn -0.7773 0.4281 -0.4611
vn 0.1587 0.4651 -0.8709
vn 0.5361 0.4873 -0.6893
vn -0.0691 0.6308 -0.7729
vn 0.3784 -0.9072 -0.1840
vn -0.6784 0.7302 -0.0808
vn -0.3860 0.9191 -0.0787
vn 0.0858 0.6585 0.7477
vn 0.5796 -0.7791 -0.2389
vn 0.7711 -0.6027 0.2055
vn -0.0685 -0.6355 0.7691
vn 0.5424 -0.4839 0.6868
vn 0.4380 -0.8382 0.3249
vn 0.5359 -0.4081 0.7391
vn 0.7532 -0.2863 0.5923
vn 0.1877 -0.7611 0.6209
vn 0.4375 -0.8345 0.3349
vn 0.0152 -0.7344 -0.6785
vn 0.6960 -0.4725 0.5407
vn -0.1519 -0.7611 -0.6307
vn 0.1781 -0.9783 -0.1061
vn -0.0421 -0.9842 0.1721
vn 0.6142 -0.7671 0.1853
vn 0.1049 -0.8961 0.4313
vn -0.1731 -0.9803 0.0951
vn 0.5364 -0.8358 0.1168
vn 0.3066 -0.9033 0.3001
vn 0.0407 -0.8275 0.5600
vn 0.0544 -0.9375 0.3438
vn -0.1441 -0.9326 0.3309
vn -0.0209 -0.9932 -0.1143
vn 0.1177 -0.9781 0.1719
vn 0.5833 -0.7999 0.1410
vn 0.2659 -0.9451 0.1901
vn -0.0324 -0.9570 -0.2881
vn 0.0346 0.8544 0.5185
vn -0.0972 -0.9953 -0.0001
vn 0.5009 -0.8328 0.2355
vn 0.4101 -0.8146 0.4102
vn 0.6113 -0.7786 0.1417
vn 0.5208 -0.8163 0.2498
vn 0.2321 -0.9580 -0.1686
vn 0.0912 -0.9934 -0.0694
vn 0.2655 -0.9641 0.0063
vn -0.3249 -0.8727 -0.3645
vn -0.7391 -0.5519 -0.3862
vn -0.5032 -0.7090 -0.4940
vn 0.0986 0.9023 0.4197
vn -0.5530 0.7198 -0.4196
vn -0.8205 0.5564 -0.1310
vn -0.3136 0.8851 -0.3439
vn 0.7852 0.2470 -0.5679
vn 0.7733 0.3624 -0.5202
vn 0.2807 -0.2836 -0.9169
vn 0.2388 0.3686 -0.8984
vn 0.5050 0.0338 -0.8624
vn -0.2826 -0.4432 -0.8507
vn 0.5993 0.5557 -0.5762
vn -0.6736 -0.3802 -0.6338
vn 0.0217 -0.6304 -0.7759
vn -0.0171 0.6267 -0.7791
vn -0.3614 0.2635 -0.8944
vn 0.3129 0.7773 -0.5458
vn -0.2689 -0.3415 -0.9006
vn 0.4858 0.8383 -0.2474
vn -0.5888 0.1221 -0.7990
vn -0.1178 0.9257 -0.3594
vn -0.5793 0.7171 -0.3875
vn -0.3487 -0.5498 -0.7590
vn -0.2701 0.1035 -0.9573
vn -0.7871 -0.0827 -0.6113
vn 0.0490 0.9973 0.0540
vn -0.2009 0.8170 -0.5405
vn -0.1424 0.9016 -0.4083
vn -0.2617 0.3412 -0.9028
vn -0.2858 0.3984 -0.8715
vn -0.7587 0.0407 -0.6502
vn 0.5558 0.3214 -0.7667
vn 0.2549 0.8877 -0.3835
vn -0.3577 0.1070 -0.9277
vn -0.1066 0.2869 -0.9520
vn 0.2873 -0.3861 -0.8766
vn 0.6629 0.1855 -0.7253
vn -0.0800 0.2117 -0.9741
vn -0.6242 0.2597 -0.7368
vn 0.4514 0.3337 -0.8276
vn 0.4900 0.1232 -0.8630
vn 0.5794 0.6292 -0.5181
vn -0.2470 -0.5311 -0.8105
vn -0.3013 -0.7153 -0.6306
vn -0.6722 -0.6135 -0.4145
vn -0.4731 -0.8734 -0.1152
vn 0.1392 -0.6554 -0.7423
vn -0.7728 -0.6311 -0.0672
vn 0.1251 -0.1223 0.9846
vn 0.4883 0.3648 -0.7928
vn 0.2879 0.3560 -0.8890
vn 0.5292 0.0292 -0.8480
vn 0.3913 -0.0104 -0.9202
vn 0.6021 0.2139 -0.7692
vn 0.6731 0.3314 -0.6612
vn -0.0312 -0.3054 -0.9517
vn 0.5271 -0.6020 0.5998
vn 0.3664 -0.9236 -0.1130
vn -0.1570 -0.8696 -0.4681
vn 0.5671 -0.8139 0.1260
vn 0.3829 -0.6346 -0.6713
vn 0.1680 -0.8404 -0.5153
vn 0.0905 -0.5343 -0.8405
vn -0.3856 -0.9059 -0.1751
vn 0.1588 -0.9051 -0.3944
vn -0.3588 -0.7859 -0.5036
vn -0.6187 -0.7411 -0.2608
vn 0.1530 -0.9880 -0.0213
vn 0.0515 -0.9889 -0.1390
vn -0.0049 -0.7407 -0.6718
vn -0.0652 -0.7492 -0.6591
vn 0.3308 -0.8105 0.4833
vn 0.0106 -0.5053 -0.8629
vn -0.5654 -0.8075 -0.1681
vn 0.0112 0.5455 0.8380
vn -0.6892 -0.7242 -0.0212
vn 0.3518 -0.7748 -0.5252
vn -0.5681 0.2824 -0.7729
vn 0.0901 0.2568 -0.9623
vn 0.2159 -0.5304 -0.8198
vn 0.4998 0.3979 -0.7693
vn 0.0733 -0.6462 -0.7596
vn -0.3577 -0.8295 -0.4289
vn -0.1463 -0.9877 0.0554
vn -0.8434 -0.5062 -0.1801
vn -0.2922 -0.9323 -0.2131
vn -0.6834 -0.5358 -0.4959
vn -0.9589 -0.0387 -0.2809
vn -0.7647 -0.6288 0.1413
vn -0.9606 -0.2601 0.0977
vn -0.7130 -0.0248 -0.7007
vn -0.9778 0.1821 -0.1041
vn -0.9971 0.0727 0.0212
vn -0.7213 0.1372 -0.6789
vn -0.9167 0.3432 -0.2046
vn -0.9036 0.4269 0.0344
vn -0.0593 -0.5998 -0.7979
vn -0.1596 -0.6505 -0.7426
vn -0.5049 -0.8631 0.0115
vn 0.7444 -0.5991 -0.2947
vn 0.3086 -0.9473 -0.0862
vn 0.3086 -0.9473 -0.0861
vn 0.7834 -0.6199 0.0444
vn 0.3243 -0.9449 0.0449
vn -0.8656 -0.4991 -0.0396
vn -0.7969 -0.5500 0.2498
vn -0.9703 0.2351 0.0575
vn -0.9996 -0.0097 0.0274
vn 0.3598 -0.6690 0.6503
vn 0.8359 -0.3228 0.4440
vn 0.3011 -0.5553 0.7752
vn -0.1865 -0.8045 0.5639
vn -0.1932 -0.7001 -0.6874
vn -0.9491 -0.2911 0.1205
vn -0.6098 -0.5721 0.5485
vn -0.9920 -0.0432 0.1183
vn -0.6243 -0.3292 0.7084
vn -0.9927 -0.1168 0.0287
vn 0.9028 -0.3096 0.2985
vn 0.3306 -0.8214 0.4647
vn -0.0963 -0.8123 -0.5753
vn -0.3234 -0.8557 0.4039
vn -0.6857 -0.5408 0.4872
vn -0.8342 -0.5192 0.1858
vn -0.0089 0.7898 0.6133
vn -0.7833 0.6063 -0.1376
vn -0.8751 -0.3924 -0.2833
vn -0.9940 0.1090 -0.0100
vn -0.4803 -0.6436 -0.5960
vn -0.8727 -0.1821 -0.4530
vn -0.9477 -0.2306 -0.2207
vn -0.9674 0.1823 -0.1757
vn -0.9941 0.0122 -0.1081
vn -0.5956 0.2505 -0.7633
vn -0.7621 -0.2754 -0.5860
vn -0.9952 0.0100 -0.0975
vn -0.2607 -0.9060 -0.3335
vn -0.2330 -0.8633 -0.4477
vn -0.3727 -0.6621 -0.6502
vn -0.3298 -0.4723 -0.8174
vn -0.7014 -0.1510 -0.6966
vn 0.0777 0.9782 -0.1924
vn -0.1890 0.9523 -0.2397
vn -0.1959 0.8935 -0.4041
vn -0.0120 0.5340 -0.8454
vn 0.0766 0.8318 -0.5498
vn 0.1824 0.9491 -0.2568
vn 0.2658 0.8919 -0.3659
vn 0.1133 -0.8275 -0.5500
vn 0.4599 0.4375 -0.7727
vn 0.7254 -0.1949 -0.6602
vn 0.3449 -0.5035 -0.7921
vn -0.4533 -0.7203 -0.5251
vn 0.7759 0.0792 -0.6258
vn -0.0405 -0.0366 -0.9985
vn -0.5934 -0.3161 -0.7402
vn -0.0224 -0.0918 -0.9955
vn -0.3455 0.6080 -0.7148
vn 0.5437 0.3656 -0.7554
vn 0.1116 0.9351 -0.3363
vn -0.8609 0.2408 -0.4481
vn -0.7234 0.3461 -0.5974
vn 0.5076 0.1379 -0.8505
vn -0.0188 -0.6609 -0.7503
vn -0.4470 -0.0787 -0.8911
vn -0.1601 0.9201 -0.3573
vn -0.1601 0.9534 -0.2558
vn -0.4365 0.5708 -0.6955
vn 0.8971 0.1044 -0.4293
vn -0.9117 -0.1354 -0.3879
vn 0.3373 0.2107 -0.9175
vn -0.7487 0.5365 -0.3893
vn -0.4425 0.1978 -0.8747
vn -0.9223 0.0404 -0.3845
vn -0.7625 0.1967 -0.6164
vn 0.0583 0.8599 -0.5070
vn -0.2698 -0.0667 -0.9606
vn -0.3792 -0.3203 -0.8681
vn -0.0615 -0.0575 -0.9964
vn -0.1315 0.9685 -0.2113
vn -0.5603 0.0668 -0.8256
vn -0.4405 0.3259 -0.8365
vn -0.4447 -0.1236 -0.8871
vn 0.0309 0.0219 -0.9993
vn 0.8999 0.1221 -0.4187
vn 0.1934 0.5404 -0.8189
vn 0.0354 0.0247 -0.9991
vn 0.5125 0.3973 -0.7612
vn -0.3563 0.1027 -0.9287
vn -0.2791 -0.2186 -0.9351
vn -0.0290 -0.8717 -0.4891
vn 0.7853 0.1981 -0.5866
vn -0.1542 -0.2767 -0.9485
vn -0.6736 0.1127 -0.7304
vn -0.3150 -0.2235 -0.9224
vn -0.3170 -0.0682 -0.9460
vn -0.0920 0.2229 -0.9705
vn -0.1438 -0.0087 -0.9896
vn -0.3042 0.3618 -0.8813
vn -0.1463 -0.4939 -0.8571
vn 0.2769 0.0095 -0.9609
vn 0.6128 0.2803 -0.7389
vn 0.1157 0.7648 -0.6338
vn 0.3448 0.7642 -0.5451
vn 0.3015 0.1167 -0.9463
vn 0.3951 0.2390 -0.8870
vn 0.1527 0.6279 -0.7631
vn -0.0000 -0.0598 -0.9982
vn -0.0000 -0.1552 -0.9879
vn 0.3476 -0.0942 -0.9329
vn 0.1478 0.4382 -0.8867
vn 0.4288 0.3898 -0.8150
vn 0.9102 0.2228 -0.3492
vn -0.0549 0.9733 0.2227
vn -0.3398 -0.2467 -0.9076
vn -0.0000 0.6757 0.7372
vn -0.0079 -0.6316 -0.7752
vn -0.0016 -0.6156 -0.7881
vn 0.0015 -0.7055 -0.7087
vn 0.0026 -0.8679 -0.4967
vn -0.0000 -0.7733 -0.6340
vn -0.0000 -0.7244 -0.6894
vn -0.0000 -0.7605 -0.6494
vn -0.0000 -0.6141 -0.7892
vn -0.0000 0.1864 -0.9825
vn -0.0000 0.9979 -0.0640
vn 0.1019 0.7906 0.6038
vn -0.0000 0.3048 0.9524
vn 0.9180 -0.3238 -0.2291
vn -0.0000 -0.0222 0.9998
vn -0.0755 0.9704 0.2292
vn -0.0000 0.9690 0.2472
vn -0.0124 0.9756 0.2191
vn -0.8113 -0.5704 -0.1279
vn -0.4374 -0.5987 -0.6710
vn -0.6941 -0.0724 -0.7162
vn -0.4340 0.0926 -0.8961
vn -0.0494 -0.6257 -0.7785
vn -0.0890 0.2081 -0.9741
vn 0.2346 -0.9324 -0.2750
vn -0.6673 -0.2218 -0.7110
vn -0.1581 0.9037 -0.3979
vn -0.4875 0.5939 -0.6400
vn -0.5986 -0.1412 -0.7885
vn -0.2037 0.9436 -0.2609
vn -0.4826 -0.5655 -0.6688
vn -0.6853 -0.0639 -0.7254
vn -0.6608 -0.0221 -0.7503
vn -0.7890 -0.3779 -0.4844
vn -0.6946 -0.5362 -0.4795
vn -0.6658 -0.7157 -0.2109
vn -0.7613 -0.2805 -0.5846
vn -0.8012 -0.2558 -0.5410
vn -0.6621 0.1740 -0.7290
vn -0.8683 0.1203 -0.4812
vn -0.9382 0.2011 -0.2817
vn -0.8488 -0.0630 -0.5249
vn -0.4340 0.2220 -0.8731
vn -0.4037 0.2585 -0.8776
vn -0.5005 -0.2701 -0.8225
vn -0.5686 0.2973 -0.7670
vn -0.9960 -0.0458 -0.0767
vn -0.7982 0.2712 -0.5379
vn -0.9380 0.0802 -0.3371
vn -0.9370 0.0542 0.3450
vn -0.6673 -0.5471 -0.5053
vn -0.9686 -0.0011 -0.2488
vn -0.8107 0.0576 -0.5827
vn -0.7483 0.2637 -0.6087
vn -0.6372 0.4790 -0.6038
vn -0.9122 -0.0455 -0.4071
vn -0.3923 -0.3165 -0.8637
vn -0.6997 -0.2348 -0.6747
vn -0.6865 0.3571 -0.6334
vn -0.8260 -0.0345 -0.5626
vn -0.9829 -0.1108 0.1469
vn -0.9789 -0.0410 -0.2000
vn -0.9102 -0.2200 -0.3510
vn -0.7741 -0.0038 -0.6330
vn -0.9102 0.2228 -0.3492
vn -0.7299 -0.4947 -0.4717
vn -0.9175 -0.2051 -0.3408
vn -0.8886 0.3949 -0.2335
vn -0.5533 0.3106 -0.7729
vn -0.5328 -0.7505 -0.3910
vn -0.7035 -0.7030 -0.1044
vn -0.6111 0.6512 -0.4500
vn -0.5747 -0.8155 -0.0687
vn -0.9158 -0.0195 -0.4013
vn -0.9040 0.1305 -0.4072
vn -0.7783 -0.2819 -0.5610
vn -0.8684 -0.3395 -0.3613
vn -0.4945 -0.6034 -0.6256
vn -0.5811 -0.6254 -0.5208
vn -0.2851 -0.0266 -0.9581
vn -0.0832 0.5837 -0.8077
vn -0.5174 0.7798 -0.3524
vn -0.0345 -0.7525 -0.6577
vn 0.1149 -0.3720 -0.9211
vn -0.1206 0.5030 -0.8558
vn -0.0548 0.0963 -0.9938
vn -0.1598 -0.1929 -0.9681
vn -0.5149 0.0794 -0.8535
vn -0.5832 0.5155 -0.6278
vn 0.3904 -0.7813 -0.4870
vn -0.2257 -0.4040 -0.8865
vn 0.0487 -0.9301 0.3641
vn 0.0137 -0.9810 0.1934
vn -0.5068 -0.8342 0.2174
vn 0.2791 -0.6011 -0.7489
vn 0.3382 -0.9091 -0.2431
vn -0.1827 -0.8810 0.4364
vn -0.2967 -0.8037 0.5159
vn -0.3639 0.7136 -0.5987
vn -0.6386 -0.0573 -0.7674
vn 0.1160 0.8312 -0.5437
vn 0.0414 0.7038 -0.7092
vn -0.2635 0.4507 -0.8529
vn -0.5170 0.5498 -0.6561
vn -0.7477 0.5624 -0.3531
vn -0.8073 -0.2686 -0.5255
vn -0.9625 0.2410 -0.1245
vn -0.8493 0.0195 -0.5275
vn -0.5285 0.6330 -0.5656
vn -0.5433 0.7682 -0.3386
vn -0.7744 0.3359 -0.5363
vn -0.5853 0.3609 -0.7261
vn -0.0849 0.8144 -0.5741
vn -0.5276 0.1991 -0.8258
vn -0.3595 -0.3719 -0.8558
vn -0.4587 0.8147 -0.3549
vn -0.3812 0.7979 -0.4670
vn 0.0804 -0.8011 -0.5931
vn 0.0212 -0.6064 -0.7949
vn 0.1266 -0.4594 -0.8791
vn 0.4006 -0.4635 -0.7904
vn -0.0503 -0.4698 -0.8813
vn -0.1709 0.1428 -0.9749
vn 0.0990 -0.3231 -0.9412
vn -0.0249 -0.6433 -0.7652
vn -0.0605 -0.5860 -0.8080
vn -0.3513 -0.5705 -0.7424
vn -0.3328 -0.6947 -0.6376
vn -0.5101 -0.8169 -0.2693
vn -0.4978 0.4787 -0.7232
vn -0.7482 -0.5992 -0.2848
vn -0.2777 -0.8754 -0.3956
vn -0.5700 0.5680 -0.5936
vn -0.1162 0.9035 -0.4125
vn -0.7385 -0.0051 -0.6742
vn -0.6704 -0.1399 -0.7287
vn -0.8058 -0.2131 -0.5526
vn -0.7257 0.5851 -0.3619
vn -0.9152 0.0522 -0.3996
vn -0.7019 -0.4348 -0.5641
vn -0.6323 0.4369 -0.6398
vn -0.3744 0.5832 -0.7209
vn -0.8506 0.1354 -0.5081
vn -0.4884 -0.2511 -0.8357
vn -0.4948 0.2294 -0.8382
vn -0.0655 -0.9779 -0.1985
vn -0.5145 -0.8440 -0.1514
vn -0.5027 -0.8060 -0.3126
vn -0.2915 -0.8797 -0.3757
vn -0.4202 -0.4779 -0.7714
vn -0.2778 -0.3556 -0.8924
vn -0.2304 0.5176 -0.8240
vn -0.8285 -0.4210 -0.3693
vn -0.6136 -0.6976 -0.3700
vn -0.4529 0.6323 -0.6285
vn -0.7219 -0.1876 -0.6661
vn -0.5532 -0.7694 -0.3194
vn -0.4613 -0.8558 -0.2343
vn -0.4519 -0.8498 -0.2712
vn 0.2548 0.9558 0.1469
vn -0.7545 0.4485 -0.4791
vn -0.0560 0.9671 -0.2480
vn 0.1621 0.9856 0.0476
vn -0.2897 0.9451 -0.1512
vn -0.7567 0.5348 -0.3760
vn 0.5411 0.7603 -0.3592
vn -0.8228 -0.4171 -0.3859
vn -0.8548 -0.1313 -0.5021
vn -0.9473 0.1283 -0.2937
vn -0.6633 -0.3040 -0.6838
vn -0.6448 -0.4653 -0.6064
vn -0.4776 -0.2974 -0.8267
vn -0.3395 -0.7214 -0.6036
vn -0.7210 -0.5468 -0.4256
vn -0.4648 -0.3853 -0.7972
vn -0.6885 -0.6368 -0.3472
vn -0.3222 -0.6758 -0.6629
vn -0.2595 -0.9251 -0.2772
vn -0.3920 -0.7894 -0.4724
vn -0.1735 -0.8982 -0.4039
vn 0.0841 -0.7996 -0.5946
vn 0.1156 -0.8928 -0.4354
vn 0.0604 -0.9641 -0.2587
vn -0.0304 -0.9994 -0.0165
vn -0.2967 -0.9346 -0.1960
vn -0.0288 -0.8483 -0.5288
vn -0.0684 -0.9889 -0.1323
vn -0.3861 -0.9139 -0.1255
vn -0.6407 -0.6009 -0.4779
vn -0.8176 0.3781 -0.4343
vn -0.7564 -0.3944 -0.5218
vn -0.2918 0.8871 -0.3576
vn -0.3161 -0.5952 -0.7388
vn 0.3025 -0.2860 -0.9092
vn -0.1908 -0.2230 -0.9559
vn -0.1429 0.3967 -0.9068
vn 0.3448 0.4710 -0.8120
vn 0.0807 0.6436 -0.7611
vn -0.4801 -0.4046 -0.7783
vn -0.4941 -0.0994 -0.8637
vn -0.1957 -0.5934 -0.7807
vn -0.3738 -0.3581 -0.8556
vn -0.3735 -0.6365 -0.6748
vn -0.2481 -0.9622 0.1122
vn -0.5159 -0.7329 -0.4435
vn -0.4545 -0.8505 -0.2646
vn -0.4627 -0.8773 0.1274
vn -0.3255 -0.3417 -0.8816
vn -0.8381 0.2055 -0.5054
vn -0.8301 -0.0614 -0.5542
vn -0.7757 -0.6080 -0.1691
vn -0.6714 0.1758 -0.7200
vn -0.4833 -0.4568 -0.7468
vn -0.7768 -0.5573 -0.2933
vn -0.2368 -0.0378 -0.9708
vn 0.3567 -0.4039 -0.8424
vn 0.6738 -0.0404 -0.7378
vn 0.8136 0.0617 -0.5781
vn 0.6090 0.4592 -0.6468
vn 0.7876 0.3837 -0.4822
vn 0.6560 0.0815 -0.7503
vn -0.6127 0.6266 -0.4817
vn -0.1191 0.8208 -0.5587
vn 0.1570 0.8628 -0.4805
vn 0.1718 0.6651 -0.7267
vn 0.5651 0.2519 -0.7856
vn 0.6689 0.5168 -0.5344
vn -0.2500 0.2719 -0.9293
vn 0.6897 0.2318 -0.6860
vn 0.1589 0.2755 -0.9481
vn 0.2660 -0.0897 -0.9598
vn 0.2045 -0.2318 -0.9510
vn -0.2958 -0.4468 -0.8443
vn 0.3745 -0.1751 -0.9105
vn -0.0814 0.2492 -0.9650
vn -0.4658 0.5560 -0.6884
vn -0.5746 -0.2332 -0.7845
vn -0.2620 -0.7777 -0.5714
vn -0.2222 -0.4149 -0.8823
vn -0.5634 -0.3635 -0.7419
vn -0.3278 -0.3025 -0.8950
vn -0.2822 -0.3013 -0.9108
vn -0.4539 -0.8451 -0.2824
vn -0.4592 -0.8663 0.1965
vn -0.4945 -0.8546 0.1587
vn -0.3383 -0.4934 -0.8013
vn -0.5641 -0.7816 -0.2660
vn -0.3330 -0.8033 -0.4937
vn -0.3687 -0.9274 -0.0630
vn -0.3351 -0.7988 -0.4997
vn -0.2824 -0.8033 -0.5244
vn 0.3150 -0.0117 -0.9490
vn -0.0024 -0.2295 -0.9733
vn -0.4610 -0.1780 -0.8694
vn -0.2333 -0.0144 -0.9723
vn -0.4156 -0.4463 -0.7926
vn -0.4820 -0.0693 -0.8734
vn -0.6679 0.5234 -0.5291
vn -0.2689 -0.3083 -0.9125
vn -0.1481 0.3527 -0.9240
vn -0.4039 -0.9071 -0.1183
vn -0.4389 -0.7842 -0.4387
vn -0.5508 -0.8290 -0.0964
vn -0.4637 -0.8860 -0.0085
vn -0.5070 -0.8612 0.0352
vn -0.3175 -0.8471 -0.4261
vn -0.4928 -0.8684 0.0554
vn -0.3015 -0.9530 0.0290
vn -0.0225 -0.6832 -0.7298
vn -0.1961 -0.1141 -0.9739
vn 0.0626 0.3259 -0.9433
vn -0.9461 -0.1502 -0.2870
vn -0.6750 -0.3417 -0.6539
vn -0.9174 0.1665 -0.3616
vn -0.4403 -0.0195 -0.8976
vn -0.4667 0.4566 -0.7574
vn -0.0901 0.2563 -0.9624
vn 0.0122 0.4138 -0.9103
vn -0.5621 -0.5106 -0.6507
vn -0.4428 -0.7817 -0.4391
vn -0.4036 -0.9148 0.0158
vn -0.1514 -0.9832 -0.1022
vn -0.2612 -0.8103 -0.5246
vn -0.0515 -0.9698 -0.2385
vn 0.0821 -0.8182 -0.5691
vn -0.3158 -0.7161 -0.6225
vn -0.6103 -0.6412 -0.4652
vn -0.2032 -0.7301 -0.6524
vn -0.3173 0.4632 -0.8275
vn -0.5214 0.3846 -0.7618
vn -0.6522 0.3791 -0.6564
vn -0.8904 0.2230 -0.3969
vn -0.8981 0.0451 -0.4374
vn -0.3759 -0.0780 -0.9234
vn 0.1560 0.3101 -0.9378
vn -0.5006 0.4263 -0.7535
vn -0.9527 0.1655 -0.2548
vn -0.7055 0.0917 -0.7028
vn -0.2297 0.3254 -0.9172
vn 0.2342 0.5604 -0.7944
vn 0.0783 0.1958 -0.9775
vn -0.2942 -0.8851 -0.3605
vn -0.5465 -0.7372 -0.3975
vn -0.3797 -0.5740 -0.7255
vn 0.6953 0.6573 -0.2906
vn 0.3676 0.9298 -0.0175
vn -0.6577 0.7460 -0.1046
vn -0.6091 -0.7700 -0.1901
vn 0.0215 -0.8205 -0.5713
vn 0.0988 0.8020 -0.5891
vn -0.2231 0.3998 -0.8890
vn -0.0489 0.3965 -0.9167
vn -0.1736 0.4617 -0.8699
vn -0.4702 0.0806 -0.8789
vn -0.6816 -0.1963 -0.7049
vn -0.3386 -0.1812 -0.9233
vn -0.8197 0.1954 -0.5384
vn -0.6419 0.6573 -0.3950
vn -0.3211 0.5479 -0.7724
vn 0.5396 0.7464 -0.3895
vn 0.6413 -0.2357 -0.7302
vn 0.8573 -0.3429 -0.3839
vn 0.5338 0.4868 -0.6914
vn 0.3465 0.6484 -0.6779
vn 0.2221 0.1547 -0.9627
vn 0.9819 0.1834 -0.0466
vn 0.0752 0.3706 -0.9258
vn -0.4761 0.2682 -0.8375
vn -0.4619 0.6091 -0.6447
vn -0.7081 -0.0101 -0.7061
vn 0.0758 -0.3554 -0.9316
vn 0.4803 -0.6136 -0.6268
vn -0.1338 -0.3306 -0.9342
vn 0.8087 -0.1784 -0.5605
vn 0.0263 0.8946 -0.4461
vn 0.9066 -0.2306 -0.3533
vn -0.0308 -0.3660 -0.9301
vn -0.6701 -0.0108 -0.7422
vn 0.2915 -0.2936 -0.9104
vn -0.8069 0.5565 -0.1982
vn -0.7368 0.1086 -0.6674
vn 0.6846 0.1667 -0.7096
vn -0.2388 0.6874 -0.6859
vn -0.4798 0.3376 -0.8098
vn -0.2230 0.5867 -0.7785
vn -0.5378 -0.8232 -0.1822
vn -0.5443 -0.8314 0.1116
vn 0.3957 0.3252 -0.8589
vn 0.1713 0.1956 -0.9656
vn 0.7533 0.3447 -0.5601
vn 0.6465 -0.3299 -0.6879
vn 0.9173 0.0411 -0.3961
vn 0.9108 0.3850 -0.1490
vn 0.7862 0.4800 -0.3893
vn 0.1837 -0.2681 -0.9457
vn 0.0114 -0.6099 -0.7924
vn -0.1696 -0.0604 -0.9837
vn 0.1508 0.8901 -0.4300
vn 0.3188 0.2410 -0.9167
vn -0.1133 -0.9686 -0.2212
vn 0.4323 -0.8031 -0.4101
vn 0.7071 -0.6570 -0.2616
vn 0.6524 -0.6723 0.3498
vn -0.3299 -0.8594 0.3907
vn -0.4326 -0.8316 0.3483
vn -0.5013 -0.5346 0.6804
vn -0.2504 -0.5049 0.8261
vn -0.7584 -0.5496 0.3503
vn 0.2110 -0.4935 0.8438
vn -0.1005 -0.5579 0.8238
vn -0.4744 -0.6649 0.5769
vn -0.1717 -0.9295 0.3263
vn 0.4533 -0.0930 0.8865
vn 0.5382 -0.6816 0.4958
vn 0.2681 -0.3615 0.8930
vn 0.0114 -0.5492 0.8356
vn -0.2406 -0.6529 0.7182
vn -0.6421 -0.3491 0.6825
vn -0.4284 -0.7610 0.4872
vn 0.1583 -0.9565 0.2451
vn 0.4907 -0.7248 0.4836
vn 0.8880 -0.4536 0.0761
vn 0.3736 -0.8126 0.4474
vn -0.4846 -0.6584 -0.5759
vn -0.2123 -0.7676 -0.6048
vn 0.3131 -0.9010 -0.3003
vn 0.3796 -0.5957 -0.7079
vn -0.6957 -0.7060 -0.1327
vn 0.1995 -0.9794 -0.0326
vn 0.0745 -0.9783 0.1935
vn -0.2413 -0.7651 0.5969
vn -0.8793 -0.4763 0.0036
vn -0.8522 -0.5072 -0.1287
vn -0.1888 -0.9142 0.3587
vn -0.4338 -0.8433 -0.3172
vn -0.7921 -0.4713 -0.3879
vn -0.4436 -0.7949 -0.4139
vn -0.6140 -0.7547 -0.2313
vn -0.5377 -0.8039 0.2542
vn -0.3512 -0.8463 0.4006
vn -0.2588 -0.8488 -0.4611
vn 0.0648 -0.9886 -0.1362
vn -0.3990 -0.9166 -0.0237
vn -0.4739 -0.7620 0.4413
vn -0.5135 -0.8460 0.1436
vn -0.7347 -0.6767 -0.0477
vn -0.4169 -0.8736 -0.2511
vn -0.1195 -0.9869 -0.1084
vn -0.4979 -0.8588 -0.1209
vn -0.5572 -0.7989 -0.2265
vn -0.3215 -0.9180 -0.2321
vn -0.4685 -0.8507 0.2384
vn -0.8402 -0.5074 0.1914
vn -0.6602 -0.7320 0.1682
vn -0.5148 -0.8532 0.0836
vn -0.4217 -0.7616 -0.4922
vn -0.7681 -0.5792 0.2729
vn -0.8028 -0.4438 0.3982
vn -0.7806 -0.4570 0.4264
vn -0.1423 -0.5498 -0.8231
vn 0.2589 -0.7797 -0.5702
vn -0.2059 -0.3498 -0.9139
vn -0.2283 0.2505 -0.9408
vn 0.1170 0.0337 -0.9926
vn 0.3284 -0.1133 -0.9377
vn 0.2801 0.2266 -0.9328
vn -0.1463 0.5843 -0.7982
vn 0.7881 0.0540 -0.6132
vn 0.2207 0.0490 -0.9741
vn 0.1002 0.0970 -0.9902
vn -0.6581 0.3488 -0.6673
vn -0.3295 0.0335 -0.9436
vn -0.5252 0.0838 -0.8468
vn -0.5272 0.4167 -0.7406
vn 0.1322 0.0070 -0.9912
vn -0.0691 -0.3059 -0.9496
vn -0.2093 -0.4130 -0.8864
vn -0.2043 -0.4445 -0.8722
vn 0.3506 -0.2175 -0.9109
vn 0.2309 -0.0559 -0.9714
vn 0.4958 0.0245 -0.8681
vn -0.3330 -0.2697 -0.9035
vn 0.3600 0.3128 -0.8789
vn -0.2895 -0.0101 -0.9571
vn -0.5629 -0.0704 -0.8235
vn -0.5021 -0.6102 0.6129
vn -0.4753 -0.8787 -0.0440
vn 0.2556 0.8070 -0.5324
vn -0.1203 0.7709 -0.6255
vn -0.4462 -0.1696 -0.8787
vn -0.4415 0.6272 -0.6416
vn 0.3451 -0.1787 -0.9214
vn 0.4880 -0.4441 -0.7514
vn -0.5729 -0.1644 -0.8030
vn -0.3176 0.5200 -0.7929
vn 0.5411 -0.5877 -0.6015
vn 0.2815 -0.9299 0.2367
vn -0.0159 -0.8646 -0.5022
vn 0.4069 -0.8701 -0.2782
vn 0.5691 -0.7804 0.2592
vn -0.1303 -0.9448 0.3006
vn 0.1537 -0.4710 0.8686
vn -0.1863 -0.9485 0.2563
vn -0.3788 -0.8330 0.4033
vn 0.5267 -0.8498 0.0214
vn 0.4247 -0.7820 -0.4561
vn -0.0637 -0.9192 -0.3887
vn -0.3766 -0.2742 0.8849
vn -0.2782 -0.6015 0.7488
vn -0.0847 -0.9850 -0.1506
vn 0.3734 -0.7389 0.5609
vn -0.4641 -0.4922 0.7364
vn 0.4523 -0.8038 -0.3863
vn 0.4517 -0.3085 0.8371
vn -0.0987 -0.3140 0.9443
vn 0.0249 -0.1508 0.9883
vn -0.0901 -0.1531 0.9841
vn -0.0775 -0.1884 0.9790
vn -0.5079 -0.1352 0.8507
vn -0.2890 -0.0970 0.9524
vn -0.2841 -0.4204 0.8617
vn -0.1792 -0.0388 0.9830
vn -0.4108 -0.2093 0.8874
vn -0.4380 -0.8382 0.3249
vn -0.5363 -0.4080 0.7388
vn -0.1877 -0.7611 0.6209
vn -0.4375 -0.8345 0.3349
vn -0.1781 -0.9783 -0.1061
vn -0.6142 -0.7671 0.1853
vn 0.0421 -0.9842 0.1721
vn -0.5364 -0.8358 0.1168
vn -0.1049 -0.8961 0.4313
vn 0.1731 -0.9803 0.0951
vn -0.3066 -0.9033 0.3001
vn -0.0407 -0.8275 0.5600
vn 0.0206 -0.9932 -0.1141
vn -0.0544 -0.9375 0.3438
vn 0.1441 -0.9325 0.3311
vn -0.1177 -0.9781 0.1719
vn -0.2659 -0.9451 0.1901
vn -0.5833 -0.7999 0.1410
vn -0.5009 -0.8328 0.2355
vn 0.0972 -0.9953 -0.0001
vn 0.0324 -0.9570 -0.2881
vn -0.4101 -0.8146 0.4102
vn -0.6113 -0.7786 0.1417
vn -0.5208 -0.8163 0.2498
vn -0.0912 -0.9934 -0.0694
vn -0.2321 -0.9580 -0.1686
vn -0.2655 -0.9641 0.0063
vn 0.3249 -0.8727 -0.3645
vn 0.7391 -0.5519 -0.3862
vn 0.5032 -0.7090 -0.4940
vn -0.2807 -0.2836 -0.9169
vn -0.7852 0.2470 -0.5679
vn -0.2388 0.3686 -0.8984
vn -0.5050 0.0338 -0.8624
vn -0.5993 0.5557 -0.5762
vn 0.2826 -0.4432 -0.8507
vn 0.2249 0.4157 -0.8813
vn 0.6736 -0.3802 -0.6338
vn -0.0217 -0.6304 -0.7759
vn 0.2689 -0.3415 -0.9006
vn 0.0171 0.6267 -0.7791
vn 0.3614 0.2635 -0.8944
vn 0.2231 0.8994 -0.3760
vn 0.5888 0.1221 -0.7990
vn 0.4738 0.4371 -0.7645
vn 0.2953 0.7736 -0.5606
vn 0.1178 0.9257 -0.3594
vn 0.4934 0.0946 -0.8646
vn 0.3487 -0.5498 -0.7590
vn 0.2617 0.3412 -0.9028
vn 0.7588 0.0406 -0.6501
vn 0.2858 0.3984 -0.8715
vn -0.5558 0.3214 -0.7667
vn 0.3577 0.1070 -0.9277
vn 0.1066 0.2869 -0.9520
vn -0.6629 0.1855 -0.7253
vn 0.0800 0.2117 -0.9741
vn 0.6242 0.2597 -0.7368
vn -0.4514 0.3337 -0.8276
vn -0.4900 0.1232 -0.8630
vn -0.5794 0.6292 -0.5181
vn 0.4345 -0.7731 0.4620
vn 0.7401 -0.6706 -0.0516
vn 0.5292 -0.8179 -0.2256
vn 0.0543 -0.9971 -0.0541
vn 0.1818 -0.9784 0.0982
vn -0.1521 -0.0389 0.9876
vn -0.3603 -0.1170 0.9255
vn -0.1734 -0.6251 -0.7610
vn -0.3525 -0.0965 0.9308
vn -0.4259 -0.7315 0.5324
vn -0.3890 -0.6879 0.6128
vn -0.2113 -0.2126 0.9540
vn -0.2436 -0.8095 0.5342
vn -0.4901 -0.5971 0.6350
vn -0.0893 0.0105 0.9959
vn 0.1280 -0.8733 0.4701
vn -0.0966 -0.7894 0.6062
vn -0.3646 -0.7406 0.5645
vn -0.5761 -0.5395 0.6140
vn 0.1570 -0.8697 -0.4680
vn -0.3664 -0.9236 -0.1130
vn -0.6269 -0.7058 0.3299
vn -0.1530 -0.9880 -0.0213
vn 0.0657 -0.7492 -0.6590
vn 0.1058 -0.7409 -0.6632
vn -0.3329 -0.9123 -0.2384
vn 0.6722 -0.6135 -0.4145
vn 0.5654 -0.8075 -0.1681
vn 0.4731 -0.8734 -0.1152
vn 0.2470 -0.5311 -0.8105
vn 0.6892 -0.7242 -0.0212
vn 0.3003 -0.7157 -0.6306
vn -0.0905 -0.5343 -0.8405
vn -0.1680 -0.8404 -0.5153
vn -0.3829 -0.6346 -0.6713
vn -0.1484 -0.7930 -0.5908
vn 0.3856 -0.9059 -0.1751
vn 0.6187 -0.7411 -0.2608
vn 0.3150 -0.7533 -0.5773
vn -0.1588 -0.9051 -0.3944
vn 0.7647 -0.6288 0.1413
vn 0.5052 -0.8629 0.0116
vn -0.3085 -0.9473 -0.0862
vn -0.7835 -0.6198 0.0442
vn -0.3249 -0.9447 0.0445
vn -0.3595 -0.6688 0.6507
vn -0.3011 -0.5553 0.7752
vn -0.8359 -0.3228 0.4440
vn 0.1865 -0.8045 0.5639
vn -0.9028 -0.3096 0.2985
vn -0.3306 -0.8214 0.4647
vn 0.3234 -0.8557 0.4039
vn 0.6857 -0.5408 0.4872
vn 0.4810 -0.6432 -0.5958
vn 0.8726 -0.1824 -0.4531
vn 0.9477 -0.2306 -0.2207
vn 0.5956 0.2505 -0.7633
vn 0.2711 -0.6717 -0.6895
vn 0.7014 -0.1510 -0.6966
vn 0.3298 -0.4723 -0.8174
vn 0.0120 0.5340 -0.8454
vn -0.4599 0.4375 -0.7727
vn -0.7254 -0.1949 -0.6602
vn -0.3449 -0.5035 -0.7921
vn -0.7759 0.0792 -0.6258
vn 0.0405 -0.0366 -0.9985
vn 0.4533 -0.7203 -0.5251
vn 0.5935 -0.3164 -0.7400
vn 0.0223 -0.0918 -0.9955
vn -0.5439 0.3656 -0.7553
vn 0.3455 0.6080 -0.7148
vn 0.7234 0.3461 -0.5974
vn 0.8609 0.2408 -0.4481
vn -0.5076 0.1379 -0.8505
vn -0.9905 -0.1370 -0.0091
vn -0.5590 -0.5446 0.6253
vn -0.9705 -0.0484 0.2363
vn -0.0000 -0.5098 0.8603
vn -0.0000 -0.5522 0.8337
vn -0.0000 -0.7100 0.7042
vn -0.0000 -0.6450 0.7642
vn -0.9719 -0.0333 0.2330
vn -0.3586 -0.1758 0.9168
vn -0.4967 0.3116 0.8101
vn -0.9215 -0.2938 0.2539
vn -0.7289 0.1934 0.6567
vn -0.8818 0.0801 -0.4647
vn -0.9505 0.2535 0.1797
vn -0.0000 -0.2046 0.9788
vn -0.0000 0.2219 0.9751
vn -0.0001 0.2279 0.9737
vn -0.0000 0.4258 0.9048
vn 0.1152 -0.9865 -0.1162
vn 0.0007 -0.9279 0.3729
vn -0.0000 -0.9981 0.0616
vn -0.0000 -0.9335 -0.3587
vn 0.0001 -0.9741 -0.2259
vn -0.0000 -0.9884 0.1521
vn -0.0000 -0.9344 -0.3562
vn -0.4828 -0.8480 0.2187
vn -0.3811 -0.8033 -0.4577
vn 0.0044 -0.8644 0.5027
vn -0.0000 -0.9999 0.0111
vn -0.0000 -0.9788 -0.2049
vn -0.0843 -0.8315 -0.5491
vn -0.0000 -0.9419 -0.3359
vn -0.0000 -0.9673 0.2536
vn -0.0000 -0.6346 -0.7729
vn -0.8462 -0.1143 -0.5205
vn -0.9974 0.0108 -0.0713
vn -0.8416 0.1593 0.5160
vn -0.2288 -0.1220 0.9658
vn -0.2097 0.1428 0.9673
vn -0.8628 -0.2249 -0.4528
vn -0.0878 -0.1583 0.9835
vn -0.0300 0.0758 0.9967
vn -0.0000 0.0346 0.9994
vn -0.6842 -0.5540 0.4743
vn -0.6229 -0.2437 0.7434
vn -0.6464 -0.5218 0.5567
vn -0.3618 -0.4021 0.8411
vn -0.8909 -0.3810 0.2472
vn -0.5450 -0.3304 0.7706
vn -0.7456 0.0435 0.6650
vn -0.7635 -0.5536 0.3326
vn -0.7968 -0.5766 -0.1807
vn -0.5760 -0.4428 0.6871
vn -0.2212 -0.8314 0.5097
vn -0.0269 -0.4381 0.8985
vn -0.0000 -0.1786 0.9839
vn -0.0000 -0.2310 0.9730
vn -0.2447 -0.8947 -0.3737
vn -0.1004 -0.5051 0.8572
vn -0.0000 -0.3575 0.9339
vn -0.0005 -0.6016 -0.7988
vn -0.0000 -0.9710 -0.2391
vn -0.0000 -0.9653 0.2613
vn -0.0000 -0.8899 0.4562
vn -0.0198 -0.7036 -0.7103
vn -0.1732 -0.9436 0.2823
vn 0.3168 -0.8128 0.4889
vn 0.0733 -0.8424 -0.5339
vn 0.0086 -0.7149 -0.6992
vn -0.0000 -0.6430 -0.7659
vn -0.0000 -0.7118 -0.7024
vn 0.1651 -0.3243 -0.9314
vn 0.1958 -0.4717 -0.8598
vn 0.7146 -0.2985 -0.6326
vn -0.1484 -0.2148 -0.9653
vn -0.3313 0.0695 -0.9410
vn -0.0000 -0.2600 -0.9656
vn 0.6727 0.4878 -0.5564
vn 0.9250 -0.0485 -0.3768
vn -0.0949 0.5876 -0.8035
vn -0.0000 0.1468 -0.9892
vn -0.0000 0.4284 -0.9036
vn -0.0000 0.1112 -0.9938
vn -0.0000 0.7390 -0.6737
vn -0.2011 -0.1629 -0.9659
vn -0.4288 0.3898 -0.8150
vn 0.1695 0.4410 -0.8814
vn 0.5780 -0.0782 -0.8123
vn -0.0000 -0.8607 -0.5092
vn -0.0000 -0.0882 0.9961
vn -0.0000 -0.4165 0.9091
vn -0.0000 -0.5643 0.8256
vn -0.0000 0.1122 0.9937
vn -0.0000 -0.2417 0.9703
vn -0.0000 -0.5130 0.8584
vn 0.0004 0.4274 0.9041
vn -0.0000 -0.9490 0.3153
vn -0.0000 -0.7065 0.7077
vn -0.0000 0.3234 0.9463
vn 0.8136 0.3320 0.4774
vn 0.4753 -0.8787 -0.0440
vn 0.0159 -0.8646 -0.5022
vn -0.4069 -0.8701 -0.2782
vn -0.5691 -0.7804 0.2592
vn 0.1303 -0.9448 0.3006
vn -0.1537 -0.4710 0.8686
vn 0.1863 -0.9485 0.2563
vn 0.3788 -0.8330 0.4033
vn 0.2841 -0.4204 0.8617
vn 0.4108 -0.2093 0.8874
vn -0.4345 -0.7731 0.4620
vn -0.5292 -0.8179 -0.2256
vn -0.0963 -0.8969 0.4317
vn -0.0543 -0.9971 -0.0541
vn -0.1818 -0.9784 0.0982
vn 0.3603 -0.1170 0.9255
vn 0.1521 -0.0389 0.9876
vn 0.3525 -0.0965 0.9308
vn 0.4259 -0.7315 0.5324
vn 0.3890 -0.6879 0.6128
vn 0.2113 -0.2126 0.9540
vn 0.2436 -0.8095 0.5342
vn 0.4906 -0.5966 0.6351
vn 0.0893 0.0105 0.9959
vn -0.1280 -0.8733 0.4701
vn 0.0966 -0.7894 0.6062
vn 0.3646 -0.7406 0.5645
vn -0.2891 -0.7194 -0.6316
vn 0.7841 -0.5687 -0.2485
vn 0.3041 -0.9488 -0.0858
vn 0.8109 -0.5716 -0.1255
vn 0.8012 -0.5983 -0.0084
vn 0.9905 -0.1370 -0.0091
vn 0.9705 -0.0484 0.2363
vn 0.5590 -0.5446 0.6253
vn 0.3586 -0.1758 0.9168
vn 0.9719 -0.0333 0.2330
vn 0.4967 0.3116 0.8101
vn 0.9215 -0.2937 0.2542
vn 0.7288 0.1935 0.6568
vn 0.8818 0.0801 -0.4647
vn 0.9505 0.2535 0.1797
vn 0.8413 0.1591 0.5166
vn -0.1152 -0.9865 -0.1162
vn 0.4828 -0.8480 0.2187
vn 0.3811 -0.8033 -0.4577
vn -0.0045 -0.8642 0.5031
vn 0.0843 -0.8315 -0.5491
vn 0.8462 -0.1143 -0.5205
vn 0.9974 0.0108 -0.0713
vn 0.2945 0.3391 0.8935
vn 0.2288 -0.1220 0.9658
vn 0.2097 0.1428 0.9673
vn 0.8628 -0.2249 -0.4528
vn 0.0878 -0.1583 0.9835
vn 0.4740 -0.3431 -0.8109
vn 0.0303 0.0761 0.9966
vn 0.6229 -0.2437 0.7434
vn 0.6841 -0.5537 0.4748
vn 0.6464 -0.5218 0.5567
vn 0.3618 -0.4021 0.8411
vn 0.8909 -0.3810 0.2472
vn 0.5450 -0.3304 0.7706
vn 0.7455 0.0435 0.6651
vn 0.7635 -0.5536 0.3326
vn 0.7968 -0.5766 -0.1808
vn 0.5760 -0.4428 0.6871
vn 0.2212 -0.8314 0.5097
vn 0.0282 -0.4384 0.8983
vn 0.2447 -0.8947 -0.3737
vn 0.1004 -0.5051 0.8572
vn 0.1732 -0.9436 0.2823
vn -0.3174 -0.8125 0.4890
vn -0.0081 -0.7149 -0.6991
vn -0.1592 -0.7025 -0.6936
vn 0.0209 -0.5590 -0.8289
vn -0.1650 -0.3248 -0.9313
vn -0.7146 -0.2985 -0.6326
vn 0.1484 -0.2149 -0.9653
vn 0.3313 0.0695 -0.9410
vn -0.2744 0.8333 -0.4799
vn -0.6727 0.4878 -0.5564
vn -0.9250 -0.0485 -0.3768
vn 0.0949 0.5876 -0.8035
vn -0.5780 -0.0782 -0.8123
vn 0.1567 0.7116 -0.6849
vn 0.7833 -0.6200 0.0445
vn 0.9183 -0.3257 0.2250
vn -0.0000 0.3615 -0.9324
vn -0.0000 -0.5526 -0.8334
vn -0.0000 0.6327 0.7744
vn -0.0000 0.8212 -0.5707
vn -0.0000 -0.9943 0.1066
s 1
f 1//1 2//2 3//3
f 5//4 30//5 3//3
f 3//3 4//6 5//4
f 6//7 4//6 3//3
f 3//3 2//2 6//7
f 7//8 8//9 9//10
f 10//11 7//8 9//10
f 1//1 30//5 8//9
f 9//10 28//12 11//13
f 12//14 9//10 14//15
f 13//16 10//11 9//10
f 13//16 9//10 12//14
f 12//14 14//15 184//17
f 15//18 30//5 31//19
f 8//9 15//18 9//10
f 15//18 8//9 30//5
f 9//10 15//18 28//12
f 15//18 17//20 28//12
f 15//18 31//19 17//20
f 30//5 1//1 3//3
f 1//1 19//21 2//2
f 19//21 57//22 2//2
f 19//21 20//23 21//24
f 19//21 21//24 57//22
f 19//21 22//25 20//23
f 9//10 11//13 23//26
f 11//13 24//27 23//26
f 25//28 14//15 23//26
f 23//26 24//27 25//28
f 23//26 14//15 9//10
f 28//12 29//29 11//13
f 29//29 32//30 11//13
f 11//13 32//30 24//27
f 5//4 39//31 30//5
f 57//22 58//32 2//2
f 2//2 60//33 6//7
f 58//32 60//33 2//2
f 66//34 63//35 64//36
f 21//24 70//37 57//22
f 70//37 71//38 57//22
f 21//24 72//39 70//37
f 70//37 72//39 74//40
f 79//41 72//39 76//42
f 20//23 77//43 21//24
f 21//24 77//43 72//39
f 77//43 76//42 72//39
f 77//43 20//23 76//42
f 20//23 80//44 76//42
f 72//39 79//41 74//40
f 80//44 79//41 76//42
f 80//44 82//45 81//46
f 80//44 20//23 82//45
f 20//23 83//47 82//45
f 83//47 84//48 85//49
f 216//50 89//51 56//52
f 90//53 86//54 88//55
f 216//50 88//55 89//51
f 98//56 93//57 94//58
f 94//58 93//57 95//59
f 69//60 97//61 96//62
f 97//61 98//56 99//63
f 97//61 69//60 98//56
f 102//64 94//58 95//59
f 102//64 106//65 103//66
f 94//58 102//64 103//66
f 109//67 103//66 106//65
f 110//68 81//46 82//45
f 82//45 83//47 110//68
f 83//47 111//69 110//68
f 83//47 123//70 111//69
f 123//70 124//71 111//69
f 83//47 85//49 123//70
f 124//71 123//70 125//72
f 123//70 85//49 125//72
f 85//49 126//73 125//72
f 85//49 84//48 126//73
f 132//74 133//75 134//76
f 133//75 135//77 134//76
f 136//78 135//77 137//79
f 134//76 135//77 136//78
f 137//79 135//77 138//80
f 8//9 135//77 133//75
f 139//81 138//80 135//77
f 133//75 1//1 8//9
f 133//75 140//82 19//21
f 22//25 19//21 140//82
f 8//9 7//8 135//77
f 7//8 141//83 135//77
f 135//77 141//83 139//81
f 1//1 133//75 19//21
f 142//84 143//85 144//86
f 146//87 10//11 145//88
f 146//87 7//8 10//11
f 147//89 146//87 174//90
f 146//87 145//88 174//90
f 141//83 7//8 146//87
f 180//91 141//83 147//89
f 147//89 141//83 146//87
f 180//91 154//92 141//83
f 148//93 142//84 149//94
f 142//84 150//95 143//85
f 144//86 143//85 151//96
f 160//97 156//98 152//99
f 153//100 141//83 154//92
f 153//100 154//92 166//101
f 178//102 166//101 154//92
f 155//103 153//100 156//98
f 153//100 166//101 156//98
f 166//101 157//104 156//98
f 152//99 157//104 158//105
f 159//106 156//98 160//97
f 159//106 155//103 156//98
f 155//103 141//83 153//100
f 157//104 162//107 158//105
f 162//107 163//108 158//105
f 163//108 161//109 158//105
f 299//110 157//104 166//101
f 157//104 299//110 162//107
f 292//111 155//103 159//106
f 175//112 145//88 10//11
f 175//112 10//11 13//16
f 173//113 147//89 174//90
f 174//90 145//88 175//112
f 173//113 174//90 175//112
f 173//113 180//91 147//89
f 180//91 178//102 154//92
f 178//102 180//91 179//114
f 179//114 180//91 173//113
f 183//115 12//14 184//17
f 13//16 12//14 183//115
f 142//84 148//93 150//95
f 143//85 150//95 191//116
f 150//95 192//117 191//116
f 151//96 143//85 193//118
f 143//85 191//116 193//118
f 20//23 84//48 83//47
f 195//119 206//120 207//121
f 206//120 204//122 207//121
f 204//122 210//123 207//121
f 208//124 195//119 209//125
f 195//119 207//121 209//125
f 86//54 45//126 44//127
f 210//123 45//126 211//128
f 212//129 211//128 45//126
f 86//54 212//129 45//126
f 212//129 148//93 211//128
f 148//93 213//130 211//128
f 210//123 211//128 209//125
f 210//123 209//125 207//121
f 211//128 213//130 209//125
f 90//53 214//131 212//129
f 214//131 192//117 212//129
f 56//52 97//61 192//117
f 212//129 192//117 148//93
f 148//93 192//117 150//95
f 192//117 97//61 99//63
f 191//116 192//117 99//63
f 94//58 103//66 99//63
f 99//63 103//66 215//132
f 99//63 215//132 193//118
f 191//116 99//63 193//118
f 86//54 90//53 212//129
f 192//117 214//131 216//50
f 56//52 192//117 216//50
f 96//62 97//61 56//52
f 88//55 214//131 90//53
f 216//50 214//131 88//55
f 98//56 94//58 99//63
f 103//66 109//67 217//133
f 218//134 103//66 217//133
f 218//134 215//132 103//66
f 217//133 219//135 218//134
f 218//134 219//135 222//136
f 222//136 219//135 131//137
f 223//138 222//136 131//137
f 215//132 218//134 222//136
f 215//132 222//136 223//138
f 215//132 223//138 241//139
f 241//139 224//140 215//132
f 224//140 241//139 244//141
f 215//132 224//140 193//118
f 84//48 228//142 126//73
f 229//143 126//73 228//142
f 228//142 84//48 232//144
f 232//144 233//145 228//142
f 234//146 228//142 233//145
f 232//144 237//147 233//145
f 84//48 238//148 232//144
f 232//144 238//148 237//147
f 223//138 131//137 130//149
f 223//138 130//149 241//139
f 240//150 241//139 130//149
f 247//151 224//140 244//141
f 224//140 247//151 249//152
f 249//152 247//151 248//153
f 249//152 248//153 250//154
f 250//154 253//155 254//156
f 250//154 248//153 253//155
f 255//157 256//158 257//159
f 255//157 258//160 256//158
f 256//158 258//160 259//161
f 260//162 261//163 258//160
f 260//162 258//160 262//164
f 262//164 258//160 255//157
f 262//164 255//157 263//165
f 263//165 255//157 257//159
f 264//166 265//167 258//160
f 265//167 259//161 258//160
f 264//166 266//168 265//167
f 265//167 266//168 267//169
f 138//80 267//169 268//170
f 268//170 267//169 266//168
f 266//168 136//78 268//170
f 269//171 136//78 266//168
f 270//172 136//78 269//171
f 257//159 271//173 372//174
f 272//175 271//173 273//176
f 256//158 274//177 257//159
f 273//176 257//159 274//177
f 256//158 259//161 274//177
f 273//176 274//177 275//178
f 136//78 137//79 268//170
f 268//170 137//79 138//80
f 270//172 134//76 136//78
f 132//74 134//76 270//172
f 140//82 133//75 132//74
f 138//80 139//81 276//179
f 277//180 278//181 279//182
f 277//180 279//182 280//183
f 22//25 281//184 20//23
f 281//184 84//48 20//23
f 282//185 279//182 278//181
f 280//183 279//182 283//186
f 284//187 280//183 283//186
f 284//187 144//86 280//183
f 283//186 279//182 285//188
f 279//182 282//185 285//188
f 149//94 286//189 283//186
f 149//94 142//84 286//189
f 284//187 283//186 286//189
f 287//190 284//187 286//189
f 144//86 287//190 142//84
f 286//189 142//84 287//190
f 144//86 284//187 287//190
f 155//103 288//191 276//179
f 155//103 292//111 288//191
f 141//83 155//103 276//179
f 290//192 291//193 282//185
f 282//185 291//193 285//188
f 285//188 149//94 283//186
f 288//191 424//194 276//179
f 293//195 424//194 288//191
f 310//196 182//197 309//198
f 182//197 310//196 308//199
f 308//199 310//196 311//200
f 310//196 309//198 311//200
f 308//199 311//200 304//201
f 312//202 304//201 311//200
f 309//198 182//197 314//203
f 309//198 314//203 311//200
f 209//125 311//200 314//203
f 208//124 209//125 314//203
f 209//125 315//204 311//200
f 317//205 213//130 149//94
f 285//188 317//205 149//94
f 317//205 285//188 291//193
f 317//205 315//204 209//125
f 149//94 213//130 148//93
f 213//130 317//205 209//125
f 224//140 249//152 318//206
f 193//118 224//140 319//207
f 319//207 224//140 318//206
f 319//207 318//206 320//208
f 319//207 320//208 321//209
f 84//48 322//210 238//148
f 238//148 322//210 323//211
f 323//211 237//147 238//148
f 322//210 325//212 323//211
f 325//212 322//210 331//213
f 84//48 335//214 322//210
f 335//214 331//213 322//210
f 335//214 338//215 331//213
f 84//48 336//216 335//214
f 339//217 338//215 335//214
f 335//214 336//216 339//217
f 318//206 249//152 250//154
f 254//156 236//218 250//154
f 318//206 250//154 236//218
f 318//206 236//218 320//208
f 344//219 341//220 320//208
f 341//220 340//221 320//208
f 347//222 340//221 341//220
f 340//221 321//209 320//208
f 334//223 333//224 345//225
f 333//224 342//226 345//225
f 340//221 347//222 321//209
f 321//209 347//222 349//227
f 321//209 349//227 348//228
f 349//227 454//229 348//228
f 321//209 348//228 319//207
f 339//217 353//230 352//231
f 354//232 355//233 356//234
f 132//74 269//171 355//233
f 357//235 358//236 359//237
f 359//237 358//236 360//238
f 358//236 361//239 360//238
f 357//235 362//240 358//236
f 363//241 362//240 357//235
f 363//241 364//242 362//240
f 365//243 361//239 358//236
f 365//243 358//236 362//240
f 364//242 365//243 362//240
f 264//166 258//160 261//163
f 264//166 261//163 356//234
f 359//237 260//162 366//244
f 359//237 261//163 260//162
f 366//244 357//235 359//237
f 354//232 356//234 359//237
f 359//237 356//234 261//163
f 360//238 354//232 359//237
f 356//234 355//233 264//166
f 264//166 269//171 266//168
f 355//233 269//171 264//166
f 140//82 367//245 22//25
f 260//162 262//164 371//246
f 257//159 372//174 263//165
f 366//244 260//162 371//246
f 372//174 371//246 262//164
f 263//165 372//174 262//164
f 368//247 357//235 366//244
f 368//247 366//244 371//246
f 371//246 369//248 370//249
f 371//246 372//174 369//248
f 357//235 368//247 363//241
f 368//247 371//246 370//249
f 369//248 372//174 373//250
f 373//250 372//174 374//251
f 368//247 377//252 363//241
f 368//247 370//249 377//252
f 370//249 369//248 375//253
f 375//253 369//248 373//250
f 373//250 376//254 375//253
f 374//251 376//254 373//250
f 377//252 370//249 375//253
f 265//167 378//255 259//161
f 379//256 380//257 259//161
f 378//255 379//256 259//161
f 265//167 267//169 378//255
f 378//255 267//169 381//258
f 138//80 381//258 267//169
f 381//258 379//256 378//255
f 138//80 379//256 381//258
f 269//171 132//74 270//172
f 382//259 383//260 384//261
f 22//25 385//262 386//263
f 271//173 387//264 372//174
f 387//264 271//173 272//175
f 387//264 272//175 389//265
f 273//176 388//266 389//265
f 396//267 387//264 389//265
f 396//267 390//268 387//264
f 387//264 390//268 391//269
f 372//174 387//264 392//270
f 387//264 391//269 392//270
f 389//265 393//271 396//267
f 388//266 393//271 389//265
f 390//268 396//267 395//272
f 390//268 395//272 391//269
f 391//269 394//273 392//270
f 391//269 395//272 394//273
f 395//272 396//267 399//274
f 399//274 397//275 395//272
f 503//276 396//267 393//271
f 398//277 399//274 503//276
f 274//177 259//161 275//178
f 380//257 275//178 259//161
f 273//176 275//178 388//266
f 388//266 275//178 380//257
f 372//174 400//278 374//251
f 392//270 400//278 372//174
f 392//270 394//273 400//278
f 401//279 388//266 380//257
f 402//280 401//279 380//257
f 403//281 374//251 400//278
f 394//273 395//272 397//275
f 397//275 405//282 394//273
f 405//282 400//278 394//273
f 403//281 400//278 405//282
f 376//254 374//251 404//283
f 404//283 374//251 403//281
f 404//283 403//281 405//282
f 379//256 402//280 380//257
f 138//80 276//179 406//284
f 138//80 406//284 379//256
f 406//284 402//280 379//256
f 384//261 407//285 382//259
f 406//284 276//179 408//286
f 407//285 409//287 382//259
f 382//259 409//287 410//288
f 407//285 411//289 409//287
f 411//289 412//290 409//287
f 278//181 382//259 410//288
f 278//181 277//180 382//259
f 382//259 277//180 383//260
f 280//183 383//260 277//180
f 383//260 280//183 144//86
f 144//86 413//291 383//260
f 22//25 386//263 281//184
f 414//292 281//184 386//263
f 139//81 141//83 276//179
f 278//181 415//293 282//185
f 415//293 278//181 410//288
f 412//290 415//293 410//288
f 412//290 410//288 409//287
f 414//292 84//48 281//184
f 416//294 412//290 417//295
f 415//293 418//296 282//185
f 418//296 290//192 282//185
f 415//293 412//290 418//296
f 418//296 412//290 419//297
f 290//192 418//296 419//297
f 419//297 412//290 416//294
f 420//298 426//299 429//300
f 290//192 419//297 421//301
f 421//301 419//297 416//294
f 413//291 144//86 151//96
f 422//302 84//48 414//292
f 276//179 424//194 423//303
f 425//304 423//303 424//194
f 425//304 424//194 420//298
f 420//298 289//305 426//299
f 420//298 424//194 289//305
f 430//306 290//192 421//301
f 430//306 431//307 432//308
f 433//309 290//192 430//306
f 433//309 430//306 432//308
f 290//192 433//309 291//193
f 434//310 151//96 193//118
f 151//96 434//310 413//291
f 422//302 435//311 84//48
f 533//312 442//313 443//314
f 441//315 304//201 312//202
f 312//202 443//314 441//315
f 312//202 444//316 443//314
f 431//307 312//202 445//317
f 431//307 444//316 312//202
f 445//317 432//308 431//307
f 311//200 315//204 445//317
f 445//317 312//202 311//200
f 315//204 433//309 432//308
f 432//308 445//317 315//204
f 433//309 317//205 291//193
f 317//205 433//309 315//204
f 84//48 435//311 336//216
f 446//318 434//310 193//118
f 336//216 435//311 447//319
f 446//318 319//207 448//320
f 319//207 446//318 193//118
f 448//320 449//321 446//318
f 446//318 449//321 450//322
f 336//216 353//230 339//217
f 336//216 447//319 353//230
f 448//320 319//207 348//228
f 448//320 348//228 454//229
f 448//320 454//229 451//323
f 449//321 451//323 452//324
f 448//320 451//323 449//321
f 456//325 449//321 452//324
f 457//326 449//321 456//325
f 447//319 458//327 353//230
f 447//319 459//328 458//327
f 353//230 458//327 460//329
f 460//329 458//327 461//330
f 458//327 459//328 461//330
f 466//331 461//330 459//328
f 459//328 447//319 465//332
f 459//328 557//333 466//331
f 459//328 468//334 557//333
f 470//335 471//336 360//238
f 471//336 470//335 472//337
f 479//338 470//335 473//339
f 354//232 474//340 355//233
f 471//336 474//340 354//232
f 471//336 475//341 474//340
f 360//238 361//239 470//335
f 473//339 476//342 477//343
f 471//336 354//232 360//238
f 473//339 470//335 361//239
f 478//344 479//338 473//339
f 478//344 473//339 477//343
f 132//74 355//233 474//340
f 132//74 474//340 480//345
f 480//345 367//245 132//74
f 367//245 481//346 385//262
f 361//239 365//243 476//342
f 365//243 364//242 476//342
f 476//342 473//339 361//239
f 482//347 477//343 476//342
f 364//242 482//347 476//342
f 482//347 483//348 484//349
f 477//343 482//347 485//350
f 482//347 484//349 485//350
f 132//74 367//245 140//82
f 385//262 22//25 367//245
f 377//252 486//351 364//242
f 377//252 364//242 363//241
f 487//352 486//351 398//277
f 486//351 488//353 398//277
f 487//352 482//347 364//242
f 482//347 487//352 483//348
f 504//354 483//348 487//352
f 375//253 486//351 377//252
f 486//351 375//253 489//355
f 489//355 375//253 376//254
f 486//351 489//355 488//353
f 490//356 489//355 376//254
f 490//356 488//353 489//355
f 483//348 491//357 484//349
f 484//349 491//357 492//358
f 484//349 492//358 493//359
f 384//261 494//360 407//285
f 495//361 496//362 497//363
f 384//261 497//363 494//360
f 385//262 498//364 386//263
f 498//364 499//365 386//263
f 399//274 488//353 500//366
f 488//353 399//274 398//277
f 398//277 503//276 502//367
f 487//352 398//277 502//367
f 487//352 502//367 504//354
f 501//368 504//354 502//367
f 502//367 503//276 501//368
f 483//348 504//354 491//357
f 491//357 504//354 505//369
f 376//254 404//283 490//356
f 490//356 404//283 500//366
f 405//282 397//275 500//366
f 404//283 405//282 500//366
f 397//275 399//274 500//366
f 490//356 500//366 488//353
f 506//370 411//289 407//285
f 507//371 506//370 496//362
f 496//362 506//370 407//285
f 495//361 507//371 496//362
f 494//360 496//362 407//285
f 494//360 497//363 496//362
f 386//263 499//365 414//292
f 501//368 503//276 615//372
f 388//266 401//279 393//271
f 508//373 393//271 401//279
f 508//373 503//276 393//271
f 511//374 615//372 509//375
f 509//375 510//376 511//374
f 511//374 628//377 615//372
f 406//284 401//279 402//280
f 511//374 510//376 513//378
f 408//286 401//279 406//284
f 411//289 506//370 507//371
f 507//371 417//295 411//289
f 514//379 417//295 507//371
f 383//260 413//291 515//380
f 401//279 408//286 516//381
f 408//286 276//179 516//381
f 510//376 517//382 513//378
f 401//279 516//381 517//382
f 516//381 276//179 633//383
f 411//289 417//295 412//290
f 633//383 276//179 634//384
f 276//179 518//385 634//384
f 420//298 519//386 520//387
f 519//386 420//298 429//300
f 513//378 519//386 522//388
f 522//388 519//386 429//300
f 429//300 521//389 522//388
f 422//302 414//292 499//365
f 518//385 276//179 423//303
f 423//303 425//304 524//390
f 523//391 518//385 524//390
f 518//385 525//392 637//393
f 523//391 425//304 420//298
f 525//392 518//385 523//391
f 425//304 523//391 524//390
f 523//391 420//298 520//387
f 520//387 525//392 523//391
f 416//294 417//295 526//394
f 416//294 526//394 527//395
f 527//395 526//394 528//396
f 527//395 421//301 416//294
f 413//291 529//397 515//380
f 413//291 434//310 529//397
f 530//398 435//311 422//302
f 527//395 431//307 421//301
f 431//307 527//395 528//396
f 421//301 431//307 430//306
f 533//312 444//316 536//399
f 533//312 443//314 444//316
f 534//400 536//399 444//316
f 537//401 535//402 536//399
f 534//400 537//401 536//399
f 538//403 534//400 431//307
f 537//401 538//403 657//404
f 538//403 431//307 657//404
f 534//400 538//403 537//401
f 539//405 532//406 535//402
f 537//401 539//405 535//402
f 431//307 534//400 444//316
f 446//318 450//322 540//407
f 447//319 541//408 543//409
f 435//311 541//408 447//319
f 450//322 542//410 540//407
f 541//408 558//411 543//409
f 457//326 450//322 449//321
f 447//319 543//409 465//332
f 546//412 547//413 463//414
f 547//413 450//322 457//326
f 547//413 457//326 463//414
f 552//415 549//416 545//417
f 542//410 546//412 549//416
f 542//410 549//416 552//415
f 450//322 547//413 542//410
f 542//410 547//413 546//412
f 573//418 583//419 555//420
f 543//409 556//421 465//332
f 543//409 558//411 556//421
f 558//411 563//422 556//421
f 558//411 559//423 563//422
f 559//423 566//424 563//422
f 563//422 566//424 565//425
f 541//408 559//423 558//411
f 559//423 541//408 560//426
f 560//426 566//424 559//423
f 565//425 566//424 567//427
f 566//424 572//428 567//427
f 567//427 568//429 565//425
f 560//426 569//430 566//424
f 569//430 570//431 566//424
f 566//424 570//431 572//428
f 569//430 574//432 570//431
f 545//417 575//433 552//415
f 575//433 545//417 467//434
f 542//410 552//415 576//435
f 577//436 576//435 575//433
f 575//433 576//435 552//415
f 577//436 575//433 578//437
f 578//437 575//433 467//434
f 578//437 467//434 579//438
f 577//436 580//439 576//435
f 580//439 577//436 578//437
f 579//438 580//439 578//437
f 580//439 583//419 542//410
f 576//435 580//439 542//410
f 583//419 580//439 582//440
f 580//439 579//438 582//440
f 475//341 584//441 474//340
f 475//341 585//442 584//441
f 472//337 586//443 475//341
f 474//340 584//441 587//444
f 479//338 472//337 470//335
f 479//338 588//445 472//337
f 589//446 479//338 478//344
f 589//446 590//447 588//445
f 479//338 589//446 588//445
f 590//447 589//446 591//448
f 589//446 592//449 591//448
f 478//344 592//449 589//446
f 475//341 471//336 472//337
f 588//445 586//443 472//337
f 590//447 586//443 588//445
f 591//448 592//449 593//450
f 594//451 477//343 485//350
f 477//343 594//451 478//344
f 478//344 594//451 592//449
f 592//449 594//451 593//450
f 595//452 596//453 597//454
f 597//454 598//455 599//456
f 384//261 598//455 597//454
f 599//456 595//452 597//454
f 367//245 480//345 481//346
f 481//346 498//364 385//262
f 484//349 493//359 485//350
f 485//350 493//359 600//457
f 493//359 601//458 600//457
f 485//350 600//457 594//451
f 594//451 600//457 593//450
f 602//459 593//450 600//457
f 602//459 600//457 601//458
f 596//453 603//460 604//461
f 603//460 605//462 604//461
f 605//462 603//460 694//463
f 596//453 694//463 603//460
f 597//454 604//461 384//261
f 597//454 596//453 604//461
f 493//359 492//358 606//464
f 606//464 607//465 493//359
f 493//359 607//465 601//458
f 601//458 607//465 608//466
f 604//461 609//467 497//363
f 604//461 497//363 384//261
f 604//461 605//462 609//467
f 609//467 610//468 497//363
f 605//462 694//463 609//467
f 497//363 610//468 495//361
f 609//467 696//469 610//468
f 696//469 609//467 694//463
f 495//361 610//468 611//470
f 610//468 696//469 611//470
f 491//357 606//464 492//358
f 507//371 495//361 514//379
f 504//354 501//368 612//471
f 612//471 501//368 615//372
f 612//471 617//472 613//473
f 615//372 616//474 617//472
f 618//475 619//476 616//474
f 619//476 617//472 616//474
f 504//354 612//471 505//369
f 620//477 505//369 612//471
f 620//477 612//471 613//473
f 511//374 513//378 621//478
f 491//357 623//479 606//464
f 623//479 491//357 505//369
f 620//477 623//479 505//369
f 620//477 624//480 623//479
f 606//464 623//479 625//481
f 513//378 517//382 635//482
f 516//381 633//383 517//382
f 635//482 629//483 513//378
f 522//388 621//478 513//378
f 621//478 522//388 630//484
f 636//485 633//383 634//384
f 633//383 636//485 635//482
f 636//485 629//483 635//482
f 518//385 637//393 634//384
f 637//393 520//387 638//486
f 636//485 634//384 629//483
f 519//386 629//483 638//486
f 629//483 634//384 637//393
f 638//486 629//483 637//393
f 629//483 519//386 513//378
f 519//386 638//486 520//387
f 514//379 642//487 417//295
f 422//302 499//365 530//398
f 417//295 652//488 526//394
f 652//488 417//295 642//487
f 528//396 526//394 652//488
f 431//307 528//396 726//489
f 652//488 726//489 528//396
f 655//490 529//397 434//310
f 435//311 530//398 656//491
f 435//311 656//491 541//408
f 726//489 532//406 539//405
f 657//404 431//307 726//489
f 539//405 537//401 657//404
f 726//489 539//405 657//404
f 434//310 446//318 540//407
f 434//310 540//407 655//490
f 656//491 560//426 541//408
f 540//407 658//492 655//490
f 658//492 583//419 667//493
f 542//410 583//419 658//492
f 667//493 661//494 658//492
f 658//492 661//494 662//495
f 570//431 574//432 663//496
f 733//497 666//498 574//432
f 569//430 733//497 574//432
f 569//430 734//499 733//497
f 667//493 583//419 573//418
f 668//500 667//493 573//418
f 661//494 571//501 660//502
f 661//494 667//493 668//500
f 676//503 677//504 587//444
f 585//442 475//341 586//443
f 586//443 590//447 678//505
f 679//506 678//505 590//447
f 480//345 474//340 677//504
f 481//346 480//345 677//504
f 591//448 593//450 679//506
f 593//450 680//507 679//506
f 590//447 591//448 679//506
f 681//508 598//455 682//509
f 683//510 681//508 682//509
f 681//508 683//510 684//511
f 598//455 685//512 686//513
f 687//514 498//364 481//346
f 688//515 680//507 593//450
f 688//515 593//450 602//459
f 689//516 684//511 690//517
f 595//452 689//516 690//517
f 599//456 681//508 689//516
f 684//511 689//516 681//508
f 595//452 599//456 689//516
f 598//455 681//508 599//456
f 384//261 383//260 685//512
f 384//261 685//512 598//455
f 691//518 685//512 383//260
f 602//459 601//458 692//519
f 608//466 692//519 601//458
f 692//519 608//466 693//520
f 692//519 688//515 602//459
f 693//520 688//515 692//519
f 595//452 690//517 694//463
f 596//453 595//452 694//463
f 690//517 695//521 611//470
f 694//463 690//517 696//469
f 690//517 611//470 696//469
f 625//481 607//465 606//464
f 697//522 514//379 495//361
f 495//361 611//470 697//522
f 695//521 698//523 611//470
f 697//522 698//523 699//524
f 611//470 698//523 697//522
f 700//525 619//476 618//475
f 618//475 701//526 700//525
f 619//476 702//527 617//472
f 702//527 613//473 617//472
f 700//525 703//528 702//527
f 700//525 702//527 619//476
f 613//473 702//527 703//528
f 704//529 613//473 703//528
f 620//477 613//473 704//529
f 624//480 705//530 623//479
f 608//466 607//465 625//481
f 705//530 625//481 623//479
f 706//531 697//522 699//524
f 697//522 706//531 514//379
f 707//532 642//487 514//379
f 708//533 642//487 707//532
f 514//379 706//531 707//532
f 707//532 706//531 709//534
f 708//533 707//532 709//534
f 709//534 706//531 699//524
f 704//529 703//528 700//525
f 700//525 701//526 712//535
f 704//529 700//525 712//535
f 712//535 701//526 710//536
f 708//533 714//537 642//487
f 708//533 802//538 714//537
f 529//397 655//490 515//380
f 714//537 652//488 642//487
f 802//538 652//488 714//537
f 723//539 726//489 652//488
f 723//539 652//488 802//538
f 656//491 724//540 725//541
f 530//398 724//540 656//491
f 725//541 728//542 656//491
f 658//492 540//407 542//410
f 560//426 656//491 569//430
f 656//491 728//542 569//430
f 658//492 662//495 729//543
f 730//544 569//430 728//542
f 741//545 661//494 660//502
f 661//494 741//545 662//495
f 744//546 662//495 741//545
f 742//547 744//546 741//545
f 744//546 742//547 745//548
f 662//495 744//546 750//549
f 744//546 751//550 750//549
f 744//546 745//548 751//550
f 729//543 662//495 750//549
f 569//430 730//544 734//499
f 730//544 754//551 734//499
f 754//551 735//552 734//499
f 758//553 756//554 730//544
f 730//544 759//555 758//553
f 730//544 728//542 761//556
f 761//556 759//555 730//544
f 585//442 774//557 584//441
f 587//444 677//504 474//340
f 677//504 676//503 775//558
f 775//558 481//346 677//504
f 775//558 776//559 481//346
f 777//560 776//559 775//558
f 678//505 585//442 586//443
f 679//506 680//507 780//561
f 778//562 780//561 680//507
f 779//563 585//442 678//505
f 780//561 678//505 679//506
f 687//514 481//346 776//559
f 776//559 781//564 687//514
f 782//565 778//562 680//507
f 782//565 680//507 688//515
f 683//510 783//566 684//511
f 682//509 784//567 683//510
f 685//512 691//518 686//513
f 687//514 785//568 786//569
f 787//570 688//515 693//520
f 688//515 787//570 782//565
f 788//571 789//572 783//566
f 684//511 789//572 690//517
f 789//572 695//521 690//517
f 783//566 789//572 684//511
f 498//364 687//514 786//569
f 695//521 789//572 790//573
f 789//572 788//571 790//573
f 788//571 791//574 790//573
f 498//364 786//569 499//365
f 693//520 608//466 792//575
f 791//574 695//521 790//573
f 793//576 792//575 608//466
f 698//523 695//521 791//574
f 791//574 699//524 698//523
f 786//569 794//577 499//365
f 608//466 625//481 793//576
f 709//534 699//524 795//578
f 795//578 708//533 709//534
f 796//579 724//540 794//577
f 710//536 808//580 712//535
f 704//529 797//581 798//582
f 798//582 620//477 704//529
f 624//480 799//583 705//530
f 620//477 799//583 624//480
f 705//530 800//584 625//481
f 799//583 800//584 705//530
f 795//578 802//538 708//533
f 795//578 699//524 801//585
f 801//585 802//538 795//578
f 699//524 803//586 801//585
f 499//365 724//540 530//398
f 499//365 794//577 724//540
f 712//535 808//580 807//587
f 712//535 797//581 704//529
f 797//581 712//535 807//587
f 798//582 799//583 620//477
f 798//582 797//581 799//583
f 727//588 723//539 802//538
f 822//589 727//588 802//538
f 824//590 823//591 727//588
f 825//592 728//542 725//541
f 729//543 826//593 658//492
f 658//492 826//593 827//594
f 729//543 750//549 751//550
f 829//595 826//593 751//550
f 826//593 729//543 751//550
f 830//596 826//593 829//595
f 830//596 832//597 826//593
f 761//556 728//542 833//598
f 728//542 825//592 833//598
f 830//596 900//599 832//597
f 833//598 825//592 836//600
f 825//592 837//601 838//602
f 836//600 825//592 838//602
f 837//601 825//592 845//603
f 845//603 846//604 837//601
f 584//441 847//605 587//444
f 774//557 847//605 584//441
f 587//444 847//605 676//503
f 777//560 775//558 676//503
f 847//605 777//560 676//503
f 848//606 777//560 847//605
f 585//442 779//563 849//607
f 779//563 850//608 849//607
f 779//563 929//609 850//608
f 929//609 779//563 678//505
f 849//607 851//610 585//442
f 851//610 774//557 585//442
f 682//509 598//455 686//513
f 776//559 777//560 852//611
f 852//611 781//564 776//559
f 784//567 682//509 853//612
f 691//518 854//613 686//513
f 785//568 687//514 781//564
f 778//562 782//565 855//614
f 856//615 783//566 683//510
f 683//510 857//616 856//615
f 784//567 857//616 683//510
f 691//518 383//260 515//380
f 858//617 691//518 515//380
f 858//617 515//380 859//618
f 792//575 787//570 693//520
f 855//614 782//565 787//570
f 860//619 855//614 787//570
f 861//620 862//621 863//622
f 856//615 788//571 783//566
f 856//615 862//621 788//571
f 863//622 862//621 856//615
f 791//574 788//571 864//623
f 862//621 861//620 788//571
f 861//620 865//624 788//571
f 796//579 794//577 786//569
f 803//586 699//524 791//574
f 796//579 866//625 724//540
f 867//626 793//576 625//481
f 800//584 867//626 625//481
f 803//586 791//574 868//627
f 869//628 797//581 807//587
f 870//629 869//628 807//587
f 799//583 797//581 869//628
f 871//630 869//628 870//629
f 871//630 870//629 805//631
f 869//628 871//630 872//632
f 872//632 871//630 805//631
f 873//633 799//583 869//628
f 800//584 799//583 873//633
f 873//633 874//634 800//584
f 873//633 872//632 874//634
f 868//627 801//585 803//586
f 868//627 802//538 801//585
f 802//538 868//627 878//635
f 802//538 878//635 822//589
f 868//627 822//589 878//635
f 655//490 658//492 879//636
f 827//594 880//637 879//636
f 724//540 866//625 725//541
f 822//589 824//590 727//588
f 658//492 827//594 879//636
f 824//590 886//638 823//591
f 886//638 824//590 884//639
f 890//640 885//641 884//639
f 824//590 887//642 890//640
f 884//639 824//590 890//640
f 887//642 824//590 822//589
f 890//640 887//642 888//643
f 892//644 889//645 890//640
f 888//643 892//644 890//640
f 822//589 888//643 887//642
f 822//589 894//646 888//643
f 895//647 896//648 897//649
f 895//647 897//649 889//645
f 894//646 892//644 888//643
f 894//646 895//647 892//644
f 894//646 896//648 895//647
f 895//647 889//645 892//644
f 826//593 832//597 827//594
f 827//594 832//597 902//650
f 902//650 832//597 900//599
f 902//650 900//599 843//651
f 903//652 902//650 843//651
f 904//653 902//650 903//652
f 903//652 843//651 905//654
f 843//651 913//655 905//654
f 902//650 904//653 827//594
f 906//656 903//652 905//654
f 906//656 904//653 903//652
f 906//656 907//657 904//653
f 846//604 845//603 910//658
f 910//658 912//659 846//604
f 825//592 909//660 845//603
f 910//658 911//661 912//659
f 845//603 909//660 910//658
f 910//658 909//660 914//662
f 914//662 911//661 910//658
f 905//654 913//655 915//663
f 906//656 905//654 915//663
f 907//657 906//656 915//663
f 907//657 915//663 919//664
f 911//661 914//662 921//665
f 914//662 922//666 921//665
f 774//557 926//667 927//668
f 848//606 847//605 928//669
f 852//611 777//560 848//606
f 780//561 929//609 678//505
f 931//670 929//609 780//561
f 780//561 930//671 931//670
f 778//562 930//671 780//561
f 929//609 936//672 850//608
f 929//609 931//670 936//672
f 851//610 926//667 774//557
f 926//667 851//610 932//673
f 850//608 932//673 849//607
f 849//607 932//673 851//610
f 936//672 933//674 850//608
f 933//674 934//675 850//608
f 850//608 934//675 932//673
f 926//667 932//673 934//675
f 933//674 935//676 934//675
f 933//674 936//672 935//676
f 931//670 930//671 936//672
f 930//671 937//677 936//672
f 935//676 926//667 934//675
f 936//672 938//678 935//676
f 937//677 938//678 936//672
f 935//676 938//678 939//679
f 939//679 926//667 935//676
f 939//679 938//678 937//677
f 939//679 940//680 926//667
f 941//681 940//680 937//677
f 940//680 939//679 937//677
f 784//567 853//612 942//682
f 682//509 943//683 853//612
f 943//683 682//509 686//513
f 943//683 686//513 854//613
f 944//684 778//562 855//614
f 930//671 778//562 944//684
f 944//684 937//677 930//671
f 941//681 937//677 944//684
f 942//682 945//685 857//616
f 784//567 942//682 857//616
f 858//617 854//613 691//518
f 944//684 855//614 946//686
f 947//687 863//622 856//615
f 861//620 863//622 947//687
f 948//688 947//687 857//616
f 857//616 947//687 856//615
f 858//617 859//618 949//689
f 781//564 950//690 785//568
f 785//568 950//690 786//569
f 796//579 786//569 951//691
f 788//571 865//624 864//623
f 860//619 792//575 793//576
f 952//692 791//574 864//623
f 865//624 953//693 864//623
f 953//693 952//692 864//623
f 952//692 954//694 791//574
f 954//694 952//692 953//693
f 515//380 655//490 879//636
f 867//626 800//584 874//634
f 791//574 955//695 956//696
f 955//695 957//697 956//696
f 955//695 791//574 954//694
f 958//698 725//541 866//625
f 959//699 872//632 805//631
f 872//632 959//699 874//634
f 963//700 867//626 874//634
f 964//701 874//634 959//699
f 874//634 964//701 963//700
f 956//696 868//627 791//574
f 868//627 956//696 822//589
f 896//648 899//702 897//649
f 970//703 894//646 822//589
f 970//703 899//702 896//648
f 970//703 896//648 894//646
f 956//696 970//703 822//589
f 827//594 904//653 971//704
f 904//653 907//657 971//704
f 909//660 972//705 914//662
f 907//657 973//706 971//704
f 973//706 907//657 919//664
f 973//706 919//664 974//707
f 979//708 973//706 974//707
f 971//704 973//706 980//709
f 973//706 979//708 983//710
f 971//704 980//709 984//711
f 983//710 980//709 973//706
f 914//662 972//705 922//666
f 985//712 922//666 972//705
f 988//713 985//712 972//705
f 992//714 988//713 972//705
f 992//714 972//705 990//715
f 991//716 992//714 990//715
f 847//605 774//557 998//717
f 999//718 998//717 774//557
f 847//605 998//717 928//669
f 927//668 926//667 1000//719
f 927//668 1000//719 1001//720
f 999//718 774//557 927//668
f 1002//721 999//718 927//668
f 1003//722 943//683 854//613
f 1001//720 940//680 1004//723
f 1004//723 940//680 1005//724
f 940//680 941//681 1005//724
f 927//668 1001//720 1004//723
f 1006//725 1004//723 1005//724
f 1000//719 926//667 940//680
f 1001//720 1000//719 940//680
f 1007//726 781//564 852//611
f 946//686 941//681 944//684
f 948//688 1008//727 1009//728
f 1009//728 861//620 948//688
f 948//688 857//616 945//685
f 945//685 1008//727 948//688
f 1010//729 781//564 1007//726
f 947//687 948//688 861//620
f 949//689 854//613 858//617
f 950//690 781//564 1010//729
f 1011//730 946//686 855//614
f 1011//730 855//614 860//619
f 1012//731 950//690 1010//729
f 951//691 786//569 950//690
f 949//689 859//618 1013//732
f 787//570 792//575 860//619
f 1014//733 861//620 1015//734
f 859//618 515//380 1013//732
f 951//691 1016//735 796//579
f 860//619 793//576 1017//736
f 861//620 953//693 865//624
f 1014//733 953//693 861//620
f 1016//735 1018//737 796//579
f 515//380 879//636 1013//732
f 1013//732 879//636 880//637
f 796//579 1018//737 866//625
f 957//697 955//695 954//694
f 964//701 1019//738 963//700
f 2150//739 2019//740 2151//741
f 2641//742 2714//743 2638//744
f 3319//745 3331//746 3329//747
f 3319//745 3328//748 3327//749
f 2151//741 2154//750 2150//739
f 3122//751 3138//752 3135//753
f 3228//754 3226//755 3221//756
f 2351//757 2465//758 2353//759
f 1019//738 1022//760 963//700
f 2261//761 2357//762 2356//763
f 2431//764 2319//765 2429//766
f 401//279 517//382 510//376
f 2329//767 2320//768 2322//769
f 3327//749 3309//770 3314//771
f 3162//772 3166//773 3157//774
f 1027//775 956//696 957//697
f 2950//776 2951//777 2949//778
f 825//592 725//541 909//660
f 880//637 827//594 971//704
f 984//711 1031//779 971//704
f 1038//780 990//715 972//705
f 1041//781 990//715 1038//780
f 1038//780 972//705 1039//782
f 1041//781 1038//780 1040//783
f 1038//780 1039//782 1042//784
f 1038//780 1042//784 1040//783
f 1040//783 1036//785 1041//781
f 1043//786 1040//783 1042//784
f 1040//783 1043//786 1036//785
f 1042//784 1039//782 1043//786
f 1036//785 1043//786 1044//787
f 1039//782 1045//788 1043//786
f 980//709 983//710 997//789
f 980//709 997//789 1046//790
f 984//711 980//709 1046//790
f 1048//791 1046//790 1049//792
f 1046//790 1048//791 984//711
f 1049//792 1050//793 1048//791
f 928//669 1052//794 848//606
f 928//669 998//717 1053//795
f 1053//795 1052//794 928//669
f 1054//796 848//606 1052//794
f 1055//797 1054//796 1052//794
f 927//668 1004//723 1056//798
f 927//668 1056//798 1002//721
f 1057//799 1058//800 853//612
f 853//612 1003//722 1057//799
f 1003//722 853//612 943//683
f 1054//796 852//611 848//606
f 852//611 1054//796 1007//726
f 1007//726 1054//796 1059//801
f 1060//802 1006//725 1005//724
f 946//686 1060//802 1005//724
f 942//682 1061//803 945//685
f 1062//804 1061//803 942//682
f 1062//804 942//682 853//612
f 946//686 1005//724 941//681
f 945//685 1061//803 1008//727
f 1061//803 1009//728 1008//727
f 1063//805 946//686 1011//730
f 1064//806 1063//805 1011//730
f 1009//728 1015//734 861//620
f 1009//728 1065//807 1015//734
f 951//691 950//690 1012//731
f 1012//731 1016//735 951//691
f 1016//735 1012//731 1066//808
f 1064//806 1011//730 860//619
f 1065//807 1014//733 1015//734
f 1064//806 1017//736 1067//809
f 860//619 1017//736 1064//806
f 1017//736 793//576 1067//809
f 1018//737 1068//810 958//698
f 963//700 1071//811 867//626
f 1071//811 1067//809 867//626
f 1067//809 793//576 867//626
f 866//625 1018//737 958//698
f 954//694 1069//812 957//697
f 1070//813 725//541 958//698
f 1027//775 957//697 1072//814
f 1069//812 1073//815 957//697
f 1073//815 1072//814 957//697
f 909//660 725//541 1070//813
f 1027//775 1074//816 1029//817
f 1072//814 1074//816 1027//775
f 1073//815 1074//816 1072//814
f 1073//815 1029//817 1074//816
f 1029//817 1073//815 1030//818
f 971//704 1031//779 880//637
f 1070//813 1039//782 909//660
f 909//660 1039//782 972//705
f 984//711 1048//791 1031//779
f 1048//791 1050//793 1075//819
f 1075//819 1050//793 1076//820
f 1143//821 1031//779 1048//791
f 1143//821 1048//791 1075//819
f 1045//788 1044//787 1043//786
f 1051//822 1080//823 1050//793
f 1081//824 1079//825 1044//787
f 1080//823 1076//820 1050//793
f 1044//787 1045//788 1081//824
f 1085//826 1075//819 1076//820
f 1080//823 1085//826 1076//820
f 2123//827 2107//828 2121//829
f 1088//830 1081//824 1045//788
f 1143//821 1075//819 1090//831
f 1075//819 1085//826 1090//831
f 1088//830 1045//788 1091//832
f 1039//782 1091//832 1045//788
f 1099//833 999//718 1002//721
f 998//717 999//718 1100//834
f 998//717 1100//834 1053//795
f 1100//834 1101//835 1053//795
f 1053//795 1102//836 1052//794
f 1101//835 1102//836 1053//795
f 1052//794 1103//837 1055//797
f 1057//799 1003//722 1104//838
f 1105//839 1057//799 1104//838
f 1104//838 1003//722 854//613
f 1055//797 1059//801 1054//796
f 1059//801 1055//797 1106//840
f 1107//841 1060//802 1108//842
f 1166//843 1060//802 1107//841
f 1060//802 946//686 1108//842
f 1108//842 1109//844 1110//845
f 1108//842 946//686 1109//844
f 946//686 1111//846 1109//844
f 1110//845 1112//847 1108//842
f 1113//848 1110//845 1109//844
f 1113//848 1109//844 1111//846
f 1107//841 1108//842 1112//847
f 1113//848 1112//847 1110//845
f 1107//841 1112//847 1166//843
f 1114//849 1112//847 1113//848
f 1065//807 1061//803 1115//850
f 1058//800 1116//851 1062//804
f 1115//850 1062//804 1116//851
f 1062//804 853//612 1058//800
f 1062//804 1115//850 1061//803
f 1116//851 1058//800 1117//852
f 1058//800 1118//853 1117//852
f 1111//846 946//686 1119//854
f 854//613 949//689 1120//855
f 946//686 1063//805 1119//854
f 1061//803 1065//807 1009//728
f 1121//856 1012//731 1010//729
f 1007//726 1122//857 1010//729
f 1119//854 1063//805 1123//858
f 1063//805 1064//806 1123//858
f 1064//806 1193//859 1123//858
f 1067//809 1193//859 1064//806
f 1124//860 1125//861 1065//807
f 1014//733 1065//807 1125//861
f 1126//862 1014//733 1125//861
f 1016//735 1068//810 1018//737
f 953//693 1014//733 1127//863
f 1126//862 1127//863 1014//733
f 1126//862 1125//861 1124//860
f 1124//860 1065//807 1128//864
f 1127//863 1129//865 953//693
f 1124//860 1129//865 1126//862
f 1127//863 1126//862 1129//865
f 880//637 1130//866 1013//732
f 1129//865 954//694 953//693
f 1131//867 954//694 1129//865
f 954//694 1131//867 1069//812
f 958//698 1068//810 1132//868
f 1132//868 1070//813 958//698
f 1067//809 1071//811 1134//869
f 1135//870 1070//813 1136//871
f 1069//812 1137//872 1073//815
f 1137//872 1030//818 1073//815
f 1137//872 1138//873 1030//818
f 1143//821 1090//831 1139//874
f 2978//875 3036//876 3185//877
f 1143//821 1149//878 1031//779
f 1153//879 1091//832 1039//782
f 3167//880 3148//881 3166//773
f 2890//882 2886//883 2893//884
f 1216//885 1157//886 1153//879
f 2710//887 2867//888 2643//889
f 1100//834 1099//833 1101//835
f 1099//833 1100//834 999//718
f 1103//837 1052//794 1102//836
f 1161//890 1006//725 1162//891
f 1163//892 1161//890 1162//891
f 1004//723 1006//725 1056//798
f 1056//798 1006//725 1161//890
f 1002//721 1056//798 1161//890
f 1002//721 1161//890 1164//893
f 1118//853 1058//800 1057//799
f 1118//853 1057//799 1105//839
f 1120//855 1165//894 854//613
f 1006//725 1060//802 1166//843
f 1114//849 1166//843 1112//847
f 1119//854 1167//895 1113//848
f 1162//891 1166//843 1114//849
f 1006//725 1166//843 1162//891
f 1167//895 1114//849 1113//848
f 1114//849 1167//895 1162//891
f 1163//892 1162//891 1167//895
f 1113//848 1111//846 1119//854
f 1168//896 1115//850 1116//851
f 1116//851 1117//852 1169//897
f 1122//857 1007//726 1059//801
f 1170//898 1167//895 1171//899
f 1167//895 1172//900 1171//899
f 1172//900 1119//854 1123//858
f 1167//895 1119//854 1172//900
f 1173//901 1065//807 1115//850
f 1121//856 1010//729 1122//857
f 1174//902 1175//903 1176//904
f 1175//903 1174//902 1177//905
f 1066//808 1012//731 1121//856
f 1174//902 1179//906 1177//905
f 1180//907 1179//906 1174//902
f 1176//904 1171//899 1174//902
f 1180//907 1174//902 1181//908
f 1174//902 1171//899 1181//908
f 1171//899 1172//900 1182//909
f 1183//910 949//689 1013//732
f 1066//808 1068//810 1016//735
f 1184//911 1172//900 1123//858
f 1184//911 1123//858 1193//859
f 1128//864 1185//912 1129//865
f 1185//912 1128//864 1186//913
f 1124//860 1128//864 1129//865
f 1131//867 1187//914 1069//812
f 1185//912 1131//867 1129//865
f 1185//912 1187//914 1131//867
f 1186//913 1187//914 1185//912
f 1132//868 1068//810 1188//915
f 1193//859 1189//916 1184//911
f 1132//868 1136//871 1070//813
f 1190//917 1189//916 1193//859
f 1190//917 1193//859 1192//918
f 1193//859 1067//809 1134//869
f 1193//859 1134//869 1071//811
f 2798//919 2859//920 2858//921
f 1187//914 1195//922 1069//812
f 1196//923 1137//872 1069//812
f 1196//923 1138//873 1137//872
f 2717//924 2475//925 2643//889
f 2706//926 2638//744 2712//927
f 2458//928 2451//929 2542//930
f 2445//931 2540//932 2539//933
f 2521//934 2514//935 2509//936
f 1197//937 1196//923 1069//812
f 1197//937 1138//873 1196//923
f 2508//938 2517//939 2433//940
f 2430//941 2432//942 2429//766
f 1197//937 1384//943 1194//944
f 1070//813 1135//870 1039//782
f 1198//945 1031//779 1199//946
f 1198//945 1199//946 1200//947
f 1201//948 1198//945 1200//947
f 1039//782 1202//949 1153//879
f 1202//949 1039//782 1203//950
f 1135//870 1203//950 1039//782
f 1206//951 1203//950 1135//870
f 1149//878 1199//946 1031//779
f 1199//946 1149//878 1200//947
f 1202//949 1215//952 1153//879
f 1215//952 1216//885 1153//879
f 1167//895 1230//953 1163//892
f 1161//890 1163//892 1164//893
f 1002//721 1164//893 1219//954
f 1220//955 1164//893 1163//892
f 1220//955 1219//954 1164//893
f 1219//954 1099//833 1002//721
f 1118//853 1105//839 1221//956
f 1118//853 1221//956 1222//957
f 1221//956 1105//839 1223//958
f 1165//894 1104//838 854//613
f 1105//839 1104//838 1223//958
f 1104//838 1165//894 1223//958
f 1120//855 1224//959 1165//894
f 1223//958 1165//894 1225//960
f 1224//959 1225//960 1165//894
f 1106//840 1226//961 1059//801
f 1059//801 1226//961 1122//857
f 1227//962 1228//963 1236//964
f 1230//953 1167//895 1228//963
f 2357//762 2261//761 2267//965
f 2283//966 2282//967 2280//968
f 1234//969 1168//896 1116//851
f 1116//851 1169//897 1234//969
f 1239//970 1228//963 1170//898
f 1239//970 1170//898 1240//971
f 1167//895 1170//898 1228//963
f 1236//964 1228//963 1239//970
f 1236//964 1239//970 1240//971
f 1234//969 1173//901 1168//896
f 1173//901 1115//850 1168//896
f 1242//972 1224//959 1120//855
f 1249//973 1240//971 1243//974
f 1245//975 1249//973 1243//974
f 1176//904 1245//975 1243//974
f 1176//904 1175//903 1245//975
f 2138//976 2145//977 2142//978
f 1265//979 1263//980 1257//981
f 1257//981 1259//982 1265//979
f 1257//981 1256//983 1259//982
f 1258//984 1255//985 1260//986
f 1262//987 1263//980 1264//988
f 1264//988 1263//980 1265//979
f 1265//979 1260//986 1264//988
f 1265//979 1259//982 1258//984
f 1260//986 1265//979 1258//984
f 1240//971 1170//898 1243//974
f 1243//974 1170//898 1171//899
f 1243//974 1171//899 1176//904
f 1260//986 1472//989 1266//990
f 1267//991 1268//992 1173//901
f 1242//972 1120//855 949//689
f 2112//993 2105//994 2108//995
f 1255//985 1273//996 1275//997
f 1276//998 1273//996 1277//999
f 1276//998 1275//997 1273//996
f 1255//985 1275//997 1472//989
f 1275//997 1278//1000 1472//989
f 1275//997 1279//1001 1278//1000
f 1275//997 1276//998 1279//1001
f 1472//989 1260//986 1255//985
f 1280//1002 1472//989 1278//1000
f 1278//1000 1281//1003 1280//1002
f 1279//1001 1282//1004 1281//1003
f 1279//1001 1281//1003 1278//1000
f 1277//999 1273//996 1288//1005
f 1288//1005 1289//1006 1277//999
f 1289//1006 1299//1007 1277//999
f 1279//1001 1276//998 1282//1004
f 1276//998 1277//999 1290//1008
f 1276//998 1290//1008 1291//1009
f 1282//1004 1276//998 1291//1009
f 1268//992 1065//807 1173//901
f 1180//907 1181//908 1292//1010
f 1181//908 1293//1011 1292//1010
f 1293//1011 1181//908 1298//1012
f 1181//908 1182//909 1298//1012
f 1289//1006 1300//1013 1299//1007
f 1299//1007 1300//1013 1301//1014
f 1300//1013 1294//1015 1301//1014
f 1277//999 1299//1007 1301//1014
f 1294//1015 1302//1016 1301//1014
f 1301//1014 1302//1016 1303//1017
f 1171//899 1182//909 1181//908
f 1277//999 1301//1014 1290//1008
f 1301//1014 1303//1017 1290//1008
f 1290//1008 1303//1017 1304//1018
f 1304//1018 1305//1019 1290//1008
f 1291//1009 1290//1008 1305//1019
f 1306//1020 1068//810 1066//808
f 1768//1021 1915//1022 1916//1023
f 1182//909 1317//1024 1298//1012
f 1317//1024 1316//1025 1298//1012
f 1318//1026 1317//1024 1182//909
f 1317//1024 1332//1027 1316//1025
f 2014//1028 2015//1029 2021//1030
f 2005//1031 2003//1032 1991//1033
f 1302//1016 1315//1034 1320//1035
f 1321//1036 1320//1035 1315//1034
f 1182//909 1172//900 1184//911
f 1303//1017 1302//1016 1320//1035
f 1304//1018 1303//1017 1322//1037
f 1320//1035 1322//1037 1303//1017
f 1323//1038 1322//1037 1320//1035
f 1320//1035 1321//1036 1323//1038
f 1324//1039 1325//1040 1304//1018
f 1324//1039 1304//1018 1322//1037
f 1323//1038 1324//1039 1322//1037
f 1128//864 1065//807 1268//992
f 1268//992 1326//1041 1128//864
f 1130//866 1183//910 1013//732
f 1332//1027 1317//1024 1318//1026
f 1318//1026 1182//909 1331//1042
f 1332//1027 1318//1026 1329//1043
f 1333//1044 1327//1045 1318//1026
f 1318//1026 1331//1042 1333//1044
f 1329//1043 1318//1026 1327//1045
f 1184//911 1331//1042 1182//909
f 1128//864 1335//1046 1186//913
f 1327//1045 1333//1044 1337//1047
f 1333//1044 1331//1042 1337//1047
f 1188//915 1068//810 1306//1020
f 1337//1047 1346//1048 1342//1049
f 1337//1047 1331//1042 1346//1048
f 1347//1050 880//637 1031//779
f 880//637 1347//1050 1130//866
f 1136//871 1132//868 1188//915
f 1359//1051 1348//1052 1342//1049
f 1342//1049 1346//1048 1356//1053
f 1342//1049 1356//1053 1359//1051
f 1342//1049 1348//1052 1357//1054
f 1331//1042 1184//911 1189//916
f 1331//1042 1189//916 1346//1048
f 1346//1048 1189//916 1356//1053
f 1358//1055 1347//1050 1031//779
f 1359//1051 1356//1053 1360//1056
f 1360//1056 1356//1053 1367//1057
f 1367//1057 1362//1058 1360//1056
f 1362//1058 1367//1057 1379//1059
f 1367//1057 1356//1053 1379//1059
f 1362//1058 1379//1059 1369//1060
f 1824//1061 1819//1062 1846//1063
f 1189//916 1190//917 1356//1053
f 1356//1053 1190//917 1379//1059
f 1379//1059 1190//917 1192//918
f 1192//918 1374//1064 1379//1059
f 1384//943 1195//922 1385//1065
f 1069//812 1195//922 1197//937
f 1384//943 1197//937 1195//922
f 1187//914 1385//1065 1195//922
f 1136//871 1386//1066 1135//870
f 1387//1067 1358//1055 1031//779
f 1539//1068 1743//1069 1414//1070
f 1213//1071 1198//945 1201//948
f 1390//1072 1198//945 1213//1071
f 1391//1073 1390//1072 1213//1071
f 1198//945 1390//1072 1031//779
f 1400//1074 1390//1072 1391//1073
f 1390//1072 1398//1075 1031//779
f 1399//1076 1390//1072 1400//1074
f 1402//1077 1203//950 1206//951
f 1410//1078 1402//1077 1206//951
f 1206//951 1135//870 1389//1079
f 1539//1068 1715//1080 1586//1081
f 1219//954 1413//1082 1099//833
f 1101//835 1099//833 1413//1082
f 1748//1083 1747//1084 1745//1085
f 1230//953 1415//1086 1417//1087
f 1418//1088 1417//1087 1415//1086
f 1417//1087 1418//1088 1419//1089
f 1417//1087 1220//955 1163//892
f 1163//892 1230//953 1417//1087
f 1417//1087 1219//954 1220//955
f 1219//954 1417//1087 1419//1089
f 1118//853 1222//957 1117//852
f 1222//957 1421//1090 1422//1091
f 1421//1090 1222//957 1221//956
f 1221//956 1223//958 1423//1092
f 1221//956 1423//1092 1421//1090
f 1421//1090 1423//1092 1862//1093
f 1424//1094 1862//1093 1423//1092
f 1225//960 1224//959 1425//1095
f 1425//1095 1423//1092 1225//960
f 1423//1092 1223//958 1225//960
f 1424//1094 1423//1092 1425//1095
f 1169//897 1431//1096 1234//969
f 1169//897 1117//852 1222//957
f 1618//1097 1439//1098 1436//1099
f 1173//901 1452//1100 1267//991
f 1173//901 1453//1101 1452//1100
f 1173//901 1234//969 1453//1101
f 1234//969 1431//1096 1453//1101
f 1224//959 1242//972 1425//1095
f 1263//980 1262//987 1434//1102
f 1264//988 1260//986 1454//1103
f 1454//1103 1434//1102 1262//987
f 1264//988 1454//1103 1262//987
f 1630//1104 1454//1103 1455//1105
f 1455//1105 1454//1103 1266//990
f 1454//1103 1630//1104 1434//1102
f 1455//1105 1456//1106 1630//1104
f 1266//990 1457//1107 1455//1105
f 1458//1108 1457//1107 1266//990
f 1456//1106 1455//1105 1459//1109
f 1460//1110 1459//1109 1455//1105
f 1457//1107 1460//1110 1455//1105
f 1457//1107 1461//1111 1460//1110
f 1630//1104 1456//1106 1462//1112
f 1456//1106 1459//1109 1462//1112
f 1459//1109 1460//1110 1461//1111
f 1454//1103 1260//986 1266//990
f 1463//1113 1457//1107 1458//1108
f 1452//1100 1268//992 1267//991
f 1242//972 949//689 1183//910
f 1464//1114 1461//1111 1463//1113
f 1463//1113 1461//1111 1457//1107
f 1462//1112 1459//1109 1464//1114
f 1464//1114 1459//1109 1461//1111
f 1463//1113 1465//1115 1464//1114
f 1466//1116 1472//989 1280//1002
f 1466//1116 1280//1002 1467//1117
f 1468//1118 1280//1002 1281//1003
f 1467//1117 1280//1002 1468//1118
f 1281//1003 1469//1119 1468//1118
f 1470//1120 1266//990 1472//989
f 1472//989 1471//1121 1470//1120
f 1466//1116 1471//1121 1472//989
f 1471//1121 1466//1116 1473//1122
f 1473//1122 1466//1116 1467//1117
f 1474//1123 1467//1117 1468//1118
f 1473//1122 1467//1117 1474//1123
f 1469//1119 1474//1123 1468//1118
f 1470//1120 1471//1121 1475//1124
f 1475//1124 1473//1122 1476//1125
f 1475//1124 1471//1121 1473//1122
f 1476//1125 1473//1122 1474//1123
f 1476//1125 1477//1126 1475//1124
f 1476//1125 1474//1123 1487//1127
f 1470//1120 1458//1108 1266//990
f 1475//1124 1477//1126 1458//1108
f 1470//1120 1475//1124 1458//1108
f 1476//1125 1478//1128 1477//1126
f 1479//1129 1478//1128 1476//1125
f 1479//1129 1476//1125 1487//1127
f 1458//1108 1477//1126 1480//1130
f 1477//1126 1478//1128 1480//1130
f 1458//1108 1480//1130 1463//1113
f 1480//1130 1465//1115 1463//1113
f 1478//1128 1465//1115 1480//1130
f 1478//1128 1481//1131 1465//1115
f 1482//1132 1481//1131 1478//1128
f 1478//1128 1479//1129 1482//1132
f 1452//1100 1483//1133 1268//992
f 1484//1134 1483//1133 1452//1100
f 1121//856 1485//1135 1066//808
f 1281//1003 1282//1004 1469//1119
f 1469//1119 1282//1004 1486//1136
f 1486//1136 1282//1004 1291//1009
f 1486//1136 1291//1009 1305//1019
f 1487//1127 1474//1123 1469//1119
f 1487//1127 1469//1119 1488//1137
f 1488//1137 1469//1119 1486//1136
f 1479//1129 1487//1127 1488//1137
f 1489//1138 1488//1137 1486//1136
f 1489//1138 1486//1136 1305//1019
f 1305//1019 1490//1139 1489//1138
f 1488//1137 1489//1138 1479//1129
f 1479//1129 1491//1140 1482//1132
f 1479//1129 1489//1138 1491//1140
f 1489//1138 1492//1141 1491//1140
f 1489//1138 1490//1139 1492//1141
f 1492//1141 1490//1139 1493//1142
f 1268//992 1483//1133 1494//1143
f 1494//1143 1483//1133 1484//1134
f 1242//972 1183//910 1495//1144
f 1304//1018 1325//1040 1305//1019
f 1325//1040 1490//1139 1305//1019
f 1490//1139 1325//1040 1496//1145
f 1493//1142 1490//1139 1496//1145
f 1335//1046 1494//1143 1497//1146
f 1494//1143 1326//1041 1268//992
f 1335//1046 1326//1041 1494//1143
f 1498//1147 1306//1020 1066//808
f 1499//1148 1321//1036 1315//1034
f 1321//1036 1499//1148 1503//1149
f 1505//1150 1325//1040 1324//1039
f 1324//1039 1323//1038 1505//1150
f 1321//1036 1503//1149 1323//1038
f 1496//1145 1325//1040 1505//1150
f 1503//1149 1505//1150 1323//1038
f 1496//1145 1505//1150 1503//1149
f 1499//1148 1501//1151 1503//1149
f 1506//1152 1496//1145 1503//1149
f 1493//1142 1496//1145 1506//1152
f 1506//1152 1503//1149 1504//1153
f 1503//1149 1501//1151 1504//1153
f 1504//1153 1493//1142 1506//1152
f 1335//1046 1128//864 1326//1041
f 1347//1050 1183//910 1130//866
f 1507//1154 1183//910 1347//1050
f 1524//1155 1188//915 1306//1020
f 1530//1156 1188//915 1524//1155
f 1187//914 1536//1157 1537//1158
f 1186//913 1538//1159 1187//914
f 1536//1157 1187//914 1538//1159
f 1188//915 1530//1156 1136//871
f 1136//871 1530//1156 1386//1066
f 3608//1160 1530//1156 3607//1161
f 1543//1162 1553//1163 1556//1164
f 1537//1158 1385//1065 1187//914
f 1537//1158 1566//1165 1385//1065
f 1536//1157 1566//1165 1537//1158
f 1398//1075 1387//1067 1031//779
f 1407//1166 1574//1167 1389//1079
f 1407//1166 1575//1168 1574//1167
f 1575//1168 1407//1166 1584//1169
f 1399//1076 1412//1170 1390//1072
f 1398//1075 1390//1072 1412//1170
f 1571//1171 1398//1075 1412//1170
f 1419//1089 1744//1172 1585//1173
f 1754//1174 1751//1175 1747//1084
f 3611//1176 1219//954 3610//1177
f 1419//1089 1585//1173 1219//954
f 1222//957 1609//1178 1431//1096
f 1169//897 1222//957 1431//1096
f 1431//1096 1609//1178 1610//1179
f 1222//957 1611//1180 1609//1178
f 1609//1178 1611//1180 1610//1179
f 1611//1180 1612//1181 1610//1179
f 1222//957 1422//1091 1611//1180
f 1422//1091 1613//1182 1611//1180
f 1611//1180 1613//1182 1612//1181
f 1614//1183 1422//1091 1421//1090
f 1615//1184 1614//1183 1421//1090
f 1862//1093 1615//1184 1421//1090
f 1424//1094 1868//1185 1616//1186
f 1868//1185 1424//1094 1425//1095
f 1453//1101 1625//1187 1452//1100
f 1453//1101 1626//1188 1625//1187
f 1453//1101 1612//1181 1626//1188
f 1453//1101 1431//1096 1610//1179
f 1453//1101 1610//1179 1612//1181
f 1868//1185 1425//1095 1627//1189
f 1121//856 1122//857 1628//1190
f 1452//1100 1625//1187 1648//1191
f 1625//1187 1626//1188 1648//1191
f 1648//1191 1649//1192 1452//1100
f 1648//1191 1626//1188 1650//1193
f 1648//1191 1651//1194 1649//1192
f 1650//1193 1651//1194 1648//1191
f 1650//1193 1626//1188 1652//1195
f 1653//1196 1651//1194 1650//1193
f 1654//1197 1425//1095 1242//972
f 1655//1198 1654//1197 1242//972
f 1654//1197 1627//1189 1425//1095
f 1654//1197 1655//1198 1627//1189
f 1656//1199 1464//1114 1465//1115
f 1465//1115 1481//1131 1656//1199
f 1656//1199 1481//1131 1657//1200
f 1657//1200 1481//1131 1658//1201
f 1658//1201 1481//1131 1482//1132
f 1647//1202 1660//1203 1661//1204
f 1660//1203 1662//1205 1661//1204
f 1647//1202 1661//1204 1663//1206
f 1649//1192 1661//1204 1664//1207
f 1661//1204 1665//1208 1664//1207
f 1661//1204 1666//1209 1663//1206
f 1484//1134 1452//1100 1649//1192
f 1667//1210 1484//1134 1649//1192
f 1668//1211 1484//1134 1667//1210
f 1649//1192 1664//1207 1667//1210
f 1667//1210 1664//1207 1668//1211
f 1666//1209 1661//1204 1649//1192
f 1649//1192 1651//1194 1666//1209
f 1495//1144 1655//1198 1242//972
f 1669//1212 1655//1198 1495//1144
f 1655//1198 1669//1212 1670//1213
f 1627//1189 1655//1198 1670//1213
f 1671//1214 1482//1132 1491//1140
f 1491//1140 1492//1141 1671//1214
f 1678//1215 1668//1211 1664//1207
f 1662//1205 1679//1216 1661//1204
f 1661//1204 1679//1216 1665//1208
f 1664//1207 1665//1208 1678//1215
f 1665//1208 1497//1146 1678//1215
f 1494//1143 1484//1134 1668//1211
f 1497//1146 1494//1143 1668//1211
f 1668//1211 1678//1215 1497//1146
f 1183//910 1507//1154 1495//1144
f 1669//1212 1495//1144 1507//1154
f 1680//1217 1669//1212 1507//1154
f 1685//1218 1686//1219 1684//1220
f 1685//1218 1684//1220 1687//1221
f 1684//1220 1688//1222 1687//1221
f 1687//1221 1688//1222 1679//1216
f 1492//1141 1493//1142 3782//1223
f 1676//1224 1677//1225 1679//1216
f 1676//1224 1679//1216 1662//1205
f 1677//1225 1685//1218 1679//1216
f 1677//1225 1686//1219 1685//1218
f 1685//1218 1687//1221 1679//1216
f 1679//1216 1497//1146 1665//1208
f 1507//1154 1692//1226 1680//1217
f 1688//1222 1697//1227 1698//1228
f 1688//1222 1698//1228 1679//1216
f 1497//1146 1679//1216 1698//1228
f 1347//1050 1692//1226 1507//1154
f 1498//1147 1699//1229 1306//1020
f 1497//1146 1700//1230 1335//1046
f 1306//1020 1699//1229 1524//1155
f 1697//1227 1702//1231 1698//1228
f 1698//1228 1702//1231 1703//1232
f 1698//1228 1703//1232 1704//1233
f 1186//913 1335//1046 1700//1230
f 1700//1230 1497//1146 1698//1228
f 1705//1234 1700//1230 1698//1228
f 1702//1231 1704//1233 1703//1232
f 1704//1233 1705//1234 1698//1228
f 1186//913 1700//1230 1538//1159
f 1692//1226 1347//1050 1358//1055
f 1747//1084 1749//1235 1796//1236
f 1704//1233 1709//1237 1710//1238
f 1704//1233 1710//1238 1712//1239
f 1705//1234 1704//1233 1712//1239
f 1710//1238 1709//1237 1562//1240
f 1712//1239 1710//1238 1711//1241
f 1705//1234 1712//1239 1700//1230
f 1700//1230 1712//1239 1538//1159
f 3613//1242 1386//1066 3608//1160
f 1709//1237 1714//1243 1562//1240
f 1562//1240 1714//1243 1561//1244
f 1538//1159 1567//1245 1536//1157
f 1567//1245 1566//1165 1536//1157
f 1711//1241 1567//1245 1712//1239
f 1538//1159 1712//1239 1567//1245
f 1751//1175 2034//1246 1756//1247
f 1135//870 3613//1242 3602//1248
f 1716//1249 1387//1067 1398//1075
f 1717//1250 1387//1067 1716//1249
f 1739//1251 1584//1169 1407//1166
f 1721//1252 1739//1251 1407//1166
f 1721//1252 1722//1253 1739//1251
f 1724//1254 1722//1253 1721//1252
f 1930//1255 1721//1252 1407//1166
f 1725//1256 1726//1257 1721//1252
f 1726//1257 1724//1254 1721//1252
f 1571//1171 1729//1258 1398//1075
f 1729//1258 1716//1249 1398//1075
f 1739//1251 1736//1259 1584//1169
f 1746//1260 1747//1084 1762//1261
f 3616//1262 3609//1263 1585//1173
f 3617//1264 3708//1265 1744//1172
f 1747//1084 1796//1236 1762//1261
f 3619//1266 3620//1267 1102//836
f 1745//1085 1747//1084 1746//1260
f 1103//837 3620//1267 3621//1268
f 1055//797 1103//837 1106//840
f 1388//1269 1414//1070 1767//1270
f 1767//1270 1768//1021 1771//1271
f 1781//1272 1778//1273 1756//1247
f 1749//1235 1778//1273 1780//1274
f 1778//1273 1747//1084 1756//1247
f 1782//1275 1815//1276 1781//1272
f 1794//1277 1815//1276 1782//1275
f 1781//1272 1756//1247 1782//1275
f 1756//1247 2037//1278 1782//1275
f 1824//1061 1839//1279 1799//1280
f 1796//1236 1749//1235 1797//1281
f 1842//1282 1844//1283 1843//1284
f 1226//961 3622//1285 3635//1286
f 1749//1235 1780//1274 1813//1287
f 1797//1281 1749//1235 1813//1287
f 1766//1288 1816//1289 1764//1290
f 1766//1288 1814//1291 1816//1289
f 1764//1290 1817//1292 1799//1280
f 1824//1061 1822//1293 1839//1279
f 1815//1276 1794//1277 2052//1294
f 1773//1295 1777//1296 1789//1297
f 1817//1292 2060//1298 1799//1280
f 1851//1299 1857//1300 1856//1301
f 3716//1302 3713//1303 1776//1304
f 3717//1305 3716//1302 1776//1304
f 3717//1305 1776//1304 3718//1306
f 1855//1307 1847//1308 1843//1284
f 3643//1309 3719//1310 1789//1297
f 1850//1311 1847//1308 1855//1307
f 1989//1312 1985//1313 1988//1314
f 1844//1283 1842//1282 1846//1063
f 1799//1280 1819//1062 1824//1061
f 1850//1311 1857//1300 1851//1299
f 1715//1080 1798//1315 1822//1293
f 1848//1316 1847//1308 1849//1317
f 1847//1308 1850//1311 1849//1317
f 1849//1317 1850//1311 1851//1299
f 1856//1301 1858//1318 1851//1299
f 1977//1319 1975//1320 2075//1321
f 1961//1322 2075//1321 1974//1323
f 1992//1324 1994//1325 1993//1326
f 1856//1301 1946//1327 1858//1318
f 1861//1328 1856//1301 1857//1300
f 1743//1069 1586//1081 1869//1329
f 2007//1330 2008//1331 2012//1332
f 2012//1332 2008//1331 2013//1333
f 1613//1182 1825//1334 1612//1181
f 1613//1182 1826//1335 1827//1336
f 1613//1182 1828//1337 1826//1335
f 1422//1091 1828//1337 1613//1182
f 1422//1091 1829//1338 1828//1337
f 1838//1339 1830//1340 1831//1341
f 1838//1339 1832//1342 1830//1340
f 1830//1340 1832//1342 1833//1343
f 1833//1343 1834//1344 1830//1340
f 1834//1344 1835//1345 1836//1346
f 1888//1347 1864//1348 1887//1349
f 1832//1342 1838//1339 1885//1350
f 1832//1342 1885//1350 1840//1351
f 1832//1342 1840//1351 1833//1343
f 1864//1348 1865//1352 1887//1349
f 1831//1341 1830//1340 1836//1346
f 1836//1346 1841//1353 1831//1341
f 1834//1344 1836//1346 1830//1340
f 3733//1354 1831//1341 3734//1355
f 3733//1354 3732//1356 1831//1341
f 1865//1352 1414//1070 1870//1357
f 1869//1329 1586//1081 1848//1316
f 1883//1358 1881//1359 1880//1360
f 1881//1359 1882//1361 1938//1362
f 1882//1361 1881//1359 1883//1358
f 1887//1349 1881//1359 1938//1362
f 3651//1363 1837//1364 3650//1365
f 1869//1329 1848//1316 1874//1366
f 1870//1357 1869//1329 1874//1366
f 1880//1360 1874//1366 1883//1358
f 1880//1360 1878//1367 1874//1366
f 612//471 615//372 617//472
f 1883//1358 1848//1316 1849//1317
f 2021//1030 2017//1368 2014//1028
f 1880//1360 1881//1359 1878//1367
f 1422//1091 1614//1183 1829//1338
f 1835//1345 1841//1353 1836//1346
f 1841//1353 1835//1345 1852//1369
f 1841//1353 1852//1369 1853//1370
f 1853//1370 1852//1369 1829//1338
f 1841//1353 1853//1370 1854//1371
f 1874//1366 1887//1349 1865//1352
f 1841//1353 3736//1372 3735//1373
f 3736//1372 1854//1371 3737//1374
f 1890//1375 1864//1348 1891//1376
f 1864//1348 1888//1347 1891//1376
f 1769//1377 1864//1348 1890//1375
f 1769//1377 1890//1375 1892//1378
f 2066//1379 1934//1380 1927//1381
f 1853//1370 1829//1338 1860//1382
f 1829//1338 1614//1183 1860//1382
f 1614//1183 1859//1383 1860//1382
f 1854//1371 1853//1370 1860//1382
f 1854//1371 3738//1384 3737//1374
f 3738//1384 1860//1382 3739//1385
f 1860//1382 3740//1386 3739//1385
f 3740//1386 1859//1383 3652//1373
f 1859//1383 1614//1183 1615//1184
f 3652//1373 1859//1383 3653//1387
f 1615//1184 1862//1093 1863//1388
f 3655//1389 1863//1388 3654//1390
f 1890//1375 1891//1376 1894//1391
f 1862//1093 1424//1094 1863//1388
f 1863//1388 1424//1094 1616//1186
f 1895//1392 1890//1375 1894//1391
f 3741//1393 1866//1394 3742//1395
f 1863//1388 1616//1186 1866//1394
f 1866//1394 1616//1186 1867//1396
f 1616//1186 1868//1185 1867//1396
f 1909//1397 1902//1398 1892//1378
f 1868//1185 1627//1189 1867//1396
f 1903//1399 1892//1378 1902//1398
f 3657//1400 1867//1396 3658//1401
f 1903//1399 1902//1398 1768//1021
f 1628//1190 1122//857 1226//961
f 1612//1181 1825//1334 1875//1402
f 1825//1334 1827//1336 1876//1403
f 1827//1336 1886//1404 1876//1403
f 1879//1405 1876//1403 1886//1404
f 583//419 582//440 555//420
f 1886//1404 1877//1406 1879//1405
f 1907//1407 1954//1408 1911//1409
f 3660//1410 1879//1405 3661//1411
f 1909//1397 1895//1392 1901//1412
f 518//385 423//303 524//390
f 1925//1413 1927//1381 1857//1300
f 1940//1414 1953//1415 1952//1416
f 3583//1417 3734//1355 3735//1373
f 1825//1334 1613//1182 1827//1336
f 1827//1336 1826//1335 1840//1351
f 1885//1350 1827//1336 1840//1351
f 1840//1351 1826//1335 1884//1418
f 1828//1337 1884//1418 1826//1335
f 1828//1337 1829//1338 1884//1418
f 1827//1336 1885//1350 1886//1404
f 1885//1350 1838//1339 1837//1364
f 1840//1351 1884//1418 1833//1343
f 1833//1343 1884//1418 1834//1344
f 1884//1418 1835//1345 1834//1344
f 1886//1404 1885//1350 1837//1364
f 3745//1419 1877//1406 3663//1420
f 1911//1409 1913//1421 1768//1021
f 1886//1404 3747//1422 3746//1423
f 3747//1422 1837//1364 3748//1424
f 3651//1363 3748//1424 1837//1364
f 1855//1307 1857//1300 1850//1311
f 1918//1425 1927//1381 1925//1413
f 1857//1300 1934//1380 1861//1328
f 1855//1307 1918//1425 1925//1413
f 2066//1379 1861//1328 1934//1380
f 1884//1418 1829//1338 1852//1369
f 1852//1369 1835//1345 1884//1418
f 1938//1362 1882//1361 1889//1426
f 1937//1427 1938//1362 1889//1426
f 3664//1428 3659//1429 1627//1189
f 1768//1021 1902//1398 1911//1409
f 1893//1430 1642//1431 1647//1202
f 1647//1202 1663//1206 1893//1430
f 1663//1206 1896//1432 1893//1430
f 1873//1433 1642//1431 1893//1430
f 3665//1434 1873//1433 3666//1435
f 1939//1436 1888//1347 1937//1427
f 3667//1437 1893//1430 3668//1438
f 1888//1347 1941//1439 1951//1440
f 1651//1194 1897//1441 1663//1206
f 1651//1194 1663//1206 1666//1209
f 1663//1206 1897//1441 1898//1442
f 1897//1441 1651//1194 1899//1443
f 1898//1442 1897//1441 1899//1443
f 1900//1444 1663//1206 1898//1442
f 1663//1206 1900//1444 1896//1432
f 1948//1445 1940//1414 1939//1436
f 1940//1414 1941//1439 1939//1436
f 3669//1446 1896//1432 3670//1447
f 1889//1426 1946//1327 1947//1448
f 1998//1449 2000//1450 2042//1451
f 3751//1452 1898//1442 3754//1453
f 2062//1454 1998//1449 2042//1451
f 1901//1412 1894//1391 1950//1455
f 1650//1193 1652//1195 1653//1196
f 1653//1196 1652//1195 1904//1456
f 1652//1195 1905//1457 1904//1456
f 1651//1194 1653//1196 1899//1443
f 1899//1443 1653//1196 1904//1456
f 1899//1443 3671//1458 3749//1459
f 1906//1460 1899//1443 1904//1456
f 1861//1328 2042//1451 1947//1448
f 2049//1461 2053//1462 2055//1463
f 1626//1188 1612//1181 1875//1402
f 1626//1188 1875//1402 1905//1457
f 1626//1188 1905//1457 1652//1195
f 1906//1460 1904//1456 1905//1457
f 1905//1457 1875//1402 1906//1460
f 3671//1458 1906//1460 3672//1464
f 1906//1460 1875//1402 1908//1465
f 1894//1391 1951//1440 1950//1455
f 1908//1465 1876//1403 1910//1466
f 1825//1334 1876//1403 1908//1465
f 1875//1402 1825//1334 1908//1465
f 3436//1467 3570//1468 3569//1469
f 3673//1470 1908//1465 3674//1471
f 1876//1403 1879//1405 1910//1466
f 3755//1472 3756//1473 1910//1466
f 3757//1474 1910//1466 3756//1473
f 1952//1416 1953//1415 1956//1475
f 3675//1476 3664//1428 1627//1189
f 1959//1477 1956//1475 1953//1415
f 1121//856 3678//1478 3676//1479
f 1954//1408 1956//1475 1955//1480
f 1914//1481 1670//1213 1669//1212
f 1680//1217 1914//1481 1669//1212
f 1907//1407 1956//1475 1954//1408
f 1066//808 1485//1135 1498//1147
f 1960//1482 1912//1483 1957//1484
f 1960//1482 1913//1421 1912//1483
f 1913//1421 1960//1482 1915//1022
f 1960//1482 1972//1485 1961//1322
f 1963//1486 1964//1487 1972//1485
f 1692//1226 3687//1488 3684//1489
f 3687//1488 1358//1055 3614//1490
f 1387//1067 3688//1491 3689//1492
f 1965//1493 1957//1484 1958//1494
f 1967//1495 1968//1496 1963//1486
f 1725//1256 1721//1252 1930//1255
f 1928//1497 1726//1257 1725//1256
f 1930//1255 1929//1498 1725//1256
f 1929//1498 1928//1497 1725//1256
f 1715//1080 1539//1068 1798//1315
f 1388//1269 1539//1068 1414//1070
f 1967//1495 1963//1486 1972//1485
f 1963//1486 1968//1496 1964//1487
f 3760//1499 3693//1500 1935//1501
f 1967//1495 1970//1502 1968//1496
f 1915//1022 1961//1322 1973//1503
f 1973//1503 1961//1322 1974//1323
f 1974//1323 1975//1320 1973//1503
f 1915//1022 1973//1503 1917//1504
f 1966//1505 2069//1506 1972//1485
f 1975//1320 1974//1323 2075//1321
f 1973//1503 1975//1320 1917//1504
f 1917//1504 1975//1320 1976//1507
f 1764//1290 1796//1236 1766//1288
f 1917//1504 1976//1507 1916//1023
f 1978//1508 1976//1507 1977//1319
f 1971//1509 1970//1502 1979//1510
f 1981//1511 1979//1510 1970//1502
f 1967//1495 1981//1511 1970//1502
f 1980//1512 1979//1510 1981//1511
f 1971//1509 1964//1487 1970//1502
f 1980//1512 2090//1513 1979//1510
f 1999//1514 2133//1515 2136//1516
f 1984//1517 1986//1518 1985//1313
f 1983//1519 1746//1260 1388//1269
f 1814//1291 1813//1287 1818//1520
f 1987//1521 1988//1314 1985//1313
f 1746//1260 1983//1519 1985//1313
f 1983//1519 1767//1270 1990//1522
f 1771//1271 1990//1522 1767//1270
f 1976//1507 1975//1320 1977//1319
f 1746//1260 1985//1313 1745//1085
f 1745//1085 1985//1313 1991//1033
f 1985//1313 1989//1312 1991//1033
f 1996//1523 1995//1524 1748//1083
f 1388//1269 1767//1270 1983//1519
f 1997//1525 2024//1526 1996//1523
f 1996//1523 2024//1526 1995//1524
f 2030//1527 1997//1525 1991//1033
f 1997//1525 1996//1523 1991//1033
f 1996//1523 1748//1083 1745//1085
f 1998//1449 1999//1514 1992//1324
f 1991//1033 1996//1523 1745//1085
f 2030//1527 1991//1033 2004//1528
f 1992//1324 1993//1326 2000//1450
f 1994//1325 2001//1529 1993//1326
f 2010//1530 2002//1531 2006//1532
f 2003//1032 2004//1528 1991//1033
f 2021//1030 2031//1533 2017//1368
f 2028//1534 2004//1528 2016//1535
f 2010//1530 2011//1536 2002//1531
f 2003//1032 2016//1535 2004//1528
f 2031//1533 2021//1030 2157//1537
f 2009//1538 2006//1532 2005//1031
f 2009//1538 2010//1530 2006//1532
f 2010//1530 2015//1029 2011//1536
f 2002//1531 2011//1536 2008//1331
f 2016//1535 2006//1532 2007//1330
f 2013//1333 2008//1331 2011//1536
f 2010//1530 2009//1538 2018//1539
f 2013//1333 2011//1536 2014//1028
f 2002//1531 2008//1331 2007//1330
f 2007//1330 2012//1332 2149//1540
f 2149//1540 2016//1535 2007//1330
f 2003//1032 2006//1532 2016//1535
f 2014//1028 2011//1536 2015//1029
f 2018//1539 2015//1029 2010//1530
f 3270//1541 3436//1467 3571//1542
f 2031//1533 2032//1543 2026//1544
f 2134//1545 2136//1516 2133//1515
f 2018//1539 2020//1546 2019//740
f 2019//740 2022//1547 2015//1029
f 1754//1174 2025//1548 2027//1549
f 2023//1550 1997//1525 2030//1527
f 2019//740 2015//1029 2018//1539
f 2142//978 2009//1538 2005//1031
f 2024//1526 2025//1548 1995//1524
f 2023//1550 2024//1526 1997//1525
f 2025//1548 1754//1174 1748//1083
f 2025//1548 1748//1083 1995//1524
f 2026//1544 2027//1549 2025//1548
f 2030//1527 2004//1528 2028//1534
f 2046//1551 2044//1552 2037//1278
f 2028//1534 2016//1535 2149//1540
f 2017//1368 2013//1333 2014//1028
f 2142//978 2020//1546 2009//1538
f 2044//1552 2045//1553 1794//1277
f 1936//1554 1927//1381 1918//1425
f 1861//1328 1946//1327 1856//1301
f 2040//1555 2046//1551 2037//1278
f 2149//1540 2012//1332 2017//1368
f 3653//1387 1859//1383 3656//1556
f 1986//1518 1987//1521 1985//1313
f 2028//1534 2029//1557 2030//1527
f 2026//1544 2025//1548 2023//1550
f 2029//1557 2023//1550 2030//1527
f 2029//1557 2026//1544 2023//1550
f 2031//1533 2029//1557 2149//1540
f 2029//1557 2031//1533 2026//1544
f 2026//1544 2032//1543 2027//1549
f 1754//1174 2033//1558 1751//1175
f 2027//1549 2033//1558 1754//1174
f 2033//1558 2034//1246 1751//1175
f 2036//1559 2033//1558 2027//1549
f 3576//1560 3573//1561 3577//1562
f 2035//1563 2036//1559 2027//1549
f 2037//1278 2034//1246 2036//1559
f 2035//1563 2027//1549 2032//1543
f 2040//1555 2037//1278 2036//1559
f 2039//1564 2040//1555 2038//1565
f 1992//1324 2000//1450 1998//1449
f 2017//1368 2012//1332 2013//1333
f 2000//1450 2041//1566 2042//1451
f 1993//1326 2041//1566 2000//1450
f 2009//1538 2020//1546 2018//1539
f 1954//1408 1912//1483 1911//1409
f 2001//1529 2043//1567 1993//1326
f 2023//1550 2025//1548 2024//1526
f 2046//1551 2045//1553 2044//1552
f 2044//1552 1782//1275 2037//1278
f 2044//1552 1794//1277 1782//1275
f 1925//1413 1857//1300 1855//1307
f 3520//1568 3526//1569 3525//1570
f 1993//1326 2043//1567 2041//1566
f 1756//1247 2034//1246 2037//1278
f 2040//1555 2047//1571 2046//1551
f 2040//1555 2048//1572 2047//1571
f 2047//1571 2048//1572 2058//1573
f 2058//1573 2046//1551 2047//1571
f 1816//1289 1814//1291 2049//1461
f 1814//1291 1818//1520 2049//1461
f 1764//1290 1816//1289 1817//1292
f 2050//1574 2060//1298 1817//1292
f 2050//1574 1817//1292 1816//1289
f 2049//1461 2050//1574 1816//1289
f 1818//1520 2051//1575 2049//1461
f 2053//1462 2049//1461 2051//1575
f 1947//1448 1948//1445 1889//1426
f 2051//1575 2052//1294 1794//1277
f 1818//1520 2052//1294 2051//1575
f 2053//1462 2051//1575 2045//1553
f 2045//1553 2051//1575 1794//1277
f 2050//1574 2049//1461 2056//1576
f 2054//1577 2050//1574 2056//1576
f 1819//1062 2060//1298 1845//1578
f 2064//1579 2062//1454 2042//1451
f 2049//1461 2055//1463 2056//1576
f 2045//1553 2056//1576 2055//1463
f 2045//1553 2057//1580 2056//1576
f 2056//1576 2057//1580 2054//1577
f 2054//1577 2057//1580 2060//1298
f 2053//1462 2045//1553 2055//1463
f 2050//1574 2054//1577 2060//1298
f 2045//1553 2059//1581 2057//1580
f 2060//1298 2061//1582 1845//1578
f 1918//1425 1844//1283 1845//1578
f 2045//1553 2046//1551 2058//1573
f 1918//1425 1845//1578 2062//1454
f 2062//1454 1845//1578 2061//1582
f 2062//1454 2061//1582 1998//1449
f 2060//1298 2059//1581 2061//1582
f 1998//1449 2061//1582 2063//1583
f 2058//1573 2164//1584 2059//1581
f 2059//1581 2161//1585 2165//1586
f 2159//1587 2161//1585 2164//1584
f 2060//1298 2057//1580 2059//1581
f 2042//1451 1949//1588 1947//1448
f 2061//1582 2059//1581 2063//1583
f 2041//1566 1949//1588 2042//1451
f 1936//1554 2062//1454 2064//1579
f 1949//1588 2065//1589 1953//1415
f 1949//1588 2043//1567 2065//1589
f 2041//1566 2043//1567 1949//1588
f 1918//1425 2062//1454 1936//1554
f 2042//1451 2066//1379 2064//1579
f 1956//1475 1958//1494 1955//1480
f 1861//1328 2066//1379 2042//1451
f 1946//1327 1861//1328 1947//1448
f 1927//1381 1936//1554 2064//1579
f 1940//1414 1949//1588 1953//1415
f 2068//1590 1953//1415 2065//1589
f 2068//1590 2067//1591 1953//1415
f 1948//1445 1949//1588 1940//1414
f 1953//1415 2067//1591 1959//1477
f 2069//1506 1981//1511 1967//1495
f 2068//1590 2072//1592 2069//1506
f 2067//1591 2068//1590 2069//1506
f 2073//1593 1981//1511 2072//1592
f 2072//1592 1981//1511 2069//1506
f 2065//1589 2073//1593 2072//1592
f 2065//1589 2091//1594 2073//1593
f 2074//1595 2094//1596 2091//1594
f 1699//1229 3700//1597 3701//1598
f 1969//1599 2071//1600 1961//1322
f 1978//1508 2077//1601 1976//1507
f 1977//1319 2075//1321 1978//1508
f 2075//1321 2077//1601 1978//1508
f 2075//1321 2076//1602 2077//1601
f 2071//1600 2095//1603 2076//1602
f 3701//1598 3686//1604 1699//1229
f 2075//1321 2071//1600 2076//1602
f 2076//1602 2095//1603 2077//1601
f 2070//1605 2095//1603 2071//1600
f 1916//1023 1976//1507 2078//1606
f 2079//1607 2078//1606 1976//1507
f 1976//1507 2080//1608 2079//1607
f 2080//1608 2078//1606 2079//1607
f 2264//1609 2236//1610 2131//1611
f 3685//1612 3612//1613 1524//1155
f 2268//1614 2132//1615 2140//1616
f 2265//1617 2132//1615 2268//1614
f 2081//1618 1976//1507 2092//1619
f 2265//1617 2268//1614 2262//1620
f 2270//1621 2279//1622 2276//1623
f 2082//1624 2078//1606 2083//1625
f 2080//1608 1976//1507 2081//1618
f 2084//1626 2085//1627 2083//1625
f 3702//1628 3615//1629 1387//1067
f 3689//1492 3702//1628 1387//1067
f 1972//1485 1960//1482 1957//1484
f 1966//1505 1972//1485 1957//1484
f 2086//1630 2084//1626 2080//1608
f 2082//1624 2083//1625 2087//1631
f 2093//1632 2092//1619 2077//1601
f 2094//1596 2096//1633 2095//1603
f 1916//1023 2082//1624 2088//1634
f 2089//1635 2087//1631 2083//1625
f 2082//1624 2087//1631 2088//1634
f 2089//1635 2083//1625 2085//1627
f 2073//1593 1980//1512 1981//1511
f 2073//1593 2091//1594 1980//1512
f 2074//1595 2099//1636 2097//1637
f 2103//1638 2101//1639 2092//1619
f 2090//1513 1980//1512 2091//1594
f 2070//1605 2094//1596 2095//1603
f 2091//1594 2094//1596 2070//1605
f 2090//1513 2091//1594 2070//1605
f 2097//1637 2094//1596 2074//1595
f 2092//1619 2101//1639 2080//1608
f 2102//1640 2080//1608 2101//1639
f 2112//993 2113//1641 2105//994
f 2110//1642 2112//993 2108//995
f 3329//747 3326//1643 3328//748
f 2106//1644 2109//1645 2108//995
f 2099//1636 2098//1646 2097//1637
f 1976//1507 2077//1601 2092//1619
f 2095//1603 2096//1633 2077//1601
f 2096//1633 2098//1646 2093//1632
f 2094//1596 2097//1637 2096//1633
f 2093//1632 2103//1638 2092//1619
f 2097//1637 2098//1646 2096//1633
f 2098//1646 2103//1638 2093//1632
f 3297//1647 3300//1648 3301//1649
f 1971//1509 2090//1513 1969//1599
f 2105//994 2107//828 2106//1644
f 2100//1650 2103//1638 2098//1646
f 2099//1636 2100//1650 2098//1646
f 2080//1608 2081//1618 2092//1619
f 2080//1608 2102//1640 2086//1630
f 2100//1650 2104//1651 2103//1638
f 2105//994 2106//1644 2108//995
f 2102//1640 2101//1639 2104//1651
f 2103//1638 2104//1651 2101//1639
f 2093//1632 2077//1601 2096//1633
f 2110//1642 2108//995 2111//1652
f 2113//1641 2107//828 2105//994
f 2114//1653 2108//995 2115//1654
f 2114//1653 2115//1654 2116//1655
f 1988//1314 2118//1656 2117//1657
f 2116//1655 2118//1656 1986//1518
f 2118//1656 2116//1655 2117//1657
f 2115//1654 2108//995 2109//1645
f 2298//1658 2301//1659 2304//1660
f 2115//1654 2117//1657 2116//1655
f 2301//1659 2302//1661 2201//1662
f 2120//1663 2119//1664 1986//1518
f 3611//1176 3703//1665 1413//1082
f 3703//1665 3605//1666 1413//1082
f 2106//1644 2107//828 2124//1667
f 3621//1268 3696//1668 1103//837
f 2123//827 2124//1667 2107//828
f 2129//1669 2135//1670 2132//1615
f 2106//1644 2124//1667 2109//1645
f 1986//1518 2118//1656 1987//1521
f 2120//1663 1986//1518 1984//1517
f 2123//827 2125//1671 2124//1667
f 2118//1656 1988//1314 1987//1521
f 1982//1672 2120//1663 1984//1517
f 1988//1314 2126//1673 1989//1312
f 2127//1674 2130//1675 2129//1669
f 1771//1271 1768//1021 2131//1611
f 2029//1557 2028//1534 2149//1540
f 2131//1611 1768//1021 1916//1023
f 2132//1615 2128//1676 2129//1669
f 2130//1675 2133//1515 2129//1669
f 2134//1545 2130//1675 1994//1325
f 2137//1677 2136//1516 2134//1545
f 2133//1515 2135//1670 2129//1669
f 1994//1325 1992//1324 2137//1677
f 2157//1537 2021//1030 2150//739
f 2005//1031 2126//1673 2138//976
f 2127//1674 2129//1669 2128//1676
f 2139//1678 2147//1679 2274//1680
f 1991//1033 2126//1673 2005//1031
f 3635//1286 3704//1681 1226//961
f 3705//1682 1226//961 3704//1681
f 2036//1559 2038//1565 2040//1555
f 3039//1683 3206//1684 3040//1685
f 2138//976 2126//1673 2274//1680
f 2022//1547 2150//739 2021//1030
f 2143//1686 2138//976 2274//1680
f 2145//977 2138//976 2143//1686
f 2019//740 2150//739 2022//1547
f 2144//1687 2146//1688 2145//977
f 2147//1679 2145//977 2143//1686
f 2148//1689 2145//977 2147//1679
f 2017//1368 2031//1533 2149//1540
f 3187//1690 3188//1691 3189//1692
f 3191//1693 3190//1694 3188//1691
f 2146//1688 2020//1546 2145//977
f 2022//1547 2021//1030 2015//1029
f 2151//741 2019//740 2146//1688
f 2146//1688 2019//740 2020//1546
f 2153//1695 2151//741 2152//1696
f 2148//1689 2144//1687 2145//977
f 2151//741 2144//1687 2152//1696
f 2144//1687 2151//741 2146//1688
f 3034//1697 3032//1698 3181//1699
f 2153//1695 2154//750 2151//741
f 3029//1700 3136//1701 3030//1702
f 2152//1696 2144//1687 2155//1703
f 3201//1704 3198//1705 3207//1706
f 2005//1031 2006//1532 2003//1032
f 2147//1679 2143//1686 2274//1680
f 2334//1707 2342//1708 2341//1709
f 2334//1707 2343//1710 2342//1708
f 2156//1711 2152//1696 2155//1703
f 2031//1533 2157//1537 2032//1543
f 2032//1543 2157//1537 2158//1712
f 2290//1713 2291//1714 2154//750
f 2136//1516 2137//1677 1992//1324
f 2058//1573 2059//1581 2045//1553
f 1994//1325 2137//1677 2134//1545
f 2005//1031 2138//976 2142//978
f 3678//1478 1628//1190 3706//1715
f 2158//1712 2161//1585 2160//1716
f 2160//1716 2161//1585 2159//1587
f 2162//1717 2161//1585 2154//750
f 2158//1712 2154//750 2161//1585
f 2059//1581 2164//1584 2161//1585
f 2164//1584 2163//1718 2032//1543
f 2159//1587 2164//1584 2032//1543
f 2048//1572 2163//1718 2164//1584
f 2166//1719 2036//1559 2035//1563
f 2166//1719 2038//1565 2036//1559
f 2035//1563 2163//1718 2166//1719
f 2039//1564 2048//1572 2040//1555
f 2039//1564 2166//1719 2163//1718
f 2166//1719 2039//1564 2038//1565
f 2135//1670 1999//1514 2167//1720
f 2167//1720 1999//1514 2063//1583
f 2163//1718 2048//1572 2039//1564
f 2032//1543 2163//1718 2035//1563
f 2154//750 2158//1712 2150//739
f 1999//1514 1998//1449 2063//1583
f 2167//1720 2059//1581 2165//1586
f 2167//1720 2141//1721 2135//1670
f 2254//1722 2350//1723 2255//1724
f 2063//1583 2059//1581 2167//1720
f 2074//1595 2168//1725 2099//1636
f 2169//1726 2170//1727 2168//1725
f 2247//1728 2350//1723 2249//1729
f 2169//1726 2171//1730 2170//1727
f 1916//1023 2088//1634 2172//1731
f 2255//1724 2350//1723 2247//1728
f 2340//1732 2338//1733 2350//1723
f 2088//1634 2173//1734 2172//1731
f 2172//1731 2173//1734 2175//1735
f 2177//1736 2089//1635 2174//1737
f 2043//1567 2169//1726 2074//1595
f 2089//1635 2177//1736 2087//1631
f 2089//1635 2085//1627 2174//1737
f 2180//1738 2174//1737 2085//1627
f 2177//1736 2178//1739 2087//1631
f 2178//1739 2179//1740 2176//1741
f 2087//1631 2178//1739 2176//1741
f 2177//1736 2174//1737 2180//1738
f 2179//1740 2181//1742 2176//1741
f 2178//1739 2177//1736 2182//1743
f 2182//1743 2179//1740 2178//1739
f 2181//1742 2175//1735 2176//1741
f 2173//1734 2088//1634 2087//1631
f 2173//1734 2087//1631 2176//1741
f 2180//1738 2182//1743 2177//1736
f 2173//1734 2176//1741 2175//1735
f 2180//1738 2184//1744 2182//1743
f 2175//1735 2181//1742 2172//1731
f 2185//1745 2172//1731 2181//1742
f 2182//1743 2184//1744 2183//1746
f 2185//1745 2181//1742 2188//1747
f 1916//1023 2185//1745 2186//1748
f 2187//1749 2188//1747 2301//1659
f 2301//1659 2188//1747 2181//1742
f 2168//1725 2100//1650 2099//1636
f 2185//1745 2189//1750 2186//1748
f 2180//1738 2085//1627 2184//1744
f 2104//1651 2100//1650 2086//1630
f 2189//1750 2185//1745 2188//1747
f 2168//1725 2170//1727 2086//1630
f 2184//1744 2085//1627 2194//1751
f 2070//1605 2071//1600 1969//1599
f 2194//1751 2170//1727 2191//1752
f 2168//1725 2086//1630 2100//1650
f 2191//1752 2170//1727 2190//1753
f 2194//1751 2085//1627 2086//1630
f 2086//1630 2102//1640 2104//1651
f 2190//1753 2170//1727 2171//1730
f 2184//1744 2195//1754 2183//1746
f 2197//1755 2191//1752 2190//1753
f 2191//1752 2195//1754 2184//1744
f 3698//1756 3707//1757 1498//1147
f 2114//1653 2116//1655 2119//1664
f 2205//1758 2114//1653 2119//1664
f 2204//1759 2209//1760 2206//1761
f 2206//1761 2114//1653 2205//1758
f 2199//1762 2198//1763 2304//1660
f 2171//1730 2169//1726 2198//1763
f 2209//1760 2111//1652 2206//1761
f 2199//1762 2304//1660 2196//1764
f 2171//1730 2198//1763 2199//1762
f 2183//1746 2192//1765 2182//1743
f 2184//1744 2194//1751 2191//1752
f 2182//1743 2192//1765 2193//1766
f 2195//1754 2199//1762 2196//1764
f 2195//1754 2197//1755 2199//1762
f 2191//1752 2197//1755 2195//1754
f 2195//1754 2196//1764 2192//1765
f 2192//1765 2196//1764 2193//1766
f 2179//1740 2193//1766 2181//1742
f 2200//1767 2188//1747 2187//1749
f 2193//1766 2196//1764 2304//1660
f 2190//1753 2171//1730 2197//1755
f 2189//1750 2188//1747 2200//1767
f 2189//1750 2200//1767 2202//1768
f 2187//1749 2201//1662 2200//1767
f 2193//1766 2301//1659 2181//1742
f 2070//1605 1969//1599 2090//1513
f 2066//1379 1927//1381 2064//1579
f 2202//1768 2200//1767 2303//1769
f 2204//1759 2206//1761 2205//1758
f 2207//1770 2209//1760 2208//1771
f 1982//1672 2205//1758 2119//1664
f 2208//1771 2210//1772 2211//1773
f 2215//1774 2208//1771 2211//1773
f 2213//1775 2207//1770 2212//1776
f 2114//1653 2111//1652 2108//995
f 2215//1774 2212//1776 2208//1771
f 2214//1777 2212//1776 2215//1774
f 2114//1653 2206//1761 2111//1652
f 2223//1778 2224//1779 2222//1780
f 2216//1781 2209//1760 2207//1770
f 2209//1760 2110//1642 2111//1652
f 2209//1760 2216//1781 2110//1642
f 2207//1770 2213//1775 2218//1782
f 1990//1522 1771//1271 2217//1783
f 2210//1772 2209//1760 2204//1759
f 2110//1642 2221//1784 2112//993
f 2216//1781 2221//1784 2110//1642
f 2107//828 2113//1641 2222//1780
f 2222//1780 2112//993 2221//1784
f 2213//1775 2212//1776 2214//1777
f 2218//1782 2221//1784 2216//1781
f 2221//1784 2220//1785 2219//1786
f 2218//1782 2213//1775 2227//1787
f 2113//1641 2112//993 2222//1780
f 2218//1782 2216//1781 2207//1770
f 2218//1782 2220//1785 2221//1784
f 2219//1786 2223//1778 2222//1780
f 2221//1784 2219//1786 2222//1780
f 2065//1589 2072//1592 2068//1590
f 2091//1594 2065//1589 2074//1595
f 2189//1750 2202//1768 2203//1788
f 2218//1782 2227//1787 2220//1785
f 2183//1746 2195//1754 2192//1765
f 2225//1789 2223//1778 2219//1786
f 2227//1787 2225//1789 2220//1785
f 2224//1779 2223//1778 2226//1790
f 2223//1778 2225//1789 2226//1790
f 2229//1791 2109//1645 2230//1792
f 2115//1654 2109//1645 2228//1793
f 2228//1793 2109//1645 2229//1791
f 2115//1654 2228//1793 2117//1657
f 2231//1794 2228//1793 2229//1791
f 1988//1314 2231//1794 2229//1791
f 1771//1271 2236//1610 2235//1795
f 2232//1796 2234//1797 2233//1798
f 2121//829 2222//1780 2237//1799
f 1988//1314 2117//1657 2231//1794
f 2228//1793 2231//1794 2117//1657
f 2237//1799 2122//1800 2121//829
f 2119//1664 2120//1663 1982//1672
f 2237//1799 2239//1801 2122//1800
f 2123//827 2239//1801 2238//1802
f 2246//1803 2239//1801 2237//1799
f 2237//1799 2241//1804 2240//1805
f 2239//1801 2246//1803 2243//1806
f 2237//1799 2242//1807 2241//1804
f 2222//1780 2242//1807 2237//1799
f 2238//1802 2239//1801 2243//1806
f 2240//1805 2245//1808 2246//1803
f 2249//1729 2245//1808 2247//1728
f 2241//1804 2242//1807 2244//1809
f 2245//1808 2249//1729 2246//1803
f 2241//1804 2244//1809 2245//1808
f 2248//1810 2353//759 2249//1729
f 2124//1667 2125//1671 2109//1645
f 2230//1792 2109//1645 2125//1671
f 2123//827 2238//1802 2125//1671
f 2222//1780 2224//1779 2250//1811
f 2238//1802 2230//1792 2125//1671
f 2240//1805 2241//1804 2245//1808
f 2242//1807 2250//1811 2244//1809
f 2251//1812 2230//1792 2238//1802
f 2253//1813 2250//1811 2224//1779
f 2244//1809 2247//1728 2245//1808
f 2078//1606 2082//1624 1916//1023
f 2247//1728 2244//1809 2255//1724
f 2255//1724 2244//1809 2250//1811
f 2353//759 2243//1806 2246//1803
f 2253//1813 2255//1724 2250//1811
f 2254//1722 2253//1813 2224//1779
f 2254//1722 2255//1724 2253//1813
f 2229//1791 2230//1792 2252//1814
f 2226//1790 2254//1722 2224//1779
f 1988//1314 2229//1791 2256//1815
f 1988//1314 2256//1815 2126//1673
f 2265//1617 2260//1816 2128//1676
f 1989//1312 2126//1673 1991//1033
f 2256//1815 2258//1817 2126//1673
f 2242//1807 2222//1780 2250//1811
f 2256//1815 2229//1791 2252//1814
f 2234//1797 2232//1796 2257//1818
f 2257//1818 2232//1796 2259//1819
f 2232//1796 2260//1816 2259//1819
f 2261//761 2259//1819 2262//1620
f 2086//1630 2085//1627 2084//1626
f 2232//1796 2233//1798 2127//1674
f 2130//1675 2127//1674 2233//1798
f 1771//1271 2131//1611 2236//1610
f 1994//1325 2233//1798 2263//1820
f 2262//1620 2259//1819 2260//1816
f 2264//1609 2131//1611 1916//1023
f 2266//1821 2267//965 2262//1620
f 2128//1676 2132//1615 2265//1617
f 2262//1620 2260//1816 2265//1617
f 2268//1614 2269//1822 2262//1620
f 2140//1616 2269//1822 2268//1614
f 2140//1616 2271//1823 2269//1822
f 2269//1822 2266//1821 2262//1620
f 2271//1823 2266//1821 2269//1822
f 2126//1673 2273//1824 2274//1680
f 2272//1825 2264//1609 1916//1023
f 2263//1820 2001//1529 1994//1325
f 2275//1826 2274//1680 2273//1824
f 2270//1621 2276//1623 2139//1678
f 2147//1679 2139//1678 2276//1623
f 2270//1621 2139//1678 2274//1680
f 2277//1827 2147//1679 2276//1623
f 2425//1828 2317//1829 2395//1830
f 2128//1676 2232//1796 2127//1674
f 2276//1623 2278//1831 2277//1827
f 2278//1831 2276//1623 2279//1622
f 2395//1830 2317//1829 2312//1832
f 2275//1826 2270//1621 2274//1680
f 2280//968 2282//967 2281//1833
f 2278//1831 2288//1834 2277//1827
f 2283//966 2280//968 2140//1616
f 2280//968 2271//1823 2140//1616
f 3163//1835 3160//1836 3157//774
f 2392//1837 2426//1838 2402//1839
f 2140//1616 2141//1721 2283//966
f 2284//1840 2043//1567 2001//1529
f 2272//1825 1916//1023 2285//1841
f 2001//1529 2263//1820 2284//1840
f 2286//1842 2148//1689 2147//1679
f 2277//1827 2286//1842 2147//1679
f 2287//1843 2148//1689 2286//1842
f 2277//1827 2288//1834 2286//1842
f 2289//1844 2148//1689 2287//1843
f 2440//1845 2441//1846 2439//1847
f 2329//767 2438//1848 2439//1847
f 2287//1843 2383//1849 2289//1844
f 2439//1847 2438//1848 2440//1845
f 2287//1843 2286//1842 2288//1834
f 2439//1847 2441//1846 2442//1850
f 2383//1849 2293//1851 2292//1852
f 2152//1696 2156//1711 2290//1713
f 2289//1844 2144//1687 2148//1689
f 2291//1714 2292//1852 2293//1851
f 2291//1714 2162//1717 2154//750
f 2292//1852 2156//1711 2155//1703
f 2162//1717 2291//1714 2293//1851
f 2144//1687 2289//1844 2155//1703
f 2383//1849 2155//1703 2289//1844
f 2295//1853 2281//1833 2282//967
f 2281//1833 2295//1853 2162//1717
f 2281//1833 2162//1717 2294//1854
f 2155//1703 2383//1849 2292//1852
f 2162//1717 2293//1851 2294//1854
f 2295//1853 2161//1585 2162//1717
f 2161//1585 2295//1853 2165//1586
f 2282//967 2165//1586 2295//1853
f 2167//1720 2165//1586 2283//966
f 2309//1855 2315//1856 2297//1857
f 2310//1858 2314//1859 2312//1832
f 2290//1713 2156//1711 2291//1714
f 1916//1023 2186//1748 2285//1841
f 2313//1860 2314//1859 2310//1858
f 2296//1861 2043//1567 2284//1840
f 2298//1658 2296//1861 2299//1862
f 2316//1863 2311//1864 2312//1832
f 2296//1861 2298//1658 2169//1726
f 2306//1865 2307//1866 2305//1867
f 2186//1748 2297//1857 2285//1841
f 2186//1748 2203//1788 2297//1857
f 2298//1658 2198//1763 2169//1726
f 2169//1726 2043//1567 2296//1861
f 2298//1658 2304//1660 2198//1763
f 2301//1659 2201//1662 2187//1749
f 2201//1662 2303//1769 2200//1767
f 2119//1664 2116//1655 1986//1518
f 2298//1658 2299//1862 2301//1659
f 2299//1862 2302//1661 2301//1659
f 2302//1661 2303//1769 2201//1662
f 2304//1660 2301//1659 2193//1766
f 2302//1661 2305//1867 2303//1769
f 2313//1860 2310//1858 2203//1788
f 2949//778 2849//1868 2950//776
f 2316//1863 2309//1855 2311//1864
f 2297//1857 2308//1869 2309//1855
f 2316//1863 2312//1832 2317//1829
f 2203//1788 2305//1867 2307//1866
f 2305//1867 2302//1661 2306//1865
f 2202//1768 2305//1867 2203//1788
f 2303//1769 2305//1867 2202//1768
f 2156//1711 2292//1852 2291//1714
f 2307//1866 2306//1865 2299//1862
f 2306//1865 2302//1661 2299//1862
f 2313//1860 2203//1788 2307//1866
f 2297//1857 2203//1788 2308//1869
f 2310//1858 2311//1864 2308//1869
f 2308//1869 2311//1864 2309//1855
f 2311//1864 2310//1858 2312//1832
f 2309//1855 2316//1863 2407//1870
f 2309//1855 2407//1870 2318//1871
f 2186//1748 2189//1750 2203//1788
f 2296//1861 2300//1872 2299//1862
f 2317//1829 2319//765 2316//1863
f 2316//1863 2319//765 2407//1870
f 2320//768 2210//1772 2321//1873
f 2204//1759 2205//1758 2324//1874
f 2321//1873 2324//1874 2325//1875
f 2329//767 2323//1876 2320//768
f 2210//1772 2320//768 2211//1773
f 2321//1873 2204//1759 2324//1874
f 1990//1522 1982//1672 1983//1519
f 2321//1873 2210//1772 2204//1759
f 2134//1545 2133//1515 2130//1675
f 2323//1876 2327//1877 2326//1878
f 2323//1876 2211//1773 2320//768
f 2328//1879 2323//1876 2329//767
f 2321//1873 2322//769 2320//768
f 1982//1672 2324//1874 2205//1758
f 2330//1880 1982//1672 2217//1783
f 2217//1783 2235//1795 2331//1881
f 2328//1879 2327//1877 2323//1876
f 2215//1774 2326//1878 2214//1777
f 2211//1773 2326//1878 2215//1774
f 1982//1672 2330//1880 2324//1874
f 2332//1882 2326//1878 2327//1877
f 2214//1777 2326//1878 2332//1882
f 2326//1878 2211//1773 2323//1876
f 2332//1882 2334//1707 2333//1883
f 2235//1795 2217//1783 1771//1271
f 2227//1787 2214//1777 2336//1884
f 2249//1729 2350//1723 2338//1733
f 2332//1882 2335//1885 2334//1707
f 2227//1787 2213//1775 2214//1777
f 2234//1797 2344//1886 2347//1887
f 1982//1672 1990//1522 2217//1783
f 2348//1888 2236//1610 2349//1889
f 2464//1890 2465//758 2466//1891
f 2466//1891 2468//1892 2477//1893
f 2327//1877 2335//1885 2332//1882
f 2338//1733 2248//1810 2249//1729
f 3706//1715 1628//1190 3705//1682
f 2336//1884 2248//1810 2338//1733
f 2337//1894 2214//1777 2332//1882
f 2337//1894 2248//1810 2336//1884
f 2354//1895 2337//1894 2333//1883
f 2225//1789 2227//1787 2336//1884
f 2333//1883 2334//1707 2341//1709
f 2332//1882 2333//1883 2337//1894
f 2340//1732 2339//1896 2338//1733
f 2336//1884 2338//1733 2339//1896
f 2339//1896 2226//1790 2225//1789
f 2340//1732 2226//1790 2339//1896
f 2336//1884 2339//1896 2225//1789
f 2234//1797 2257//1818 2344//1886
f 2235//1795 2236//1610 2348//1888
f 2477//1893 2464//1890 2466//1891
f 2345//1897 2347//1887 2346//1898
f 2337//1894 2352//1899 2248//1810
f 2248//1810 2352//1899 2353//759
f 2341//1709 2355//1900 2354//1895
f 2340//1732 2350//1723 2254//1722
f 2233//1798 2365//1901 2263//1820
f 2256//1815 2252//1814 2251//1812
f 2478//1902 2362//1903 2361//1904
f 2258//1817 2256//1815 2251//1812
f 2356//763 2257//1818 2261//761
f 2361//1904 2363//1905 2360//1906
f 2357//762 2346//1898 2356//763
f 2346//1898 2257//1818 2356//763
f 2344//1886 2257//1818 2346//1898
f 2345//1897 2346//1898 2357//762
f 2344//1886 2346//1898 2347//1887
f 2993//1907 2940//1908 2925//1909
f 2799//1910 2708//1911 2704//1912
f 2483//1913 2484//1914 2126//1673
f 2236//1610 2264//1609 2349//1889
f 2126//1673 2484//1914 2368//1915
f 2238//1802 2243//1806 2251//1812
f 2358//1916 2251//1812 2243//1806
f 2364//1917 2357//762 2267//965
f 2251//1812 2366//1918 2258//1817
f 2258//1817 2366//1918 2126//1673
f 2261//761 2262//1620 2267//965
f 2366//1918 2483//1913 2126//1673
f 2363//1905 2372//1919 2369//1920
f 2369//1920 2279//1622 2270//1621
f 2270//1621 2370//1921 2369//1920
f 2360//1906 2363//1905 2367//1922
f 2251//1812 2367//1922 2366//1918
f 2372//1919 2279//1622 2369//1920
f 2279//1622 2372//1919 2371//1923
f 2361//1904 2359//1924 2465//758
f 2358//1916 2243//1806 2353//759
f 1916//1023 2172//1731 2185//1745
f 2359//1924 2361//1904 2360//1906
f 2333//1883 2341//1709 2354//1895
f 2272//1825 2349//1889 2264//1609
f 2273//1824 2374//1925 2275//1826
f 2368//1915 2273//1824 2126//1673
f 2032//1543 2158//1712 2160//1716
f 2373//1926 2374//1925 2368//1915
f 2383//1849 2386//1927 2294//1854
f 2368//1915 2487//1928 2375//1929
f 2386//1927 2383//1849 2287//1843
f 2375//1929 2373//1926 2368//1915
f 2275//1826 2374//1925 2373//1926
f 2266//1821 2376//1930 2267//965
f 2278//1831 2279//1622 2371//1923
f 2373//1926 2370//1921 2270//1621
f 2370//1921 2373//1926 2375//1929
f 2381//1931 2278//1831 2504//1932
f 2263//1820 2379//1933 2284//1840
f 2381//1931 2288//1834 2278//1831
f 2377//1934 2266//1821 2271//1823
f 2377//1934 2378//1935 2376//1930
f 2263//1820 2365//1901 2379//1933
f 2371//1923 2504//1932 2278//1831
f 2266//1821 2377//1934 2376//1930
f 2380//1936 2272//1825 2285//1841
f 2361//1904 2465//758 2478//1902
f 2352//1899 2351//757 2353//759
f 2209//1760 2210//1772 2208//1771
f 2395//1830 2312//1832 2394//1937
f 2396//1938 2313//1860 2397//1939
f 2312//1832 2314//1859 2394//1937
f 2318//1871 2315//1856 2309//1855
f 2271//1823 2280//968 2281//1833
f 2281//1833 2378//1935 2377//1934
f 2383//1849 2294//1854 2293//1851
f 2288//1834 2386//1927 2287//1843
f 2385//1940 2386//1927 2288//1834
f 2385//1940 2288//1834 2382//1941
f 2387//1942 2386//1927 2385//1940
f 2384//1943 2294//1854 2386//1927
f 2388//1944 2281//1833 2384//1943
f 2382//1941 2288//1834 2381//1931
f 2377//1934 2271//1823 2281//1833
f 2389//1945 2385//1940 2382//1941
f 2384//1943 2387//1942 2388//1944
f 2388//1944 2507//1946 2281//1833
f 2281//1833 2294//1854 2384//1943
f 2387//1942 2385//1940 2389//1945
f 2296//1861 2390//1947 2300//1872
f 2297//1857 2393//1948 2391//1949
f 2387//1942 2507//1946 2388//1944
f 2373//1926 2270//1621 2275//1826
f 2285//1841 2297//1857 2391//1949
f 2300//1872 2390//1947 2392//1837
f 2351//757 2352//1899 2354//1895
f 2337//1894 2354//1895 2352//1899
f 2307//1866 2299//1862 2300//1872
f 2313//1860 2396//1938 2314//1859
f 2297//1857 2315//1856 2393//1948
f 2384//1943 2386//1927 2387//1942
f 2396//1938 2399//1950 2314//1859
f 2400//1951 2398//1952 2401//1953
f 2400//1951 2315//1856 2398//1952
f 2314//1859 2399//1950 2394//1937
f 2398//1952 2315//1856 2318//1871
f 2171//1730 2199//1762 2197//1755
f 2397//1939 2307//1866 2300//1872
f 2220//1785 2225//1789 2219//1786
f 2402//1839 2395//1830 2399//1950
f 2397//1939 2313//1860 2307//1866
f 2411//1954 2400//1951 2403//1955
f 2315//1856 2400//1951 2411//1954
f 2392//1837 2399//1950 2396//1938
f 2246//1803 2237//1799 2240//1805
f 2300//1872 2392//1837 2397//1939
f 2404//1956 2411//1954 2403//1955
f 2392//1837 2396//1938 2397//1939
f 2405//1957 2403//1955 2401//1953
f 2404//1956 2403//1955 2405//1957
f 2393//1948 2315//1856 2406//1958
f 2423//1959 2405//1957 2433//940
f 2431//764 2398//1952 2407//1870
f 2408//1960 2413//1961 2409//1962
f 2315//1856 2411//1954 2406//1958
f 2408//1960 2406//1958 2413//1961
f 2393//1948 2406//1958 2408//1960
f 2398//1952 2318//1871 2407//1870
f 2398//1952 2431//764 2401//1953
f 2413//1961 2415//1963 2416//1964
f 2391//1949 2408//1960 2409//1962
f 2207//1770 2208//1771 2212//1776
f 2409//1962 2410//1965 2391//1949
f 2412//1966 2413//1961 2411//1954
f 2410//1965 2409//1962 2416//1964
f 2415//1963 2412//1966 2414//1967
f 2414//1967 2423//1959 2415//1963
f 2409//1962 2413//1961 2416//1964
f 2413//1961 2412//1966 2415//1963
f 2252//1814 2230//1792 2251//1812
f 2411//1954 2404//1956 2414//1967
f 2412//1966 2411//1954 2414//1967
f 2233//1798 1994//1325 2130//1675
f 2413//1961 2406//1958 2411//1954
f 2416//1964 2417//1968 2422//1969
f 2417//1968 2415//1963 2418//1970
f 2415//1963 2417//1968 2416//1964
f 2257//1818 2259//1819 2261//761
f 2128//1676 2260//1816 2232//1796
f 2422//1969 2417//1968 2421//1971
f 2414//1967 2404//1956 2405//1957
f 2414//1967 2405//1957 2423//1959
f 2410//1965 2416//1964 2419//1972
f 2419//1972 2416//1964 2420//1973
f 2416//1964 2422//1969 2420//1973
f 2419//1972 2420//1973 2424//1974
f 2422//1969 2514//935 2420//1973
f 2395//1830 2402//1839 2425//1828
f 2425//1828 2402//1839 2426//1838
f 2427//1975 2425//1828 2426//1838
f 2417//1968 2418//1970 2421//1971
f 2427//1975 2428//1976 2425//1828
f 2428//1976 2429//766 2317//1829
f 2429//766 2428//1976 2430//941
f 2405//1957 2401//1953 2432//942
f 2430//941 2428//1976 2427//1975
f 2427//1975 2426//1838 2430//941
f 2429//766 2319//765 2317//1829
f 2428//1976 2317//1829 2425//1828
f 2432//942 2401//1953 2431//764
f 2430//941 2392//1837 2433//940
f 2853//1977 2704//1912 2793//1978
f 2429//766 2432//942 2431//764
f 2426//1838 2392//1837 2430//941
f 2727//1979 2660//1980 2810//1981
f 2433//940 2432//942 2430//941
f 2319//765 2431//764 2407//1870
f 2329//767 2322//769 2438//1848
f 2794//1982 2705//1983 2628//1984
f 2423//1959 2518//1985 2415//1963
f 2518//1985 2418//1970 2415//1963
f 2518//1985 2421//1971 2418//1970
f 2325//1875 2324//1874 2434//1986
f 2322//769 2325//1875 2436//1987
f 2325//1875 2434//1986 2435//1988
f 2324//1874 2437//1989 2434//1986
f 2285//1841 2506//1990 2380//1936
f 2382//1941 2504//1932 2576//1991
f 2378//1935 2502//1992 2376//1930
f 2328//1879 2439//1847 2442//1850
f 2325//1875 2322//769 2321//1873
f 2440//1845 2438//1848 2436//1987
f 2438//1848 2322//769 2436//1987
f 2507//1946 2576//1991 2281//1833
f 2441//1846 2443//1993 2442//1850
f 2328//1879 2442//1850 2444//1994
f 2327//1877 2328//1879 2444//1994
f 2445//931 2447//1995 2446//1996
f 2444//1994 2335//1885 2327//1877
f 2449//1997 2447//1995 2445//931
f 2234//1797 2447//1995 2448//1998
f 2334//1707 2335//1885 2343//1710
f 2217//1783 2331//1881 2330//1880
f 2335//1885 2450//1999 2343//1710
f 2343//1710 2450//1999 2451//929
f 2335//1885 2444//1994 2450//1999
f 2444//1994 2443//1993 2450//1999
f 2452//2000 2451//929 2450//1999
f 2453//2001 2454//2002 2455//2003
f 2455//2003 2544//2004 2453//2001
f 2446//1996 2454//2002 2453//2001
f 2165//1586 2282//967 2283//966
f 2447//1995 2234//1797 2454//2002
f 2447//1995 2449//1997 2448//1998
f 2331//1881 2235//1795 2348//1888
f 2456//2005 2343//1710 2457//2006
f 2343//1710 2451//929 2457//2006
f 2452//2000 2450//1999 2443//1993
f 2454//2002 2347//1887 2459//2007
f 2454//2002 2459//2007 2455//2003
f 2446//1996 2453//2001 2544//2004
f 2343//1710 2456//2005 2342//1708
f 2447//1995 2454//2002 2446//1996
f 2455//2003 2459//2007 2544//2004
f 2347//1887 2345//1897 2460//2008
f 2459//2007 2347//1887 2460//2008
f 2451//929 2458//928 2457//2006
f 2454//2002 2234//1797 2347//1887
f 2345//1897 2461//2009 2460//2008
f 2459//2007 2460//2008 2546//2010
f 2546//2010 2544//2004 2459//2007
f 2357//762 2364//1917 2345//1897
f 2341//1709 2342//1708 2456//2005
f 2460//2008 2461//2009 2546//2010
f 2354//1895 2462//2011 2351//757
f 2462//2011 2465//758 2351//757
f 2468//1892 2466//1891 2469//2012
f 2465//758 2467//2013 2466//1891
f 2469//2012 2466//1891 2467//2013
f 2463//2014 2553//2015 2552//2016
f 2362//1903 2471//2017 2361//1904
f 2361//1904 2471//2017 2363//1905
f 2341//1709 2456//2005 2473//2018
f 2473//2018 2355//1900 2341//1709
f 2470//2019 2355//1900 2473//2018
f 2135//1670 2133//1515 1999//1514
f 2470//2019 2463//2014 2462//2011
f 2470//2019 2473//2018 2474//2020
f 2476//2021 2464//1890 2477//1893
f 2478//1902 2472//2022 2362//1903
f 2226//1790 2340//1732 2254//1722
f 2485//2023 2363//1905 2479//2024
f 2480//2025 2471//2017 2472//2022
f 2464//1890 2476//2021 2478//1902
f 2481//2026 2480//2025 2472//2022
f 2478//1902 2482//2027 2472//2022
f 2372//1919 2363//1905 2471//2017
f 2486//2028 2484//1914 2483//1913
f 2368//1915 2484//1914 2487//1928
f 2486//2028 2485//2023 2479//2024
f 2486//2028 2479//2024 2484//1914
f 2479//2024 2363//1905 2369//1920
f 2369//1920 2370//1921 2488//2029
f 2487//1928 2488//2029 2370//1921
f 2489//2030 2481//2026 2495//2031
f 2488//2029 2487//1928 2479//2024
f 2472//2022 2482//2027 2481//2026
f 2495//2031 2481//2026 2482//2027
f 2372//1919 2480//2025 2489//2030
f 2504//1932 2489//2030 2490//2032
f 2371//1923 2489//2030 2504//1932
f 2495//2031 2491//2033 2489//2030
f 2483//1913 2485//2023 2486//2028
f 2471//2017 2480//2025 2372//1919
f 2494//2034 2493//2035 2491//2033
f 2494//2034 2491//2033 2495//2031
f 2496//2036 2490//2032 2493//2035
f 2489//2030 2491//2033 2493//2035
f 2489//2030 2493//2035 2490//2032
f 2369//1920 2488//2029 2479//2024
f 2479//2024 2487//1928 2484//1914
f 2496//2036 2493//2035 2494//2034
f 2490//2032 2496//2036 2497//2037
f 2272//1825 2380//1936 2349//1889
f 2489//2030 2480//2025 2481//2026
f 2399//1950 2395//1830 2394//1937
f 2497//2037 2498//2038 2490//2032
f 2392//1837 2402//1839 2399//1950
f 2496//2036 2501//2039 2497//2037
f 2267//965 2376//1930 2502//1992
f 2403//1955 2400//1951 2401//1953
f 2502//1992 2492//2040 2267//965
f 2504//1932 2490//2032 2499//2041
f 2498//2038 2503//2042 2499//2041
f 2501//2039 2498//2038 2497//2037
f 2439//1847 2328//1879 2329//767
f 2281//1833 2576//1991 2378//1935
f 2504//1932 2382//1941 2381//1931
f 2502//1992 2378//1935 2576//1991
f 2505//2043 2284//1840 2379//1933
f 2285//1841 2391//1949 2506//1990
f 2389//1945 2507//1946 2387//1942
f 2284//1840 2390//1947 2296//1861
f 2390//1947 2505//2043 2508//938
f 2284//1840 2505//2043 2390//1947
f 2506//1990 2391//1949 2410//1965
f 2392//1837 2508//938 2433//940
f 2517//939 2508//938 2511//2044
f 2422//1969 2510//2045 2509//936
f 2508//938 2512//2046 2511//2044
f 2514//935 2422//1969 2509//936
f 2482//2027 2566//2047 2565//2048
f 2761//2049 2767//2050 2768//2051
f 2495//2031 2482//2027 2565//2048
f 2420//1973 2514//935 2513//2052
f 2420//1973 2513//2052 2424//1974
f 2513//2052 2514//935 2515//2053
f 2514//935 2521//934 2515//2053
f 2712//927 2638//744 2711//2054
f 2513//2052 2515//2053 2424//1974
f 2576//1991 2389//1945 2382//1941
f 2583//2055 2424//1974 2516//2056
f 2419//1972 2424//1974 2583//2055
f 2576//1991 2507//1946 2389//1945
f 2516//2056 2424//1974 2523//2057
f 2419//1972 2583//2055 2584//2058
f 2518//1985 2423//1959 2517//939
f 2517//939 2423//1959 2433//940
f 2522//2059 2509//936 2510//2045
f 2442//1850 2443//1993 2444//1994
f 2511//2044 2510//2045 2421//1971
f 2511//2044 2518//1985 2517//939
f 2543//2060 2542//930 2538//2061
f 2445//931 2544//2004 2540//932
f 2522//2059 2520//2062 2521//934
f 2509//936 2522//2059 2521//934
f 2653//2063 2718//2064 2641//742
f 2449//1997 2539//933 2531//2065
f 2520//2062 2524//2066 2515//2053
f 2525//2067 2523//2057 2524//2066
f 2539//933 2540//932 2534//2068
f 2440//1845 2529//2069 2441//1846
f 2519//2070 2525//2067 2520//2062
f 2519//2070 2520//2062 2522//2059
f 2234//1797 2535//2071 2233//1798
f 2525//2067 2516//2056 2523//2057
f 2520//2062 2525//2067 2524//2066
f 2443//1993 2529//2069 2530//2072
f 2531//2065 2532//2073 2448//1998
f 2525//2067 2582//2074 2516//2056
f 2533//2075 2532//2073 2531//2065
f 2591//2076 2525//2067 2519//2070
f 2591//2076 2519//2070 2510//2045
f 2441//1846 2529//2069 2443//1993
f 2529//2069 2440//1845 2528//2077
f 2436//1987 2528//2077 2440//1845
f 2330//1880 2527//2078 2324//1874
f 2331//1881 2527//2078 2330//1880
f 2531//2065 2534//2068 2533//2075
f 2448//1998 2536//2079 2535//2071
f 2537//2080 2331//1881 2348//1888
f 2538//2061 2443//1993 2530//2072
f 2538//2061 2452//2000 2443//1993
f 2520//2062 2515//2053 2521//934
f 2464//1890 2478//1902 2465//758
f 2462//2011 2463//2014 2467//2013
f 2534//2068 2531//2065 2539//933
f 2234//1797 2448//1998 2535//2071
f 2445//931 2539//933 2449//1997
f 2541//2081 2233//1798 2535//2071
f 2452//2000 2542//930 2451//929
f 2448//1998 2449//1997 2531//2065
f 2542//930 2452//2000 2538//2061
f 2710//887 2637//2082 2705//1983
f 2542//930 2543//2060 2458//928
f 2446//1996 2544//2004 2445//931
f 2540//932 2461//2009 2545//2083
f 2540//932 2546//2010 2461//2009
f 2547//2084 2345//1897 2364//1917
f 2544//2004 2546//2010 2540//932
f 2475//925 2456//2005 2457//2006
f 2547//2084 2549//2085 2548//2086
f 2461//2009 2547//2084 2548//2086
f 2354//1895 2355//1900 2462//2011
f 2545//2083 2461//2009 2548//2086
f 2345//1897 2547//2084 2461//2009
f 2550//2087 2468//1892 2469//2012
f 2550//2087 2469//2012 2552//2016
f 2468//1892 2550//2087 2551//2088
f 2362//1903 2472//2022 2471//2017
f 2552//2016 2467//2013 2463//2014
f 2550//2087 2552//2016 2553//2015
f 2469//2012 2467//2013 2552//2016
f 2554//2089 2553//2015 2463//2014
f 2470//2019 2554//2089 2463//2014
f 2474//2020 2473//2018 2555//2090
f 2556//2091 2549//2085 2547//2084
f 2555//2090 2473//2018 2475//925
f 2470//2019 2462//2011 2355//1900
f 2557//2092 2364//1917 2492//2040
f 2456//2005 2475//925 2473//2018
f 2557//2092 2559//2093 2556//2091
f 2366//1918 2367//1922 2483//1913
f 2363//1905 2485//2023 2367//1922
f 2364//1917 2557//2092 2556//2091
f 2558//2094 2557//2092 2492//2040
f 2391//1949 2393//1948 2408//1960
f 2477//1893 2560//2095 2476//2021
f 2558//2094 2559//2093 2557//2092
f 2458//928 2475//925 2457//2006
f 2560//2095 2477//1893 2551//2088
f 2468//1892 2551//2088 2477//1893
f 2561//2096 2476//2021 2560//2095
f 2498//2038 2499//2041 2490//2032
f 2554//2089 2550//2087 2553//2015
f 2503//2042 2504//1932 2499//2041
f 2550//2087 2562//2097 2551//2088
f 2554//2089 2562//2097 2550//2087
f 2380//1936 2506//1990 2574//2098
f 2561//2096 2563//2099 2476//2021
f 2558//2094 2492//2040 2564//2100
f 2500//2101 2565//2048 2567//2102
f 2566//2047 2567//2102 2565//2048
f 2495//2031 2565//2048 2500//2101
f 2504//1932 2569//2103 2576//1991
f 2494//2034 2500//2101 2496//2036
f 2558//2094 2564//2100 2652//2104
f 2379//1933 2365//1901 2505//2043
f 2576//1991 2569//2103 2570//2105
f 2559//2093 2549//2085 2556//2091
f 2564//2100 2492//2040 2502//1992
f 2504//1932 2503//2042 2569//2103
f 2568//2106 2570//2105 2503//2042
f 2568//2106 2571//2107 2570//2105
f 2573//2108 2502//1992 2576//1991
f 2500//2101 2501//2039 2496//2036
f 2476//2021 2482//2027 2478//1902
f 2424//1974 2515//2053 2523//2057
f 2652//2104 2564//2100 2502//1992
f 2573//2108 2652//2104 2502//1992
f 2568//2106 2503//2042 2498//2038
f 2501//2039 2568//2106 2498//2038
f 2506//1990 2575//2109 2574//2098
f 2577//2110 2572//2111 2570//2105
f 2537//2080 2626//2112 2331//1881
f 2562//2097 2560//2095 2551//2088
f 2522//2059 2510//2045 2519//2070
f 2573//2108 2576//1991 2572//2111
f 2526//2113 2437//1989 2527//2078
f 2577//2110 2573//2108 2572//2111
f 2435//1988 2436//1987 2325//1875
f 2410//1965 2419//1972 2506//1990
f 2575//2109 2506//1990 2578//2114
f 2591//2076 2510//2045 2511//2044
f 2506//1990 2419//1972 2578//2114
f 2585//2115 2590//2116 2587//2117
f 2594//2118 2595//2119 2592//2120
f 2508//938 2392//1837 2390//1947
f 2580//2121 2578//2114 2419//1972
f 2581//2122 2583//2055 2582//2074
f 2584//2058 2583//2055 2581//2122
f 2585//2115 2584//2058 2581//2122
f 2586//2123 2585//2115 2587//2117
f 2582//2074 2592//2120 2593//2124
f 2587//2117 2590//2116 2589//2125
f 2588//2126 2582//2074 2593//2124
f 2591//2076 2592//2120 2582//2074
f 2508//938 2579//2127 2512//2046
f 2590//2116 2588//2126 2589//2125
f 2581//2122 2582//2074 2588//2126
f 2585//2115 2581//2122 2590//2116
f 2581//2122 2588//2126 2590//2116
f 2593//2124 2589//2125 2588//2126
f 2596//2128 2595//2119 2597//2129
f 2595//2119 2598//2130 2597//2129
f 2511//2044 2512//2046 2591//2076
f 2592//2120 2596//2128 2593//2124
f 2594//2118 2591//2076 2512//2046
f 2592//2120 2591//2076 2594//2118
f 2458//928 2643//889 2475//925
f 2636//2131 2349//1889 2644//2132
f 2641//742 2548//2086 2549//2085
f 2595//2119 2596//2128 2592//2120
f 2593//2124 2596//2128 2589//2125
f 2610//2133 2607//2134 2599//2135
f 2597//2129 2598//2130 2599//2135
f 2512//2046 2600//2136 2594//2118
f 2594//2118 2600//2136 2601//2137
f 2606//2138 2607//2134 2610//2133
f 2559//2093 2645//2139 2549//2085
f 2594//2118 2601//2137 2595//2119
f 2579//2127 2600//2136 2512//2046
f 2598//2130 2603//2140 2602//2141
f 2419//1972 2584//2058 2580//2121
f 2580//2121 2608//2142 2609//2143
f 2608//2142 2580//2121 2606//2138
f 2598//2130 2595//2119 2601//2137
f 2580//2121 2584//2058 2604//2144
f 2604//2144 2607//2134 2606//2138
f 2605//2145 2607//2134 2604//2144
f 2605//2145 2604//2144 2586//2123
f 2604//2144 2585//2115 2586//2123
f 2580//2121 2604//2144 2606//2138
f 2608//2142 2606//2138 2610//2133
f 2604//2144 2584//2058 2585//2115
f 2580//2121 2611//2146 2578//2114
f 2611//2146 2580//2121 2609//2143
f 2614//2147 2609//2143 2608//2142
f 2612//2148 2614//2147 2610//2133
f 2612//2148 2610//2133 2613//2149
f 2613//2149 2599//2135 2602//2141
f 2616//2150 2617//2151 2612//2148
f 2609//2143 2615//2152 2611//2146
f 2614//2147 2612//2148 2617//2151
f 2609//2143 2614//2147 2617//2151
f 2547//2084 2364//1917 2556//2091
f 2602//2141 2616//2150 2613//2149
f 2618//2153 2616//2150 2603//2140
f 2598//2130 2602//2141 2599//2135
f 2617//2151 2616//2150 2618//2153
f 2619//2154 2617//2151 2618//2153
f 2603//2140 2616//2150 2602//2141
f 2371//1923 2372//1919 2489//2030
f 2364//1917 2267//965 2492//2040
f 2619//2154 2615//2152 2617//2151
f 2587//2117 2620//2155 2586//2123
f 2621//2156 2620//2155 2596//2128
f 2620//2155 2621//2156 2623//2157
f 2587//2117 2589//2125 2620//2155
f 2621//2156 2597//2129 2599//2135
f 2621//2156 2596//2128 2597//2129
f 2586//2123 2622//2158 2605//2145
f 2605//2145 2622//2158 2607//2134
f 2622//2158 2623//2157 2607//2134
f 2623//2157 2599//2135 2607//2134
f 2599//2135 2623//2157 2621//2156
f 2527//2078 2625//2159 2526//2113
f 2625//2159 2331//1881 2626//2112
f 2627//2160 2625//2159 2626//2112
f 2528//2077 2436//1987 2435//1988
f 2529//2069 2630//2161 2530//2072
f 2628//1984 2530//2072 2630//2161
f 2494//2034 2495//2031 2500//2101
f 2437//1989 2324//1874 2527//2078
f 2630//2161 2529//2069 2528//2077
f 2435//1988 2434//1986 2624//2162
f 2626//2112 2537//2080 2631//2163
f 2632//2164 2530//2072 2628//1984
f 2632//2164 2538//2061 2530//2072
f 2535//2071 2536//2079 2541//2081
f 2533//2075 2534//2068 2633//2165
f 2537//2080 2636//2131 2635//2166
f 2532//2073 2533//2075 2634//2167
f 2637//2082 2543//2060 2538//2061
f 2638//744 2633//2165 2639//2168
f 2639//2168 2540//932 2545//2083
f 2534//2068 2540//932 2639//2168
f 2538//2061 2632//2164 2637//2082
f 2348//1888 2636//2131 2537//2080
f 2545//2083 2640//2169 2639//2168
f 2639//2168 2640//2169 2638//744
f 2638//744 2640//2169 2641//742
f 2635//2166 2631//2163 2537//2080
f 2610//2133 2599//2135 2613//2149
f 2614//2147 2608//2142 2610//2133
f 2543//2060 2642//2170 2458//928
f 2541//2081 2536//2079 2704//1912
f 2634//2167 2703//2171 2532//2073
f 2641//742 2640//2169 2545//2083
f 2702//2172 2626//2112 2631//2163
f 2643//889 2458//928 2642//2170
f 2555//2090 2475//925 2650//2173
f 2654//2174 2563//2099 2561//2096
f 2548//2086 2641//742 2545//2083
f 2658//2175 2654//2174 2560//2095
f 2645//2139 2559//2093 2558//2094
f 2348//1888 2349//1889 2636//2131
f 2646//2176 2644//2132 2574//2098
f 2554//2089 2648//2177 2647//2178
f 2648//2177 2554//2089 2470//2019
f 2349//1889 2380//1936 2574//2098
f 2657//2179 2659//2180 2656//2181
f 2560//2095 2562//2097 2658//2175
f 2482//2027 2476//2021 2563//2099
f 2474//2020 2555//2090 2649//2182
f 2470//2019 2474//2020 2649//2182
f 2645//2139 2558//2094 2652//2104
f 2645//2139 2651//2183 2549//2085
f 2651//2183 2645//2139 2652//2104
f 2549//2085 2651//2183 2653//2063
f 2349//1889 2574//2098 2644//2132
f 2656//2181 2658//2175 2657//2179
f 2654//2174 2655//2184 2563//2099
f 2562//2097 2657//2179 2658//2175
f 2654//2174 2659//2180 2655//2184
f 2659//2180 2654//2174 2656//2181
f 2654//2174 2561//2096 2560//2095
f 2654//2174 2658//2175 2656//2181
f 2647//2178 2657//2179 2562//2097
f 2562//2097 2554//2089 2647//2178
f 2655//2184 2660//1980 2563//2099
f 2568//2106 2501//2039 2571//2107
f 2567//2102 2663//2185 2500//2101
f 2648//2177 2649//2182 2647//2178
f 2660//1980 2661//2186 2563//2099
f 2648//2177 2470//2019 2649//2182
f 2649//2182 2555//2090 2650//2173
f 2661//2186 2662//2187 2566//2047
f 2660//1980 2662//2187 2661//2186
f 2500//2101 2663//2185 2501//2039
f 2563//2099 2661//2186 2482//2027
f 2482//2027 2661//2186 2566//2047
f 2566//2047 2662//2187 2567//2102
f 2571//2107 2501//2039 2663//2185
f 2662//2187 2666//2188 2567//2102
f 2663//2185 2567//2102 2666//2188
f 2664//2189 2571//2107 2665//2190
f 2609//2143 2617//2151 2615//2152
f 2663//2185 2667//2191 2571//2107
f 2613//2149 2616//2150 2612//2148
f 2667//2191 2665//2190 2571//2107
f 2571//2107 2664//2189 2570//2105
f 2669//2192 2570//2105 2664//2189
f 2667//2191 2666//2188 2668//2193
f 2570//2105 2669//2192 2670//2194
f 2665//2190 2669//2192 2664//2189
f 2669//2192 2671//2195 2670//2194
f 2577//2110 2652//2104 2573//2108
f 2589//2125 2596//2128 2620//2155
f 2673//2196 2577//2110 2570//2105
f 2672//2197 2652//2104 2577//2110
f 2673//2196 2570//2105 2670//2194
f 2671//2195 2736//2198 2670//2194
f 2622//2158 2586//2123 2623//2157
f 2673//2196 2670//2194 2736//2198
f 2579//2127 2508//938 2676//2199
f 2598//2130 2601//2137 2603//2140
f 2579//2127 2601//2137 2600//2136
f 2508//938 2677//2200 2676//2199
f 2679//2201 2601//2137 2676//2199
f 2625//2159 2527//2078 2331//1881
f 2679//2201 2603//2140 2601//2137
f 2680//2202 2681//2203 2678//2204
f 2679//2201 2680//2202 2678//2204
f 2629//2205 2528//2077 2435//1988
f 2676//2199 2601//2137 2579//2127
f 2680//2202 2679//2201 2676//2199
f 2681//2203 2680//2202 2685//2206
f 2680//2202 2676//2199 2682//2207
f 2611//2146 2683//2208 2578//2114
f 2603//2140 2678//2204 2618//2153
f 2578//2114 2683//2208 2675//2209
f 2611//2146 2615//2152 2683//2208
f 2633//2165 2534//2068 2639//2168
f 2618//2153 2684//2210 2619//2154
f 2619//2154 2684//2210 2615//2152
f 2615//2152 2684//2210 2683//2208
f 2618//2153 2681//2203 2685//2206
f 2678//2204 2681//2203 2618//2153
f 2685//2206 2684//2210 2618//2153
f 2686//2211 2683//2208 2684//2210
f 2680//2202 2682//2207 2750//2212
f 2684//2210 2685//2206 2686//2211
f 2683//2208 2686//2211 2675//2209
f 2689//2213 2690//2214 2685//2206
f 2686//2211 2688//2215 2675//2209
f 2675//2209 2688//2215 2687//2216
f 2688//2215 2691//2217 2687//2216
f 2686//2211 2685//2206 2690//2214
f 2688//2215 2686//2211 2691//2217
f 2690//2214 2691//2217 2686//2211
f 2689//2213 2692//2218 2690//2214
f 2685//2206 2693//2219 2689//2213
f 2691//2217 2694//2220 2687//2216
f 2693//2219 2692//2218 2689//2213
f 2692//2218 2694//2220 2690//2214
f 2687//2216 2695//2221 2675//2209
f 2695//2221 2687//2216 2696//2222
f 2696//2222 2687//2216 2694//2220
f 2698//2223 2778//2224 2697//2225
f 2624//2162 2777//2226 2776//2227
f 2628//1984 2705//1983 2632//2164
f 2642//2170 2543//2060 2637//2082
f 2533//2075 2706//926 2707//2228
f 2203//1788 2310//1858 2308//1869
f 2634//2167 2533//2075 2707//2228
f 2154//750 2153//1695 2290//1713
f 2169//1726 2168//1725 2074//1595
f 2628//1984 2630//2161 2780//2229
f 2624//2162 2434//1986 2697//2225
f 2434//1986 2437//1989 2697//2225
f 2629//2205 2699//2230 2700//2231
f 2713//2232 2706//926 2712//927
f 2698//2223 2697//2225 2627//2160
f 2435//1988 2699//2230 2629//2205
f 2437//1989 2526//2113 2697//2225
f 2627//2160 2526//2113 2625//2159
f 2697//2225 2526//2113 2627//2160
f 2629//2205 2700//2231 2779//2233
f 2779//2233 2528//2077 2629//2205
f 2701//2234 2435//1988 2624//2162
f 2699//2230 2435//1988 2701//2234
f 2706//926 2633//2165 2638//744
f 2532//2073 2536//2079 2448//1998
f 2705//1983 2637//2082 2632//2164
f 2626//2112 2702//2172 2627//2160
f 152//99 156//98 157//104
f 2505//2043 2729//2235 2508//938
f 2677//2200 2729//2235 2730//2236
f 2718//2064 2728//2237 2672//2197
f 2541//2081 2365//1901 2233//1798
f 2708//1911 2365//1901 2541//2081
f 2711//2054 2713//2232 2712//927
f 2706//926 2533//2075 2633//2165
f 2646//2176 2636//2131 2644//2132
f 2711//2054 2638//744 2715//2238
f 2708//1911 2709//2239 2365//1901
f 2653//2063 2641//742 2549//2085
f 2719//2240 2657//2179 2647//2178
f 2646//2176 2574//2098 2716//2241
f 2290//1713 2153//1695 2152//1696
f 2283//966 2141//1721 2167//1720
f 2779//2233 2700//2231 2786//2242
f 2659//2180 2657//2179 2720//2243
f 2650//2173 2475//925 2717//924
f 2659//2180 2720//2243 2655//2184
f 2720//2243 2657//2179 2719//2240
f 2721//2244 2720//2243 2719//2240
f 2649//2182 2719//2240 2647//2178
f 2668//2193 2725//2245 2667//2191
f 2666//2188 2726//2246 2668//2193
f 2722//2247 2655//2184 2721//2244
f 2719//2240 2722//2247 2721//2244
f 2660//1980 2727//1979 2726//2246
f 2650//2173 2723//2248 2649//2182
f 2725//2245 2726//2246 2727//1979
f 2660//1980 2666//2188 2662//2187
f 2727//1979 2665//2190 2725//2245
f 2666//2188 2660//1980 2726//2246
f 2723//2248 2719//2240 2649//2182
f 2723//2248 2724//2249 2722//2247
f 2723//2248 2650//2173 2724//2249
f 2721//2244 2655//2184 2720//2243
f 2718//2064 2653//2063 2651//2183
f 2725//2245 2665//2190 2667//2191
f 2718//2064 2651//2183 2652//2104
f 2668//2193 2726//2246 2725//2245
f 2652//2104 2728//2237 2718//2064
f 2731//2250 2732//2251 2671//2195
f 2727//1979 2732//2251 2731//2250
f 2574//2098 2575//2109 2716//2241
f 2508//938 2729//2235 2677//2200
f 2731//2250 2671//2195 2669//2192
f 2733//2252 2736//2198 2671//2195
f 2652//2104 2672//2197 2728//2237
f 2727//1979 2669//2192 2665//2190
f 2672//2197 2577//2110 2674//2253
f 2731//2250 2669//2192 2727//1979
f 2734//2254 2733//2252 2735//2255
f 2674//2253 2673//2196 2736//2198
f 2736//2198 2734//2254 2674//2253
f 2674//2253 2740//2256 2737//2257
f 2740//2256 2734//2254 2735//2255
f 2737//2257 2672//2197 2674//2253
f 2736//2198 2733//2252 2734//2254
f 2740//2256 2738//2258 2737//2257
f 2733//2252 2740//2256 2735//2255
f 2741//2259 2740//2256 2733//2252
f 2744//2260 2745//2261 2746//2262
f 2734//2254 2740//2256 2674//2253
f 2742//2263 2740//2256 2739//2264
f 2741//2259 2739//2264 2740//2256
f 2738//2258 2740//2256 2742//2263
f 2747//2265 2739//2264 2741//2259
f 2743//2266 2741//2259 2733//2252
f 2672//2197 2738//2258 2744//2260
f 2745//2261 2747//2265 2746//2262
f 2672//2197 2737//2257 2738//2258
f 2744//2260 2738//2258 2742//2263
f 2743//2266 2747//2265 2741//2259
f 2745//2261 2742//2263 2739//2264
f 2744//2260 2742//2263 2745//2261
f 2749//2267 2747//2265 2743//2266
f 2749//2267 2743//2266 2733//2252
f 2676//2199 2677//2200 2682//2207
f 2733//2252 2671//2195 2748//2268
f 2745//2261 2739//2264 2747//2265
f 2680//2202 2750//2212 2685//2206
f 2763//2269 2751//2270 2693//2219
f 2693//2219 2685//2206 2750//2212
f 2663//2185 2666//2188 2667//2191
f 2753//2271 2693//2219 2752//2272
f 2752//2272 2693//2219 2750//2212
f 2752//2272 2750//2212 2682//2207
f 2753//2271 2755//2273 2693//2219
f 2693//2219 2755//2273 2763//2269
f 2674//2253 2577//2110 2673//2196
f 2756//2274 2755//2273 2753//2271
f 2754//2275 2753//2271 2752//2272
f 2756//2274 2754//2275 2757//2276
f 2752//2272 2677//2200 2754//2275
f 2692//2218 2751//2270 2694//2220
f 2696//2222 2758//2277 2762//2278
f 2675//2209 2695//2221 2759//2279
f 2760//2280 2762//2278 2761//2049
f 2751//2270 2763//2269 2762//2278
f 2760//2280 2696//2222 2762//2278
f 2696//2222 2760//2280 2695//2221
f 2763//2269 2767//2050 2761//2049
f 2761//2049 2762//2278 2763//2269
f 2760//2280 2764//2281 2759//2279
f 2603//2140 2679//2201 2678//2204
f 2693//2219 2751//2270 2692//2218
f 2695//2221 2760//2280 2759//2279
f 2756//2274 2765//2282 2755//2273
f 2757//2276 2765//2282 2756//2274
f 2766//2283 2768//2051 2767//2050
f 2697//2225 2778//2224 2848//2284
f 2777//2226 2850//2285 2776//2227
f 2763//2269 2765//2282 2767//2050
f 2766//2283 2770//2286 2768//2051
f 2769//2287 2766//2283 2765//2282
f 2849//1868 2624//2162 2848//2284
f 2697//2225 2848//2284 2624//2162
f 2757//2276 2769//2287 2765//2282
f 2769//2287 2770//2286 2766//2283
f 2761//2049 2768//2051 2771//2288
f 2761//2049 2771//2288 2764//2281
f 2767//2050 2765//2282 2766//2283
f 2764//2281 2771//2288 2772//2289
f 2771//2288 2768//2051 2775//2290
f 2847//2291 2845//2292 2832//2293
f 2772//2289 2771//2288 2775//2290
f 2770//2286 2775//2290 2768//2051
f 2859//920 2798//919 2711//2054
f 2755//2273 2765//2282 2763//2269
f 2033//1558 2036//1559 2034//1246
f 2773//2294 2775//2290 2770//2286
f 1999//1514 2136//1516 1992//1324
f 2773//2294 2774//2295 2775//2290
f 2690//2214 2694//2220 2691//2217
f 2791//2296 2794//1982 2787//2297
f 2792//2298 2707//2228 2795//2299
f 2702//2172 2698//2223 2627//2160
f 2781//2300 2630//2161 2779//2233
f 2630//2161 2528//2077 2779//2233
f 2779//2233 2786//2242 2781//2300
f 2700//2231 2699//2230 2782//2301
f 2630//2161 2781//2300 2780//2229
f 2701//2234 2624//2162 2776//2227
f 2776//2227 2782//2301 2701//2234
f 2699//2230 2701//2234 2782//2301
f 2786//2242 2700//2231 2783//2302
f 2783//2302 2700//2231 2784//2303
f 2700//2231 2782//2301 2784//2303
f 2776//2227 2784//2303 2782//2301
f 2781//2300 2786//2242 2780//2229
f 2783//2302 2785//2304 2786//2242
f 2783//2302 2784//2303 2785//2304
f 2780//2229 2786//2242 2787//2297
f 2871//2305 2872//2306 2813//2307
f 2785//2304 2784//2303 2776//2227
f 2787//2297 2786//2242 2788//2308
f 2786//2242 2785//2304 2788//2308
f 2812//2309 2870//2310 2817//2311
f 2789//2312 2785//2304 2776//2227
f 2785//2304 2789//2312 2788//2308
f 2789//2312 2787//2297 2788//2308
f 2789//2312 2776//2227 2790//2313
f 2791//2296 2787//2297 2790//2313
f 2790//2313 2787//2297 2789//2312
f 2634//2167 2792//2298 2703//2171
f 2780//2229 2794//1982 2628//1984
f 2532//2073 2703//2171 2793//1978
f 2794//1982 2780//2229 2787//2297
f 2711//2054 2797//2314 2713//2232
f 2708//1911 2541//2081 2704//1912
f 2634//2167 2707//2228 2792//2298
f 2797//2314 2706//926 2713//2232
f 2794//1982 2796//2315 2705//1983
f 2646//2176 2801//2316 2636//2131
f 2798//919 2707//2228 2797//2314
f 2638//744 2714//743 2715//2238
f 2707//2228 2706//926 2797//2314
f 2813//2307 2724//2249 2717//924
f 2631//2163 2635//2166 2800//2317
f 2708//1911 2799//1910 2709//2239
f 2635//2166 2636//2131 2800//2317
f 2715//2238 2714//743 2803//2318
f 2710//887 2643//889 2642//2170
f 2802//2319 2714//743 2641//742
f 2802//2319 2641//742 2804//2320
f 2717//924 2724//2249 2650//2173
f 2365//1901 2729//2235 2505//2043
f 2804//2320 2803//2318 2802//2319
f 2803//2318 2714//743 2802//2319
f 2641//742 2806//2321 2805//2322
f 2793//1978 2536//2079 2532//2073
f 2793//1978 2704//1912 2536//2079
f 2805//2322 2804//2320 2641//742
f 2805//2322 2806//2321 2807//2323
f 2808//2324 2716//2241 2575//2109
f 1908//1465 3757//1474 3674//1471
f 2722//2247 2724//2249 2809//2325
f 2811//2326 2727//1979 2810//1981
f 2810//1981 2660//1980 2655//2184
f 2810//1981 2809//2325 2811//2326
f 2809//2325 2655//2184 2722//2247
f 2814//2327 2811//2326 2809//2325
f 2811//2326 2812//2309 2727//1979
f 2806//2321 2641//742 2718//2064
f 2727//1979 2812//2309 2732//2251
f 2814//2327 2809//2325 2724//2249
f 2724//2249 2813//2307 2814//2327
f 2810//1981 2655//2184 2809//2325
f 2812//2309 2815//2328 2732//2251
f 2815//2328 2816//2329 2732//2251
f 2817//2311 2815//2328 2812//2309
f 2817//2311 2818//2330 2815//2328
f 2816//2329 2748//2268 2671//2195
f 2816//2329 2671//2195 2732//2251
f 2818//2330 2748//2268 2816//2329
f 2878//2331 2819//2332 2875//2333
f 2875//2333 2818//2330 2817//2311
f 2718//2064 2672//2197 2806//2321
f 2820//2334 2672//2197 2744//2260
f 2820//2334 2746//2262 2749//2267
f 2820//2334 2744//2260 2746//2262
f 2819//2332 2749//2267 2748//2268
f 2677//2200 2821//2335 2754//2275
f 2819//2332 2878//2331 2806//2321
f 2759//2279 2764//2281 2822//2336
f 2754//2275 2821//2335 2757//2276
f 2757//2276 2821//2335 2823//2337
f 2823//2337 2824//2338 2769//2287
f 2769//2287 2824//2338 2770//2286
f 2823//2337 2769//2287 2757//2276
f 2820//2334 2749//2267 2819//2332
f 2806//2321 2672//2197 2820//2334
f 2875//2333 2748//2268 2818//2330
f 2746//2262 2747//2265 2749//2267
f 2748//2268 2749//2267 2733//2252
f 2875//2333 2819//2332 2748//2268
f 2825//2339 2827//2340 2826//2341
f 2773//2294 2770//2286 2825//2339
f 2677//2200 2752//2272 2682//2207
f 2827//2340 2825//2339 2824//2338
f 2828//2342 2827//2340 2829//2343
f 2821//2335 2830//2344 2823//2337
f 2833//2345 2823//2337 2830//2344
f 2828//2342 2829//2343 2831//2346
f 2764//2281 2772//2289 2822//2336
f 2831//2346 2829//2343 2832//2293
f 2835//2347 2772//2289 2774//2295
f 2835//2347 2822//2336 2772//2289
f 2774//2295 2773//2294 2836//2348
f 2835//2347 2774//2295 2836//2348
f 2694//2220 2758//2277 2696//2222
f 2827//2340 2824//2338 2829//2343
f 2823//2337 2833//2345 2829//2343
f 2758//2277 2751//2270 2762//2278
f 2838//2349 2822//2336 2835//2347
f 2836//2348 2773//2294 2837//2350
f 2836//2348 2837//2350 2835//2347
f 2829//2343 2824//2338 2823//2337
f 2756//2274 2753//2271 2754//2275
f 2675//2209 2575//2109 2578//2114
f 2773//2294 2826//2341 2837//2350
f 2838//2349 2835//2347 2837//2350
f 2838//2349 2837//2350 2842//2351
f 2826//2341 2839//2352 2837//2350
f 2839//2352 2842//2351 2837//2350
f 2826//2341 2828//2342 2839//2352
f 2842//2351 2840//2353 2822//2336
f 2842//2351 2822//2336 2838//2349
f 2841//2354 2842//2351 2839//2352
f 2841//2354 2840//2353 2842//2351
f 2831//2346 2843//2355 2841//2354
f 2841//2354 2839//2352 2831//2346
f 2764//2281 2760//2280 2761//2049
f 2841//2354 2843//2355 2844//2356
f 2832//2293 2843//2355 2831//2346
f 2840//2353 2844//2356 2846//2357
f 2832//2293 2845//2292 2844//2356
f 2841//2354 2844//2356 2840//2353
f 2832//2293 2844//2356 2843//2355
f 2829//2343 2833//2345 2832//2293
f 2844//2356 2845//2292 2846//2357
f 2777//2226 2851//2358 2850//2285
f 2849//1868 2777//2226 2624//2162
f 2852//2359 2777//2226 2849//1868
f 1934//1380 1857//1300 1927//1381
f 2851//2358 2854//2360 2790//2313
f 2833//2345 2847//2291 2832//2293
f 2854//2360 2855//2361 2790//2313
f 2790//2313 2855//2361 2791//2296
f 2856//2362 2855//2361 2854//2360
f 2798//919 2795//2299 2707//2228
f 2796//2315 2794//1982 2791//2296
f 2850//2285 2790//2313 2776//2227
f 2851//2358 2790//2313 2850//2285
f 1907//1407 1911//1409 1909//1397
f 1911//1409 1912//1483 1913//1421
f 1822//1293 1842//1282 1847//1308
f 2857//2363 2702//2172 2631//2163
f 2795//2299 2798//919 2858//921
f 2775//2290 2774//2295 2772//2289
f 2860//2364 2857//2363 2631//2163
f 2797//2314 2711//2054 2798//919
f 1374//1064 1369//1060 1379//1059
f 2861//2365 2705//1983 2796//2315
f 2861//2365 2710//887 2705//1983
f 2800//2317 2860//2364 2631//2163
f 2938//2366 2939//2367 2943//2368
f 2862//2369 2860//2364 2800//2317
f 2938//2366 2943//2368 2941//2370
f 2801//2316 2800//2317 2636//2131
f 2637//2082 2710//887 2642//2170
f 2864//2371 2865//2372 2711//2054
f 2711//2054 2715//2238 2803//2318
f 2864//2371 2711//2054 2803//2318
f 2646//2176 2716//2241 2868//2373
f 2801//2316 2646//2176 2866//2374
f 2365//1901 2863//2375 2729//2235
f 2866//2374 2646//2176 2868//2373
f 2863//2375 2730//2236 2729//2235
f 2807//2323 2804//2320 2805//2322
f 2871//2305 2870//2310 2869//2376
f 2811//2326 2814//2327 2869//2376
f 2869//2376 2813//2307 2872//2306
f 2878//2331 2871//2305 2873//2377
f 2817//2311 2870//2310 2875//2333
f 2876//2378 2878//2331 2870//2310
f 2870//2310 2811//2326 2869//2376
f 2730//2236 2821//2335 2677//2200
f 2874//2379 2880//2380 2873//2377
f 2878//2331 2875//2333 2870//2310
f 2870//2310 2871//2305 2876//2378
f 2870//2310 2812//2309 2811//2326
f 2877//2381 2807//2323 2806//2321
f 2834//2382 2821//2335 2881//2383
f 2873//2377 2879//2384 2877//2381
f 2873//2377 2880//2380 2879//2384
f 2871//2305 2878//2331 2876//2378
f 2877//2381 2878//2331 2873//2377
f 2675//2209 2759//2279 2575//2109
f 2874//2379 2873//2377 2871//2305
f 2845//2292 2847//2291 2885//2385
f 2882//2386 2891//2387 2846//2357
f 2884//2388 2846//2357 2845//2292
f 2799//1910 2863//2375 2709//2239
f 2882//2386 2884//2388 2883//2389
f 2845//2292 2885//2385 2884//2388
f 2814//2327 2813//2307 2869//2376
f 2995//2390 3000//2391 3004//2392
f 2251//1812 2360//1906 2367//1922
f 2872//2306 2871//2305 2869//2376
f 2884//2388 2886//883 2883//2389
f 2887//2393 2886//883 2884//2388
f 2888//2394 2822//2336 2840//2353
f 2891//2387 2882//2386 2883//2389
f 2891//2387 2888//2394 2840//2353
f 2891//2387 2890//882 2888//2394
f 2888//2394 2889//2395 2822//2336
f 2890//882 2891//2387 2886//883
f 2888//2394 2890//882 2892//2396
f 2888//2394 2892//2396 2889//2395
f 2883//2389 2886//883 2891//2387
f 2889//2395 2893//884 2895//2397
f 2830//2344 2847//2291 2833//2345
f 2892//2396 2893//884 2889//2395
f 2886//883 2894//2398 2893//884
f 2893//884 2892//2396 2890//882
f 2830//2344 2896//2399 2847//2291
f 2885//2385 2847//2291 2887//2393
f 2709//2239 2863//2375 2365//1901
f 2824//2338 2825//2339 2770//2286
f 2818//2330 2816//2329 2815//2328
f 2826//2341 2827//2340 2828//2342
f 2847//2291 2896//2399 2887//2393
f 2887//2393 2884//2388 2885//2385
f 2886//883 2887//2393 2897//2400
f 2821//2335 2834//2382 2830//2344
f 2898//2401 2899//2402 2896//2399
f 2899//2402 2897//2400 2887//2393
f 2896//2399 2834//2382 2898//2401
f 2899//2402 2898//2401 2900//2403
f 2899//2402 2900//2403 2897//2400
f 2901//2404 2945//2405 2897//2400
f 2886//883 2897//2400 2894//2398
f 2905//2406 2902//2407 2904//2408
f 2828//2342 2831//2346 2839//2352
f 2778//2224 2698//2223 2902//2407
f 2903//2409 2778//2224 2902//2407
f 2694//2220 2751//2270 2758//2277
f 2777//2226 2852//2359 2906//2410
f 2777//2226 2906//2410 2854//2360
f 2853//1977 2793//1978 2703//2171
f 2703//2171 2907//2411 2853//1977
f 2702//2172 2857//2363 2904//2408
f 2904//2408 2902//2407 2698//2223
f 2857//2363 2909//2412 2904//2408
f 2796//2315 2855//2361 2910//2413
f 2912//2414 2792//2298 2911//2415
f 2795//2299 2858//921 2911//2415
f 2911//2415 2858//921 2859//920
f 2796//2315 2791//2296 2855//2361
f 2859//920 2865//2372 2915//2416
f 2859//920 2711//2054 2865//2372
f 2862//2369 2801//2316 2866//2374
f 2840//2353 2846//2357 2891//2387
f 2914//2417 2861//2365 2913//2418
f 2866//2374 2916//2419 2862//2369
f 2921//2420 2717//924 2917//2421
f 2867//888 2917//2421 2643//889
f 2868//2373 2808//2324 2918//2422
f 2813//2307 2717//924 2921//2420
f 2804//2320 2807//2323 2919//2423
f 2920//2424 2808//2324 2575//2109
f 2914//2417 2917//2421 2867//888
f 2880//2380 2874//2379 2813//2307
f 2917//2421 2717//924 2643//889
f 2716//2241 2808//2324 2868//2373
f 2915//2416 2865//2372 2864//2371
f 2710//887 2914//2417 2867//888
f 2874//2379 2871//2305 2813//2307
f 2801//2316 2862//2369 2800//2317
f 2877//2381 2922//2425 2807//2323
f 2880//2380 2813//2307 2921//2420
f 2777//2226 2854//2360 2851//2358
f 2919//2423 2807//2323 2923//2426
f 2922//2425 2877//2381 2924//2427
f 2759//2279 2920//2424 2575//2109
f 2877//2381 2879//2384 2924//2427
f 2923//2426 2922//2425 2924//2427
f 2923//2426 2924//2427 2879//2384
f 2821//2335 2730//2236 2881//2383
f 2920//2424 2759//2279 2889//2395
f 2759//2279 2822//2336 2889//2395
f 2923//2426 2807//2323 2922//2425
f 2834//2382 2881//2383 2898//2401
f 2898//2401 2925//1909 2900//2403
f 2993//1907 2925//1909 2898//2401
f 2993//1907 2898//2401 2881//2383
f 2927//2428 2894//2398 2897//2400
f 2894//2398 2927//2428 2928//2429
f 2894//2398 2928//2429 2929//2430
f 2901//2404 2900//2403 2930//2431
f 2928//2429 2927//2428 2948//2432
f 2930//2431 2946//2433 2901//2404
f 2930//2431 2900//2403 2926//2434
f 2947//2435 2929//2430 2948//2432
f 2930//2431 2936//2436 2946//2433
f 2927//2428 2897//2400 2945//2405
f 2931//2437 2894//2398 2929//2430
f 2928//2429 2948//2432 2929//2430
f 2929//2430 2947//2435 2932//2438
f 2929//2430 2932//2438 2931//2437
f 2894//2398 2931//2437 2895//2397
f 3005//2439 3010//2440 2991//2441
f 2991//2441 3010//2440 3002//2442
f 2934//2443 2932//2438 2933//2444
f 2935//2445 2926//2434 2925//1909
f 2991//2441 3002//2442 2944//2446
f 2934//2443 2931//2437 2932//2438
f 2930//2431 2926//2434 2935//2445
f 2991//2441 2994//2447 3005//2439
f 2933//2444 2932//2438 2935//2445
f 2927//2428 2945//2405 2948//2432
f 2936//2436 2937//2448 2946//2433
f 2937//2448 2932//2438 2947//2435
f 2938//2366 2895//2397 2931//2437
f 2932//2438 2937//2448 2936//2436
f 2925//1909 2940//1908 2935//2445
f 2935//2445 2940//1908 2933//2444
f 2938//2366 2931//2437 2934//2443
f 2935//2445 2936//2436 2930//2431
f 2938//2366 2941//2370 2895//2397
f 2934//2443 2933//2444 2939//2367
f 2933//2444 2940//1908 2942//2449
f 2933//2444 2942//2449 2939//2367
f 2939//2367 2942//2449 2943//2368
f 2942//2449 3000//2391 2943//2368
f 2942//2449 2940//1908 3000//2391
f 2946//2433 2947//2435 2945//2405
f 2946//2433 2945//2405 2901//2404
f 2940//1908 2989//2450 2944//2446
f 2943//2368 3000//2391 2941//2370
f 2889//2395 2895//2397 2941//2370
f 2945//2405 2947//2435 2948//2432
f 3000//2391 2940//1908 2944//2446
f 3024//2451 3031//2452 3021//2453
f 3030//1702 3031//2452 3024//2451
f 3026//2454 3024//2451 3021//2453
f 3030//1702 3024//2451 3029//1700
f 3024//2451 3027//2455 3029//1700
f 2939//2367 2938//2366 2934//2443
f 2825//2339 2826//2341 2773//2294
f 2947//2435 2946//2433 2937//2448
f 2848//2284 2950//776 2849//1868
f 2848//2284 2903//2409 2950//776
f 2950//776 2903//2409 2951//777
f 2903//2409 2902//2407 2952//2456
f 2834//2382 2896//2399 2830//2344
f 2902//2407 2905//2406 2953//2457
f 2949//778 2852//2359 2849//1868
f 2955//2458 2954//2459 2907//2411
f 2907//2411 2954//2459 2853//1977
f 2954//2459 2704//1912 2853//1977
f 2951//777 2903//2409 2952//2456
f 2905//2406 2904//2408 2909//2412
f 2900//2403 2901//2404 2897//2400
f 2957//2460 2958//2461 2910//2413
f 2909//2412 2956//2462 2905//2406
f 3016//2463 2957//2460 2910//2413
f 2958//2461 2960//2464 2959//2465
f 2910//2413 2958//2461 2796//2315
f 2796//2315 2959//2465 2961//2466
f 2958//2461 2959//2465 2796//2315
f 2960//2464 2958//2461 2962//2467
f 2899//2402 2887//2393 2896//2399
f 2963//2468 2961//2466 2959//2465
f 2910//2413 2855//2361 2856//2362
f 2964//2469 2963//2468 2962//2467
f 2778//2224 2903//2409 2848//2284
f 2957//2460 3016//2463 2962//2467
f 2963//2468 2960//2464 2962//2467
f 2908//2470 2912//2414 2966//2471
f 2912//2414 2908//2470 2703//2171
f 2907//2411 2703//2171 2908//2470
f 2792//2298 2795//2299 2911//2415
f 2963//2468 2959//2465 2960//2464
f 2904//2408 2698//2223 2702//2172
f 2915//2416 2965//2472 2911//2415
f 2957//2460 2962//2467 2958//2461
f 2913//2418 2861//2365 2796//2315
f 2912//2414 2911//2415 2965//2472
f 2796//2315 2969//2473 2913//2418
f 2971//2474 2860//2364 2862//2369
f 2857//2363 2860//2364 2972//2475
f 2913//2418 2973//2476 2914//2417
f 2911//2415 2859//920 2915//2416
f 2914//2417 2710//887 2861//2365
f 2917//2421 2914//2417 3043//2477
f 2974//2478 2915//2416 2975//2479
f 2966//2471 2967//2480 2908//2470
f 2912//2414 2703//2171 2792//2298
f 2864//2371 2975//2479 2915//2416
f 2866//2374 2868//2373 2918//2422
f 2981//2481 2979//2482 2804//2320
f 2808//2324 2982//2483 2918//2422
f 2979//2482 2803//2318 2804//2320
f 2974//2478 2978//875 2915//2416
f 2974//2478 2976//2484 2979//2482
f 2982//2483 2808//2324 2920//2424
f 2921//2420 2983//2485 2988//2486
f 2985//2487 2986//2488 2920//2424
f 2987//2489 2880//2380 2988//2486
f 2977//2490 2979//2482 2976//2484
f 2917//2421 2984//2491 2921//2420
f 2976//2484 2975//2479 2864//2371
f 2914//2417 2973//2476 3043//2477
f 2969//2473 2973//2476 2913//2418
f 2991//2441 2989//2450 2990//2492
f 2996//2493 2992//2494 2995//2390
f 2990//2492 2993//1907 2996//2493
f 2988//2486 2880//2380 2921//2420
f 2730//2236 2863//2375 2980//2495
f 2804//2320 2919//2423 2981//2481
f 2976//2484 2864//2371 2977//2490
f 2803//2318 2977//2490 2864//2371
f 2977//2490 2803//2318 2979//2482
f 2976//2484 2974//2478 2975//2479
f 2919//2423 2923//2426 2987//2489
f 2987//2489 2923//2426 2880//2380
f 2994//2447 2996//2493 2995//2390
f 2990//2492 2994//2447 2991//2441
f 2992//2494 2996//2493 3008//2496
f 2996//2493 2994//2447 2990//2492
f 3008//2496 2996//2493 2993//1907
f 2993//1907 2998//2497 3008//2496
f 2993//1907 2881//2383 2999//2498
f 2989//2450 2993//1907 2990//2492
f 2993//1907 2989//2450 2940//1908
f 3008//2496 2998//2497 2997//2499
f 2879//2384 2880//2380 2923//2426
f 3000//2391 2944//2446 3001//2500
f 2944//2446 3002//2442 3001//2500
f 3003//2501 2889//2395 2941//2370
f 3003//2501 2941//2370 2992//2494
f 2925//1909 2926//2434 2900//2403
f 2895//2397 2893//884 2894//2398
f 3004//2392 2994//2447 2995//2390
f 2994//2447 3004//2392 3005//2439
f 3003//2501 3006//2502 3007//2503
f 3017//2504 3022//2505 2969//2473
f 3022//2505 2973//2476 2969//2473
f 3006//2502 3008//2496 3007//2503
f 2992//2494 3006//2502 3003//2501
f 3033//2506 2863//2375 2799//1910
f 3024//2451 3026//2454 3025//2507
f 2997//2499 2998//2497 3009//2508
f 3066//2509 3003//2501 3007//2503
f 3007//2503 2997//2499 3009//2508
f 3007//2503 3009//2508 3066//2509
f 3008//2496 2997//2499 3007//2503
f 2854//2360 2906//2410 2856//2362
f 2906//2410 3011//2510 2856//2362
f 3025//2507 3027//2455 3024//2451
f 3001//2500 3010//2440 3004//2392
f 3002//2442 3010//2440 3001//2500
f 2953//2457 2952//2456 2902//2407
f 3011//2510 3012//2511 2856//2362
f 2970//2512 2704//1912 3015//2513
f 2856//2362 3016//2463 2910//2413
f 3013//2514 3012//2511 3011//2510
f 2852//2359 3014//2515 3011//2510
f 2852//2359 3011//2510 2906//2410
f 2968//2516 2907//2411 2908//2470
f 2968//2516 2955//2458 2907//2411
f 2964//2469 2962//2467 3016//2463
f 3012//2511 2964//2469 3016//2463
f 2969//2473 2963//2468 3017//2504
f 2856//2362 3012//2511 3016//2463
f 3017//2504 2963//2468 2964//2469
f 2963//2468 2969//2473 2961//2466
f 3013//2514 3017//2504 3012//2511
f 2972//2475 2909//2412 2857//2363
f 2964//2469 3012//2511 3017//2504
f 3018//2517 2966//2471 2965//2472
f 3020//2518 3021//2453 3017//2504
f 2966//2471 3019//2519 2967//2480
f 3017//2504 3021//2453 3022//2505
f 3023//2520 2965//2472 2915//2416
f 3021//2453 3032//1698 3022//2505
f 3029//1700 3027//2455 3134//2521
f 3134//2521 3027//2455 3028//2522
f 2916//2419 2971//2474 2862//2369
f 2971//2474 2972//2475 2860//2364
f 2916//2419 2866//2374 2918//2422
f 3034//1697 3043//2477 2973//2476
f 2978//875 2979//2482 3035//2523
f 2974//2478 2979//2482 2978//875
f 2981//2481 2919//2423 3037//2524
f 3035//2523 2981//2481 3037//2524
f 3035//2523 2979//2482 2981//2481
f 2982//2483 3038//2525 2918//2422
f 3043//2477 3034//1697 3039//1683
f 3138//752 3127//2526 3139//2527
f 3122//751 3123//2528 3138//752
f 3034//1697 2973//2476 3022//2505
f 3040//1685 3043//2477 3039//1683
f 3035//2523 3036//876 2978//875
f 3043//2477 2984//2491 2917//2421
f 3040//1685 3042//2529 3043//2477
f 3041//2530 3043//2477 3042//2529
f 3234//2531 3044//2532 2983//2485
f 3041//2530 2983//2485 2921//2420
f 3037//2524 2919//2423 3045//2533
f 3046//2534 2987//2489 2988//2486
f 3046//2534 2919//2423 2987//2489
f 3044//2532 3047//2535 2983//2485
f 3047//2535 2919//2423 3046//2534
f 3047//2535 3046//2534 2988//2486
f 3047//2535 3044//2532 3234//2531
f 2920//2424 2889//2395 2985//2487
f 3048//2536 3050//2537 3049//2538
f 3051//2539 3050//2537 3048//2536
f 2889//2395 3003//2501 3052//2540
f 3056//2541 2985//2487 3053//2542
f 2985//2487 2889//2395 3053//2542
f 2998//2497 2993//1907 2999//2498
f 3052//2540 3055//2543 3053//2542
f 3054//2544 3053//2542 3055//2543
f 2961//2466 2969//2473 2796//2315
f 2998//2497 2999//2498 3057//2545
f 3058//2546 3059//2547 3060//2548
f 2998//2497 3057//2545 3058//2546
f 3049//2538 3050//2537 2999//2498
f 2999//2498 2881//2383 3049//2538
f 3058//2546 3060//2548 2998//2497
f 3057//2545 3062//2549 3054//2544
f 3062//2549 3057//2545 3050//2537
f 3061//2550 3062//2549 3051//2539
f 3054//2544 3064//2551 3053//2542
f 2704//1912 2970//2512 2799//1910
f 3065//2552 3003//2501 3066//2509
f 3067//2553 3066//2509 3009//2508
f 2908//2470 2967//2480 2968//2516
f 3057//2545 3059//2547 3058//2546
f 3052//2540 3003//2501 3065//2552
f 3067//2553 3009//2508 3068//2554
f 3057//2545 2999//2498 3050//2537
f 3062//2549 3050//2537 3051//2539
f 3061//2550 3064//2551 3054//2544
f 3060//2548 3068//2554 2998//2497
f 3053//2542 3064//2551 3259//2555
f 3065//2552 3067//2553 3060//2548
f 3065//2552 3066//2509 3067//2553
f 3057//2545 3055//2543 3059//2547
f 3060//2548 3067//2553 3068//2554
f 3011//2510 3014//2515 3013//2514
f 3055//2543 3052//2540 3059//2547
f 3078//2556 3080//2557 3079//2558
f 3086//2559 3077//2560 3082//2561
f 3070//2562 3014//2515 3069//2563
f 3069//2563 2852//2359 2949//778
f 2968//2516 3071//2564 2955//2458
f 2955//2458 3073//2565 2954//2459
f 3015//2513 2704//1912 2954//2459
f 3073//2565 3075//2566 3015//2513
f 3071//2564 3073//2565 2955//2458
f 2968//2516 3072//2567 3071//2564
f 3059//2547 3052//2540 3065//2552
f 3068//2554 3009//2508 2998//2497
f 2956//2462 2909//2412 3076//2568
f 2909//2412 2972//2475 3076//2568
f 3017//2504 3013//2514 3080//2557
f 3081//2569 3082//2561 3077//2560
f 2852//2359 3069//2563 3014//2515
f 3070//2562 3013//2514 3014//2515
f 3059//2547 3065//2552 3060//2548
f 3077//2560 3086//2559 3078//2556
f 3086//2559 3082//2561 3083//2570
f 3084//2571 2966//2471 3018//2517
f 3080//2557 3078//2556 3017//2504
f 3111//2572 3085//2573 3086//2559
f 3086//2559 3087//2574 3111//2572
f 3111//2572 3088//2575 3085//2573
f 3089//2576 3020//2518 3078//2556
f 3086//2559 3089//2576 3078//2556
f 2992//2494 2941//2370 3000//2391
f 2966//2471 3084//2571 3019//2519
f 3086//2559 3085//2573 3096//2577
f 3086//2559 3090//2578 3089//2576
f 3086//2559 3096//2577 3090//2578
f 3023//2520 3018//2517 2965//2472
f 3092//2579 2970//2512 3074//2580
f 3083//2570 3091//2581 3086//2559
f 3084//2571 3018//2517 3023//2520
f 3095//2582 3093//2583 3099//2584
f 3026//2454 3093//2583 3095//2582
f 3094//2585 3025//2507 3095//2582
f 3099//2584 3093//2583 3090//2578
f 3094//2585 3101//2586 3025//2507
f 3026//2454 3095//2582 3025//2507
f 3094//2585 3095//2582 3098//2587
f 3097//2588 3099//2584 3090//2578
f 3100//2589 3101//2586 3094//2585
f 3104//2590 3099//2584 3097//2588
f 3098//2587 3095//2582 3099//2584
f 3094//2585 3098//2587 3104//2590
f 3174//2591 3172//2592 3154//2593
f 3173//2594 3172//2592 3174//2591
f 3017//2504 3078//2556 3020//2518
f 3000//2391 3001//2500 3004//2392
f 3096//2577 3097//2588 3090//2578
f 3102//2595 3104//2590 3103//2596
f 3098//2587 3099//2584 3104//2590
f 3085//2573 3097//2588 3096//2577
f 3085//2573 3103//2596 3097//2588
f 3094//2585 3104//2590 3102//2595
f 3109//2597 3102//2595 3103//2596
f 3097//2588 3103//2596 3104//2590
f 3106//2598 3109//2597 3088//2575
f 3088//2575 3103//2596 3085//2573
f 3105//2599 3100//2589 3108//2600
f 3088//2575 3109//2597 3103//2596
f 3115//2601 3107//2602 3113//2603
f 3113//2603 3107//2602 3106//2598
f 3089//2576 3090//2578 3020//2518
f 3100//2589 3094//2585 3102//2595
f 3102//2595 3109//2597 3108//2600
f 3107//2602 3109//2597 3106//2598
f 3107//2602 3115//2601 3109//2597
f 3108//2600 3110//2604 3105//2599
f 3276//2605 3106//2598 3111//2572
f 3111//2572 3106//2598 3088//2575
f 3249//2606 3246//2607 3240//2608
f 3112//2609 3114//2610 3113//2603
f 3105//2599 3312//2611 3125//2612
f 3126//2613 3127//2526 3123//2528
f 3115//2601 3114//2610 3110//2604
f 3115//2601 3108//2600 3109//2597
f 3110//2604 3108//2600 3115//2601
f 3126//2613 3123//2528 3125//2612
f 3226//755 3379//2614 3220//2615
f 3220//2615 3379//2614 3225//2616
f 3093//2583 3021//2453 3020//2518
f 3090//2578 3093//2583 3020//2518
f 3093//2583 3026//2454 3021//2453
f 3380//2617 3227//2618 3225//2616
f 3312//2611 3105//2599 3110//2604
f 3105//2599 3124//2619 3100//2589
f 3130//2620 3128//2621 3312//2611
f 3110//2604 3116//2622 3312//2611
f 3120//2623 3025//2507 3101//2586
f 3119//2624 3122//751 3121//2625
f 3243//2626 3244//2627 3245//2628
f 3119//2624 3123//2528 3122//751
f 3119//2624 3121//2625 3120//2623
f 3028//2522 3027//2455 3120//2623
f 3028//2522 3120//2623 3121//2625
f 3120//2623 3027//2455 3025//2507
f 3117//2629 3023//2520 3118//2630
f 3249//2606 3240//2608 3239//2631
f 3105//2599 3123//2528 3119//2624
f 3119//2624 3120//2623 3101//2586
f 3114//2610 3115//2601 3113//2603
f 3125//2612 3312//2611 3128//2621
f 3125//2612 3128//2621 3129//2632
f 3135//753 3136//1701 3134//2521
f 3129//2632 3131//2633 3132//2634
f 3125//2612 3129//2632 3126//2613
f 3134//2521 3136//1701 3029//1700
f 3121//2625 3135//753 3028//2522
f 3133//2635 3030//1702 3136//1701
f 3129//2632 3128//2621 3131//2633
f 3121//2625 3122//751 3135//753
f 3138//752 3133//2635 3137//2636
f 3135//753 3138//752 3137//2636
f 3028//2522 3135//753 3134//2521
f 3128//2621 3130//2620 3131//2633
f 3127//2526 3138//752 3123//2528
f 3135//753 3137//2636 3136//1701
f 3101//2586 3124//2619 3119//2624
f 3138//752 3139//2527 3133//2635
f 3137//2636 3133//2635 3136//1701
f 3092//2579 2799//1910 2970//2512
f 3105//2599 3125//2612 3123//2528
f 3139//2527 3127//2526 3149//2637
f 3129//2632 3132//2634 3126//2613
f 3036//876 3035//2523 3037//2524
f 3043//2477 2921//2420 2984//2491
f 3132//2634 3141//2638 3126//2613
f 2982//2483 2920//2424 2986//2488
f 3030//1702 3142//2639 3031//2452
f 3148//881 3143//2640 3147//2641
f 3126//2613 3141//2638 3140//2642
f 3030//1702 3133//2635 3142//2639
f 3142//2639 3147//2641 3143//2640
f 3118//2630 3023//2520 2915//2416
f 3147//2641 3142//2639 3133//2635
f 3052//2540 3053//2542 2889//2395
f 3031//2452 3142//2639 3143//2640
f 3061//2550 3054//2544 3062//2549
f 3143//2640 3148//881 3031//2452
f 3057//2545 3054//2544 3055//2543
f 3145//2643 3147//2641 3146//2644
f 3146//2644 3144//2645 3145//2643
f 3048//2536 3049//2538 2881//2383
f 2965//2472 2966//2471 2912//2414
f 3031//2452 3148//881 3032//1698
f 3063//2646 3061//2550 3051//2539
f 3150//2647 3144//2645 3133//2635
f 3133//2635 3144//2645 3146//2644
f 3144//2645 3152//2648 3145//2643
f 3150//2647 3151//2649 3144//2645
f 3151//2649 3153//2650 3152//2648
f 3021//2453 3031//2452 3032//1698
f 3127//2526 3140//2642 3151//2649
f 3127//2526 3151//2649 3149//2637
f 3151//2649 3140//2642 3153//2650
f 3144//2645 3151//2649 3152//2648
f 3013//2514 3265//2651 3080//2557
f 3140//2642 3154//2593 3153//2650
f 3265//2651 3070//2562 3069//2563
f 3074//2580 3015//2513 3075//2566
f 3145//2643 3148//881 3147//2641
f 3139//2527 3149//2637 3150//2647
f 273//176 271//173 257//159
f 3156//2652 2916//2419 2918//2422
f 3149//2637 3151//2649 3150//2647
f 3166//773 3148//881 3169//2653
f 3158//2654 3159//2655 3160//1836
f 3164//2656 3160//1836 3163//1835
f 3158//2654 3160//1836 3164//2656
f 3161//2657 3162//772 3159//2655
f 3158//2654 3161//2657 3159//2655
f 3162//772 3157//774 3159//2655
f 3163//1835 3165//2658 3164//2656
f 3273//2659 3075//2566 3271//2660
f 3271//2660 3075//2566 3073//2565
f 3154//2593 3140//2642 3155//2661
f 3141//2638 3155//2661 3140//2642
f 3157//774 3160//1836 3159//2655
f 3075//2566 3273//2659 3074//2580
f 3032//1698 3148//881 3167//880
f 2954//2459 3073//2565 3015//2513
f 2970//2512 3015//2513 3074//2580
f 3168//2662 3032//1698 3167//880
f 3148//881 3145//2643 3169//2653
f 3169//2653 3145//2643 3152//2648
f 3167//880 3166//773 3182//2663
f 3165//2658 3163//1835 3152//2648
f 3169//2653 3157//774 3166//773
f 3186//2664 3187//1690 3177//2665
f 3152//2648 3170//2666 3165//2658
f 3170//2666 3173//2594 3171//2667
f 3174//2591 3154//2593 3175//2668
f 3153//2650 3170//2666 3152//2648
f 3171//2667 3165//2658 3170//2666
f 3032//1698 3034//1697 3022//2505
f 3169//2653 3163//1835 3157//774
f 3170//2666 3153//2650 3172//2592
f 3173//2594 3170//2666 3172//2592
f 2978//875 3118//2630 2915//2416
f 3180//2669 3161//2657 3158//2654
f 3182//2663 3162//772 3179//2670
f 3180//2669 3158//2654 3350//2671
f 3177//2665 3179//2670 3178//2672
f 3182//2663 3168//2662 3167//880
f 3168//2662 3181//1699 3032//1698
f 3182//2663 3179//2670 3168//2662
f 2980//2495 2863//2375 3033//2506
f 3118//2630 2978//875 3176//2673
f 3154//2593 3172//2592 3153//2650
f 3183//2674 3168//2662 3177//2665
f 3161//2657 3184//2675 3179//2670
f 3168//2662 3183//2674 3181//1699
f 3186//2664 3188//1691 3187//1690
f 3177//2665 3187//1690 3183//2674
f 3183//2674 3187//1690 3181//1699
f 3188//1691 3190//1694 3189//1692
f 3178//2672 3186//2664 3177//2665
f 3038//2525 3156//2652 2918//2422
f 3161//2657 3179//2670 3162//772
f 3179//2670 3177//2665 3168//2662
f 3192//2676 3187//1690 3189//1692
f 3193//2677 3192//2676 3189//1692
f 3189//1692 3190//1694 3194//2678
f 3190//1694 3195//2679 3194//2678
f 3189//1692 3194//2678 3193//2677
f 3205//2680 3203//2681 3193//2677
f 3194//2678 3195//2679 3193//2677
f 3187//1690 3192//2676 3196//2682
f 2986//2488 3038//2525 2982//2483
f 3209//2683 3192//2676 3198//1705
f 3197//2684 2881//2383 2730//2236
f 3187//1690 3196//2682 3181//1699
f 3192//2676 3209//2683 3206//1684
f 3192//2676 3193//2677 3207//1706
f 3199//2685 3211//2686 3200//2687
f 3198//1705 3201//1704 3200//2687
f 3204//2688 3201//1704 3203//2681
f 3204//2688 3202//2689 3201//1704
f 2730//2236 2980//2495 3197//2684
f 3202//2689 3199//2685 3200//2687
f 3205//2680 3204//2688 3203//2681
f 3192//2676 3206//1684 3196//2682
f 3198//1705 3200//2687 3209//2683
f 3181//1699 3039//1683 3034//1697
f 3201//1704 3193//2677 3203//2681
f 2570//2105 2572//2111 2576//1991
f 3199//2685 3202//2689 3204//2688
f 3192//2676 3207//1706 3198//1705
f 3181//1699 3196//2682 3039//1683
f 3196//2682 3206//1684 3039//1683
f 3193//2677 3201//1704 3207//1706
f 3210//2690 3209//2683 3211//2686
f 3214//2691 3213//2692 3215//2693
f 3209//2683 3210//2690 3206//1684
f 3209//2683 3200//2687 3211//2686
f 3212//2694 3210//2690 3211//2686
f 3211//2686 3214//2691 3212//2694
f 3213//2692 3214//2691 3211//2686
f 3215//2693 3216//2695 3214//2691
f 3214//2691 3216//2695 3222//2696
f 3240//2608 3246//2607 3242//2697
f 3311//2698 3313//2699 3306//2700
f 3313//2699 3307//2701 3306//2700
f 3106//2598 3276//2605 3113//2603
f 3217//2702 3210//2690 3212//2694
f 3185//877 3334//2703 3176//2673
f 3318//2704 3320//2705 3305//2706
f 3320//2705 3303//2707 3305//2706
f 3318//2704 3305//2706 3321//2708
f 3225//2616 3227//2618 3223//2709
f 3210//2690 3217//2702 3206//1684
f 3223//2709 3220//2615 3225//2616
f 3217//2702 3229//2710 3206//1684
f 3214//2691 3218//2711 3212//2694
f 3212//2694 3229//2710 3217//2702
f 3219//2712 3223//2709 3224//2713
f 3212//2694 3218//2711 3219//2712
f 3234//2531 3235//2714 3045//2533
f 3233//2715 3235//2714 3234//2531
f 3220//2615 3222//2696 3221//756
f 3220//2615 3218//2711 3222//2696
f 3212//2694 3219//2712 3229//2710
f 3218//2711 3214//2691 3222//2696
f 3218//2711 3220//2615 3219//2712
f 3216//2695 3221//756 3222//2696
f 3220//2615 3221//756 3226//755
f 3229//2710 3042//2529 3040//1685
f 3379//2614 3380//2617 3225//2616
f 3221//756 3216//2695 3228//754
f 3041//2530 3042//2529 3224//2713
f 3224//2713 3227//2618 3041//2530
f 3223//2709 3227//2618 3224//2713
f 3241//2716 3063//2646 3240//2608
f 3042//2529 3229//2710 3224//2713
f 3232//2717 2983//2485 3227//2618
f 2983//2485 3232//2717 3233//2715
f 2919//2423 3047//2535 3045//2533
f 3230//2718 3231//2719 3227//2618
f 2983//2485 3041//2530 3227//2618
f 3240//2608 3063//2646 3239//2631
f 2983//2485 3233//2715 3234//2531
f 3037//2524 3045//2533 3235//2714
f 2986//2488 2985//2487 3236//2720
f 3239//2631 3063//2646 3048//2536
f 3240//2608 3242//2697 3241//2716
f 3185//877 3337//2721 3334//2703
f 3063//2646 3051//2539 3048//2536
f 3237//2722 2881//2383 3208//2723
f 3048//2536 2881//2383 3239//2631
f 3242//2697 3244//2627 3243//2626
f 3124//2619 3101//2586 3100//2589
f 3206//1684 3229//2710 3040//1685
f 3246//2607 3244//2627 3242//2697
f 3334//2703 3118//2630 3176//2673
f 3241//2716 3242//2697 3243//2626
f 3239//2631 2881//2383 3247//2724
f 3248//2725 3249//2606 3239//2631
f 3248//2725 3250//2726 3249//2606
f 3249//2606 3250//2726 3246//2607
f 3253//2727 3245//2628 3252//2728
f 3336//2729 3345//2730 3175//2668
f 3126//2613 3140//2642 3127//2526
f 3252//2728 3238//2731 3056//2541
f 3171//2667 3173//2594 3343//2732
f 3251//2733 3056//2541 3053//2542
f 3250//2726 3244//2627 3246//2607
f 3259//2555 3056//2541 3251//2733
f 3255//2734 3238//2731 3252//2728
f 3255//2734 3252//2728 3254//2735
f 3252//2728 3245//2628 3254//2735
f 3254//2735 3245//2628 3244//2627
f 3343//2732 3173//2594 3345//2730
f 3258//2736 3259//2555 3064//2551
f 3258//2736 3061//2550 3063//2646
f 3257//2737 3258//2736 3063//2646
f 3174//2591 3345//2730 3173//2594
f 3257//2737 3243//2626 3258//2736
f 3147//2641 3133//2635 3146//2644
f 3056//2541 3238//2731 2985//2487
f 3252//2728 3056//2541 3253//2727
f 3253//2727 3056//2541 3259//2555
f 3257//2737 3241//2716 3243//2626
f 3061//2550 3258//2736 3064//2551
f 3261//2738 3260//2739 3244//2627
f 3268//2740 3079//2558 3263//2741
f 3259//2555 3251//2733 3053//2542
f 3259//2555 3258//2736 3245//2628
f 3245//2628 3258//2736 3243//2626
f 3260//2739 3255//2734 3254//2735
f 3412//2742 3238//2731 3255//2734
f 3254//2735 3244//2627 3260//2739
f 3257//2737 3063//2646 3241//2716
f 3260//2739 3261//2738 3412//2742
f 3255//2734 3260//2739 3412//2742
f 2951//777 3262//2743 2949//778
f 3080//2557 3263//2741 3079//2558
f 3264//2744 3081//2569 3079//2558
f 3069//2563 2949//778 3262//2743
f 3080//2557 3265//2651 3263//2741
f 3266//2745 3263//2741 3265//2651
f 3265//2651 3267//2746 3266//2745
f 3265//2651 3013//2514 3070//2562
f 2968//2516 2967//2480 3072//2567
f 3269//2747 3071//2564 3072//2567
f 3072//2567 3270//1541 3269//2747
f 3071//2564 3271//2660 3073//2565
f 3269//2747 3589//2748 3271//2660
f 3272//2749 3273//2659 3271//2660
f 3069//2563 3267//2746 3265//2651
f 3071//2564 3269//2747 3271//2660
f 3019//2519 3072//2567 2967//2480
f 3427//2750 3429//2751 3426//2752
f 3275//2753 3276//2605 3111//2572
f 3276//2605 3278//2754 3277//2755
f 3111//2572 3087//2574 3275//2753
f 3263//2741 3266//2745 3268//2740
f 3139//2527 3150//2647 3133//2635
f 3276//2605 3275//2753 3278//2754
f 3279//2756 3281//2757 3278//2754
f 3278//2754 3280//2758 3277//2755
f 3272//2749 3271//2660 3589//2748
f 3019//2519 3084//2571 3274//2759
f 3282//2760 3279//2756 3275//2753
f 3282//2760 3275//2753 3283//2761
f 3441//2762 3279//2756 3282//2760
f 3441//2762 3281//2757 3279//2756
f 3441//2762 3442//2763 3281//2757
f 3281//2757 3442//2763 3280//2758
f 3083//2570 3284//2764 3091//2581
f 3202//2689 3200//2687 3201//1704
f 3278//2754 3275//2753 3279//2756
f 3208//2723 2881//2383 3197//2684
f 3087//2574 3091//2581 3285//2765
f 3285//2765 3091//2581 3284//2764
f 3285//2765 3286//2766 3287//2767
f 3074//2580 3273//2659 3092//2579
f 3285//2765 3287//2767 3288//2768
f 3290//2769 3285//2765 3288//2768
f 3087//2574 3289//2770 3283//2761
f 3087//2574 3283//2761 3275//2753
f 3289//2770 3290//2769 3291//2771
f 3291//2771 3290//2769 3288//2768
f 3023//2520 3117//2629 3292//2772
f 3023//2520 3292//2772 3293//2773
f 3114//2610 3112//2609 3294//2774
f 3453//2775 3295//2776 3294//2774
f 3113//2603 3277//2755 3112//2609
f 3084//2571 3293//2773 3274//2759
f 3114//2610 3294//2774 3110//2604
f 3294//2774 3112//2609 3277//2755
f 3295//2776 3116//2622 3294//2774
f 3294//2774 3277//2755 3453//2775
f 3295//2776 3453//2775 3296//2777
f 3158//2654 3164//2656 3350//2671
f 3116//2622 3295//2776 3297//1647
f 3298//2778 3116//2622 3297//1647
f 3296//2777 3299//2779 3295//2776
f 3398//2780 3401//2781 3397//2782
f 3403//2783 3397//2782 3401//2781
f 3453//2775 3302//2784 3296//2777
f 3296//2777 3302//2784 3299//2779
f 3453//2775 3277//2755 3280//2758
f 3300//1648 3295//2776 3299//2779
f 2569//2103 2503//2042 2570//2105
f 3299//2779 3301//1649 3300//1648
f 3442//2763 3453//2775 3280//2758
f 3303//2707 3298//2778 3297//1647
f 3297//1647 3295//2776 3300//1648
f 3294//2774 3116//2622 3110//2604
f 3292//2772 3117//2629 3118//2630
f 3536//2785 3404//2786 3387//2787
f 3092//2579 3033//2506 2799//1910
f 3304//2788 3303//2707 3301//1649
f 3303//2707 3297//1647 3301//1649
f 3302//2784 3304//2788 3299//2779
f 3328//748 3319//745 3329//747
f 3298//2778 3320//2705 3317//2789
f 3338//2790 2916//2419 3156//2652
f 3330//2791 3336//2729 3175//2668
f 3304//2788 3301//1649 3299//2779
f 3303//2707 3304//2788 3305//2706
f 3306//2700 3130//2620 3312//2611
f 3306//2700 3312//2611 3311//2698
f 3315//2792 3316//2793 3313//2699
f 3310//2794 3315//2792 3311//2698
f 3308//2795 3131//2633 3130//2620
f 3306//2700 3307//2701 3130//2620
f 3307//2701 3308//2795 3130//2620
f 3310//2794 3298//2778 3315//2792
f 3310//2794 3312//2611 3116//2622
f 3316//2793 3317//2789 3318//2704
f 3310//2794 3116//2622 3298//2778
f 3312//2611 3310//2794 3311//2698
f 3314//771 3308//2795 3307//2701
f 3309//770 3308//2795 3314//771
f 3316//2793 3314//771 3313//2699
f 3315//2792 3313//2699 3311//2698
f 3313//2699 3314//771 3307//2701
f 3315//2792 3298//2778 3317//2789
f 3316//2793 3315//2792 3317//2789
f 3470//2796 3292//2772 3471//2797
f 3470//2796 3472//2798 3449//2799
f 3292//2772 3470//2796 3448//2800
f 3319//745 3316//2793 3318//2704
f 3448//2800 3470//2796 3449//2799
f 3316//2793 3327//749 3314//771
f 3317//2789 3320//2705 3318//2704
f 3319//745 3327//749 3316//2793
f 3223//2709 3219//2712 3220//2615
f 3322//2801 3318//2704 3321//2708
f 3318//2704 3322//2801 3319//745
f 3324//2802 3292//2772 3323//2803
f 3292//2772 3118//2630 3323//2803
f 2971//2474 2916//2419 3325//2804
f 873//633 869//628 872//632
f 3309//770 3326//1643 3132//2634
f 3326//1643 3155//2661 3141//2638
f 3326//1643 3141//2638 3132//2634
f 3131//2633 3309//770 3132//2634
f 3155//2661 3329//747 3330//2791
f 3327//749 3328//748 3309//770
f 3329//747 3331//746 3332//2805
f 3329//747 3155//2661 3326//1643
f 3328//748 3326//1643 3309//770
f 3329//747 3332//2805 3330//2791
f 3319//745 3322//2801 3331//746
f 3332//2805 3333//2806 3330//2791
f 3333//2806 3336//2729 3330//2791
f 3118//2630 3334//2703 3323//2803
f 3334//2703 3324//2802 3323//2803
f 3175//2668 3155//2661 3330//2791
f 3339//2807 3165//2658 3171//2667
f 3171//2667 3343//2732 3339//2807
f 3234//2531 3045//2533 3047//2535
f 3350//2671 3341//2808 3342//2809
f 3350//2671 3339//2807 3341//2808
f 3164//2656 3339//2807 3350//2671
f 3154//2593 3155//2661 3175//2668
f 3165//2658 3339//2807 3164//2656
f 3340//2810 3341//2808 3344//2811
f 3345//2730 3174//2591 3175//2668
f 3340//2810 3515//2812 3341//2808
f 3515//2812 3516//2813 3341//2808
f 3092//2579 3335//2814 3033//2506
f 3341//2808 3516//2813 3342//2809
f 3336//2729 3343//2732 3345//2730
f 3346//2815 3343//2732 3336//2729
f 3333//2806 3346//2815 3336//2729
f 3185//877 3176//2673 2978//875
f 3339//2807 3343//2732 3341//2808
f 3197//2684 2980//2495 3033//2506
f 3344//2811 3346//2815 3333//2806
f 3343//2732 3344//2811 3341//2808
f 3347//2816 3197//2684 3033//2506
f 3346//2815 3344//2811 3343//2732
f 3178//2672 3179//2670 3184//2675
f 3161//2657 3180//2669 3184//2675
f 3349//2817 3350//2671 3351//2818
f 3180//2669 3350//2671 3349//2817
f 3348//2819 3184//2675 3349//2817
f 3351//2818 3348//2819 3349//2817
f 3353//2820 3191//1693 3188//1691
f 3342//2809 3351//2818 3350//2671
f 3349//2817 3184//2675 3180//2669
f 3353//2820 3354//2821 3191//1693
f 3186//2664 3178//2672 3353//2820
f 3351//2818 3342//2809 3348//2819
f 3348//2819 3352//2822 3184//2675
f 3184//2675 3355//2823 3178//2672
f 3355//2823 3356//2824 3178//2672
f 3356//2824 3353//2820 3178//2672
f 3358//2825 3359//2826 3353//2820
f 3357//2827 3354//2821 3360//2828
f 3184//2675 3352//2822 3355//2823
f 3081//2569 3264//2744 3082//2561
f 3359//2826 3354//2821 3353//2820
f 3362//2829 3357//2827 3360//2828
f 3205//2680 3357//2827 3362//2829
f 3360//2828 3359//2826 3361//2830
f 3352//2822 3362//2829 3361//2830
f 3360//2828 3354//2821 3359//2826
f 3352//2822 3361//2830 3358//2825
f 3355//2823 3358//2825 3356//2824
f 3361//2830 3359//2826 3358//2825
f 3361//2830 3362//2829 3360//2828
f 3356//2824 3358//2825 3353//2820
f 3352//2822 3358//2825 3355//2823
f 3365//2831 3190//1694 3191//1693
f 3365//2831 3195//2679 3190//1694
f 3364//2832 3156//2652 3038//2525
f 3523//2833 3362//2829 3363//2834
f 3362//2829 3352//2822 3363//2834
f 3348//2819 3363//2834 3352//2822
f 3353//2820 3188//1691 3186//2664
f 3195//2679 3365//2831 3205//2680
f 3365//2831 3191//1693 3357//2827
f 3195//2679 3205//2680 3193//2677
f 3205//2680 3365//2831 3357//2827
f 3366//2835 3204//2688 3205//2680
f 3362//2829 3367//2836 3205//2680
f 3368//2837 3366//2835 3205//2680
f 3367//2836 3368//2837 3205//2680
f 3523//2833 3373//2838 3367//2836
f 3091//2581 3087//2574 3086//2559
f 3373//2838 3369//2839 3367//2836
f 3523//2833 3367//2836 3362//2829
f 3367//2836 3369//2839 3368//2837
f 3204//2688 3366//2835 3371//2840
f 3199//2685 3371//2840 3211//2686
f 3372//2841 3371//2840 3369//2839
f 3372//2841 3211//2686 3371//2840
f 3369//2839 3371//2840 3366//2835
f 3213//2692 3372//2841 3374//2842
f 3369//2839 3373//2838 3372//2841
f 3372//2841 3373//2838 3375//2843
f 3204//2688 3371//2840 3199//2685
f 3370//2844 3364//2832 3038//2525
f 3376//2845 3378//2846 3037//2524
f 3037//2524 3377//2847 3376//2845
f 3036//876 3037//2524 3378//2846
f 3087//2574 3290//2769 3289//2770
f 2986//2488 3236//2720 3370//2844
f 3038//2525 2986//2488 3370//2844
f 3372//2841 3213//2692 3211//2686
f 3226//755 3228//754 3381//2848
f 3226//755 3382//2849 3380//2617
f 3383//2850 3381//2848 3228//754
f 3228//754 3215//2693 3383//2850
f 3285//2765 3284//2764 3286//2766
f 3608//1160 3370//2844 3236//2720
f 3382//2849 3384//2851 3380//2617
f 3226//755 3381//2848 3382//2849
f 3385//2852 3381//2848 3383//2850
f 3383//2850 3387//2787 3385//2852
f 3213//2692 3388//2853 3383//2850
f 3285//2765 3290//2769 3087//2574
f 3385//2852 3387//2787 3386//2854
f 3388//2853 3387//2787 3383//2850
f 3387//2787 3388//2853 3389//2855
f 3389//2855 3388//2853 3213//2692
f 3227//2618 3384//2851 3230//2718
f 3023//2520 3293//2773 3084//2571
f 3389//2855 3536//2785 3387//2787
f 3231//2719 3390//2856 3232//2717
f 3231//2719 3232//2717 3227//2618
f 3393//2857 3394//2858 3384//2851
f 3384//2851 3382//2849 3392//2859
f 3230//2718 3391//2860 3231//2719
f 3384//2851 3394//2858 3230//2718
f 3392//2859 3393//2857 3384//2851
f 3395//2861 3386//2854 3404//2786
f 3382//2849 3395//2861 3392//2859
f 3391//2860 3390//2856 3231//2719
f 3396//2862 3394//2858 3397//2782
f 3394//2858 3393//2857 3397//2782
f 3399//2863 3393//2857 3392//2859
f 3227//2618 3380//2617 3384//2851
f 3400//2864 3399//2863 3404//2786
f 3399//2863 3395//2861 3404//2786
f 3399//2863 3392//2859 3395//2861
f 3385//2852 3386//2854 3381//2848
f 3387//2787 3404//2786 3386//2854
f 3382//2849 3386//2854 3395//2861
f 3394//2858 3396//2862 3230//2718
f 3393//2857 3398//2780 3397//2782
f 3391//2860 3403//2783 3402//2865
f 3400//2864 3404//2786 3536//2785
f 3403//2783 3396//2862 3397//2782
f 3391//2860 3396//2862 3403//2783
f 3400//2864 3398//2780 3399//2863
f 3405//2866 3235//2714 3233//2715
f 3390//2856 3233//2715 3232//2717
f 3401//2781 3398//2780 3400//2864
f 3377//2847 3037//2524 3235//2714
f 3390//2856 3391//2860 3402//2865
f 3405//2866 3233//2715 3390//2856
f 3390//2856 3402//2865 3405//2866
f 3377//2847 3235//2714 3405//2866
f 3406//2867 3405//2866 3402//2865
f 3247//2724 2881//2383 3237//2722
f 3256//2868 3413//2869 3414//2870
f 3248//2725 3261//2738 3250//2726
f 3261//2738 3244//2627 3250//2726
f 3417//2871 3408//2872 3407//2873
f 3408//2872 3409//2874 3423//2875
f 3414//2870 3423//2875 3256//2868
f 3408//2872 3423//2875 3414//2870
f 3247//2724 3261//2738 3239//2631
f 3248//2725 3239//2631 3261//2738
f 3416//2876 3261//2738 3419//2877
f 3413//2869 3238//2731 3412//2742
f 3410//2878 3261//2738 3247//2724
f 3410//2878 3421//2879 3419//2877
f 3419//2877 3261//2738 3410//2878
f 3411//2880 3412//2742 3261//2738
f 3382//2849 3381//2848 3386//2854
f 3411//2880 3413//2869 3412//2742
f 3414//2870 3413//2869 3415//2881
f 3417//2871 3407//2873 3416//2876
f 3411//2880 3416//2876 3415//2881
f 3416//2876 3407//2873 3415//2881
f 3415//2881 3413//2869 3411//2880
f 3414//2870 3415//2881 3408//2872
f 3415//2881 3407//2873 3408//2872
f 3417//2871 3419//2877 3418//2882
f 3417//2871 3420//2883 3408//2872
f 3419//2877 3417//2871 3416//2876
f 3420//2883 3409//2874 3408//2872
f 3417//2871 3418//2882 3420//2883
f 3421//2879 3420//2883 3418//2882
f 3409//2874 3422//2884 3423//2875
f 3419//2877 3421//2879 3418//2882
f 3420//2883 3422//2884 3409//2874
f 3456//2885 3458//2886 3452//2887
f 3611//1176 3069//2563 3262//2743
f 3268//2740 3426//2752 3079//2558
f 3455//2888 3452//2887 3458//2886
f 3100//2589 3102//2595 3108//2600
f 3426//2752 3428//2889 3079//2558
f 3425//2890 3427//2750 3426//2752
f 3267//2746 3069//2563 3424//2891
f 3008//2496 3006//2502 2992//2494
f 3426//2752 3429//2751 3428//2889
f 3274//2759 3433//2892 3432//2893
f 3072//2567 3274//2759 3432//2893
f 3437//2894 3269//2747 3270//1541
f 3438//2895 3269//2747 3437//2894
f 3270//1541 3434//2896 3436//1467
f 3072//2567 3432//2893 3434//2896
f 3434//2896 3433//2892 3435//2897
f 3432//2893 3433//2892 3434//2896
f 3072//2567 3434//2896 3270//1541
f 3589//2748 3269//2747 3438//2895
f 3019//2519 3274//2759 3072//2567
f 3434//2896 3435//2897 3436//1467
f 3593//2898 3273//2659 3272//2749
f 3282//2760 3440//2899 3441//2762
f 3440//2899 3445//2900 3441//2762
f 3282//2760 3283//2761 3440//2899
f 3460//2901 3442//2763 3441//2762
f 3440//2899 3444//2902 3445//2900
f 3463//2903 3462//2904 3461//2905
f 3465//2906 3468//2907 3467//2908
f 3466//2909 3465//2906 3467//2908
f 3443//2910 3447//2911 3446//2912
f 3293//2773 3448//2800 3449//2799
f 3443//2910 3445//2900 3444//2902
f 3293//2773 3449//2799 3435//2897
f 3459//2913 3441//2762 3445//2900
f 3443//2910 3459//2913 3445//2900
f 3567//2914 3443//2910 3444//2902
f 3593//2898 3450//2915 3273//2659
f 3443//2910 3567//2914 3447//2911
f 3293//2773 3292//2772 3448//2800
f 3293//2773 3433//2892 3274//2759
f 3459//2913 3443//2910 3446//2912
f 3302//2784 3452//2887 3454//2916
f 3452//2887 3455//2888 3454//2916
f 3452//2887 3302//2784 3453//2775
f 3293//2773 3435//2897 3433//2892
f 2971//2474 3451//2917 2972//2475
f 3131//2633 3308//2795 3309//770
f 3454//2916 3455//2888 3457//2918
f 3459//2913 3460//2901 3441//2762
f 3456//2885 3460//2901 3459//2913
f 3442//2763 3456//2885 3453//2775
f 3442//2763 3460//2901 3456//2885
f 3458//2886 3461//2905 3462//2904
f 3459//2913 3446//2912 3461//2905
f 3464//2919 3463//2903 3446//2912
f 3465//2906 3457//2918 3455//2888
f 3463//2903 3464//2919 3462//2904
f 3465//2906 3462//2904 3468//2907
f 3466//2909 3457//2918 3465//2906
f 3455//2888 3458//2886 3462//2904
f 3462//2904 3465//2906 3455//2888
f 3459//2913 3461//2905 3456//2885
f 3456//2885 3461//2905 3458//2886
f 3456//2885 3452//2887 3453//2775
f 3446//2912 3463//2903 3461//2905
f 3298//2778 3303//2707 3320//2705
f 3470//2796 3471//2797 3473//2920
f 3472//2798 3470//2796 3473//2920
f 3475//2921 3472//2798 3473//2920
f 3462//2904 3464//2919 3468//2907
f 3476//2922 3273//2659 3450//2915
f 3472//2798 3474//2923 3449//2799
f 3477//2924 3092//2579 3476//2922
f 3478//2925 3305//2706 3304//2788
f 3480//2926 3322//2801 3321//2708
f 3476//2922 3092//2579 3273//2659
f 3464//2919 3467//2908 3468//2907
f 3478//2925 3454//2916 3482//2927
f 3305//2706 3478//2925 3321//2708
f 3479//2928 3480//2926 3321//2708
f 3302//2784 3454//2916 3304//2788
f 3304//2788 3454//2916 3478//2925
f 3476//2922 3450//2915 3477//2924
f 3478//2925 3479//2928 3321//2708
f 3482//2927 3479//2928 3478//2925
f 3469//2929 3483//2930 3482//2927
f 3479//2928 3482//2927 3481//2931
f 3368//2837 3369//2839 3366//2835
f 3480//2926 3479//2928 3481//2931
f 3226//755 3380//2617 3379//2614
f 3481//2931 3482//2927 3484//2932
f 3482//2927 3466//2909 3469//2929
f 3469//2929 3466//2909 3467//2908
f 3482//2927 3483//2930 3484//2932
f 3469//2929 3485//2933 3483//2930
f 3383//2850 3215//2693 3213//2692
f 3215//2693 3228//754 3216//2695
f 3454//2916 3457//2918 3466//2909
f 3482//2927 3454//2916 3466//2909
f 3483//2930 3486//2934 3487//2935
f 3483//2930 3485//2933 3488//2936
f 3489//2937 3471//2797 3324//2802
f 3488//2936 3471//2797 3483//2930
f 3489//2937 3490//2938 3486//2934
f 3335//2814 3092//2579 3477//2924
f 3471//2797 3488//2936 3473//2920
f 3471//2797 3489//2937 3486//2934
f 3324//2802 3471//2797 3292//2772
f 3490//2938 3489//2937 3324//2802
f 3477//2924 3492//2939 3491//2940
f 3481//2931 3494//2941 3480//2926
f 3331//746 3493//2942 3332//2805
f 3494//2941 3322//2801 3480//2926
f 3450//2915 3492//2939 3477//2924
f 3493//2942 3322//2801 3495//2943
f 3493//2942 3495//2944 3332//2805
f 3496//2945 3495//2943 3497//2946
f 3495//2944 3496//2945 3332//2805
f 3494//2941 3481//2931 3484//2932
f 3494//2941 3498//2947 3495//2943
f 3499//2948 3497//2946 3495//2943
f 3498//2947 3494//2941 3484//2932
f 3495//2943 3498//2947 3499//2948
f 3500//2949 3486//2934 3490//2938
f 3398//2780 3393//2857 3399//2863
f 3483//2930 3487//2935 3501//2950
f 3484//2932 3483//2930 3501//2950
f 3391//2860 3230//2718 3396//2862
f 3486//2934 3500//2949 3487//2935
f 3334//2703 3490//2938 3324//2802
f 3487//2935 3500//2949 3337//2721
f 3490//2938 3337//2721 3500//2949
f 3503//2951 3505//2952 3504//2953
f 3344//2811 3503//2951 3511//2954
f 3337//2721 3490//2938 3334//2703
f 3491//2940 3347//2816 3335//2814
f 3503//2951 3344//2811 3505//2952
f 3502//2955 3347//2816 3491//2940
f 3510//2956 3511//2954 3506//2957
f 3344//2811 3511//2954 3340//2810
f 3504//2953 3506//2957 3503//2951
f 3503//2951 3506//2957 3511//2954
f 3507//2958 3506//2957 3508//2959
f 3506//2957 3504//2953 3508//2959
f 3506//2957 3509//2960 3510//2956
f 3507//2958 3509//2960 3506//2957
f 3332//2805 3496//2945 3333//2806
f 3344//2811 3512//2961 3505//2952
f 3504//2953 3505//2952 3513//2962
f 3513//2962 3512//2961 3496//2945
f 3513//2962 3496//2945 3497//2946
f 3513//2962 3505//2952 3512//2961
f 3499//2948 3513//2962 3497//2946
f 3498//2947 3501//2950 3499//2948
f 3499//2948 3508//2959 3513//2962
f 3508//2959 3504//2953 3513//2962
f 3033//2506 3335//2814 3347//2816
f 3499//2948 3501//2950 3507//2958
f 3498//2947 3484//2932 3501//2950
f 3333//2806 3512//2961 3344//2811
f 3347//2816 3502//2955 3514//2963
f 3515//2812 3517//2964 3516//2813
f 3491//2940 3335//2814 3477//2924
f 3416//2876 3411//2880 3261//2738
f 3376//2845 3377//2847 3405//2866
f 3509//2960 3501//2950 3510//2956
f 3512//2961 3333//2806 3496//2945
f 3499//2948 3507//2958 3508//2959
f 3517//2964 3363//2834 3516//2813
f 3256//2868 3238//2731 3413//2869
f 3516//2813 3363//2834 3342//2809
f 3515//2812 3340//2810 3511//2954
f 3515//2812 3518//2965 3517//2964
f 3515//2812 3511//2954 3518//2965
f 3493//2942 3331//746 3322//2801
f 3517//2964 3518//2965 3519//2966
f 3510//2956 3519//2966 3518//2965
f 3510//2956 3520//1568 3519//2966
f 3510//2956 3501//2950 3520//1568
f 3337//2721 3520//1568 3501//2950
f 3197//2684 3347//2816 3514//2963
f 3338//2790 3156//2652 3521//2967
f 3337//2721 3185//877 3522//2968
f 3522//2968 3520//1568 3337//2721
f 3036//876 3522//2968 3185//877
f 3363//2834 3517//2964 3523//2833
f 3519//2966 3520//1568 3524//2969
f 3523//2833 3517//2964 3519//2966
f 3156//2652 3364//2832 3521//2967
f 3363//2834 3348//2819 3342//2809
f 3523//2833 3519//2966 3524//2969
f 3520//1568 3525//1570 3524//2969
f 3527//2970 3520//1568 3522//2968
f 3528//2971 3523//2833 3524//2969
f 3528//2971 3373//2838 3523//2833
f 3375//2843 3373//2838 3528//2971
f 3528//2971 3529//2972 3375//2843
f 3529//2972 3526//1569 3530//2973
f 668//500 571//501 661//494
f 3374//2842 3375//2843 3529//2972
f 3529//2972 3530//2973 3374//2842
f 3524//2969 3525//1570 3526//1569
f 3526//1569 3529//2972 3524//2969
f 3036//876 3378//2846 3522//2968
f 3526//1569 3520//1568 3527//2970
f 3514//2963 3208//2723 3197//2684
f 3526//1569 3532//2974 3531//2975
f 3526//1569 3531//2975 3530//2973
f 3535//2976 3533//2977 3403//2783
f 3528//2971 3524//2969 3529//2972
f 3526//1569 3534//2978 3532//2974
f 3527//2970 3534//2978 3526//1569
f 3532//2974 3401//2781 3531//2975
f 3534//2978 3533//2977 3532//2974
f 3533//2977 3535//2976 3532//2974
f 3401//2781 3532//2974 3535//2976
f 3613//1242 3608//1160 3236//2720
f 3522//2968 3378//2846 3534//2978
f 3527//2970 3522//2968 3534//2978
f 637//393 525//392 520//387
f 3374//2842 3531//2975 3536//2785
f 3374//2842 3536//2785 3389//2855
f 633//383 635//482 517//382
f 3535//2976 3403//2783 3401//2781
f 3402//2865 3403//2783 3533//2977
f 3213//2692 3374//2842 3389//2855
f 3401//2781 3400//2864 3536//2785
f 3531//2975 3401//2781 3536//2785
f 3531//2975 3374//2842 3530//2973
f 3322//2801 3494//2941 3495//2943
f 3402//2865 3533//2977 3406//2867
f 3378//2846 3376//2845 3406//2867
f 3511//2954 3510//2956 3518//2965
f 3678//1478 2971//2474 3676//1479
f 3533//2977 3534//2978 3406//2867
f 3613//1242 2985//2487 3602//1248
f 3537//2979 3538//2980 3539//2981
f 3537//2979 3247//2724 3237//2722
f 3538//2980 3537//2979 3237//2722
f 3539//2981 3541//2982 3540//2983
f 3542//2984 3256//2868 3560//2985
f 3543//2986 3560//2985 3544//2987
f 3545//2988 3542//2984 3543//2986
f 3545//2988 3543//2986 3544//2987
f 3546//2989 3542//2984 3547//2990
f 3547//2990 3542//2984 3545//2988
f 3410//2878 3247//2724 3550//2991
f 3547//2990 3545//2988 3548//2992
f 3548//2992 3545//2988 3544//2987
f 3421//2879 3410//2878 3549//2993
f 3550//2991 3554//2994 3549//2993
f 3549//2993 3410//2878 3550//2991
f 3550//2991 3247//2724 3537//2979
f 3550//2991 3537//2979 3553//2995
f 3554//2994 3551//2996 3549//2993
f 3552//2997 3551//2996 3554//2994
f 3554//2994 3555//2998 3552//2997
f 3553//2995 3539//2981 3540//2983
f 3422//2884 3420//2883 3421//2879
f 3541//2982 3562//2999 3540//2983
f 3552//2997 3561//3000 3556//3001
f 3552//2997 3556//3001 3551//2996
f 3551//2996 3556//3001 3422//2884
f 3422//2884 3557//3002 3423//2875
f 3560//2985 3423//2875 3557//3002
f 3421//2879 3551//2996 3422//2884
f 3422//2884 3556//3001 3561//3000
f 3561//3000 3557//3002 3422//2884
f 3560//2985 3557//3002 3561//3000
f 3561//3000 3558//3003 3560//2985
f 3555//2998 3558//3003 3561//3000
f 3561//3000 3552//2997 3555//2998
f 3559//3004 3560//2985 3558//3003
f 3559//3004 3558//3003 3540//2983
f 3559//3004 3544//2987 3560//2985
f 3559//3004 3540//2983 3544//2987
f 3555//2998 3540//2983 3558//3003
f 3549//2993 3551//2996 3421//2879
f 3544//2987 3540//2983 3562//2999
f 3562//2999 3563//3005 3544//2987
f 3544//2987 3563//3005 3548//2992
f 3616//1262 3424//2891 3609//1263
f 3619//1266 2952//2456 3620//1267
f 2905//2406 2956//2462 2953//2457
f 3774//3006 3491//2940 3492//2939
f 3675//1476 3450//2915 3664//1428
f 344//219 320//208 236//218
f 3406//2867 3376//2845 3405//2866
f 3378//2846 3406//2867 3534//2978
f 3560//2985 3256//2868 3423//2875
f 3542//2984 3560//2985 3543//2986
f 503//276 508//373 509//375
f 2935//2445 2932//2438 2936//2436
f 3622//1285 3076//2568 3635//1286
f 3620//1267 2953//2457 3621//1268
f 3272//2749 3439//3007 3593//2898
f 3537//2979 3539//2981 3553//2995
f 3553//2995 3540//2983 3555//2998
f 3191//1693 3354//2821 3357//2827
f 3471//2797 3486//2934 3483//2930
f 3507//2958 3501//2950 3509//2960
f 3501//2950 3487//2935 3337//2721
f 2806//2321 2820//2334 2819//2332
f 3713//1303 3566//3008 3641//3009
f 3717//1305 3565//3010 3716//1302
f 3717//1305 3718//1306 3565//3010
f 2582//2074 2525//2067 2591//2076
f 3716//1302 3565//3010 3713//1303
f 3372//2841 3375//2843 3374//2842
f 3436//1467 3435//2897 3568//3011
f 486//351 487//352 364//242
f 3573//1561 3576//1560 3575//3012
f 273//176 389//265 272//175
f 3436//1467 3569//1469 3571//1542
f 3270//1541 3571//1542 3572//3013
f 3581//3014 3574//3015 3573//1561
f 3577//1562 3579//3016 3578//3017
f 3581//3014 3573//1561 3575//3012
f 3575//3012 3600//3018 3581//3014
f 399//274 396//267 503//276
f 3741//1393 3742//1395 3591//3019
f 3575//3012 3582//3020 3600//3018
f 3574//3015 3579//3016 3573//1561
f 3575//3012 3576//1560 3582//3020
f 3590//3021 3439//3007 3272//2749
f 3577//1562 3573//1561 3579//3016
f 3733//1354 3734//1355 3574//3015
f 3589//2748 3590//3021 3272//2749
f 3733//1354 3574//3015 3732//1356
f 3651//1363 3650//1365 3580//3022
f 3270//1541 3572//3013 3437//2894
f 2462//2011 2467//2013 2465//758
f 3583//1417 3585//3023 3584//3024
f 3583//1417 3584//3024 3578//3017
f 3583//1417 3586//3025 3585//3023
f 3585//3023 3572//3013 3584//3024
f 3736//1372 3737//1374 3586//3025
f 3736//1372 3583//1417 3735//1373
f 3585//3023 3588//3026 3572//3013
f 3572//3013 3588//3026 3437//2894
f 3570//1468 3596//3027 3601//3028
f 3578//3017 3579//3016 3583//1417
f 3437//2894 3588//3026 3587//3029
f 3586//3025 3588//3026 3585//3023
f 3601//3028 3598//3030 3597//3031
f 2433//940 2405//1957 2432//942
f 3570//1468 3582//3020 3569//1469
f 3688//1491 3237//2722 3689//1492
f 3590//3021 3591//3019 3439//3007
f 3738//1384 3739//1385 3588//3026
f 3740//1386 3588//3026 3739//1385
f 3738//1384 3586//3025 3737//1374
f 3740//1386 3652//1373 3587//3029
f 3652//1373 3653//1387 3587//3029
f 3438//2895 3590//3021 3589//2748
f 3587//3029 3438//2895 3437//2894
f 3655//1389 3590//3021 3438//2895
f 3591//3019 3592//3032 3439//3007
f 3593//2898 3592//3032 3450//2915
f 3439//3007 3592//3032 3593//2898
f 3451//2917 3076//2568 2972//2475
f 3447//2911 3594//3033 3446//2912
f 3657//1400 3658//1401 3592//3032
f 3435//2897 3595//3034 3568//3011
f 3568//3011 3596//3027 3570//1468
f 3598//3030 3601//3028 3596//3027
f 3660//1410 3661//1411 3598//3030
f 3664//1428 3450//2915 3659//1429
f 3568//3011 3570//1468 3436//1467
f 3600//3018 3582//3020 3570//1468
f 3571//1542 3569//1469 3599//3035
f 3582//3020 3599//3035 3569//1469
f 3571//1542 3599//3035 3572//3013
f 3570//1468 3601//3028 3600//3018
f 3600//3018 3580//3022 3581//3014
f 3601//3028 3580//3022 3600//3018
f 3599//3035 3577//1562 3578//3017
f 3582//3020 3576//1560 3599//3035
f 3747//1422 3601//3028 3746//1423
f 3651//1363 3580//3022 3748//1424
f 3747//1422 3748//1424 3580//3022
f 3576//1560 3577//1562 3599//3035
f 3745//1419 3663//1420 3597//3031
f 3473//2920 3485//2933 3765//3036
f 3473//2920 3488//2936 3485//2933
f 3599//3035 3584//3024 3572//3013
f 3584//3024 3599//3035 3578//3017
f 3469//2929 3763//3037 3485//2933
f 3485//2933 3763//3037 3764//3038
f 3667//1437 3668//1438 3763//3037
f 3485//2933 3766//3039 3765//3036
f 3765//3036 3767//3040 3473//2920
f 3766//3039 3767//3040 3765//3036
f 3768//3041 3766//3039 3485//2933
f 3485//2933 3764//3038 3768//3041
f 3751//1452 3754//1453 3766//3039
f 3669//1446 3670//1447 3764//3038
f 3472//2798 3475//2921 3474//2923
f 2368//1915 2374//1925 2273//1824
f 3541//2982 3539//2981 3775//3042
f 3475//2921 3769//3043 3474//2923
f 3474//2923 3769//3043 3770//3044
f 3671//1458 3767//3040 3749//1459
f 3767//3040 3769//3043 3475//2921
f 3449//2799 3595//3034 3435//2897
f 3777//3045 3546//2989 3776//3046
f 3771//3047 3769//3043 3767//3040
f 3671//1458 3672//1464 3771//3047
f 3449//2799 3770//3044 3595//3034
f 3776//3046 3546//2989 3547//2990
f 3473//2920 3767//3040 3475//2921
f 3771//3047 3770//3044 3769//3043
f 3772//3048 3773//3049 3596//3027
f 3771//3047 3772//3048 3595//3034
f 3548//2992 3776//3046 3547//2990
f 3568//3011 3772//3048 3596//3027
f 3770//3044 3771//3047 3595//3034
f 3596//3027 3773//3049 3598//3030
f 3449//2799 3474//2923 3770//3044
f 2123//827 2122//1800 2239//1801
f 3755//1472 3773//3049 3756//1473
f 3595//3034 3772//3048 3568//3011
f 3673//1470 3674//1471 3772//3048
f 3757//1474 3756//1473 3773//3049
f 3502//2955 3491//2940 3774//3006
f 2916//2419 3338//2790 3325//2804
f 3687//1488 3514//2963 3684//1489
f 3687//1488 3614//1490 3208//2723
f 3766//3039 3753//3050 3750//3051
f 3768//3041 3751//1452 3766//3039
f 3767//3040 3750//3051 3749//1459
f 3778//3052 3541//2982 3775//3042
f 3777//3045 3776//3046 3780//3053
f 3778//3052 3780//3053 3779//3054
f 3778//3052 3562//2999 3541//2982
f 3778//3052 3779//3054 3562//2999
f 3562//2999 3779//3054 3563//3005
f 3553//2995 3555//2998 3554//2994
f 3550//2991 3553//2995 3554//2994
f 3548//2992 3563//3005 3779//3054
f 3548//2992 3779//3054 3776//3046
f 3653//1387 3656//1556 3587//3029
f 3700//1597 3521//2967 3701//1598
f 3780//3053 3776//3046 3779//3054
f 3701//1598 3521//2967 3686//1604
f 3685//1612 3364//2832 3612//1613
f 3689//1492 3237//2722 3702//1628
f 3702//1628 3237//2722 3615//1629
f 3579//3016 3574//3015 3583//1417
f 3611//1176 3262//2743 3703//1665
f 3705//1682 3076//2568 3451//2917
f 3678//1478 3706//1715 3451//2917
f 3698//1756 3338//2790 3707//1757
f 3635//1286 3076//2568 3704//1681
f 2002//1531 2007//1330 2006//1532
f 3706//1715 3705//1682 3451//2917
f 3224//2713 3229//2710 3219//2712
f 3182//2663 3166//773 3162//772
f 3621//1268 2953//2457 3696//1668
f 1874//1366 1848//1316 1883//1358
f 1979//1510 2090//1513 1971//1509
f 3169//2653 3152//2648 3163//1835
f 3124//2619 3105//2599 3119//2624
f 3276//2605 3277//2755 3113//2603
f 3245//2628 3253//2727 3259//2555
f 3757//1474 3772//3048 3674//1471
f 2586//2123 2620//2155 2623//2157
f 2582//2074 2583//2055 2516//2056
f 3043//2477 3041//2530 2921//2420
f 3005//2439 3004//2392 3010//2440
f 2995//2390 2992//2494 3000//2391
f 2523//2057 2515//2053 2524//2066
f 3280//2758 3278//2754 3281//2757
f 3047//2535 2988//2486 2983//2485
f 2989//2450 2991//2441 2944//2446
f 3078//2556 3079//2558 3081//2569
f 2194//1751 2086//1630 2170//1727
f 2723//2248 2722//2247 2719//2240
f 2422//1969 2421//1971 2510//2045
f 2518//1985 2511//2044 2421//1971
f 2353//759 2359//1924 2358//1916
f 2336//1884 2214//1777 2337//1894
f 2884//2388 2882//2386 2846//2357
f 3703//1665 3262//2743 3605//1666
f 2249//1729 2353//759 2246//1803
f 2806//2321 2878//2331 2877//2381
f 2483//1913 2367//1922 2485//2023
f 2487//1928 2370//1921 2375//1929
f 2359//1924 2353//759 2465//758
f 1964//1487 1971//1509 1962//3055
f 3078//2556 3081//2569 3077//2560
f 2145//977 2020//1546 2142//978
f 2251//1812 2358//1916 2360//1906
f 1965//1493 1966//1505 1957//1484
f 2360//1906 2358//1916 2359//1924
f 1959//1477 1958//1494 1956//1475
f 1952//1416 1951//1440 1941//1439
f 1959//1477 1965//1493 1958//1494
f 3766//3039 3754//1453 3753//3050
f 2164//1584 2058//1573 2048//1572
f 1965//1493 1959//1477 1966//1505
f 1966//1505 1959//1477 2067//1591
f 509//375 615//372 503//276
f 401//279 510//376 508//373
f 510//376 509//375 508//373
f 1970//1502 1964//1487 1968//1496
f 1935//1501 3759//3056 3760//1499
f 1930//1255 3759//3056 1935//1501
f 1952//1416 1941//1439 1940//1414
f 1956//1475 1907//1407 1901//1412
f 1898//1442 3753//3050 3754//1453
f 3751//1452 1900//1444 1898//1442
f 1894//1391 1888//1347 1951//1440
f 1898//1442 3750//3051 3753//3050
f 1899//1443 3750//3051 1898//1442
f 1918//1425 1855//1307 1844//1283
f 1909//1397 1901//1412 1907//1407
f 1892//1378 1895//1392 1909//1397
f 1768//1021 1769//1377 1903//1399
f 1851//1299 1858//1318 1882//1361
f 1889//1426 1882//1361 1946//1327
f 1878//1367 1881//1359 1887//1349
f 1851//1299 1882//1361 1883//1358
f 1870//1357 1874//1366 1865//1352
f 1841//1353 3734//1355 1831//1341
f 1878//1367 1887//1349 1874//1366
f 1414//1070 1743//1069 1870//1357
f 1847//1308 1848//1316 1586//1081
f 1847//1308 1715//1080 1822//1293
f 1846//1063 1845//1578 1844//1283
f 1715//1080 1847//1308 1586//1081
f 1819//1062 1845//1578 1846//1063
f 1842//1282 1824//1061 1846//1063
f 1792//3057 3718//1306 1776//1304
f 1842//1282 1843//1284 1847//1308
f 1798//1315 1839//1279 1822//1293
f 2060//1298 1819//1062 1799//1280
f 1814//1291 1797//1281 1813//1287
f 2157//1537 2150//739 2158//1712
f 2140//1616 2132//1615 2141//1721
f 2071//1600 2075//1321 1961//1322
f 1498//1147 3707//1757 3700//1597
f 1498//1147 3699//3058 3698//1756
f 2179//1740 2182//1743 2193//1766
f 1969//1599 1962//3055 1971//1509
f 2069//1506 1967//1495 1972//1485
f 1961//1322 1962//3055 1969//1599
f 2069//1506 1966//1505 2067//1591
f 1919//3059 3692//3060 3691//3061
f 1919//3059 3690//3062 1717//1250
f 2084//1626 2083//1625 2078//1606
f 1964//1487 1962//3055 1972//1485
f 1717//1250 3690//3062 3688//1491
f 2065//1589 2043//1567 2074//1595
f 1524//1155 3686//1604 3685//1612
f 1912//1483 1954//1408 1957//1484
f 1692//1226 3684//1489 3683//3063
f 1680//1217 3682//3064 1914//1481
f 1680//1217 3683//3063 3681//3065
f 1914//1481 3682//3064 3680//3066
f 3680//3066 1670//1213 1914//1481
f 2160//1716 2159//1587 2032//1543
f 1485//1135 3699//3058 1498//1147
f 3676//1479 1485//1135 1121//856
f 1955//1480 1958//1494 1957//1484
f 1670//1213 3675//1476 1627//1189
f 1901//1412 1950//1455 1952//1416
f 1952//1416 1956//1475 1901//1412
f 1906//1460 3673//1470 3672//1464
f 1889//1426 1948//1445 1937//1427
f 1952//1416 1950//1455 1951//1440
f 1900//1444 3670//1447 1896//1432
f 1947//1448 1949//1588 1948//1445
f 1896//1432 3668//1438 1893//1430
f 1888//1347 1939//1436 1941//1439
f 1893//1430 3666//1435 1873//1433
f 1948//1445 1939//1436 1937//1427
f 1954//1408 1955//1480 1957//1484
f 1768//1021 1913//1421 1915//1022
f 1886//1404 3663//1420 1877//1406
f 1877//1406 3662//3067 1879//1405
f 1879//1405 3662//3067 3661//1411
f 1911//1409 1902//1398 1909//1397
f 1879//1405 3755//1472 1910//1466
f 1938//1362 1937//1427 1888//1347
f 1867//1396 3659//1429 3658//1401
f 1867//1396 3742//1395 1866//1394
f 1769//1377 1892//1378 1903//1399
f 1615//1184 3656//1556 1859//1383
f 1901//1412 1895//1392 1894//1391
f 3741//1393 1863//1388 1866//1394
f 1890//1375 1895//1392 1892//1378
f 1946//1327 1882//1361 1858//1318
f 1888//1347 1894//1391 1891//1376
f 1915//1022 1917//1504 1916//1023
f 1888//1347 1887//1349 1938//1362
f 3732//1356 1838//1339 1831//1341
f 1838//1339 3648//3068 1837//1364
f 1837//1364 3648//3068 3650//1365
f 1743//1069 1869//1329 1870//1357
f 1844//1283 1855//1307 1843//1284
f 1849//1317 1851//1299 1883//1358
f 1842//1282 1822//1293 1824//1061
f 1789//1297 3642//3069 3643//1309
f 1818//1520 1813//1287 2052//1294
f 1777//1296 3642//3069 1789//1297
f 1815//1276 2052//1294 1780//1274
f 1813//1287 1780//1274 2052//1294
f 1814//1291 1766//1288 1797//1281
f 2132//1615 2135//1670 2141//1721
f 1864//1348 1414//1070 1865//1352
f 1983//1519 1984//1517 1985//1313
f 1982//1672 1984//1517 1983//1519
f 1796//1236 1797//1281 1766//1288
f 1747//1084 1778//1273 1749//1235
f 1815//1276 1780//1274 1781//1272
f 1767//1270 1864//1348 1769//1377
f 1798//1315 1799//1280 1839//1279
f 1778//1273 1781//1272 1780//1274
f 1767//1270 1414//1070 1864//1348
f 1767//1270 1769//1377 1768//1021
f 3696//1668 1106//840 1103//837
f 1106//840 3623//3070 3622//1285
f 1798//1315 1539//1068 1388//1269
f 1764//1290 1799//1280 1765//3071
f 1762//1261 1765//3071 1799//1280
f 1796//1236 1764//1290 1765//3071
f 1762//1261 1798//1315 1746//1260
f 1762//1261 1796//1236 1765//3071
f 1744//1172 3616//1262 1585//1173
f 2080//1608 2084//1626 2078//1606
f 1358//1055 3615//1629 3614//1490
f 1915//1022 1960//1482 1961//1322
f 1961//1322 1972//1485 1962//3055
f 2122//1800 2123//827 2121//829
f 1754//1174 1747//1084 1748//1083
f 3609//1263 1219//954 1585//1173
f 1762//1261 1799//1280 1798//1315
f 1388//1269 1746//1260 1798//1315
f 1751//1175 1756//1247 1747//1084
f 1530//1156 3612//1613 3607//1161
f 1101//835 3619//1266 1102//836
f 1413//1082 3606//3072 1101//835
f 2107//828 2222//1780 2121//829
f 1407//1166 3758//3073 1930//1255
f 1407//1166 3603//3074 3604//3075
f 1135//870 3603//3074 1389//1079
f 1743//1069 1539//1068 1586//1081
f 3338//2790 3700//1597 3707//1757
f 3338//2790 3698//1756 3699//3058
f 3538//2980 3688//1491 3690//3062
f 3364//2832 3686//1604 3521//2967
f 3514//2963 3683//3063 3684//1489
f 3502//2955 3682//3064 3681//3065
f 3502//2955 3683//3063 3514//2963
f 3774//3006 3680//3066 3682//3064
f 3492//2939 3680//3066 3774//3006
f 3699//3058 3325//2804 3338//2790
f 3325//2804 3676//1479 2971//2474
f 3675//1476 3492//2939 3450//2915
f 3771//3047 3673//1470 3772//3048
f 3670//1447 3768//3041 3764//3038
f 3668//1438 3764//3038 3763//3037
f 3663//1420 3601//3028 3597//3031
f 3597//3031 3662//3067 3745//1419
f 3598//3030 3661//1411 3662//3067
f 3598//3030 3755//1472 3660//1410
f 3592//3032 3659//1429 3450//2915
f 3742//1395 3592//3032 3591//3019
f 3438//2895 3656//1556 3655//1389
f 3590//3021 3741//1393 3591//3019
f 3581//3014 3732//1356 3574//3015
f 3648//3068 3581//3014 3580//3022
f 3580//3022 3650//1365 3648//3068
f 2956//2462 3696//1668 2953//2457
f 2956//2462 3622//1285 3623//3070
f 3208//2723 3615//1629 3237//2722
f 3069//2563 3609//1263 3424//2891
f 3370//2844 3612//1613 3364//2832
f 2951//777 3619//1266 3606//3072
f 3262//2743 3606//3072 3605//1666
f 3256//2868 3603//3074 3238//2731
f 2985//2487 3603//3074 3602//1248
f 3782//1223 3781//3076 1492//1141
f 3781//3076 1671//1214 1492//1141
f 28//12 17//20 16//3077
f 16//3077 17//20 31//19
f 16//3077 18//3078 28//12
f 34//3079 25//28 24//27
f 26//3080 25//28 34//3079
f 25//28 26//3080 14//15
f 27//3081 26//3080 34//3079
f 14//15 26//3080 187//3082
f 28//12 18//3078 29//29
f 30//5 41//3083 31//19
f 32//30 202//3084 24//27
f 33//3085 29//29 18//3078
f 33//3085 32//30 29//29
f 34//3079 24//27 202//3084
f 18//3078 16//3077 35//3086
f 18//3078 35//3086 33//3085
f 34//3079 202//3084 27//3081
f 33//3085 37//3087 32//30
f 16//3077 31//19 36//3088
f 36//3088 31//19 210//123
f 37//3087 202//3084 32//30
f 210//123 31//19 38//3089
f 30//5 39//31 41//3083
f 40//3090 31//19 41//3083
f 40//3090 41//3083 39//31
f 39//31 47//3091 42//3092
f 42//3092 47//3091 43//3093
f 52//3094 43//3093 47//3091
f 42//3092 40//3090 39//31
f 44//127 43//3093 52//3094
f 42//3092 46//3095 40//3090
f 31//19 40//3090 38//3089
f 44//127 46//3095 42//3092
f 42//3092 43//3093 44//127
f 40//3090 46//3095 38//3089
f 38//3089 46//3095 45//126
f 46//3095 44//127 45//126
f 47//3091 39//31 5//4
f 47//3091 4//6 48//3096
f 5//4 4//6 47//3091
f 48//3096 49//3097 47//3091
f 47//3091 49//3097 50//3098
f 49//3097 51//3099 50//3098
f 49//3097 66//34 51//3099
f 50//3098 52//3094 47//3091
f 50//3098 51//3099 54//3100
f 51//3099 53//3101 54//3100
f 53//3101 51//3099 55//3102
f 56//52 54//3100 53//3101
f 53//3101 55//3102 96//62
f 6//7 59//3103 4//6
f 6//7 60//33 59//3103
f 57//22 67//3104 58//32
f 68//3105 67//3104 57//22
f 59//3103 48//3096 4//6
f 60//33 58//32 61//3106
f 61//3106 58//32 67//3104
f 62//3107 61//3106 67//3104
f 65//3108 66//34 64//36
f 64//36 92//3109 65//3108
f 67//3104 92//3109 64//36
f 68//3105 92//3109 67//3104
f 60//33 61//3106 59//3103
f 66//34 49//3097 48//3096
f 63//35 66//34 61//3106
f 59//3103 61//3106 48//3096
f 63//35 62//3107 64//36
f 63//35 61//3106 62//3107
f 62//3107 67//3104 64//36
f 51//3099 66//34 65//3108
f 51//3099 65//3108 55//3102
f 69//60 96//62 65//3108
f 96//62 55//3102 65//3108
f 57//22 71//38 68//3105
f 68//3105 71//38 73//3110
f 70//37 73//3110 71//38
f 74//40 73//3110 70//37
f 75//3111 73//3110 74//40
f 78//3112 79//41 80//44
f 79//41 75//3111 74//40
f 78//3112 80//44 104//3113
f 104//3113 80//44 81//46
f 79//41 78//3112 75//3111
f 86//54 44//127 52//3094
f 87//3114 52//3094 54//3100
f 52//3094 50//3098 54//3100
f 52//3094 87//3114 86//54
f 86//54 87//3114 88//55
f 87//3114 54//3100 88//55
f 89//51 88//55 54//3100
f 54//3100 56//52 89//51
f 56//52 53//3101 96//62
f 92//3109 69//60 65//3108
f 91//3115 69//60 92//3109
f 92//3109 68//3105 91//3115
f 93//57 91//3115 68//3105
f 98//56 91//3115 93//57
f 68//3105 101//3116 95//59
f 68//3105 95//59 93//57
f 69//60 91//3115 98//56
f 73//3110 101//3116 68//3105
f 75//3111 100//3117 73//3110
f 73//3110 100//3117 101//3116
f 102//64 101//3116 100//3117
f 75//3111 102//64 100//3117
f 102//64 75//3111 106//65
f 106//65 75//3111 78//3112
f 78//3112 104//3113 106//65
f 104//3113 105//3118 106//65
f 104//3113 107//3119 105//3118
f 106//65 105//3118 108//3120
f 105//3118 107//3119 108//3120
f 110//68 107//3119 81//46
f 81//46 107//3119 104//3113
f 110//68 111//69 122//3121
f 111//69 112//3122 122//3121
f 113//3123 122//3121 114//3124
f 114//3124 122//3121 112//3122
f 122//3121 107//3119 110//68
f 115//3125 108//3120 107//3119
f 116//3126 107//3119 122//3121
f 117//3127 113//3123 118//3128
f 117//3127 122//3121 113//3123
f 111//69 119//3129 112//3122
f 113//3123 114//3124 118//3128
f 120//3130 118//3128 114//3124
f 119//3129 121//3131 112//3122
f 116//3126 122//3121 219//135
f 219//135 122//3121 117//3127
f 219//135 217//133 116//3126
f 117//3127 118//3128 120//3130
f 121//3131 119//3129 240//150
f 125//72 225//3132 124//71
f 111//69 124//71 225//3132
f 127//3133 225//3132 125//72
f 126//73 127//3133 125//72
f 128//3134 127//3133 126//73
f 121//3131 129//3135 120//3130
f 121//3131 120//3130 114//3124
f 117//3127 120//3130 131//137
f 131//137 120//3130 129//3135
f 130//149 131//137 129//3135
f 130//149 129//3135 240//150
f 160//97 152//99 161//109
f 152//99 158//105 161//109
f 160//97 168//3136 159//106
f 160//97 161//109 165//3137
f 163//108 164//3138 161//109
f 168//3136 160//97 165//3137
f 164//3138 165//3137 161//109
f 299//110 167//3139 162//107
f 167//3139 163//108 162//107
f 159//106 168//3136 170//3140
f 168//3136 169//3141 170//3140
f 167//3139 164//3138 163//108
f 169//3141 168//3136 165//3137
f 178//102 299//110 166//101
f 292//111 159//106 170//3140
f 164//3138 171//3142 165//3137
f 171//3142 164//3138 167//3139
f 169//3141 165//3137 172//3143
f 13//16 177//3144 175//112
f 176//3145 175//112 177//3144
f 176//3145 173//113 175//112
f 179//114 173//113 176//3145
f 179//114 299//110 178//102
f 181//3146 299//110 179//114
f 176//3145 177//3144 182//197
f 179//114 176//3145 181//3146
f 177//3144 13//16 183//115
f 183//115 184//17 186//3147
f 186//3147 177//3144 183//115
f 185//3148 182//197 177//3144
f 185//3148 177//3144 186//3147
f 187//3082 186//3147 184//17
f 190//3149 186//3147 187//3082
f 186//3147 190//3149 188//3150
f 189//3151 188//3150 190//3149
f 14//15 187//3082 184//17
f 194//3152 187//3082 26//3080
f 194//3152 26//3080 27//3081
f 194//3152 27//3081 195//119
f 196//3153 187//3082 194//3152
f 196//3153 194//3152 195//119
f 190//3149 187//3082 196//3153
f 190//3149 196//3153 197//3154
f 197//3154 208//124 198//3155
f 190//3149 197//3154 198//3155
f 208//124 197//3154 196//3153
f 33//3085 199//3156 37//3087
f 35//3086 199//3156 33//3085
f 16//3077 36//3088 35//3086
f 199//3156 35//3086 200//3157
f 200//3157 36//3088 210//123
f 200//3157 35//3086 36//3088
f 37//3087 199//3156 201//3158
f 37//3087 201//3158 202//3084
f 201//3158 27//3081 202//3084
f 203//3159 201//3158 199//3156
f 195//119 27//3081 201//3158
f 203//3159 195//119 201//3158
f 38//3089 45//126 210//123
f 200//3157 206//120 199//3156
f 204//122 206//120 200//3157
f 203//3159 205//3160 195//119
f 199//3156 205//3160 203//3159
f 199//3156 206//120 205//3160
f 200//3157 210//123 204//122
f 195//119 205//3160 206//120
f 195//119 208//124 196//3153
f 219//135 117//3127 131//137
f 220//3161 119//3129 221//3162
f 220//3161 240//150 119//3129
f 221//3162 111//69 225//3132
f 119//3129 111//69 221//3162
f 127//3133 128//3134 225//3132
f 128//3134 126//73 227//3163
f 225//3132 128//3134 227//3163
f 225//3132 226//3164 221//3162
f 225//3132 227//3163 226//3164
f 221//3162 226//3164 245//3165
f 226//3164 227//3163 245//3165
f 220//3161 221//3162 245//3165
f 126//73 229//143 230//3166
f 230//3166 229//143 228//142
f 231//3167 242//3168 126//73
f 230//3166 228//142 234//146
f 230//3166 231//3167 126//73
f 234//146 233//145 235//3169
f 236//218 234//146 235//3169
f 236//218 230//3166 234//146
f 239//3170 233//145 237//147
f 239//3170 235//3169 233//145
f 240//150 220//3161 241//139
f 241//139 220//3161 244//141
f 220//3161 245//3165 244//141
f 126//73 242//3168 227//3163
f 243//3171 227//3163 242//3168
f 244//141 245//3165 246//3172
f 245//3165 227//3163 246//3172
f 243//3171 246//3172 227//3163
f 243//3171 242//3168 253//155
f 244//141 246//3172 247//151
f 247//151 246//3172 248//153
f 246//3172 243//3171 248//153
f 248//153 243//3171 253//155
f 230//3166 242//3168 231//3167
f 242//3168 230//3166 251//3173
f 253//155 242//3168 251//3173
f 252//3174 251//3173 230//3166
f 230//3166 236//218 252//3174
f 252//3174 254//156 251//3173
f 253//155 251//3173 254//156
f 289//305 424//194 297//3175
f 288//191 292//111 295//3176
f 295//3176 293//195 288//191
f 294//3177 295//3176 296//3178
f 297//3175 424//194 293//195
f 297//3175 293//195 295//3176
f 298//3179 297//3175 295//3176
f 298//3179 295//3176 294//3177
f 167//3139 299//110 181//3146
f 172//3143 165//3137 171//3142
f 169//3141 172//3143 300//3180
f 172//3143 171//3142 300//3180
f 296//3178 295//3176 170//3140
f 301//3181 296//3178 169//3141
f 300//3180 301//3181 169//3141
f 296//3178 170//3140 169//3141
f 294//3177 296//3178 301//3181
f 301//3181 302//3182 294//3177
f 303//3183 302//3182 301//3181
f 303//3183 301//3181 304//201
f 301//3181 300//3180 304//201
f 440//3184 302//3182 303//3183
f 304//201 440//3184 303//3183
f 302//3182 305//3185 294//3177
f 306//3186 305//3185 302//3182
f 440//3184 304//201 441//315
f 181//3146 176//3145 182//197
f 171//3142 167//3139 181//3146
f 181//3146 307//3187 171//3142
f 181//3146 182//197 307//3187
f 307//3187 300//3180 171//3142
f 182//197 308//199 307//3187
f 307//3187 308//199 300//3180
f 182//197 185//3148 313//3188
f 198//3155 314//203 313//3188
f 314//203 182//197 313//3188
f 316//3189 185//3148 186//3147
f 316//3189 186//3147 188//3150
f 189//3151 190//3149 198//3155
f 185//3148 316//3189 313//3188
f 189//3151 313//3188 316//3189
f 316//3189 188//3150 189//3151
f 313//3188 189//3151 198//3155
f 304//201 300//3180 308//199
f 327//3190 324//3191 239//3170
f 323//211 326//3192 237//147
f 323//211 325//212 326//3192
f 239//3170 237//147 327//3190
f 239//3170 324//3191 235//3169
f 327//3190 237//147 328//3193
f 237//147 326//3192 328//3193
f 328//3193 326//3192 329//3194
f 327//3190 330//3195 324//3191
f 330//3195 235//3169 324//3191
f 329//3194 326//3192 331//213
f 331//213 326//3192 325//212
f 328//3193 332//3196 327//3190
f 332//3196 328//3193 329//3194
f 330//3195 327//3190 332//3196
f 330//3195 332//3196 334//223
f 332//3196 333//224 334//223
f 337//3197 451//323 338//215
f 451//323 331//213 338//215
f 236//218 254//156 252//3174
f 344//219 236//218 235//3169
f 334//223 344//219 235//3169
f 330//3195 334//223 235//3169
f 341//220 334//223 345//225
f 329//3194 343//3198 332//3196
f 333//224 332//3196 342//226
f 332//3196 343//3198 342//226
f 334//223 341//220 344//219
f 341//220 345//225 347//222
f 345//225 346//3199 349//227
f 345//225 342//226 346//3199
f 342//226 343//3198 346//3199
f 345//225 349//227 347//222
f 343//3198 454//229 346//3199
f 329//3194 331//213 343//3198
f 349//227 346//3199 454//229
f 350//3200 337//3197 338//215
f 343//3198 331//213 451//323
f 337//3197 350//3200 351//3201
f 339//217 350//3200 338//215
f 339//217 352//231 350//3200
f 352//231 453//3202 350//3200
f 297//3175 426//299 289//305
f 427//3203 426//299 297//3175
f 426//299 427//3203 428//3204
f 428//3204 429//300 426//299
f 428//3204 427//3203 438//3205
f 436//3206 297//3175 298//3179
f 427//3203 297//3175 436//3206
f 427//3203 436//3206 438//3205
f 437//3207 436//3206 298//3179
f 439//3208 437//3207 298//3179
f 437//3207 438//3205 436//3206
f 437//3207 439//3208 533//312
f 440//3184 441//315 306//3186
f 302//3182 440//3184 306//3186
f 439//3208 298//3179 294//3177
f 441//315 443//314 442//313
f 306//3186 441//315 442//313
f 442//313 305//3185 306//3186
f 294//3177 305//3185 439//3208
f 533//312 439//3208 305//3185
f 305//3185 442//313 533//312
f 451//323 351//3201 452//324
f 451//323 337//3197 351//3201
f 351//3201 350//3200 453//3202
f 452//324 351//3201 453//3202
f 454//229 343//3198 451//323
f 452//324 453//3202 455//3209
f 352//231 353//230 455//3209
f 453//3202 352//231 455//3209
f 455//3209 456//325 452//324
f 353//230 457//326 455//3209
f 456//325 455//3209 457//326
f 463//414 457//326 353//230
f 463//414 353//230 460//329
f 461//330 462//3210 460//329
f 466//331 462//3210 461//330
f 463//414 460//329 464//3211
f 460//329 462//3210 464//3211
f 466//331 467//434 462//3210
f 467//434 466//331 469//3212
f 466//331 557//333 469//3212
f 628//377 511//374 512//3213
f 428//3204 521//389 429//300
f 521//389 428//3204 654//3214
f 531//3215 654//3214 428//3204
f 531//3215 428//3204 438//3205
f 532//406 531//3215 438//3205
f 536//399 437//3207 533//312
f 438//3205 437//3207 536//399
f 535//402 438//3205 536//399
f 535//402 532//406 438//3205
f 468//334 459//328 465//332
f 462//3210 544//3216 464//3211
f 545//417 544//3216 462//3210
f 463//414 464//3211 546//412
f 548//3217 468//334 465//332
f 546//412 464//3211 549//416
f 464//3211 544//3216 549//416
f 549//416 544//3216 545//417
f 465//332 561//3218 550//3219
f 550//3219 548//3217 465//332
f 550//3219 551//3220 548//3217
f 561//3218 553//3221 550//3219
f 553//3221 551//3220 550//3219
f 554//3222 553//3221 561//3218
f 554//3222 555//420 553//3221
f 555//420 551//3220 553//3221
f 548//3217 557//333 468//334
f 581//3223 557//333 548//3217
f 465//332 556//421 561//3218
f 548//3217 551//3220 581//3223
f 563//422 561//3218 556//421
f 562//3224 561//3218 563//422
f 563//422 565//425 562//3224
f 565//425 564//3225 562//3224
f 564//3225 565//425 573//418
f 562//3224 564//3225 561//3218
f 561//3218 564//3225 554//3222
f 567//427 571//501 568//429
f 564//3225 555//420 554//3222
f 572//428 571//501 567//427
f 564//3225 573//418 555//420
f 572//428 570//431 664//3226
f 545//417 462//3210 467//434
f 579//438 467//434 469//3212
f 581//3223 579//438 469//3212
f 555//420 582//440 551//3220
f 579//438 581//3223 582//440
f 582//440 581//3223 551//3220
f 469//3212 557//333 581//3223
f 573//418 565//425 668//500
f 668//500 565//425 568//429
f 668//500 568//429 571//501
f 614//3227 615//372 628//377
f 512//3213 511//374 621//478
f 512//3213 621//478 622//3228
f 614//3227 628//377 626//3229
f 614//3227 616//474 615//372
f 627//3230 616//474 614//3227
f 616//474 627//3230 618//475
f 626//3229 627//3230 614//3227
f 628//377 512//3213 622//3228
f 630//484 622//3228 621//478
f 631//3231 622//3228 630//484
f 628//377 622//3228 632//3232
f 639//3233 645//3234 631//3231
f 622//3228 631//3231 632//3232
f 645//3234 632//3232 631//3231
f 522//388 639//3233 630//484
f 521//389 639//3233 522//388
f 521//389 654//3214 639//3233
f 654//3214 640//3235 639//3233
f 639//3233 631//3231 630//484
f 645//3234 639//3233 641//3236
f 639//3233 643//3237 641//3236
f 639//3233 640//3235 643//3237
f 644//3238 645//3234 641//3236
f 644//3238 641//3236 643//3237
f 646//3239 644//3238 643//3237
f 646//3239 643//3237 640//3235
f 640//3235 647//3240 646//3239
f 647//3240 640//3235 648//3241
f 648//3241 640//3235 649//3242
f 644//3238 650//3243 645//3234
f 646//3239 647//3240 651//3244
f 651//3244 647//3240 648//3241
f 654//3214 649//3242 640//3235
f 648//3241 649//3242 653//3245
f 653//3245 649//3242 654//3214
f 654//3214 531//3215 532//406
f 532//406 726//489 654//3214
f 572//428 659//3246 660//502
f 664//3226 659//3246 572//428
f 570//431 663//496 664//3226
f 663//496 665//3247 664//3226
f 671//3248 659//3246 664//3226
f 664//3226 665//3247 671//3248
f 574//432 673//3249 665//3247
f 663//496 574//432 665//3247
f 666//498 673//3249 574//432
f 672//3250 660//502 659//3246
f 672//3250 669//3251 660//502
f 670//3252 671//3248 665//3247
f 659//3246 671//3248 672//3250
f 672//3250 671//3248 670//3252
f 670//3252 665//3247 674//3253
f 675//3254 673//3249 666//498
f 675//3254 674//3253 673//3249
f 669//3251 672//3250 670//3252
f 669//3251 670//3252 675//3254
f 670//3252 674//3253 675//3254
f 675//3254 666//498 732//3255
f 741//545 660//502 669//3251
f 741//545 669//3251 675//3254
f 618//475 627//3230 701//526
f 710//536 701//526 627//3230
f 627//3230 626//3229 710//536
f 711//3256 710//536 626//3229
f 711//3256 626//3229 713//3257
f 626//3229 628//377 632//3232
f 645//3234 715//3258 632//3232
f 632//3232 715//3258 716//3259
f 716//3259 715//3258 717//3260
f 645//3234 650//3243 715//3258
f 644//3238 646//3239 650//3243
f 650//3243 646//3239 651//3244
f 651//3244 648//3241 718//3261
f 718//3261 648//3241 653//3245
f 654//3214 719//3262 653//3245
f 719//3262 720//3263 653//3245
f 726//489 720//3263 719//3262
f 718//3261 653//3245 720//3263
f 718//3261 720//3263 721//3264
f 720//3263 726//489 722//3265
f 654//3214 726//489 719//3262
f 727//588 720//3263 722//3265
f 723//539 722//3265 726//489
f 727//588 722//3265 723//539
f 731//3266 732//3255 733//497
f 734//499 731//3266 733//497
f 735//552 731//3266 734//499
f 736//3267 737//3268 735//552
f 731//3266 738//3269 732//3255
f 737//3268 739//3270 740//3271
f 735//552 737//3268 740//3271
f 731//3266 740//3271 738//3269
f 735//552 740//3271 731//3266
f 740//3271 739//3270 738//3269
f 741//545 732//3255 742//547
f 738//3269 743//3272 732//3255
f 732//3255 743//3272 742//547
f 743//3272 738//3269 739//3270
f 742//547 743//3272 746//3273
f 743//3272 739//3270 746//3273
f 745//548 742//547 746//3273
f 745//548 747//3274 748//3275
f 746//3273 747//3274 745//548
f 747//3274 749//3276 748//3275
f 748//3275 752//3277 753//3278
f 748//3275 751//550 745//548
f 755//3279 736//3267 754//551
f 754//551 736//3267 735//552
f 730//544 756//554 754//551
f 755//3279 754//551 757//3280
f 754//551 756//554 757//3280
f 758//553 760//3281 756//554
f 756//554 760//3281 757//3280
f 760//3281 749//3276 757//3280
f 764//3282 758//553 759//555
f 762//3283 763//3284 760//3281
f 762//3283 760//3281 764//3282
f 764//3282 760//3281 758//553
f 763//3284 752//3277 749//3276
f 760//3281 763//3284 749//3276
f 759//555 761//556 765//3285
f 766//3286 762//3283 767//3287
f 763//3284 762//3283 766//3286
f 764//3282 767//3287 762//3283
f 759//555 765//3285 767//3287
f 759//555 767//3287 764//3282
f 752//3277 763//3284 766//3286
f 748//3275 749//3276 752//3277
f 768//3288 753//3278 766//3286
f 767//3287 768//3288 766//3286
f 769//3289 768//3288 767//3287
f 769//3289 767//3287 765//3285
f 753//3278 752//3277 766//3286
f 737//3268 770//3290 739//3270
f 737//3268 736//3267 770//3290
f 739//3270 770//3290 746//3273
f 771//3291 746//3273 770//3290
f 770//3290 773//3292 771//3291
f 771//3291 747//3274 746//3273
f 771//3291 749//3276 747//3274
f 736//3267 755//3279 772//3293
f 772//3293 773//3292 736//3267
f 755//3279 757//3280 772//3293
f 772//3293 757//3280 773//3292
f 773//3292 757//3280 749//3276
f 749//3276 771//3291 773//3292
f 804//3294 711//3256 713//3257
f 808//580 710//536 804//3294
f 804//3294 710//536 711//3256
f 804//3294 713//3257 805//631
f 806//3295 807//587 808//580
f 804//3294 806//3295 808//580
f 804//3294 805//631 809//3296
f 807//587 806//3295 809//3296
f 809//3296 806//3295 804//3294
f 632//3232 713//3257 626//3229
f 805//631 713//3257 810//3297
f 810//3297 713//3257 811//3298
f 632//3232 716//3259 811//3298
f 713//3257 632//3232 811//3298
f 811//3298 716//3259 812//3299
f 810//3297 811//3298 812//3299
f 716//3259 717//3260 812//3299
f 650//3243 717//3260 715//3258
f 650//3243 651//3244 813//3300
f 718//3261 721//3264 651//3244
f 717//3260 650//3243 813//3300
f 721//3264 813//3300 651//3244
f 814//3301 815//3302 721//3264
f 812//3299 717//3260 816//3303
f 813//3300 816//3303 717//3260
f 813//3300 817//3304 816//3303
f 813//3300 721//3264 817//3304
f 817//3304 818//3305 816//3303
f 817//3304 721//3264 815//3302
f 721//3264 720//3263 814//3301
f 819//3306 814//3301 720//3263
f 720//3263 820//3307 819//3306
f 815//3302 814//3301 819//3306
f 819//3306 820//3307 821//3308
f 823//591 720//3263 727//588
f 823//591 820//3307 720//3263
f 821//3308 820//3307 886//638
f 823//591 886//638 820//3307
f 748//3275 753//3278 751//550
f 753//3278 828//3309 829//595
f 829//595 751//550 753//3278
f 829//595 828//3309 830//596
f 830//596 828//3309 831//3310
f 831//3310 835//3311 830//596
f 753//3278 768//3288 828//3309
f 761//556 833//598 765//3285
f 768//3288 769//3289 834//3312
f 769//3289 765//3285 834//3312
f 765//3285 833//598 834//3312
f 828//3309 768//3288 831//3310
f 768//3288 835//3311 831//3310
f 835//3311 768//3288 834//3312
f 834//3312 836//600 835//3311
f 836//600 834//3312 833//598
f 839//3313 835//3311 840//3314
f 836//600 840//3314 835//3311
f 838//602 841//3315 836//600
f 838//602 837//601 841//3315
f 839//3313 840//3314 842//3316
f 840//3314 836//600 841//3315
f 835//3311 839//3313 843//651
f 841//3315 837//601 844//3317
f 843//651 839//3313 842//3316
f 842//3316 840//3314 844//3317
f 840//3314 841//3315 844//3317
f 846//604 844//3317 837//601
f 809//3296 805//631 870//629
f 809//3296 870//629 807//587
f 810//3297 812//3299 816//3303
f 818//3305 875//3318 876//3319
f 877//3320 875//3318 815//3302
f 816//3303 876//3319 810//3297
f 816//3303 818//3305 876//3319
f 875//3318 877//3320 876//3319
f 810//3297 876//3319 877//3320
f 818//3305 817//3304 875//3318
f 875//3318 817//3304 815//3302
f 877//3320 815//3302 819//3306
f 881//3321 877//3320 819//3306
f 881//3321 819//3306 821//3308
f 877//3320 881//3321 882//3322
f 881//3321 821//3308 882//3322
f 883//3323 821//3308 886//638
f 884//639 885//641 883//3323
f 886//638 884//639 883//3323
f 883//3323 885//641 890//640
f 891//3324 883//3323 890//640
f 891//3324 890//640 889//645
f 897//649 891//3324 889//645
f 893//3325 883//3323 891//3324
f 893//3325 891//3324 897//649
f 883//3323 898//3326 821//3308
f 899//702 883//3323 893//3325
f 899//702 893//3325 897//649
f 830//596 835//3311 900//599
f 843//651 900//599 835//3311
f 913//655 843//651 901//3327
f 844//3317 846//604 908//3328
f 843//651 842//3316 901//3327
f 842//3316 844//3317 901//3327
f 844//3317 908//3328 901//3327
f 908//3328 912//659 901//3327
f 846//604 912//659 908//3328
f 901//3327 912//659 913//655
f 911//661 913//655 912//659
f 913//655 911//661 917//3329
f 916//3330 917//3329 918//3331
f 913//655 917//3329 915//663
f 911//661 918//3331 917//3329
f 917//3329 916//3330 915//663
f 919//664 915//663 916//3330
f 916//3330 918//3331 920//3332
f 919//664 916//3330 920//3332
f 911//661 921//665 918//3331
f 921//665 925//3333 918//3331
f 922//666 925//3333 921//665
f 920//3332 918//3331 925//3333
f 923//3334 920//3332 925//3333
f 923//3334 925//3333 924//3335
f 925//3333 922//666 924//3335
f 877//3320 960//3336 810//3297
f 960//3336 805//631 810//3297
f 960//3336 959//699 805//631
f 961//3337 960//3336 877//3320
f 960//3336 961//3337 959//699
f 961//3337 877//3320 962//3338
f 964//701 959//699 961//3337
f 877//3320 882//3322 962//3338
f 962//3338 882//3322 965//3339
f 965//3339 882//3322 966//3340
f 966//3340 882//3322 821//3308
f 966//3340 821//3308 898//3326
f 967//3341 962//3338 965//3339
f 967//3341 965//3339 968//3342
f 968//3342 965//3339 966//3340
f 968//3342 966//3340 898//3326
f 1025//3343 968//3342 898//3326
f 1025//3343 967//3341 968//3342
f 1028//3344 1025//3343 969//3345
f 898//3326 883//3323 899//702
f 1025//3343 898//3326 969//3345
f 969//3345 898//3326 899//702
f 970//703 969//3345 899//702
f 969//3345 956//696 1028//3344
f 919//664 920//3332 974//707
f 974//707 920//3332 975//3346
f 923//3334 975//3346 920//3332
f 975//3346 923//3334 976//3347
f 975//3346 976//3347 977//3348
f 977//3348 974//707 975//3346
f 976//3347 978//3349 977//3348
f 977//3348 979//708 974//707
f 978//3349 979//708 977//3348
f 978//3349 981//3350 979//708
f 981//3350 982//3351 979//708
f 985//712 924//3335 922//666
f 985//712 986//3352 924//3335
f 924//3335 986//3352 923//3334
f 986//3352 987//3353 923//3334
f 986//3352 985//712 987//3353
f 988//713 987//3353 985//712
f 923//3334 987//3353 976//3347
f 988//713 992//714 987//3353
f 976//3347 987//3353 989//3354
f 989//3354 987//3353 992//714
f 976//3347 989//3354 978//3349
f 991//716 989//3354 992//714
f 978//3349 989//3354 981//3350
f 991//716 981//3350 989//3354
f 981//3350 991//716 993//3355
f 991//716 994//3356 993//3355
f 991//716 990//715 994//3356
f 990//715 1041//781 996//3357
f 982//3351 981//3350 993//3355
f 982//3351 993//3355 994//3356
f 982//3351 994//3356 995//3358
f 990//715 996//3357 994//3356
f 979//708 982//3351 983//710
f 994//3356 996//3357 995//3358
f 983//710 982//3351 997//789
f 997//789 982//3351 995//3358
f 961//3337 1019//738 964//701
f 1021//3359 1019//738 1020//3360
f 1022//760 1019//738 1021//3359
f 1028//3344 1023//3361 1021//3359
f 1145//3362 1154//3363 1150//3364
f 1021//3359 963//700 1022//760
f 962//3338 967//3341 1020//3360
f 967//3341 1025//3343 1020//3360
f 1020//3360 961//3337 962//3338
f 1028//3344 1020//3360 1025//3343
f 1020//3360 1019//738 961//3337
f 1026//3365 1020//3360 1028//3344
f 1020//3360 1026//3365 1021//3359
f 1021//3359 1026//3365 1028//3344
f 1024//3366 1021//3359 1023//3361
f 1027//775 1023//3361 1028//3344
f 1023//3361 1027//775 1029//817
f 1023//3361 1029//817 1030//818
f 1024//3366 1023//3361 1030//818
f 1032//3367 996//3357 1041//781
f 1032//3367 1033//3368 1034//3369
f 1041//781 1033//3368 1032//3367
f 1034//3369 995//3358 996//3357
f 995//3358 1034//3369 1035//3370
f 1034//3369 1033//3368 1036//785
f 1037//3371 1034//3369 1036//785
f 1033//3368 1041//781 1036//785
f 995//3358 1035//3370 997//789
f 1035//3370 1037//3371 997//789
f 997//789 1037//3371 1046//790
f 1037//3371 1035//3370 1034//3369
f 1049//792 1046//790 1037//3371
f 1036//785 1047//3372 1037//3371
f 1036//785 1044//787 1047//3372
f 1049//792 1037//3371 1047//3372
f 1049//792 1047//3372 1050//793
f 1051//822 1047//3372 1095//3373
f 1050//793 1047//3372 1051//822
f 1024//3366 963//700 1021//3359
f 1030//818 963//700 1024//3366
f 1030//818 1071//811 963//700
f 1138//873 1071//811 1030//818
f 1077//3374 1047//3372 1044//787
f 1044//787 1078//3375 1077//3374
f 1044//787 1079//825 1078//3375
f 1077//3374 1095//3373 1047//3372
f 1077//3374 1098//3376 1095//3373
f 1078//3375 1098//3376 1077//3374
f 1078//3375 1079//825 1098//3376
f 1079//825 1081//824 1082//3377
f 1080//823 1051//822 1096//3378
f 1080//823 1096//3378 1086//3379
f 1097//3380 1098//3376 1079//825
f 1079//825 1082//3377 1097//3380
f 1084//3381 1083//3382 1082//3377
f 1084//3381 1082//3377 1081//824
f 1083//3382 1085//826 1082//3377
f 1085//826 1080//823 1086//3379
f 1082//3377 1086//3379 1087//3383
f 1086//3379 1096//3378 1087//3383
f 1087//3383 1097//3380 1082//3377
f 1089//3384 1084//3381 1088//830
f 1088//830 1084//3381 1081//824
f 1085//826 1083//3382 1090//831
f 1084//3381 1089//3384 1083//3382
f 1083//3382 1092//3385 1090//831
f 1083//3382 1089//3384 1092//3385
f 1088//830 1091//832 1093//3386
f 1088//830 1093//3386 1089//3384
f 1089//3384 1093//3386 1092//3385
f 1092//3385 1093//3386 1150//3364
f 1092//3385 1150//3364 1090//831
f 1150//3364 1094//3387 1090//831
f 1090//831 1094//3387 1139//874
f 1093//3386 1091//832 1150//3364
f 1096//3378 1051//822 1095//3373
f 1096//3378 1095//3373 1097//3380
f 1095//3373 1098//3376 1097//3380
f 1097//3380 1087//3383 1096//3378
f 1071//811 1138//873 1133//3388
f 1139//874 1140//3389 1143//821
f 1141//3390 1140//3389 1139//874
f 1146//3391 1145//3362 1142//3392
f 1140//3389 1146//3391 1143//821
f 1140//3389 1141//3390 1144//3393
f 1144//3393 1145//3362 1146//3391
f 1142//3392 1158//3394 1146//3391
f 1146//3391 1140//3389 1144//3393
f 1158//3394 1143//821 1146//3391
f 1158//3394 1147//3395 1148//3396
f 1143//821 1158//3394 1148//3396
f 1150//3364 1151//3397 1094//3387
f 1150//3364 1154//3363 1151//3397
f 1094//3387 1151//3397 1152//3398
f 1153//879 1142//3392 1091//832
f 1142//3392 1150//3364 1091//832
f 1154//3363 1145//3362 1144//3393
f 1144//3393 1155//3399 1154//3363
f 1142//3392 1153//879 1156//3400
f 1153//879 1157//886 1156//3400
f 1156//3400 1157//886 1158//3394
f 1158//3394 1157//886 1147//3395
f 1157//886 1159//3401 1147//3395
f 1157//886 1216//885 1159//3401
f 1147//3395 1159//3401 1148//3396
f 1141//3390 1094//3387 1152//3398
f 1141//3390 1152//3398 1160//3402
f 1155//3399 1141//3390 1160//3402
f 1141//3390 1155//3399 1144//3393
f 1152//3398 1151//3397 1160//3402
f 1151//3397 1154//3363 1160//3402
f 1284//3403 1178//3404 1177//905
f 1179//906 1284//3403 1177//905
f 1191//3405 1071//811 1133//3388
f 1191//3405 1192//918 1193//859
f 1384//943 1133//3388 1194//944
f 1194//944 1133//3388 1197//937
f 1204//3406 1205//3407 1203//950
f 1202//949 1203//950 1205//3407
f 1148//3396 1149//878 1143//821
f 1207//3408 1208//3409 1209//3410
f 1148//3396 1207//3408 1149//878
f 1148//3396 1208//3409 1207//3408
f 1208//3409 1210//3411 1209//3410
f 1208//3409 1148//3396 1210//3411
f 1207//3408 1205//3407 1204//3406
f 1207//3408 1200//947 1149//878
f 1207//3408 1204//3406 1212//3412
f 1212//3412 1200//947 1207//3408
f 1212//3412 1201//948 1200//947
f 1211//3413 1201//948 1212//3412
f 1211//3413 1212//3412 1204//3406
f 1213//1071 1201//948 1211//3413
f 1211//3413 1204//3406 1214//3414
f 1204//3406 1203//950 1214//3414
f 1203//950 1410//1078 1214//3414
f 1215//952 1217//3415 1216//885
f 1217//3415 1159//3401 1216//885
f 1217//3415 1218//3416 1159//3401
f 1218//3416 1148//3396 1159//3401
f 1209//3410 1215//952 1202//949
f 1215//952 1210//3411 1217//3415
f 1210//3411 1148//3396 1218//3416
f 1210//3411 1218//3416 1217//3415
f 1205//3407 1209//3410 1202//949
f 1207//3408 1209//3410 1205//3407
f 1209//3410 1210//3411 1215//952
f 1228//963 1229//3417 1230//953
f 1231//3418 1227//962 1232//3419
f 1236//964 1232//3419 1227//962
f 1236//964 1233//3420 1232//3419
f 1236//964 1246//3421 1235//3422
f 1261//3423 1236//964 1235//3422
f 1236//964 1261//3423 1237//3424
f 1261//3423 1235//3422 1238//3425
f 1236//964 1240//971 1246//3421
f 1233//3420 1236//964 1241//3426
f 1244//3427 1245//975 1175//903
f 1244//3427 1175//903 1251//3428
f 1246//3421 1240//971 1247//3429
f 1247//3429 1240//971 1249//973
f 1244//3427 1248//3430 1245//975
f 1248//3430 1249//973 1245//975
f 1250//3431 1244//3427 1251//3428
f 1254//3432 1247//3429 1249//973
f 1244//3427 1254//3432 1248//3430
f 1248//3430 1254//3432 1249//973
f 1252//3433 1253//3434 1254//3432
f 1247//3429 1254//3432 1253//3434
f 1235//3422 1246//3421 1247//3429
f 1235//3422 1247//3429 1253//3434
f 1250//3431 1252//3433 1244//3427
f 1244//3427 1252//3433 1254//3432
f 1259//982 1253//3434 1252//3433
f 1255//985 1258//984 1250//3431
f 1238//3425 1235//3422 1253//3434
f 1256//983 1238//3425 1259//982
f 1238//3425 1253//3434 1259//982
f 1263//980 1256//983 1257//981
f 1252//3433 1258//984 1259//982
f 1433//3435 1261//3423 1256//983
f 1261//3423 1238//3425 1256//983
f 1256//983 1263//980 1433//3435
f 1270//3436 1251//3428 1175//903
f 1270//3436 1175//903 1177//905
f 1178//3404 1271//3437 1270//3436
f 1178//3404 1270//3436 1177//905
f 1269//3438 1251//3428 1270//3436
f 1269//3438 1270//3436 1271//3437
f 1269//3438 1271//3437 1272//3439
f 1269//3438 1272//3439 1273//996
f 1274//3440 1250//3431 1251//3428
f 1251//3428 1269//3438 1274//3440
f 1255//985 1250//3431 1274//3440
f 1255//985 1269//3438 1273//996
f 1284//3403 1179//906 1286//3441
f 1179//906 1180//907 1286//3441
f 1283//3442 1286//3441 1180//907
f 1271//3437 1178//3404 1285//3443
f 1178//3404 1284//3403 1285//3443
f 1285//3443 1284//3403 1286//3441
f 1285//3443 1286//3441 1287//3444
f 1287//3444 1286//3441 1283//3442
f 1285//3443 1287//3444 1288//1005
f 1288//1005 1287//3444 1283//3442
f 1271//3437 1285//3443 1272//3439
f 1272//3439 1285//3443 1288//1005
f 1288//1005 1283//3442 1289//1006
f 1272//3439 1288//1005 1273//996
f 1180//907 1292//1010 1283//3442
f 1297//3445 1283//3442 1292//1010
f 1292//1010 1293//1011 1297//3445
f 1298//1012 1297//3445 1293//1011
f 1289//1006 1283//3442 1300//1013
f 1297//3445 1296//3446 1283//3442
f 1283//3442 1296//3446 1294//1015
f 1295//3447 1296//3446 1297//3445
f 1296//3446 1295//3447 1294//1015
f 1295//3447 1297//3445 1298//1012
f 1300//1013 1283//3442 1294//1015
f 1294//1015 1295//3447 1302//1016
f 1313//3448 1307//3449 1310//3450
f 1314//3451 1313//3448 1310//3450
f 1308//3452 1310//3450 1309//3453
f 1308//3452 1314//3451 1310//3450
f 1307//3449 1309//3453 1310//3450
f 1308//3452 1309//3453 1311//3454
f 1311//3454 1309//3453 1312//3455
f 1312//3455 1309//3453 1307//3449
f 1313//3448 1314//3451 1315//1034
f 1316//1025 1319//3456 1298//1012
f 1298//1012 1319//3456 1295//3447
f 1319//3456 1302//1016 1295//3447
f 1319//3456 1307//3449 1313//3448
f 1319//3456 1316//1025 1307//3449
f 1312//3455 1307//3449 1316//1025
f 1315//1034 1302//1016 1313//3448
f 1327//1045 1328//3457 1329//1043
f 1330//3458 1510//3459 1308//3452
f 1330//3458 1308//3452 1311//3454
f 1332//1027 1329//1043 1312//3455
f 1311//3454 1312//3455 1329//1043
f 1311//3454 1329//1043 1334//3460
f 1336//3461 1327//1045 1337//1047
f 1336//3461 1337//1047 1338//3462
f 1338//3462 1339//3463 1340//3464
f 1337//1047 1339//3463 1338//3462
f 1328//3457 1327//1045 1336//3461
f 1341//3465 1338//3462 1340//3464
f 1342//1049 1339//3463 1337//1047
f 1343//3466 1339//3463 1342//1049
f 1339//3463 1343//3466 1344//3467
f 1339//3463 1344//3467 1340//3464
f 1340//3464 1344//3467 1345//3468
f 1344//3467 1343//3466 1345//3468
f 1355//3469 1343//3466 1353//3470
f 1348//1052 1359//1051 1350//3471
f 1349//3472 1350//3471 1361//3473
f 1348//1052 1350//3471 1351//3474
f 1352//3475 1351//3474 1350//3471
f 1351//3474 1353//3470 1343//3466
f 1354//3476 1353//3470 1351//3474
f 1354//3476 1351//3474 1352//3475
f 1349//3472 1354//3476 1352//3475
f 1352//3475 1350//3471 1349//3472
f 1355//3469 1353//3470 1354//3476
f 1342//1049 1357//1054 1343//3466
f 1343//3466 1357//1054 1351//3474
f 1351//3474 1357//1054 1348//1052
f 1359//1051 1361//3473 1350//3471
f 1360//1056 1361//3473 1359//1051
f 1362//1058 1361//3473 1360//1056
f 1361//3473 1362//1058 1364//3477
f 1363//3478 1361//3473 1364//3477
f 1364//3477 1365//3479 1363//3478
f 1365//3479 1364//3477 1366//3480
f 1364//3477 1372//3481 1366//3480
f 1364//3477 1362//1058 1368//3482
f 1362//1058 1369//1060 1368//3482
f 1370//3483 1371//3484 1372//3481
f 1370//3483 1372//3481 1368//3482
f 1368//3482 1372//3481 1364//3477
f 1368//3482 1369//1060 1370//3483
f 1373//3485 1370//3483 1369//1060
f 1369//1060 1374//1064 1373//3485
f 1373//3485 1375//3486 1370//3483
f 1375//3486 1373//3485 1377//3487
f 1366//3480 1372//3481 1371//3484
f 1370//3483 1376//3488 1371//3484
f 1376//3488 1370//3483 1540//3489
f 1370//3483 1375//3486 1540//3489
f 1540//3489 1375//3486 1541//3490
f 1541//3490 1375//3486 1377//3487
f 1371//3484 1378//3491 1366//3480
f 1378//3491 1371//3484 1376//3488
f 1191//3405 1374//1064 1192//918
f 1374//1064 1191//3405 1377//3487
f 1373//3485 1374//1064 1377//3487
f 1380//3492 1377//3487 1381//3493
f 1133//3388 1377//3487 1191//3405
f 1382//3494 1377//3487 1133//3388
f 1133//3388 1383//3495 1382//3494
f 1383//3495 1384//943 1385//1065
f 1133//3388 1384//943 1383//3495
f 1392//3496 1391//1073 1213//1071
f 1391//1073 1392//3496 1393//3497
f 1392//3496 1394//3498 1393//3497
f 1393//3497 1394//3498 1395//3499
f 1394//3498 1396//3500 1395//3499
f 1400//1074 1391//1073 1397//3501
f 1391//1073 1393//3497 1397//3501
f 1397//3501 1393//3497 1395//3499
f 1399//1076 1400//1074 1401//3502
f 1400//1074 1397//3501 1401//3502
f 1401//3502 1397//3501 1395//3499
f 1790//3503 1770//3504 1773//1295
f 1404//3505 1410//1078 1206//951
f 1403//3506 1206//951 1389//1079
f 1404//3505 1403//3506 1396//3500
f 1403//3506 1404//3505 1206//951
f 1403//3506 1405//3507 1396//3500
f 1406//3508 1405//3507 1403//3506
f 1406//3508 1403//3506 1389//1079
f 1405//3507 1395//3499 1396//3500
f 1211//3413 1214//3414 1409//3509
f 1409//3509 1214//3414 1410//1078
f 1409//3509 1213//1071 1211//3413
f 1408//3510 1213//1071 1409//3509
f 1408//3510 1392//3496 1213//1071
f 1408//3510 1409//3509 1394//3498
f 1408//3510 1394//3498 1392//3496
f 1412//1170 1395//3499 1411//3511
f 1410//1078 1203//950 1402//1077
f 1410//1078 1396//3500 1409//3509
f 1396//3500 1394//3498 1409//3509
f 1405//3507 1411//3511 1395//3499
f 1411//3511 1405//3507 1406//3508
f 1573//3512 1406//3508 1389//1079
f 1406//3508 1573//3512 1411//3511
f 1411//3511 1573//3512 1412//1170
f 1230//953 1229//3417 1415//1086
f 1416//3513 1229//3417 1231//3418
f 1415//1086 1420//3514 1418//1088
f 1420//3514 1415//1086 1229//3417
f 1231//3418 1232//3419 1416//3513
f 1429//3515 1229//3417 1416//3513
f 1232//3419 1426//3516 1416//3513
f 1426//3516 1232//3419 1427//3517
f 1232//3419 1233//3420 1427//3517
f 1426//3516 1429//3515 1416//3513
f 1428//3518 1427//3517 1444//3519
f 1428//3518 1426//3516 1427//3517
f 1429//3515 1426//3516 1428//3518
f 1605//3520 1429//3515 1430//3521
f 1430//3521 1429//3515 1428//3518
f 1430//3521 1428//3518 1444//3519
f 1589//3522 1588//3523 1604//3524
f 1261//3423 1432//3525 1237//3424
f 1432//3525 1261//3423 1433//3435
f 1433//3435 1434//1102 1435//3526
f 1433//3435 1435//3526 1432//3525
f 1435//3526 1436//1099 1432//3525
f 1435//3526 1434//1102 1437//3527
f 1436//1099 1435//3526 1438//3528
f 1439//1098 1432//3525 1436//1099
f 1439//1098 1440//3529 1432//3525
f 1618//1097 1436//1099 1438//3528
f 1618//1097 1438//3528 1619//3530
f 1438//3528 1437//3527 1619//3530
f 1233//3420 1241//3426 1441//3531
f 1241//3426 1236//964 1237//3424
f 1237//3424 1442//3532 1241//3426
f 1442//3532 1441//3531 1241//3426
f 1442//3532 1443//3533 1441//3531
f 1443//3533 1444//3519 1441//3531
f 1442//3532 1445//3534 1443//3533
f 1445//3534 1444//3519 1443//3533
f 1442//3532 1446//3535 1445//3534
f 1237//3424 1447//3536 1448//3537
f 1448//3537 1446//3535 1442//3532
f 1237//3424 1440//3529 1447//3536
f 1237//3424 1432//3525 1440//3529
f 1442//3532 1237//3424 1448//3537
f 1445//3534 1446//3535 1451//3538
f 1445//3534 1451//3538 1444//3519
f 1447//3536 1449//3539 1448//3537
f 1449//3539 1446//3535 1448//3537
f 1447//3536 1450//3540 1449//3539
f 1449//3539 1450//3540 1446//3535
f 1446//3535 1450//3540 1451//3538
f 1441//3531 1427//3517 1233//3420
f 1441//3531 1444//3519 1427//3517
f 1430//3521 1444//3519 1451//3538
f 1308//3452 1510//3459 1314//3451
f 1630//1104 1437//3527 1434//1102
f 1619//3530 1437//3527 1630//1104
f 1314//3451 1510//3459 1499//1148
f 1510//3459 1502//3541 1501//1151
f 1510//3459 1501//1151 1499//1148
f 1500//3542 1501//1151 1693//3543
f 1693//3543 1501//1151 1694//3544
f 1501//1151 1502//3541 1694//3544
f 1315//1034 1314//3451 1499//1148
f 1500//3542 1504//1153 1501//1151
f 1328//3457 1334//3460 1329//1043
f 1311//3454 1334//3460 1330//3458
f 1330//3458 1509//3545 1510//3459
f 1509//3545 1330//3458 1334//3460
f 1508//3546 1509//3545 1334//3460
f 1502//3541 1510//3459 1511//3547
f 1509//3545 1511//3547 1510//3459
f 1511//3547 1509//3545 1508//3546
f 1508//3546 1334//3460 1512//3548
f 1511//3547 1508//3546 1502//3541
f 1336//3461 1513//3549 1328//3457
f 1513//3549 1336//3461 1338//3462
f 1513//3549 1338//3462 1341//3465
f 1513//3549 1341//3465 1514//3550
f 1334//3460 1328//3457 1515//3551
f 1515//3551 1328//3457 1516//3552
f 1516//3552 1328//3457 1513//3549
f 1341//3465 1517//3553 1514//3550
f 1516//3552 1513//3549 1518//3554
f 1515//3551 1516//3552 1518//3554
f 1518//3554 1513//3549 1519//3555
f 1519//3555 1513//3549 1514//3550
f 1517//3553 1520//3556 1514//3550
f 1334//3460 1515//3551 1512//3548
f 1512//3548 1515//3551 1518//3554
f 1512//3548 1518//3554 1521//3557
f 1521//3557 1518//3554 1519//3555
f 1520//3556 1519//3555 1514//3550
f 1520//3556 1521//3557 1519//3555
f 1522//3558 1520//3556 1517//3553
f 1355//3469 1522//3558 1517//3553
f 1512//3548 1521//3557 1522//3558
f 1521//3557 1520//3556 1522//3558
f 1522//3558 1523//3559 1512//3548
f 1701//3560 1523//3559 1522//3558
f 1508//3546 1512//3548 1523//3559
f 1525//3561 1341//3465 1340//3464
f 1525//3561 1340//3464 1345//3468
f 1345//3468 1355//3469 1525//3561
f 1526//3562 1355//3469 1354//3476
f 1525//3561 1517//3553 1341//3465
f 1355//3469 1517//3553 1525//3561
f 1345//3468 1343//3466 1355//3469
f 1527//3563 1355//3469 1528//3564
f 1528//3564 1355//3469 1526//3562
f 1522//3558 1355//3469 1527//3563
f 1701//3560 1522//3558 1527//3563
f 1527//3563 1528//3564 1529//3565
f 1701//3560 1527//3563 1533//3566
f 1533//3566 1527//3563 1529//3565
f 1354//3476 1531//3567 1526//3562
f 1354//3476 1349//3472 1531//3567
f 1349//3472 1361//3473 1531//3567
f 1532//3568 1529//3565 1531//3567
f 1529//3565 1526//3562 1531//3567
f 1532//3568 1531//3567 1361//3473
f 1528//3564 1526//3562 1529//3565
f 1529//3565 1532//3568 1533//3566
f 1363//3478 1534//3569 1532//3568
f 1532//3568 1535//3570 1533//3566
f 1532//3568 1361//3473 1363//3478
f 1544//3571 1363//3478 1365//3479
f 1376//3488 1540//3489 1541//3490
f 1365//3479 1366//3480 1378//3491
f 1376//3488 1542//3572 1378//3491
f 1376//3488 1541//3490 1543//1162
f 1378//3491 1544//3571 1365//3479
f 1544//3571 1378//3491 1542//3572
f 1377//3487 1545//3573 1541//3490
f 1543//1162 1541//3490 1545//3573
f 1376//3488 1543//1162 1542//3572
f 1546//3574 1544//3571 1542//3572
f 1543//1162 1547//3575 1542//3572
f 1546//3574 1542//3572 1547//3575
f 1363//3478 1544//3571 1549//3576
f 1544//3571 1546//3574 1548//3577
f 1546//3574 1547//3575 1548//3577
f 1549//3576 1544//3571 1548//3577
f 1550//3578 1363//3478 1549//3576
f 1548//3577 1550//3578 1549//3576
f 1550//3578 1548//3577 1714//1243
f 1381//3493 1377//3487 1382//3494
f 1377//3487 1380//3492 1545//3573
f 1381//3493 1382//3494 1551//3579
f 1552//3580 1381//3493 1551//3579
f 1545//3573 1553//1163 1543//1162
f 1554//3581 1545//3573 1555//3582
f 1545//3573 1380//3492 1555//3582
f 1380//3492 1381//3493 1552//3580
f 1553//1163 1545//3573 1554//3581
f 1556//1164 1565//3583 1547//3575
f 1543//1162 1556//1164 1547//3575
f 1555//3582 1380//3492 1557//3584
f 1554//3581 1558//3585 1559//3586
f 1557//3584 1558//3585 1555//3582
f 1555//3582 1558//3585 1554//3581
f 1552//3580 1557//3584 1380//3492
f 1559//3586 1560//3587 1554//3581
f 1560//3587 1553//1163 1554//3581
f 1560//3587 1556//1164 1553//1163
f 1560//3587 1565//3583 1556//1164
f 1548//3577 1547//3575 1565//3583
f 1564//3588 1558//3585 1557//3584
f 1552//3580 1564//3588 1557//3584
f 1561//1244 1560//3587 1559//3586
f 1561//1244 1565//3583 1560//3587
f 1559//3586 1558//3585 1562//1240
f 1564//3588 1562//1240 1558//3585
f 1552//3580 1563//3589 1564//3588
f 1561//1244 1714//1243 1565//3583
f 1714//1243 1548//3577 1565//3583
f 1562//1240 1561//1244 1559//3586
f 1551//3579 1382//3494 1383//3495
f 1566//1165 1383//3495 1385//1065
f 1566//1165 1551//3579 1383//3495
f 1551//3579 1563//3589 1552//3580
f 1551//3579 1566//1165 1563//3589
f 1567//1245 1563//3589 1566//1165
f 1578//3590 1568//3591 1569//3592
f 1569//3592 1584//1169 1570//3593
f 1569//3592 1575//1168 1584//1169
f 1412//1170 1401//3502 1395//3499
f 1399//1076 1401//3502 1412//1170
f 1577//3594 1580//3595 1412//1170
f 1580//3595 1571//1171 1412//1170
f 1571//1171 1580//3595 1582//3596
f 1574//1167 1573//3512 1389//1079
f 1572//3597 1412//1170 1573//3512
f 1577//3594 1412//1170 1572//3597
f 1572//3597 1573//3512 1574//1167
f 1575//1168 1576//3598 1574//1167
f 1578//3590 1577//3594 1568//3591
f 1572//3597 1576//3598 1577//3594
f 1577//3594 1576//3598 1568//3591
f 1576//3598 1572//3597 1574//1167
f 1576//3598 1569//3592 1568//3591
f 1575//1168 1569//3592 1576//3598
f 1580//3595 1577//3594 1578//3590
f 1578//3590 1579//3599 1580//3595
f 1578//3590 1569//3592 1581//3600
f 1578//3590 1581//3600 1579//3599
f 1581//3600 1569//3592 1570//3593
f 1580//3595 1579//3599 1582//3596
f 1582//3596 1579//3599 1581//3600
f 1581//3600 1570//3593 1583//3601
f 1570//3593 1584//1169 1583//3601
f 1420//3514 1590//3602 1418//1088
f 1419//1089 1418//1088 1590//3602
f 1420//3514 1588//3523 1590//3602
f 1590//3602 1588//3523 1587//3603
f 1420//3514 1229//3417 1588//3523
f 1587//3603 1588//3523 1589//3522
f 1590//3602 1587//3603 1591//3604
f 1590//3602 1744//1172 1419//1089
f 1250//3431 1258//984 1252//3433
f 1587//3603 1589//3522 1591//3604
f 1590//3602 1591//3604 1592//3605
f 1593//3606 1591//3604 1589//3522
f 1592//3605 1591//3604 1593//3606
f 1790//3503 1594//3607 1595//3608
f 1588//3523 1229//3417 1596//3609
f 1595//3608 1599//3610 1450//3540
f 1599//3610 1598//3611 1450//3540
f 1450//3540 1598//3611 1430//3521
f 1597//3612 1605//3520 1598//3611
f 1599//3610 1600//3613 1598//3611
f 1597//3612 1598//3611 1600//3613
f 1597//3612 1601//3614 1605//3520
f 1600//3613 1599//3610 1595//3608
f 1601//3614 1597//3612 1602//3615
f 1603//3616 1600//3613 1595//3608
f 1596//3609 1429//3515 1604//3524
f 1596//3609 1229//3417 1429//3515
f 1604//3524 1429//3515 1605//3520
f 1598//3611 1605//3520 1430//3521
f 1588//3523 1596//3609 1604//3524
f 1158//3394 1142//3392 1156//3400
f 1604//3524 1605//3520 1589//3522
f 1605//3520 1606//3617 1589//3522
f 1593//3606 1589//3522 1606//3617
f 1605//3520 1601//3614 1606//3617
f 1607//3618 1606//3617 1601//3614
f 1593//3606 1606//3617 1607//3618
f 1607//3618 1601//3614 1602//3615
f 1607//3618 1602//3615 1608//3619
f 1608//3619 1593//3606 1607//3618
f 1439//1098 1617//3620 1440//3529
f 1637//3621 1618//1097 1619//3530
f 1617//3620 1618//1097 1622//3622
f 1439//1098 1618//1097 1617//3620
f 1621//3623 1595//3608 1617//3620
f 1617//3620 1595//3608 1440//3529
f 1617//3620 1622//3622 1621//3623
f 1595//3608 1621//3623 1790//3503
f 1790//3503 1621//3623 1620//3624
f 1620//3624 1621//3623 1622//3622
f 1620//3624 1622//3622 1636//3625
f 1636//3625 1622//3622 1618//1097
f 1636//3625 1623//3626 1620//3624
f 1620//3624 1624//3627 1790//3503
f 1620//3624 1623//3626 1624//3627
f 1447//3536 1440//3529 1595//3608
f 1451//3538 1450//3540 1430//3521
f 1450//3540 1447//3536 1595//3608
f 1629//3628 1630//1104 1462//1112
f 1462//1112 1631//3629 1629//3628
f 1629//3628 1631//3629 1632//3630
f 1619//3530 1630//1104 1633//3631
f 1633//3631 1630//1104 1629//3628
f 1631//3629 1634//3632 1632//3630
f 1619//3530 1633//3631 1637//3621
f 1633//3631 1629//3628 1635//3633
f 1632//3630 1635//3633 1629//3628
f 1636//3625 1618//1097 1637//3621
f 1633//3631 1636//3625 1637//3621
f 1636//3625 1633//3631 1638//3634
f 1633//3631 1635//3633 1638//3634
f 1635//3633 1639//3635 1638//3634
f 1636//3625 1638//3634 1623//3626
f 1623//3626 1638//3634 1640//3636
f 1640//3636 1638//3634 1639//3635
f 1641//3637 1623//3626 1640//3636
f 1642//1431 1623//3626 1641//3637
f 1632//3630 1639//3635 1635//3633
f 1639//3635 1632//3630 1643//3638
f 1643//3638 1632//3630 1634//3632
f 1644//3639 1643//3638 1634//3632
f 1643//3638 1645//3640 1646//3641
f 1643//3638 1646//3641 1639//3635
f 1644//3639 1645//3640 1643//3638
f 1640//3636 1639//3635 1641//3637
f 1639//3635 1646//3641 1641//3637
f 1641//3637 1646//3641 1645//3640
f 1642//1431 1641//3637 1645//3640
f 1647//1202 1642//1431 1645//3640
f 1462//1112 1464//1114 1631//3629
f 1464//1114 1656//1199 1631//3629
f 1656//1199 1660//1203 1631//3629
f 1660//1203 1656//1199 1657//1200
f 1658//1201 1659//3642 1657//1200
f 1657//1200 1659//3642 1660//1203
f 1659//3642 1662//1205 1660//1203
f 1631//3629 1644//3639 1634//3632
f 1660//1203 1644//3639 1631//3629
f 1660//1203 1647//1202 1644//3639
f 1647//1202 1645//3640 1644//3639
f 1659//3642 1658//1201 1672//3643
f 1672//3643 1658//1201 1482//1132
f 1482//1132 1673//3644 1672//3643
f 1671//1214 1673//3644 1482//1132
f 1671//1214 3781//3076 1673//3644
f 1674//3645 1675//3646 1673//3644
f 1673//3644 3782//1223 1674//3645
f 1672//3643 1662//1205 1659//3642
f 1672//3643 1673//3644 1676//1224
f 1673//3644 1677//1225 1676//1224
f 1677//1225 1673//3644 1675//3646
f 1676//1224 1662//1205 1672//3643
f 1681//3647 1682//3648 1683//3649
f 1504//1153 1689//3650 1681//3647
f 1681//3647 1683//3649 1504//1153
f 1504//1153 1500//3542 1689//3650
f 1681//3647 1689//3650 1684//1220
f 1682//3648 1681//3647 1684//1220
f 1684//1220 1686//1219 1682//3648
f 1688//1222 1684//1220 1689//3650
f 1690//3651 1674//3645 1493//1142
f 1504//1153 1683//3649 1690//3651
f 1493//1142 1504//1153 1690//3651
f 1691//3652 1675//3646 1674//3645
f 1691//3652 1674//3645 1690//3651
f 1682//3648 1691//3652 1683//3649
f 1691//3652 1690//3651 1683//3649
f 1677//1225 1675//3646 1691//3652
f 1686//1219 1691//3652 1682//3648
f 1677//1225 1691//3652 1686//1219
f 1693//3543 1694//3544 1695//3653
f 1695//3653 1694//3544 1523//3559
f 1694//3544 1502//3541 1523//3559
f 1693//3543 1696//3654 1689//3650
f 1693//3543 1689//3650 1500//3542
f 1693//3543 1695//3653 1696//3654
f 1688//1222 1696//3654 1697//1227
f 1695//3653 1697//1227 1696//3654
f 1689//3650 1696//3654 1688//1222
f 1523//3559 1502//3541 1508//3546
f 1523//3559 1701//3560 1695//3653
f 1701//3560 1697//1227 1695//3653
f 1701//3560 1702//1231 1697//1227
f 1706//3655 1701//3560 1533//3566
f 1706//3655 1702//1231 1701//3560
f 1535//3570 1706//3655 1533//3566
f 1706//3655 1707//3656 1702//1231
f 1706//3655 1535//3570 1707//3656
f 1534//3569 1707//3656 1535//3570
f 1707//3656 1534//3569 1708//3657
f 1707//3656 1708//3657 1704//1233
f 1704//1233 1702//1231 1707//3656
f 1532//3568 1534//3569 1535//3570
f 1704//1233 1708//3657 1709//1237
f 1713//3658 1564//3588 1711//1241
f 1711//1241 1710//1238 1713//3658
f 1562//1240 1713//3658 1710//1238
f 1363//3478 1550//3578 1534//3569
f 1534//3569 1714//1243 1709//1237
f 1534//3569 1550//3578 1714//1243
f 1709//1237 1708//3657 1534//3569
f 1713//3658 1562//1240 1564//3588
f 1563//3589 1711//1241 1564//3588
f 1563//3589 1567//1245 1711//1241
f 1716//1249 1718//3659 1717//1250
f 1718//3659 1719//3660 1720//3661
f 1722//1253 1723//3662 1739//1251
f 1724//1254 1723//3662 1722//1253
f 1727//3663 1723//3662 1724//1254
f 1726//1257 1727//3663 1724//1254
f 1728//3664 1729//1258 1571//1171
f 1582//3596 1728//3664 1571//1171
f 1729//1258 1728//3664 1733//3665
f 1733//3665 1728//3664 1730//3666
f 1731//3667 1733//3665 1730//3666
f 1729//1258 1732//3668 1716//1249
f 1729//1258 1733//3665 1732//3668
f 1733//3665 1731//3667 1734//3669
f 1732//3668 1733//3665 1734//3669
f 1732//3668 1734//3669 1719//3660
f 1716//1249 1732//3668 1718//3659
f 1732//3668 1719//3660 1718//3659
f 1720//3661 1719//3660 1741//3670
f 1583//3601 1582//3596 1581//3600
f 1728//3664 1582//3596 1730//3666
f 1582//3596 1583//3601 1730//3666
f 1730//3666 1583//3601 1735//3671
f 1731//3667 1730//3666 1735//3671
f 1583//3601 1740//3672 1735//3671
f 1583//3601 1584//1169 1736//1259
f 1740//3672 1583//3601 1736//1259
f 1731//3667 1735//3671 1740//3672
f 1739//1251 1740//3672 1736//1259
f 1738//3673 1719//3660 1737//3674
f 1734//3669 1737//3674 1719//3660
f 1734//3669 1740//3672 1737//3674
f 1740//3672 1734//3669 1731//3667
f 1738//3673 1739//1251 1723//3662
f 1738//3673 1737//3674 1739//1251
f 1740//3672 1739//1251 1737//3674
f 1738//3673 1723//3662 1719//3660
f 1723//3662 1741//3670 1719//3660
f 1741//3670 1723//3662 1742//3675
f 1723//3662 1727//3663 1742//3675
f 1775//3676 1753//3677 1750//3678
f 3625//3679 1753//3677 3624//3680
f 1753//3677 3626//3681 3627//3682
f 3624//3680 1753//3677 3627//3682
f 1760//3683 1752//3684 1757//3685
f 1750//3678 1752//3684 1758//3686
f 1758//3686 1752//3684 1760//3683
f 1757//3685 1763//3687 1760//3683
f 1750//3678 1758//3686 1759//3688
f 1758//3686 1760//3683 1759//3688
f 1760//3683 1763//3687 1761//3689
f 1750//3678 1753//3677 1752//3684
f 3631//3690 3629//3691 1752//3684
f 3631//3690 1752//3684 3625//3679
f 3709//3692 1763//3687 3630//3693
f 1823//3694 1592//3605 1593//3606
f 3618//3695 1592//3605 3632//3696
f 3633//3697 3632//3696 1592//3605
f 3711//3698 1823//3694 3647//3699
f 3634//3700 1592//3605 3711//3698
f 1085//826 1086//3379 1082//3377
f 1624//3627 1770//3504 1790//3503
f 1772//3701 1753//3677 1775//3676
f 1775//3676 1770//3504 1772//3701
f 1770//3504 1775//3676 1773//1295
f 1774//3702 1770//3504 1624//3627
f 1755//3703 1753//3677 1772//3701
f 1777//1296 1775//3676 1776//1304
f 1777//1296 1773//1295 1775//3676
f 3636//3704 1770//3504 3638//3705
f 3638//3705 1779//3706 3639//3707
f 1779//3706 1770//3504 1774//3702
f 3626//3681 1755//3703 3640//3708
f 3712//3709 3639//3707 1779//3706
f 1594//3607 1603//3616 1595//3608
f 1759//3688 1760//3683 1783//3710
f 1786//3711 1763//3687 1787//3712
f 1789//1297 1594//3607 1790//3503
f 1784//3713 1594//3607 1785//3714
f 1594//3607 1784//3713 1603//3616
f 1759//3688 1775//3676 1750//3678
f 1761//3689 1783//3710 1760//3683
f 1761//3689 1786//3711 1783//3710
f 1786//3711 1761//3689 1763//3687
f 1787//3712 1788//3715 1786//3711
f 1788//3715 1783//3710 1786//3711
f 1789//1297 1790//3503 1773//1295
f 1789//1297 1785//3714 1594//3607
f 1791//3716 1784//3713 1785//3714
f 1759//3688 1776//1304 1775//3676
f 1776//1304 1759//3688 1792//3057
f 1792//3057 1759//3688 1783//3710
f 1789//1297 1793//3717 1785//3714
f 1793//3717 1791//3716 1785//3714
f 956//696 969//3345 970//703
f 1777//1296 3713//1303 3641//3009
f 1793//3717 3719//1310 3644//3718
f 1602//3615 1800//3719 1801//3720
f 1602//3615 1597//3612 1800//3719
f 1800//3719 1597//3612 1802//3721
f 1801//3720 1803//3722 1608//3619
f 1800//3719 1804//3723 1801//3720
f 1602//3615 1801//3720 1608//3619
f 1804//3723 1800//3719 1802//3721
f 1603//3616 1805//3724 1600//3613
f 1802//3721 1597//3612 1600//3613
f 1807//3725 1801//3720 1804//3723
f 1804//3723 1788//3715 1807//3725
f 1805//3724 1806//3726 1802//3721
f 1802//3721 1806//3726 1804//3723
f 1784//3713 1805//3724 1603//3616
f 1600//3613 1805//3724 1802//3721
f 1787//3712 1807//3725 1788//3715
f 1803//3722 1801//3720 1807//3725
f 1788//3715 1804//3723 1808//3727
f 1808//3727 1804//3723 1806//3726
f 1809//3728 1812//3729 1806//3726
f 1809//3728 1806//3726 1805//3724
f 1809//3728 1784//3713 1791//3716
f 1805//3724 1784//3713 1809//3728
f 1810//3730 3722//3731 3723//3732
f 1792//3057 1788//3715 1811//3733
f 1792//3057 1783//3710 1788//3715
f 1811//3733 1788//3715 1808//3727
f 1808//3727 1806//3726 1812//3729
f 1811//3733 1808//3727 1812//3729
f 1812//3729 1809//3728 1795//3734
f 1795//3734 1809//3728 1791//3716
f 3723//3732 3724//3735 1810//3730
f 3726//3736 1811//3733 3725//3737
f 3728//3738 1812//3729 3727//3739
f 3728//3738 3725//3737 1811//3733
f 3726//3736 3729//3740 1792//3057
f 1608//3619 1823//3694 1593//3606
f 1820//3741 1608//3619 1803//3722
f 1820//3741 1823//3694 1608//3619
f 1820//3741 1803//3722 1821//3742
f 1823//3694 1820//3741 1821//3742
f 1821//3742 1803//3722 1810//3730
f 732//3255 741//545 675//3254
f 1624//3627 1623//3626 1871//3743
f 1774//3702 1624//3627 1871//3743
f 1774//3702 1871//3743 1642//1431
f 1642//1431 1872//3744 1774//3702
f 1872//3744 1779//3706 1774//3702
f 1642//1431 1873//1433 1872//3744
f 3712//3709 1872//3744 3743//3745
f 3744//3746 3743//3745 1872//3744
f 1642//1431 1871//3743 1623//3626
f 1919//3059 1717//1250 1718//3659
f 1923//3747 1919//3059 1718//3659
f 1923//3747 1718//3659 1920//3748
f 1921//3749 1923//3747 1920//3748
f 1919//3059 1923//3747 1922//3750
f 1922//3750 1923//3747 1924//3751
f 1926//3752 1919//3059 1922//3750
f 1924//3751 1926//3752 1922//3750
f 1727//3663 1726//1257 1928//1497
f 1720//3661 1920//3748 1718//3659
f 1930//1255 1932//3753 1929//1498
f 1923//3747 1921//3749 1931//3754
f 1923//3747 1931//3754 1932//3753
f 1924//3751 1923//3747 1933//3755
f 1923//3747 1932//3753 1933//3755
f 3694//3756 1933//3755 3762//3757
f 1926//3752 1924//3751 3695//3758
f 3695//3758 1924//3751 3694//3756
f 3761//3759 3762//3757 1933//3755
f 1942//3760 1720//3661 1741//3670
f 1942//3760 1741//3670 1943//3761
f 1741//3670 1742//3675 1943//3761
f 1727//3663 1943//3761 1742//3675
f 1727//3663 1928//1497 1943//3761
f 1942//3760 1920//3748 1720//3661
f 1944//3762 1943//3761 1928//1497
f 1929//1498 1944//3762 1928//1497
f 1942//3760 1943//3761 1944//3762
f 1932//3753 1944//3762 1929//1498
f 1921//3749 1920//3748 1945//3763
f 1945//3763 1920//3748 1942//3760
f 1932//3753 1945//3763 1944//3762
f 1944//3762 1945//3763 1942//3760
f 1931//3754 1921//3749 1945//3763
f 1931//3754 1945//3763 1932//3753
f 3697//3764 1592//3605 3634//3700
f 3633//3697 1592//3605 3697//3764
f 3720//3765 1793//3717 3644//3718
f 61//3106 66//34 48//3096
f 129//3135 121//3131 240//150
f 1933//3755 1930//1255 1935//1501
f 1590//3602 1592//3605 1744//1172
f 1437//3527 1438//3528 1435//3526
f 1433//3435 1263//980 1434//1102
f 1396//3500 1410//1078 1404//3505
f 1332//1027 1312//3455 1316//1025
f 1319//3456 1313//3448 1302//1016
f 1274//3440 1269//3438 1255//985
f 1228//963 1231//3418 1229//3417
f 1197//937 1133//3388 1138//873
f 1193//859 1071//811 1191//3405
f 1155//3399 1160//3402 1154//3363
f 1145//3362 1150//3364 1142//3392
f 1139//874 1094//3387 1141//3390
f 1034//3369 996//3357 1032//3367
f 956//696 1027//775 1028//3344
f 295//3176 292//111 170//3140
f 736//3267 773//3292 770//3290
f 732//3255 666//498 733//497
f 673//3249 674//3253 665//3247
f 572//428 660//502 571//501
f 314//203 198//3155 208//124
f 114//3124 112//3122 121//3131
f 115//3125 116//3126 109//67
f 102//64 95//59 101//3116
f 1228//963 1227//962 1231//3418
f 1933//3755 1932//3753 1930//1255
f 109//67 106//65 108//3120
f 115//3125 107//3119 116//3126
f 109//67 108//3120 115//3125
f 116//3126 217//133 109//67
f 1821//3742 3731//3766 3730//3767
f 1810//3730 3731//3766 1821//3742
f 3721//3768 1803//3722 1807//3725
f 3720//3765 1791//3716 1793//3717
f 1795//3734 3715//3769 3714//3770
f 3710//3771 1807//3725 1787//3712
f 1787//3712 3709//3692 3710//3771
f 1935//1501 3761//3759 1933//3755
f 1919//3059 1926//3752 3692//3060
f 1873//1433 3744//3746 1872//3744
f 1821//3742 3646//3772 1823//3694
f 1823//3694 3646//3772 3647//3699
f 1795//3734 3714//3770 3645//3773
f 3645//3773 1812//3729 1795//3734
f 1772//3701 3640//3708 1755//3703
f 3636//3704 1772//3701 1770//3504
f 1757//3685 3629//3691 3628//3774
f 1757//3685 3630//3693 1763//3687
f 1744//1172 3618//3695 3617//1264
f 3782//1223 1493//1142 1674//3645
f 3567//2914 3564//3775 3818//3776
f 3786//3777 3264//2744 3079//2558
f 3082//2561 3264//2744 3783//3778
f 3783//3778 3784//3779 3082//2561
f 3082//2561 3784//3779 3083//2570
f 3783//3778 3264//2744 3786//3777
f 3785//3780 3788//3781 3784//3779
f 3785//3780 3784//3779 3783//3778
f 3786//3777 3785//3780 3783//3778
f 3804//3782 3787//3783 3786//3777
f 3787//3783 3785//3780 3786//3777
f 3787//3783 3788//3781 3785//3780
f 3286//2766 3284//2764 3788//3781
f 3287//2767 3286//2766 3788//3781
f 3287//2767 3790//3784 3288//2768
f 3287//2767 3788//3781 3790//3784
f 3289//2770 3291//2771 3789//3785
f 3291//2771 3288//2768 3789//3785
f 3288//2768 3790//3784 3789//3785
f 3284//2764 3083//2570 3784//3779
f 3284//2764 3784//3779 3788//3781
f 3787//3783 3790//3784 3788//3781
f 3268//2740 3266//2745 3791//3786
f 3267//2746 3791//3786 3266//2745
f 3268//2740 3791//3786 3426//2752
f 3791//3786 3425//2890 3426//2752
f 3791//3786 3792//3787 3425//2890
f 3791//3786 3267//2746 3807//3788
f 3425//2890 3792//3787 3427//2750
f 3791//3786 3793//3789 3792//3787
f 3794//3790 3427//2750 3792//3787
f 3793//3789 3794//3790 3792//3787
f 3567//2914 3796//3791 3795//3792
f 3796//3791 3789//3785 3799//3793
f 3799//3793 3789//3785 3798//3794
f 3789//3785 3787//3783 3798//3794
f 3797//3795 3798//3794 3804//3782
f 3799//3793 3798//3794 3800//3796
f 3797//3795 3800//3796 3798//3794
f 3797//3795 3804//3782 3801//3797
f 3800//3796 3796//3791 3799//3793
f 3801//3797 3802//3798 3797//3795
f 3803//3799 3796//3791 3800//3796
f 3428//2889 3429//2751 3786//3777
f 3428//2889 3786//3777 3079//2558
f 3429//2751 3804//3782 3786//3777
f 3798//3794 3787//3783 3804//3782
f 3429//2751 3427//2750 3804//3782
f 3804//3782 3427//2750 3430//3800
f 3794//3790 3430//3800 3427//2750
f 3804//3782 3430//3800 3801//3797
f 3431//3801 3801//3797 3430//3800
f 3794//3790 3431//3801 3430//3800
f 3431//3801 3802//3798 3801//3797
f 3431//3801 3805//3802 3802//3798
f 3805//3802 3431//3801 3794//3790
f 3444//2902 3440//2899 3796//3791
f 3440//2899 3283//2761 3796//3791
f 3796//3791 3567//2914 3444//2902
f 3289//2770 3796//3791 3283//2761
f 3790//3784 3787//3783 3789//3785
f 3789//3785 3796//3791 3289//2770
f 3806//3803 3464//2919 3446//2912
f 3806//3803 3467//2908 3464//2919
f 3469//2929 3467//2908 3806//3803
f 3493//3804 3495//3805 3863//3806
f 3495//3805 3864//3807 3863//3806
f 3821//3808 3808//3809 3810//3810
f 3625//3679 3810//3810 3809//3811
f 3626//3681 3810//3810 3627//3682
f 3624//3680 3627//3682 3810//3810
f 3815//3812 3812//3813 3809//3811
f 3808//3809 3813//3814 3809//3811
f 3813//3814 3815//3812 3809//3811
f 3812//3813 3815//3812 3817//3815
f 3808//3809 3814//3816 3813//3814
f 3813//3814 3814//3816 3815//3812
f 3815//3812 3816//3817 3817//3815
f 3808//3809 3809//3811 3810//3810
f 3631//3690 3809//3811 3629//3691
f 3631//3690 3625//3679 3809//3811
f 3709//3692 3817//3815 3827//3818
f 3849//3819 3794//3790 3793//3789
f 3618//3695 3793//3789 3807//3788
f 3633//3697 3793//3789 3632//3696
f 3711//3698 3849//3819 3793//3789
f 3634//3700 3711//3698 3793//3789
f 3447//2911 3567//2914 3818//3776
f 3819//3820 3821//3808 3810//3810
f 3821//3808 3819//3820 3818//3776
f 3818//3776 3564//3775 3821//3808
f 3820//3821 3447//2911 3818//3776
f 3811//3822 3819//3820 3810//3810
f 3566//3008 3565//3010 3821//3808
f 3566//3008 3821//3808 3564//3775
f 3636//3704 3638//3705 3818//3776
f 3638//3705 3822//3823 3818//3776
f 3822//3823 3820//3821 3818//3776
f 3626//3681 3640//3708 3811//3822
f 3712//3709 3822//3823 3639//3707
f 3795//3792 3796//3791 3803//3799
f 3814//3816 3823//3824 3815//3812
f 3826//3825 3827//3818 3817//3815
f 3829//3826 3567//2914 3795//3792
f 3824//3827 3825//3828 3795//3792
f 3795//3792 3803//3799 3824//3827
f 3814//3816 3808//3809 3821//3808
f 3816//3817 3815//3812 3823//3824
f 3816//3817 3823//3824 3826//3825
f 3826//3825 3817//3815 3816//3817
f 3827//3818 3826//3825 3828//3829
f 3828//3829 3826//3825 3823//3824
f 3829//3826 3564//3775 3567//2914
f 3829//3826 3795//3792 3825//3828
f 3830//3830 3825//3828 3824//3827
f 3814//3816 3821//3808 3565//3010
f 3565//3010 3831//3831 3814//3816
f 3831//3831 3823//3824 3814//3816
f 3829//3826 3825//3828 3832//3832
f 3832//3832 3825//3828 3830//3830
f 3719//1310 3832//3832 3644//3718
f 3802//3798 3835//3833 3834//3834
f 3802//3798 3834//3834 3797//3795
f 3834//3834 3836//3835 3797//3795
f 3835//3833 3805//3802 3837//3836
f 3834//3834 3835//3833 3838//3837
f 3802//3798 3805//3802 3835//3833
f 3838//3837 3836//3835 3834//3834
f 3803//3799 3800//3796 3839//3838
f 3836//3835 3800//3796 3797//3795
f 3841//3839 3838//3837 3835//3833
f 3838//3837 3841//3839 3828//3829
f 3839//3838 3836//3835 3840//3840
f 3836//3835 3838//3837 3840//3840
f 3824//3827 3803//3799 3839//3838
f 3800//3796 3836//3835 3839//3838
f 3827//3818 3828//3829 3841//3839
f 3837//3836 3841//3839 3835//3833
f 3828//3829 3842//3841 3838//3837
f 3842//3841 3840//3840 3838//3837
f 3843//3842 3840//3840 3846//3843
f 3843//3842 3839//3838 3840//3840
f 3843//3842 3830//3830 3824//3827
f 3839//3838 3843//3842 3824//3827
f 3722//3731 3844//3844 3723//3732
f 3831//3831 3845//3845 3828//3829
f 3831//3831 3828//3829 3823//3824
f 3845//3845 3842//3841 3828//3829
f 3842//3841 3846//3843 3840//3840
f 3845//3845 3846//3843 3842//3841
f 3846//3843 3833//3846 3843//3842
f 3833//3846 3830//3830 3843//3842
f 3723//3732 3844//3844 3724//3735
f 3726//3736 3845//3845 3831//3831
f 3728//3738 3846//3843 3845//3845
f 3728//3738 3845//3845 3725//3737
f 3726//3736 3831//3831 3729//3740
f 3805//3802 3794//3790 3849//3819
f 3847//3847 3837//3836 3805//3802
f 3847//3847 3805//3802 3849//3819
f 3847//3847 3848//3848 3837//3836
f 3849//3819 3848//3848 3847//3847
f 3848//3848 3844//3844 3837//3836
f 3820//3821 3594//3033 3447//2911
f 3820//3821 3806//3803 3594//3033
f 3806//3803 3820//3821 3850//3849
f 3850//3849 3820//3821 3822//3823
f 3806//3803 3850//3849 3851//3850
f 3712//3709 3850//3849 3822//3823
f 3744//3746 3850//3849 3743//3745
f 3806//3803 3446//2912 3594//3033
f 3852//3851 3539//2981 3538//2980
f 3855//3852 3539//2981 3852//3851
f 3855//3852 3775//3042 3539//2981
f 3853//3853 3775//3042 3855//3852
f 3852//3851 3854//3854 3855//3852
f 3854//3854 3856//3855 3855//3852
f 1926//3752 3854//3854 3852//3851
f 3856//3855 3854//3854 1926//3752
f 3857//3856 3777//3045 3859//3857
f 3855//3852 3858//3858 3853//3853
f 3855//3852 3859//3857 3858//3858
f 3856//3855 3860//3859 3855//3852
f 3855//3852 3860//3859 3859//3857
f 3694//3756 3860//3859 3856//3855
f 1926//3752 3695//3758 3856//3855
f 3695//3758 3694//3756 3856//3855
f 3761//3759 3860//3859 3762//3757
f 3859//3857 3777//3045 3780//3053
f 3853//3853 3862//3860 3775//3042
f 3862//3860 3778//3052 3775//3042
f 3859//3857 3780//3053 3862//3860
f 3780//3053 3778//3052 3862//3860
f 3858//3858 3862//3860 3853//3853
f 3858//3858 3859//3857 3862//3860
f 3697//3764 3634//3700 3793//3789
f 3633//3697 3697//3764 3793//3789
f 3720//3765 3644//3718 3832//3832
f 3860//3859 3861//3861 3857//3856
f 3791//3786 3807//3788 3793//3789
f 3860//3859 3857//3856 3859//3857
f 3848//3848 3730//3767 3731//3766
f 3844//3844 3731//3766 3724//3735
f 3837//3836 3721//3768 3841//3839
f 3830//3830 3720//3765 3832//3832
f 3833//3846 3715//3769 3830//3830
f 3841//3839 3710//3771 3827//3818
f 3827//3818 3710//3771 3709//3692
f 3861//3861 3761//3759 3693//1500
f 3852//3851 3692//3060 1926//3752
f 3851//3850 3744//3746 3665//1434
f 3848//3848 3646//3772 3730//3767
f 3849//3819 3647//3699 3646//3772
f 3833//3846 3645//3773 3714//3770
f 3846//3843 3645//3773 3833//3846
f 3640//3708 3819//3820 3811//3822
f 3819//3820 3636//3704 3818//3776
f 3812//3813 3629//3691 3809//3811
f 3630//3693 3812//3813 3817//3815
f 3807//3788 3617//1264 3618//3695
f 3864//3807 3496//3862 3333//3863
f 3608//1160 1386//1066 1530//1156
f 3611//1176 1413//1082 1219//954
f 1135//870 1386//1066 3613//1242
f 1103//837 1102//836 3620//1267
f 1226//961 1106//840 3622//1285
f 1841//1353 1854//1371 3736//1372
f 1854//1371 1860//1382 3738//1384
f 1860//1382 1859//1383 3740//1386
f 3655//1389 1615//1184 1863//1388
f 3583//1417 3574//3015 3734//1355
f 1886//1404 1837//1364 3747//1422
f 1899//1443 1906//1460 3671//1458
f 1121//856 1628//1190 3678//1478
f 1692//1226 1358//1055 3687//1488
f 1387//1067 1717//1250 3688//1491
f 1699//1229 1498//1147 3700//1597
f 3705//1682 1628//1190 1226//961
f 1908//1465 1910//1466 3757//1474
f 3608//1160 3607//1161 3370//2844
f 3611//1176 3610//1177 3069//2563
f 3678//1478 3451//2917 2971//2474
f 3613//1242 3236//2720 2985//2487
f 3622//1285 2956//2462 3076//2568
f 3620//1267 2952//2456 2953//2457
f 3713//1303 3565//3010 3566//3008
f 3736//1372 3586//3025 3583//1417
f 3688//1491 3538//2980 3237//2722
f 3740//1386 3587//3029 3588//3026
f 3738//1384 3588//3026 3586//3025
f 3655//1389 3654//1390 3590//3021
f 3747//1422 3580//3022 3601//3028
f 3671//1458 3771//3047 3767//3040
f 3687//1488 3208//2723 3514//2963
f 3768//3041 3752//3864 3751//1452
f 3767//3040 3766//3039 3750//3051
f 3700//1597 3338//2790 3521//2967
f 3705//1682 3704//1681 3076//2568
f 3757//1474 3773//3049 3772//3048
f 1930//1255 3758//3073 3759//3056
f 3751//1452 3752//3864 1900//1444
f 1899//1443 3749//1459 3750//3051
f 1841//1353 3735//1373 3734//1355
f 1792//3057 3729//3740 3718//1306
f 1919//3059 3691//3061 3690//3062
f 1524//1155 1699//1229 3686//1604
f 1680//1217 3681//3065 3682//3064
f 1680//1217 1692//1226 3683//3063
f 3680//3066 3679//3865 1670//1213
f 1485//1135 3677//3866 3699//3058
f 3676//1479 3677//3866 1485//1135
f 1670//1213 3679//3865 3675//1476
f 1906//1460 1908//1465 3673//1470
f 1900//1444 3752//3864 3670//1447
f 1896//1432 3669//1446 3668//1438
f 1893//1430 3667//1437 3666//1435
f 1886//1404 3746//1423 3663//1420
f 1877//1406 3745//1419 3662//3067
f 1879//1405 3660//1410 3755//1472
f 1867//1396 1627//1189 3659//1429
f 1867//1396 3657//1400 3742//1395
f 1615//1184 3655//1389 3656//1556
f 3741//1393 3654//1390 1863//1388
f 3732//1356 3649//3867 1838//1339
f 1838//1339 3649//3867 3648//3068
f 1777//1296 3641//3009 3642//3069
f 3696//1668 3623//3070 1106//840
f 1744//1172 3708//1265 3616//1262
f 1358//1055 1387//1067 3615//1629
f 3609//1263 3610//1177 1219//954
f 1530//1156 1524//1155 3612//1613
f 1101//835 3606//3072 3619//1266
f 1413//1082 3605//1666 3606//3072
f 1407//1166 3604//3075 3758//3073
f 1407//1166 1389//1079 3603//3074
f 1135//870 3602//1248 3603//3074
f 3364//2832 3685//1612 3686//1604
f 3502//2955 3774//3006 3682//3064
f 3502//2955 3681//3065 3683//3063
f 3492//2939 3679//3865 3680//3066
f 3699//3058 3677//3866 3325//2804
f 3325//2804 3677//3866 3676//1479
f 3675//1476 3679//3865 3492//2939
f 3771//3047 3672//1464 3673//1470
f 3670//1447 3752//3864 3768//3041
f 3668//1438 3669//1446 3764//3038
f 3663//1420 3746//1423 3601//3028
f 3597//3031 3598//3030 3662//3067
f 3598//3030 3773//3049 3755//1472
f 3592//3032 3658//1401 3659//1429
f 3742//1395 3657//1400 3592//3032
f 3438//2895 3587//3029 3656//1556
f 3590//3021 3654//1390 3741//1393
f 3581//3014 3649//3867 3732//1356
f 3648//3068 3649//3867 3581//3014
f 2956//2462 3623//3070 3696//1668
f 3208//2723 3614//1490 3615//1629
f 3069//2563 3610//1177 3609//1263
f 3370//2844 3607//1161 3612//1613
f 2951//777 2952//2456 3619//1266
f 3262//2743 2951//777 3606//3072
f 3256//2868 3604//3075 3603//3074
f 2985//2487 3238//2731 3603//3074
f 1673//3644 3781//3076 3782//1223
f 3625//3679 1752//3684 1753//3677
f 1753//3677 1755//3703 3626//3681
f 3709//3692 1787//3712 1763//3687
f 3618//3695 1744//1172 1592//3605
f 3711//3698 1592//3605 1823//3694
f 3638//3705 1770//3504 1779//3706
f 1777//1296 1776//1304 3713//1303
f 1793//3717 1789//1297 3719//1310
f 1810//3730 1803//3722 3722//3731
f 3726//3736 1792//3057 1811//3733
f 3728//3738 1811//3733 1812//3729
f 3712//3709 1779//3706 1872//3744
f 3694//3756 1924//3751 1933//3755
f 1810//3730 3724//3735 3731//3766
f 3721//3768 3722//3731 1803//3722
f 3720//3765 3715//3769 1791//3716
f 1795//3734 1791//3716 3715//3769
f 3710//3771 3721//3768 1807//3725
f 1935//1501 3693//1500 3761//3759
f 1873//1433 3665//1434 3744//3746
f 1821//3742 3730//3767 3646//3772
f 3645//3773 3727//3739 1812//3729
f 1772//3701 3637//3868 3640//3708
f 3636//3704 3637//3868 1772//3701
f 1757//3685 1752//3684 3629//3691
f 1757//3685 3628//3774 3630//3693
f 3495//3805 3496//3862 3864//3807
f 3625//3679 3624//3680 3810//3810
f 3626//3681 3811//3822 3810//3810
f 3709//3692 3630//3693 3817//3815
f 3618//3695 3632//3696 3793//3789
f 3711//3698 3647//3699 3849//3819
f 3638//3705 3639//3707 3822//3823
f 3719//1310 3829//3826 3832//3832
f 3722//3731 3837//3836 3844//3844
f 3726//3736 3725//3737 3845//3845
f 3728//3738 3727//3739 3846//3843
f 3712//3709 3743//3745 3850//3849
f 3694//3756 3762//3757 3860//3859
f 3844//3844 3848//3848 3731//3766
f 3837//3836 3722//3731 3721//3768
f 3830//3830 3715//3769 3720//3765
f 3833//3846 3714//3770 3715//3769
f 3841//3839 3721//3768 3710//3771
f 3861//3861 3860//3859 3761//3759
f 3851//3850 3850//3849 3744//3746
f 3848//3848 3849//3819 3646//3772
f 3846//3843 3727//3739 3645//3773
f 3640//3708 3637//3868 3819//3820
f 3819//3820 3637//3868 3636//3704
f 3812//3813 3628//3774 3629//3691
f 3630//3693 3628//3774 3812//3813
