# Blender 5.0.1
# www.blender.org
mtllib frontalis_left.mtl
o Frontalis.l_Generated_Mesh_From_X3D.001
v 2.894960 1.989716 0.796012
v 2.889510 1.889014 0.826962
v 2.891911 1.912266 0.834712
v 2.891561 1.935518 0.788262
v 2.889360 1.927763 0.780512
v 2.896160 1.950967 0.780512
v 2.906710 2.121413 0.672012
v 2.901510 1.981968 0.772762
v 2.901960 1.989716 0.780512
v 2.893610 1.997465 0.803762
v 2.884960 2.229917 0.674162
v 2.892710 2.224213 0.672012
v 2.869710 1.981968 0.826962
v 2.909860 2.105916 0.703012
v 2.892660 2.113664 0.648812
v 2.861711 1.943213 0.719412
v 2.909610 2.136916 0.672012
v 2.908210 2.209216 0.641062
v 2.886360 2.446818 0.532562
v 2.882111 2.400368 0.571312
v 2.869460 2.214414 0.548712
v 2.901510 2.299613 0.548061
v 2.893610 2.501065 0.447362
v 2.883810 2.477813 0.416362
v 2.886460 2.524316 0.462862
v 2.874960 2.656013 0.323412
v 2.836960 1.656568 0.958712
v 2.875211 1.811516 0.888962
v 2.855860 1.734066 0.896712
v 2.790610 1.532614 1.043912
v 2.815210 1.648813 1.001012
v 2.847710 1.718563 0.950962
v 2.776510 1.484066 1.036162
v 2.826560 1.625615 0.958712
v 2.813960 1.881266 0.997412
v 2.827510 1.881266 0.974162
v 2.787560 1.749563 1.051661
v 2.835610 1.989716 0.935462
v 2.829560 1.672065 0.896712
v 2.853960 1.809967 0.919962
v 2.802110 1.687568 1.005162
v 2.869460 1.842517 0.898112
v 2.847010 1.865768 0.904462
v 2.848460 1.927763 0.912212
v 2.848560 1.920015 0.896712
v 2.840961 1.865768 0.919962
v 2.861160 2.005213 0.857962
v 2.856460 2.175665 0.819212
v 2.822960 2.012968 0.935662
v 2.784260 1.927763 1.012161
v 2.841810 2.245414 0.803762
v 2.784910 2.036214 0.989662
v 2.799760 2.221614 0.896712
v 2.836360 2.237666 0.834712
v 2.872210 1.811516 0.850212
v 2.838460 1.796013 0.803762
v 2.869460 1.881266 0.878712
v 2.859961 1.981968 0.842462
v 2.862160 2.043968 0.811512
v 2.867960 2.222168 0.734012
v 2.869460 2.167916 0.725512
v 2.869660 2.245414 0.734012
v 2.853960 2.329564 0.734012
v 2.838460 2.384865 0.718262
v 2.846210 1.966464 0.692312
v 2.807460 1.933414 0.741762
v 2.865911 2.431315 0.610062
v 2.855610 2.369368 0.703012
v 2.822960 1.809967 0.788262
v 2.862010 2.431315 0.625562
v 2.846660 2.392614 0.703012
v 2.810310 2.687013 0.563562
v 2.863010 2.400368 0.602312
v 2.857060 2.547568 0.555812
v 2.847110 2.532065 0.579062
v 2.830710 2.671516 0.496112
v 2.839610 2.578515 0.555812
v 2.838460 2.439064 0.382812
v 2.869460 2.400368 0.585362
v 2.858860 2.555317 0.493862
v 2.852961 2.625018 0.493862
v 2.858760 2.524316 0.548061
v 2.856710 2.516568 0.532562
v 2.844110 2.671516 0.439612
v 2.843360 2.687013 0.462862
v 2.822960 2.322865 0.455912
v 2.839760 2.733463 0.385362
v 2.832961 2.733463 0.439612
v 2.863710 2.594018 0.455112
v 2.832010 2.880662 0.300161
v 2.853960 2.614665 0.307912
v 2.862610 2.710265 0.276912
v 2.867710 2.717966 0.307912
v 2.855460 2.717966 0.331161
v 2.848560 2.733463 0.331161
v 2.845310 2.756715 0.338912
v 2.799760 2.632767 0.247762
v 2.815210 2.632767 0.256662
v 2.839010 2.725714 0.238162
v 2.861610 2.725714 0.307912
v 2.866611 2.725714 0.292412
v 2.848960 2.756715 0.253662
v 2.843360 2.756715 0.323412
v 2.835410 2.803218 0.276912
v 2.824360 2.803218 0.253662
v 2.833910 2.818716 0.261412
v 2.838060 2.841967 0.276912
v 2.838460 2.826464 0.278562
v 2.812760 2.810967 0.214912
v 2.815210 2.764463 0.201112
v 2.833110 2.841967 0.269162
v 2.808260 2.865213 0.230412
v 2.801860 2.903914 0.222661
v 2.815161 2.841967 0.222661
v 2.688910 1.408666 1.183362
v 2.704510 1.486117 1.175611
v 2.691260 1.280063 1.152362
v 2.709260 1.369917 1.144612
v 2.733110 1.462913 1.121412
v 2.789460 1.679814 1.036162
v 2.737760 1.703066 1.108912
v 2.784260 1.827013 1.043612
v 2.761010 1.811516 1.061262
v 2.768760 1.896763 1.034312
v 2.745510 1.803768 1.074212
v 2.738160 1.865768 1.105912
v 2.753260 1.981968 1.063562
v 2.773310 2.043968 1.020662
v 2.718910 1.997465 1.098162
v 2.770510 2.059466 1.020662
v 2.741310 1.424164 1.020662
v 2.792010 1.577568 0.927712
v 2.761010 1.540363 0.925462
v 2.816360 2.090466 0.919962
v 2.774360 2.129167 0.974162
v 2.765561 2.105916 1.005162
v 2.771360 2.206665 0.966462
v 2.774360 2.043968 1.005162
v 2.754510 2.144665 1.012912
v 2.792010 1.625067 0.888962
v 2.776510 1.617867 0.891062
v 2.784260 2.228868 0.904462
v 2.778010 2.415818 0.819212
v 2.754060 2.214414 0.989662
v 2.767360 2.330613 0.919962
v 2.761010 1.617867 0.898362
v 2.807460 1.749563 0.823412
v 2.815210 1.741815 0.826812
v 2.784260 1.748514 0.842462
v 2.796410 1.889014 0.788262
v 2.796960 1.920015 0.780512
v 2.768760 1.869917 0.842462
v 2.761910 1.842517 0.873462
v 2.770360 1.881266 0.850212
v 2.762160 1.858014 0.873462
v 2.779560 2.005213 0.788262
v 2.754410 1.889014 0.865712
v 2.784260 2.415818 0.802362
v 2.778260 2.439064 0.834712
v 2.761010 2.470064 0.849712
v 2.793760 2.067214 0.718512
v 2.773510 2.175665 0.695261
v 2.757310 2.059466 0.803762
v 2.776510 2.676666 0.648812
v 2.764210 2.679265 0.687512
v 2.761910 2.539814 0.803761
v 2.738610 2.570766 0.803761
v 2.755361 2.710265 0.687512
v 2.807460 1.933414 0.757262
v 2.807460 1.952016 0.757262
v 2.796710 1.950967 0.765012
v 2.807460 2.020717 0.717262
v 2.776510 2.217513 0.664262
v 2.770860 2.175665 0.726261
v 2.761010 2.175665 0.742312
v 2.768760 2.306867 0.648812
v 2.810560 1.997465 0.703012
v 2.822960 2.053767 0.648812
v 2.810910 2.059466 0.672012
v 2.809760 2.144665 0.641062
v 2.814910 2.020717 0.703012
v 2.813360 2.136916 0.633312
v 2.799760 2.136916 0.653262
v 2.794960 2.284116 0.579062
v 2.771111 2.315116 0.625562
v 2.765660 2.725714 0.648812
v 2.773510 2.810967 0.586812
v 2.808410 2.253115 0.540312
v 2.806360 2.353865 0.462862
v 2.792010 2.352315 0.524812
v 2.776060 2.586263 0.400862
v 2.766410 2.477813 0.524812
v 2.813010 2.214414 0.579062
v 2.804410 2.400368 0.455112
v 2.805610 2.361614 0.470612
v 2.795360 2.462316 0.424112
v 2.792010 2.594018 0.279862
v 2.760211 2.555317 0.486112
v 2.782460 2.609515 0.315662
v 2.786610 2.547568 0.338912
v 2.770260 2.702516 0.261412
v 2.757110 2.818716 0.207162
v 2.802460 2.965915 0.261412
v 2.749460 3.120863 0.292411
v 2.799760 2.748966 0.185312
v 2.768760 2.818215 0.168462
v 2.812410 2.818716 0.222661
v 2.813360 2.849716 0.222661
v 2.804010 2.841967 0.207162
v 2.757910 3.082114 0.253661
v 2.745310 3.004664 0.176211
v 2.706760 3.120863 0.191061
v 2.783960 2.764463 0.176212
v 2.792010 2.779966 0.173462
v 2.799760 2.857464 0.202111
v 2.776510 2.865213 0.173012
v 2.761010 2.872914 0.166562
v 2.759960 2.834213 0.176212
v 2.768760 2.834213 0.167662
v 2.761010 2.841967 0.168112
v 2.590560 1.385415 1.347912
v 2.723160 1.765066 1.136862
v 2.714510 1.397318 1.152362
v 2.699010 1.414365 1.167862
v 2.719560 1.718563 1.129112
v 2.745510 1.852864 1.090412
v 2.741310 1.827013 1.082662
v 2.598310 1.057464 1.245362
v 2.706760 2.222168 1.062912
v 2.718460 2.222168 1.036162
v 2.731610 2.206665 1.012912
v 2.719310 2.253115 1.028412
v 2.723410 2.229917 1.012912
v 2.691260 2.245414 1.073562
v 2.699010 2.315116 1.029861
v 2.723410 1.424164 0.989662
v 2.691260 1.533663 1.005162
v 2.694460 1.493865 0.989662
v 2.737760 2.254164 0.981912
v 2.737310 2.400368 0.904462
v 2.725861 2.392614 0.927712
v 2.719760 2.570766 0.857961
v 2.706760 2.508813 0.913362
v 2.714510 1.429313 0.981912
v 2.737760 1.509368 0.938312
v 2.683510 1.416415 0.996762
v 2.737810 1.827013 0.904462
v 2.674710 1.625615 1.020662
v 2.723910 1.927763 0.912212
v 2.660260 2.059466 0.980862
v 2.726560 2.648264 0.772761
v 2.691260 2.652413 0.842461
v 2.733460 2.229917 0.780512
v 2.731260 2.245414 0.780512
v 2.751360 2.299613 0.679762
v 2.739410 2.346116 0.703012
v 2.690510 2.229917 0.873462
v 2.722260 2.694768 0.756712
v 2.689160 2.927166 0.641061
v 2.693760 2.764463 0.765012
v 2.733561 2.725714 0.703012
v 2.741560 2.508813 0.555812
v 2.734560 2.392614 0.679762
v 2.718310 2.423567 0.679762
v 2.686860 2.756715 0.509312
v 2.724610 2.857465 0.633312
v 2.746360 2.772218 0.648812
v 2.737760 2.834213 0.609762
v 2.745510 2.933365 0.493861
v 2.707910 3.105366 0.424111
v 2.735410 2.586263 0.517061
v 2.731660 2.640515 0.470612
v 2.745510 3.027868 0.416262
v 2.674010 3.182817 0.400861
v 2.708060 2.989167 0.183961
v 2.717860 2.787715 0.377612
v 2.721210 2.741218 0.416362
v 2.715910 2.841967 0.369861
v 2.687210 2.841967 0.416362
v 2.717960 2.810967 0.369861
v 2.713710 2.834213 0.346662
v 2.675760 2.942663 0.345912
v 2.741810 3.120863 0.323411
v 2.691460 3.206068 0.315661
v 2.700911 3.206068 0.292411
v 2.740260 2.888417 0.176212
v 2.761010 2.714866 0.307912
v 2.698460 2.981418 0.222661
v 2.704310 2.934915 0.300161
v 2.699010 2.965915 0.285311
v 2.732010 3.151864 0.276911
v 2.685160 3.221565 0.269161
v 2.716160 3.159618 0.245911
v 2.663860 3.198314 0.199412
v 2.757560 2.834213 0.183962
v 2.756210 2.857464 0.176212
v 2.756810 2.841967 0.176212
v 2.758410 2.865213 0.168462
v 2.713860 3.012413 0.168461
v 2.709510 3.020167 0.176211
v 2.730011 3.012413 0.166312
v 2.714510 3.058863 0.170112
v 2.714510 3.035617 0.166711
v 2.691260 3.120863 0.176062
v 2.678960 1.284713 1.191112
v 2.618810 1.129764 1.260862
v 2.649560 1.315713 1.245362
v 2.643760 1.269215 1.229862
v 2.652510 1.362163 1.245312
v 2.648260 1.416415 1.260862
v 2.598310 1.451015 1.330562
v 2.604311 1.943213 1.268611
v 2.678860 1.943213 1.167862
v 2.652510 2.122468 1.160112
v 2.660260 1.242363 1.090412
v 2.582810 1.083767 1.152362
v 2.646910 2.167916 1.167862
v 2.642060 2.307367 1.136862
v 2.663110 2.346116 1.082662
v 2.660460 1.276964 1.051662
v 2.660260 1.331168 1.024862
v 2.613811 1.323414 1.091412
v 2.633811 1.331168 1.074912
v 2.653811 1.385415 1.043912
v 2.647410 1.377666 1.059412
v 2.657560 1.393163 1.028412
v 2.672060 1.455164 1.028412
v 2.652510 1.431918 1.046312
v 2.623410 1.377666 1.074912
v 2.646560 1.470667 1.051662
v 2.633210 1.431918 1.067162
v 2.605761 1.354414 1.121412
v 2.659510 1.524866 1.051662
v 2.636560 1.486117 1.074912
v 2.656210 1.509368 1.051662
v 2.670260 1.571363 1.028412
v 2.652510 1.547617 1.051662
v 2.637060 1.524866 1.067012
v 2.650661 1.718563 1.036162
v 2.691710 2.338368 1.020662
v 2.676711 2.361614 1.020662
v 2.669760 2.338368 1.067162
v 2.675760 2.410167 1.020662
v 2.689410 1.478368 0.989662
v 2.652860 2.260864 0.943212
v 2.670860 2.206665 0.912212
v 2.592411 2.136916 1.082662
v 2.610960 2.400368 0.950962
v 2.683510 2.470064 0.957662
v 2.677760 2.594018 0.919962
v 2.631060 2.586263 1.028412
v 2.649710 2.439064 0.857962
v 2.678610 2.625018 0.873461
v 2.661810 2.803218 0.803761
v 2.646060 2.392614 0.888962
v 2.618110 2.532065 0.842461
v 2.644810 2.422565 0.873462
v 2.626810 2.431315 0.888962
v 2.664110 2.779967 0.803761
v 2.636961 2.787715 0.857961
v 2.638911 2.857465 0.803761
v 2.664710 2.779967 0.788261
v 2.675760 2.786165 0.765012
v 2.663110 2.795464 0.796012
v 2.651760 2.942663 0.703012
v 2.647760 2.996916 0.641061
v 2.675760 2.939564 0.656561
v 2.660810 2.942663 0.664261
v 2.646760 2.996916 0.656561
v 2.642060 3.027868 0.641061
v 2.681410 2.834213 0.455112
v 2.668010 3.004664 0.609711
v 2.669910 3.066617 0.548061
v 2.656760 3.066617 0.563561
v 2.633811 3.120863 0.548061
v 2.686360 2.779966 0.486112
v 2.661810 3.182817 0.439612
v 2.641460 3.175116 0.470611
v 2.570460 2.989167 0.563561
v 2.621560 3.111064 0.315661
v 2.620010 3.299063 0.369861
v 2.634911 3.291315 0.354361
v 2.665310 2.973664 0.354361
v 2.659010 2.996915 0.346661
v 2.638810 3.035617 0.346661
v 2.694360 3.182817 0.362111
v 2.680060 3.221565 0.338912
v 2.644810 3.267568 0.346661
v 2.634060 3.151864 0.214911
v 2.665811 3.074366 0.245911
v 2.680760 3.221565 0.300161
v 2.644810 3.260314 0.308311
v 2.626560 3.322315 0.315661
v 2.625110 3.268063 0.276911
v 2.684061 3.051114 0.191712
v 2.647860 3.144115 0.191712
v 2.640861 3.268063 0.245911
v 2.644810 3.213817 0.194411
v 2.644810 3.257215 0.261412
v 2.683510 3.088313 0.176211
v 2.675760 3.120863 0.173461
v 2.652510 3.178716 0.183961
v 2.644810 3.175116 0.187961
v 2.641710 3.206068 0.191712
v 2.575060 1.357013 1.361562
v 2.567310 1.400918 1.355962
v 2.551810 1.263016 1.392562
v 2.559560 0.985116 1.307312
v 2.604410 1.129764 1.276362
v 2.541811 0.951564 1.330562
v 2.579360 1.067764 1.322812
v 2.601010 1.145267 1.307312
v 2.621110 1.207215 1.276362
v 2.564960 1.122016 1.346062
v 2.603210 1.315713 1.322811
v 2.559760 1.416415 1.369312
v 2.606060 2.074963 1.249912
v 2.556010 1.981968 1.322811
v 2.530360 1.989716 1.369312
v 2.550910 0.974816 1.237612
v 2.575510 1.958716 1.307312
v 2.617610 2.067214 1.237612
v 2.619910 2.260864 1.191112
v 2.569211 2.361614 1.237612
v 2.606060 1.168466 1.085412
v 2.567310 1.083267 1.137812
v 2.578760 1.183963 1.090412
v 2.599110 1.261467 1.082662
v 2.599360 1.269215 1.113662
v 2.567310 1.214963 1.138762
v 2.604160 1.269215 1.098162
v 2.633461 1.338917 1.059412
v 2.606710 1.362163 1.105912
v 2.579860 1.300216 1.136862
v 2.590560 1.335865 1.136862
v 2.629310 1.421565 1.082662
v 2.517360 1.253718 1.229862
v 2.617960 1.703066 1.082662
v 2.488060 1.470667 1.284062
v 2.571260 1.470667 1.175611
v 2.573710 1.989716 1.136862
v 2.530560 1.981968 1.191112
v 2.598310 2.586263 1.082962
v 2.567310 2.586263 1.115511
v 2.575060 2.810967 0.950861
v 2.590560 1.176214 1.080412
v 2.592660 1.873517 1.121412
v 2.536310 2.322865 1.104812
v 2.624011 2.741218 0.919962
v 2.585061 2.516568 0.912212
v 2.584060 2.539814 0.904462
v 2.548960 2.462316 1.012912
v 2.578460 2.547568 0.912212
v 2.567310 2.591467 0.888961
v 2.618560 2.795464 0.896712
v 2.583961 2.601767 0.873461
v 2.587460 2.640516 0.811512
v 2.587460 2.617264 0.850212
v 2.584060 2.648264 0.834712
v 2.563860 2.671516 0.834712
v 2.598310 3.066617 0.670761
v 2.575060 2.903914 0.879662
v 2.583860 2.656013 0.819212
v 2.584210 2.656013 0.811512
v 2.580060 2.671516 0.811512
v 2.575060 3.128618 0.667911
v 2.569810 3.066617 0.749511
v 2.621861 3.035617 0.672011
v 2.609260 3.206068 0.524812
v 2.551810 3.097618 0.744312
v 2.582810 3.128618 0.636561
v 2.577660 3.159618 0.641061
v 2.581760 3.167367 0.594561
v 2.579610 3.175116 0.602311
v 2.571960 3.221565 0.586812
v 2.570160 3.275817 0.517061
v 2.619411 3.268063 0.431861
v 2.582810 3.260314 0.499811
v 2.580811 3.376513 0.369861
v 2.598310 3.354817 0.362111
v 2.559560 3.376013 0.393111
v 2.605360 3.337765 0.354361
v 2.590560 3.368765 0.329561
v 2.586160 3.376513 0.354361
v 2.551810 3.410614 0.346661
v 2.620410 3.120863 0.292411
v 2.590961 3.237062 0.222661
v 2.585061 3.252566 0.230412
v 2.630060 3.299063 0.307912
v 2.613811 3.331566 0.315661
v 2.592560 3.353268 0.300161
v 2.608510 3.322315 0.276911
v 2.605260 3.206068 0.222661
v 2.622810 3.190565 0.214911
v 2.621560 3.167367 0.237962
v 2.628260 3.167367 0.222661
v 2.623060 3.182817 0.207161
v 2.594710 3.221565 0.238161
v 2.634460 3.275817 0.245911
v 2.620860 3.283566 0.261412
v 2.607710 3.306818 0.245911
v 2.582810 3.314567 0.226611
v 2.582810 3.299063 0.217412
v 2.590560 3.268063 0.212112
v 2.567511 3.345513 0.245911
v 2.629310 3.182817 0.197562
v 2.629310 3.221565 0.192362
v 2.621110 3.213817 0.199412
v 2.613811 3.237062 0.199111
v 2.497561 0.850868 1.456962
v 2.530810 0.920564 1.423562
v 2.497410 0.812113 1.423562
v 2.554060 1.052266 1.392562
v 2.518110 0.928319 1.392562
v 2.536310 1.013517 1.440212
v 2.549710 1.021266 1.415812
v 2.540360 1.106513 1.431312
v 2.513060 0.928319 1.459312
v 2.474360 1.013517 1.520062
v 2.435610 1.083267 1.577662
v 2.483460 1.943213 1.439011
v 2.523211 1.896763 1.384812
v 2.447760 0.602913 1.369312
v 2.533560 0.912815 1.361562
v 2.535410 0.912815 1.353812
v 2.452260 0.610667 1.353812
v 2.508060 0.858563 1.377062
v 2.542060 0.951564 1.353812
v 2.524661 0.928319 1.369312
v 2.558560 2.136916 1.315062
v 2.528560 2.152914 1.353812
v 2.520810 2.198917 1.343462
v 2.498860 2.144665 1.377062
v 2.532011 1.881266 1.361562
v 2.531410 2.439064 1.253112
v 2.511710 2.260864 1.338312
v 2.497561 2.259868 1.377062
v 2.501260 2.400368 1.307312
v 2.536310 0.967067 1.222512
v 2.513060 0.912815 1.239262
v 2.544060 1.040417 1.160112
v 2.369960 0.850868 1.462262
v 2.556261 1.238215 1.152362
v 2.466610 1.462913 1.303912
v 2.544060 1.765066 1.180462
v 2.492311 1.850265 1.253112
v 2.455760 2.028465 1.291811
v 2.528760 2.136916 1.175611
v 2.528760 2.555317 1.183362
v 2.534560 2.570766 1.152361
v 2.517360 2.501065 1.237612
v 2.500660 2.439064 1.291811
v 2.497561 2.524316 1.268562
v 2.518461 2.594018 1.191112
v 2.567310 1.067764 1.148462
v 2.544060 1.067764 1.145062
v 2.525960 1.075518 1.167862
v 2.523060 1.060015 1.183362
v 2.560710 1.153016 1.129112
v 2.587811 1.222718 1.105912
v 2.521360 1.052266 1.175611
v 2.551810 1.160765 1.148812
v 2.555260 1.191717 1.144612
v 2.540160 1.183963 1.175611
v 2.509260 1.958716 1.222112
v 2.535410 2.152413 1.152362
v 2.528760 2.648264 1.129112
v 2.559560 1.153016 1.119062
v 2.569561 1.183963 1.105912
v 2.563010 1.207215 1.129112
v 2.595460 1.253718 1.113662
v 2.567310 1.238215 1.139862
v 2.303910 2.400863 1.392562
v 2.358110 2.508813 1.264562
v 2.544110 2.493316 1.005162
v 2.527660 2.764463 1.028412
v 2.530910 2.733463 1.036161
v 2.544060 2.818716 0.956111
v 2.519660 2.834213 1.012912
v 2.525711 2.803218 1.028412
v 2.524410 2.834213 0.997412
v 2.544110 2.656013 0.896712
v 2.551810 2.648264 0.871912
v 2.501660 2.617264 0.981912
v 2.520810 2.625018 0.941812
v 2.513610 2.888417 0.966461
v 2.515910 3.004664 0.842461
v 2.528560 2.732968 0.857961
v 2.551810 2.942663 0.868912
v 2.513060 2.934915 0.921911
v 2.535161 2.756715 0.826961
v 2.528560 2.973664 0.851411
v 2.513260 2.950418 0.695261
v 2.520810 3.095013 0.757261
v 2.550910 3.221565 0.625561
v 2.520810 3.273767 0.594561
v 2.534710 3.423017 0.408612
v 2.501860 3.306818 0.579061
v 2.528560 3.314567 0.544062
v 2.507560 3.229314 0.439612
v 2.521010 3.376513 0.486112
v 2.478260 3.461766 0.455112
v 2.554811 3.376513 0.408612
v 2.558610 3.392017 0.369861
v 2.522861 3.438514 0.346661
v 2.537810 3.430766 0.369861
v 2.497561 3.469515 0.408612
v 2.489860 3.480363 0.385361
v 2.477310 3.454018 0.307912
v 2.488910 3.384268 0.269161
v 2.575060 3.299063 0.218011
v 2.451110 3.463316 0.300161
v 2.435610 0.943816 1.543812
v 2.485560 0.998068 1.508762
v 2.450210 1.377666 1.524262
v 2.482111 0.835365 1.458812
v 2.481560 0.773364 1.439012
v 2.465460 0.858563 1.485512
v 2.458860 0.897318 1.508762
v 2.485760 0.990313 1.501012
v 2.502610 1.075518 1.477762
v 2.489860 1.548117 1.455561
v 2.455510 1.540363 1.477762
v 2.451760 1.555866 1.493262
v 2.410110 1.431918 1.563012
v 2.441810 0.602913 1.392562
v 2.456710 0.695914 1.408062
v 2.466760 0.719118 1.400312
v 2.479260 0.765616 1.415812
v 2.481560 0.773364 1.408062
v 2.466610 1.780564 1.460862
v 2.454660 1.981968 1.462262
v 2.473560 2.121413 1.439011
v 2.492060 2.160168 1.392562
v 2.420110 1.920015 1.524461
v 2.466610 2.171016 1.439011
v 2.458860 2.191168 1.436562
v 2.466610 0.652516 1.338312
v 2.435610 2.534616 1.338312
v 2.463610 2.501065 1.307312
v 2.454810 2.446818 1.353811
v 2.455461 0.618416 1.330562
v 2.474360 0.686616 1.307312
v 2.466610 0.688165 1.307012
v 2.401760 0.695914 1.415812
v 2.451110 0.626165 1.325862
v 2.451910 1.439667 1.330562
v 2.327160 1.021266 1.530812
v 2.443360 1.439667 1.345212
v 2.506361 1.788265 1.229862
v 2.439560 1.579118 1.330562
v 2.412360 1.501614 1.385612
v 2.395960 1.811516 1.384812
v 2.476110 2.369368 1.353811
v 2.474061 2.446818 1.322811
v 2.474360 2.516568 1.285361
v 2.421160 2.679265 1.284062
v 2.528560 0.974816 1.210412
v 2.488460 0.943816 1.237612
v 2.497561 0.920564 1.234062
v 2.474360 0.695914 1.295612
v 2.497561 0.881815 1.243112
v 2.444760 2.105916 1.299562
v 2.497561 2.594566 1.222112
v 2.487310 2.702516 1.144612
v 2.476060 2.702516 1.152361
v 2.470660 2.702516 1.167862
v 2.457810 2.795464 1.144612
v 2.459760 2.927166 1.020661
v 2.490760 2.671516 0.974161
v 2.435610 2.687013 1.044912
v 2.474360 2.690113 0.974161
v 2.466610 2.786165 0.912212
v 2.504060 2.857465 1.005162
v 2.482111 2.896166 1.019411
v 2.467160 2.934915 1.005162
v 2.473560 2.880663 1.036161
v 2.446210 3.020167 0.974161
v 2.487461 2.787715 0.888961
v 2.496561 2.896166 0.989661
v 2.502710 3.020167 0.881212
v 2.468360 3.074366 0.888961
v 2.462310 2.989167 0.966461
v 2.443360 2.989167 0.771912
v 2.451760 2.857465 0.881212
v 2.443360 3.082114 0.911862
v 2.410610 3.376513 0.672011
v 2.499560 3.198314 0.703012
v 2.443360 3.275817 0.732062
v 2.503360 3.144115 0.734012
v 2.444260 3.407514 0.586812
v 2.504660 3.353268 0.524812
v 2.466610 3.469515 0.460061
v 2.451110 3.480864 0.455112
v 2.458860 3.495317 0.362111
v 2.466610 3.486514 0.439612
v 2.456511 3.500467 0.408612
v 2.487360 3.384268 0.276911
v 2.482160 3.399765 0.276911
v 2.489860 3.399765 0.267311
v 2.528560 3.361016 0.244161
v 2.375360 0.889564 1.586262
v 2.391711 1.091015 1.632712
v 2.404610 1.269215 1.589712
v 2.382260 1.261467 1.609462
v 2.345610 1.183963 1.686962
v 2.427860 0.864816 1.532012
v 2.415110 0.742364 1.501012
v 2.396860 0.726867 1.508712
v 2.396860 0.827616 1.537262
v 2.435610 0.876164 1.524262
v 2.435610 0.897318 1.532462
v 2.427360 0.982565 1.555262
v 2.435610 1.391113 1.532012
v 2.404610 1.566213 1.547512
v 2.358110 1.346666 1.636662
v 2.373610 1.594615 1.576361
v 2.398010 1.943213 1.555262
v 2.358110 1.881266 1.600062
v 2.404610 2.009863 1.539762
v 2.395210 1.920015 1.555262
v 2.396860 1.896763 1.548962
v 2.403111 1.950967 1.539762
v 2.420310 2.067214 1.501011
v 2.412360 2.020717 1.525012
v 2.404610 2.021766 1.532012
v 2.412360 2.036715 1.524262
v 2.396860 2.036214 1.527012
v 2.420110 2.116263 1.485512
v 2.396860 2.012968 1.539611
v 2.365860 1.966465 1.565462
v 2.399610 0.641668 1.477762
v 2.374560 0.633913 1.493262
v 2.395360 0.633913 1.470012
v 2.393060 0.633913 1.462262
v 2.420110 0.720167 1.477762
v 2.404610 0.632364 1.431312
v 2.395210 0.641668 1.454512
v 2.396860 0.672668 1.494062
v 2.401410 0.657165 1.477762
v 2.373610 0.641668 1.494562
v 2.435610 2.067214 1.482562
v 2.435610 2.206665 1.446712
v 2.415811 2.167916 1.485512
v 2.430360 2.237666 1.462262
v 2.404610 2.307367 1.472662
v 2.389110 2.245414 1.505562
v 2.389110 2.322865 1.473762
v 2.404610 2.432865 1.415811
v 2.427860 0.610667 1.407912
v 2.423060 0.618416 1.415812
v 2.420110 0.584316 1.377062
v 2.420110 0.614816 1.415812
v 2.412360 0.626165 1.429162
v 2.421260 0.626165 1.431312
v 2.427860 0.657165 1.441162
v 2.414310 0.618416 1.423562
v 2.421260 0.579667 1.361562
v 2.391960 0.633913 1.446762
v 2.404610 0.616866 1.423562
v 2.373610 0.695914 1.456012
v 2.354661 0.641668 1.470012
v 2.381361 1.408666 1.427712
v 2.373210 1.300216 1.446762
v 2.365860 1.408666 1.437212
v 2.435610 2.233517 1.446762
v 2.380710 2.384865 1.470011
v 2.390610 2.547568 1.392562
v 2.385211 2.384865 1.454512
v 2.435610 0.556415 1.338312
v 2.435610 0.564164 1.327362
v 2.425010 0.564164 1.346062
v 2.446910 0.618416 1.330562
v 2.448460 0.610667 1.330562
v 2.425611 2.020717 1.338312
v 2.398510 1.966465 1.384811
v 2.451110 0.610667 1.321862
v 2.451110 0.605017 1.330562
v 2.342610 2.989167 1.167462
v 2.403710 2.958167 1.090412
v 2.421760 2.810967 1.183362
v 2.299010 2.710265 1.214361
v 2.435610 2.989167 1.010561
v 2.420410 2.857465 0.935461
v 2.424410 2.865213 0.912212
v 2.424060 2.779967 0.989661
v 2.410510 2.733463 1.036161
v 2.409660 2.725714 1.051661
v 2.408060 2.741218 1.043912
v 2.410260 2.741218 1.036161
v 2.314710 2.942663 1.012912
v 2.412360 2.772218 1.012912
v 2.409510 3.035617 0.997412
v 2.408310 3.043365 1.012912
v 2.374410 3.012413 1.098161
v 2.404610 2.896166 0.927012
v 2.435610 3.043365 0.962862
v 2.420110 3.066617 0.948111
v 2.412760 3.043365 0.974161
v 2.408210 3.190565 0.873461
v 2.374660 3.082114 1.036161
v 2.402360 2.958167 0.873461
v 2.395460 2.981418 0.873461
v 2.373610 3.025317 0.857961
v 2.396860 3.014463 0.819212
v 2.413060 3.314567 0.501611
v 2.396860 3.500467 0.540311
v 2.365860 3.438514 0.667762
v 2.365860 3.477263 0.627861
v 2.430710 3.508216 0.486112
v 2.440260 3.477263 0.486112
v 2.288960 3.570217 0.385361
v 2.435160 3.500467 0.478361
v 2.412360 3.539217 0.479562
v 2.425261 3.539217 0.455112
v 2.381361 3.558314 0.478361
v 2.404610 3.562468 0.452711
v 2.432760 3.500467 0.447361
v 2.438260 3.523713 0.393111
v 2.427860 3.532517 0.393111
v 2.435610 3.521663 0.400861
v 2.432510 3.508216 0.455112
v 2.432860 3.531468 0.447361
v 2.423910 3.546965 0.439612
v 2.420110 3.548515 0.416361
v 2.425261 3.539217 0.416361
v 2.396860 3.565067 0.416361
v 2.397561 3.570217 0.431861
v 2.381361 3.578466 0.424111
v 2.381210 3.577965 0.431861
v 2.311660 0.998068 1.720812
v 2.306760 0.920564 1.702462
v 2.358110 1.026464 1.671462
v 2.345610 1.091015 1.702462
v 2.319410 1.091015 1.714262
v 2.334910 1.044518 1.715012
v 2.299961 0.850868 1.679212
v 2.342610 1.191717 1.691912
v 2.311660 1.153016 1.716812
v 2.298410 1.137513 1.741212
v 2.272910 1.261467 1.747562
v 2.293310 1.408666 1.686962
v 2.317510 1.509368 1.655962
v 2.319710 1.571363 1.648211
v 2.344861 1.710814 1.617211
v 2.357210 1.780564 1.609462
v 2.319410 1.625615 1.655111
v 2.319410 1.726317 1.646912
v 2.372460 1.827013 1.586262
v 2.342610 1.788265 1.624111
v 2.327160 1.881266 1.617162
v 2.369710 1.850265 1.593962
v 2.339060 1.935518 1.617211
v 2.319410 1.904517 1.635712
v 2.327160 1.927763 1.628312
v 2.350360 2.051717 1.590312
v 2.327160 2.014518 1.609462
v 2.334910 1.943213 1.623862
v 2.342610 2.071315 1.586262
v 2.350660 2.198917 1.539762
v 2.319410 2.043968 1.608662
v 2.341260 0.641668 1.516512
v 2.342610 0.675768 1.532012
v 2.358110 0.702614 1.524262
v 2.358110 0.649416 1.492112
v 2.324660 0.711364 1.555262
v 2.296160 0.695914 1.573562
v 2.371511 2.036214 1.570762
v 2.311660 2.291864 1.584561
v 2.355510 2.245414 1.524262
v 2.359410 2.284116 1.524262
v 2.319410 2.330613 1.567861
v 2.350360 2.479863 1.477762
v 2.303910 2.346116 1.569011
v 2.389110 0.630313 1.462262
v 2.356760 0.633913 1.493262
v 2.357460 0.626165 1.470012
v 2.350360 0.641668 1.493712
v 2.350360 0.626165 1.490962
v 2.358110 0.628215 1.485512
v 2.350360 0.633913 1.483112
v 2.342610 0.638068 1.508762
v 2.343910 0.641668 1.501012
v 2.342610 0.641668 1.484262
v 2.319410 0.616366 1.508762
v 2.350360 0.625116 1.501012
v 2.334910 0.626165 1.511862
v 2.319410 0.622565 1.516512
v 2.342610 0.645816 1.508762
v 2.345610 0.649416 1.501012
v 2.211710 1.129764 1.663712
v 2.358110 1.346666 1.455262
v 2.253361 1.834768 1.547512
v 2.381361 0.623566 1.446762
v 2.382660 0.626165 1.431312
v 2.301060 1.610118 1.493262
v 2.350360 2.625018 1.397012
v 2.325861 2.648264 1.415811
v 2.322110 2.733463 1.384811
v 2.336510 3.066617 1.105911
v 2.344410 3.074366 1.082662
v 2.327160 3.121918 1.051661
v 2.311660 2.981418 1.210162
v 2.361660 3.058863 1.067162
v 2.358110 3.124964 1.012912
v 2.358110 3.145665 0.997412
v 2.362060 2.958167 0.935461
v 2.342610 3.151864 0.994462
v 2.350360 3.155965 0.989661
v 2.315210 3.221565 0.950961
v 2.296160 3.461766 0.738461
v 2.338710 3.461766 0.695261
v 2.368010 3.105366 0.788261
v 2.292810 3.213817 0.780512
v 2.340760 3.485018 0.641061
v 2.343710 3.500467 0.617812
v 2.327160 3.487563 0.679761
v 2.331560 3.585714 0.540311
v 2.334910 3.617716 0.486112
v 2.373610 3.524768 0.532561
v 2.361110 3.554714 0.524812
v 2.350710 3.601217 0.486112
v 2.358110 3.592968 0.431861
v 2.356610 3.562468 0.501611
v 2.354311 3.585714 0.493861
v 2.341010 3.601217 0.447361
v 2.345010 3.608966 0.462861
v 2.344861 3.593462 0.447361
v 2.346210 3.608966 0.478361
v 2.334910 3.618765 0.462861
v 2.288410 3.650266 0.517061
v 2.380910 3.570217 0.455112
v 2.342610 3.577965 0.378911
v 2.372510 3.585714 0.439612
v 2.373610 3.585714 0.431361
v 2.350360 3.592413 0.416361
v 2.342610 3.596014 0.439612
v 2.338660 3.608966 0.447361
v 2.337110 3.601217 0.439612
v 2.314410 3.608966 0.416361
v 2.319410 3.593963 0.393111
v 2.265161 1.036763 1.771662
v 2.272910 0.998068 1.763912
v 2.257411 0.928319 1.760962
v 2.301060 1.083267 1.733462
v 2.272910 1.052266 1.766212
v 2.296160 0.998068 1.727362
v 2.280660 0.850868 1.696912
v 2.272910 0.843114 1.703512
v 2.265161 0.843114 1.716212
v 2.272910 0.951564 1.757462
v 2.282161 0.998068 1.748912
v 2.280660 1.036763 1.767512
v 2.263160 1.145267 1.772162
v 2.257411 1.292467 1.757511
v 2.260860 1.695317 1.710212
v 2.267110 1.842517 1.702462
v 2.296310 1.920015 1.671462
v 2.272910 0.788867 1.660762
v 2.241910 0.769216 1.679212
v 2.226410 0.672668 1.606812
v 2.315460 0.827616 1.632712
v 2.280960 1.431918 1.710212
v 2.314510 1.571363 1.655962
v 2.241910 1.532614 1.734561
v 2.288410 1.935518 1.672412
v 2.272910 1.974213 1.661362
v 2.311660 2.053267 1.617211
v 2.260010 1.981968 1.671462
v 2.234160 1.819265 1.717612
v 2.281210 2.082717 1.624962
v 2.280660 0.686067 1.578512
v 2.298161 2.183414 1.609462
v 2.267660 2.105916 1.648211
v 2.266260 2.245414 1.624961
v 2.280660 2.260864 1.609312
v 2.231210 2.074963 1.694712
v 2.214010 2.198917 1.717962
v 2.288410 2.352315 1.570762
v 2.267760 2.276367 1.617211
v 2.263160 2.260864 1.632712
v 2.276610 2.338368 1.601712
v 2.282161 2.369368 1.609462
v 2.264810 2.330613 1.640462
v 2.265161 2.369368 1.630962
v 2.283360 2.423567 1.593961
v 2.272910 2.439064 1.599512
v 2.249660 2.369368 1.640162
v 2.311660 0.618416 1.514712
v 2.309910 0.633913 1.516512
v 2.311660 0.657165 1.529112
v 2.319410 0.657165 1.532912
v 2.311660 0.631863 1.524262
v 2.303910 0.673664 1.546662
v 2.299110 0.680417 1.539762
v 2.292511 0.657165 1.547512
v 2.297760 0.672668 1.539762
v 2.308210 0.742364 1.539762
v 2.296160 0.680417 1.542762
v 2.280660 0.663865 1.563012
v 2.288410 0.660264 1.555262
v 2.296160 0.672668 1.541162
v 2.272910 0.668013 1.570762
v 2.285960 0.649416 1.547512
v 2.257411 0.734615 1.590912
v 2.284610 0.657165 1.547512
v 2.288410 0.657165 1.544062
v 2.288410 0.664914 1.546012
v 2.277910 0.664914 1.555262
v 2.276610 0.657165 1.555262
v 2.269160 0.664914 1.563012
v 2.272710 0.657165 1.563012
v 2.288410 0.881815 1.560511
v 2.321160 0.920564 1.524262
v 2.259760 0.951564 1.578512
v 2.237260 1.780564 1.570762
v 2.275160 1.981968 1.524262
v 2.268110 1.966465 1.547512
v 2.288410 2.245915 1.470011
v 2.265161 1.981968 1.550112
v 2.304960 2.462316 1.516512
v 2.306160 2.485567 1.532011
v 2.294760 2.555317 1.524262
v 2.272910 2.555317 1.546812
v 2.265161 2.671516 1.475311
v 2.265161 2.532065 1.560162
v 2.249660 2.444768 1.609462
v 2.257411 2.570766 1.542762
v 2.311660 0.626165 1.512312
v 2.307460 0.626165 1.516512
v 2.310110 2.539814 1.508762
v 2.214360 2.857465 1.415811
v 2.288410 2.570766 1.326162
v 2.272910 2.563018 1.340511
v 2.249660 3.004664 1.244911
v 2.307210 2.578515 1.284062
v 2.299010 2.594018 1.299562
v 2.288410 2.748966 1.221162
v 2.265161 2.725714 1.251912
v 2.294660 2.725714 1.222112
v 2.265161 2.865213 1.158461
v 2.276610 2.888417 1.121412
v 2.299710 3.097618 1.105911
v 2.218660 3.238118 1.090412
v 2.262060 3.392017 0.857961
v 2.280660 3.244817 0.780962
v 2.272910 3.244317 0.788261
v 2.308460 3.105366 0.873461
v 2.258910 3.469515 0.757261
v 2.249660 3.371864 0.679761
v 2.281310 3.337765 0.672011
v 2.263510 3.376513 0.648811
v 2.269710 3.585714 0.617812
v 2.270060 3.461766 0.540311
v 2.264960 3.461766 0.571311
v 2.288410 3.601217 0.581161
v 2.257360 3.616714 0.586812
v 2.272910 3.635818 0.540311
v 2.251660 3.663164 0.501611
v 2.272910 3.636318 0.431861
v 2.257411 3.665268 0.486112
v 2.241910 3.608966 0.407112
v 2.257411 3.626013 0.408612
v 2.311660 3.577965 0.369562
v 2.249660 3.624463 0.407212
v 2.212310 0.866318 1.764412
v 2.210460 0.866318 1.772162
v 2.212560 0.874066 1.772162
v 2.203161 0.874066 1.782062
v 2.187660 0.812113 1.751412
v 2.232660 0.998068 1.803162
v 2.210910 0.943816 1.804562
v 2.249660 1.106513 1.796362
v 2.218660 1.005816 1.809412
v 2.234160 1.106513 1.805162
v 2.195410 1.052266 1.814012
v 2.203161 1.114267 1.817162
v 2.256711 1.168466 1.787662
v 2.211460 1.137513 1.810912
v 2.241910 1.253718 1.781212
v 2.263760 1.176214 1.772162
v 2.201410 1.153016 1.818662
v 2.208810 1.230466 1.803162
v 2.234160 1.244915 1.787662
v 2.241910 1.315713 1.777462
v 2.252410 1.331168 1.764412
v 2.241910 1.424164 1.759762
v 2.210910 1.315713 1.786162
v 2.199110 1.315713 1.803162
v 2.211360 1.338917 1.787662
v 2.226410 1.338917 1.779162
v 2.200710 1.354414 1.803162
v 2.203460 1.416415 1.779912
v 2.210910 1.414365 1.772162
v 2.226410 1.431918 1.764762
v 2.210910 1.455164 1.771412
v 2.210910 0.758916 1.694712
v 2.241910 0.819868 1.709912
v 2.195410 0.750118 1.688462
v 2.210910 0.812113 1.736262
v 2.226710 0.835365 1.733462
v 2.195410 0.812113 1.739161
v 2.226410 1.439667 1.764262
v 2.203161 1.594615 1.774662
v 2.195410 1.641065 1.768012
v 2.216660 1.842517 1.741212
v 2.243910 1.950967 1.702462
v 2.226410 1.827013 1.726412
v 2.182210 1.780564 1.779912
v 2.217260 1.958716 1.725712
v 2.249660 2.043968 1.678662
v 2.219210 2.036214 1.725712
v 2.179960 2.105916 1.769862
v 2.164760 2.268618 1.772162
v 2.210910 0.722218 1.663712
v 2.195860 0.664914 1.624962
v 2.187660 0.719118 1.682662
v 2.249860 0.773364 1.671462
v 2.204910 1.331168 1.632712
v 2.195410 1.346666 1.650061
v 2.235910 2.415818 1.648211
v 2.246660 0.672668 1.593962
v 2.241910 0.672668 1.588162
v 2.265161 0.660765 1.570762
v 2.218660 0.688165 1.611112
v 2.234160 0.670063 1.601712
v 2.226410 0.672668 1.598612
v 2.234160 0.664914 1.590562
v 2.226410 0.664914 1.603012
v 2.210910 0.672668 1.621762
v 2.210910 0.672668 1.610312
v 2.203161 0.662315 1.617212
v 2.203161 0.664914 1.619812
v 2.203161 0.680417 1.618212
v 2.203161 0.672668 1.614112
v 2.171710 0.750118 1.663712
v 2.208210 0.936067 1.640462
v 2.226410 1.338917 1.600212
v 2.218660 1.439667 1.593412
v 2.205760 1.369917 1.617212
v 2.205410 1.447415 1.624962
v 2.218010 1.524866 1.593962
v 2.195410 1.500064 1.624962
v 2.211010 1.734066 1.593962
v 2.238260 1.803768 1.578512
v 2.226410 1.811516 1.582912
v 2.210910 1.788265 1.591712
v 2.226410 1.850265 1.580362
v 2.205160 1.873517 1.601712
v 2.241910 1.950967 1.565362
v 2.257411 2.012968 1.549711
v 2.214110 2.098215 1.609462
v 2.181910 1.803768 1.632712
v 2.240261 2.485567 1.609462
v 2.249660 2.604365 1.532011
v 2.179960 2.516568 1.666212
v 2.264360 1.966465 1.555262
v 2.257411 1.981968 1.554812
v 2.184460 2.237666 1.601712
v 2.210910 2.245414 1.559811
v 2.175961 2.648264 1.601712
v 2.235060 2.384865 1.485512
v 2.234160 2.419966 1.462262
v 2.203161 2.601767 1.406762
v 2.226410 2.423567 1.473162
v 2.194260 2.384865 1.532012
v 2.190160 2.656013 1.400312
v 2.218760 2.849716 1.229862
v 2.203161 2.942663 1.174262
v 2.240060 3.027868 1.253112
v 2.258161 2.803218 1.206611
v 2.220310 2.888417 1.198862
v 2.203161 3.113115 1.224362
v 2.243910 3.120863 1.160112
v 2.184960 3.120863 1.036161
v 2.249660 3.123963 1.144612
v 2.210910 3.167367 1.167862
v 2.203161 3.159618 1.178212
v 2.203161 3.314567 1.009861
v 2.208560 3.221565 0.912212
v 2.191111 3.438514 0.888961
v 2.181460 3.384268 0.765012
v 2.232760 3.523713 0.741761
v 2.246460 3.376513 0.687511
v 2.175860 3.500467 0.641061
v 2.172210 3.554714 0.772112
v 2.240660 3.399765 0.672011
v 2.241910 3.402865 0.656561
v 2.231810 3.454018 0.610061
v 2.206260 3.477263 0.625561
v 2.132410 3.632217 0.540311
v 2.235661 3.670913 0.571311
v 2.203161 3.639966 0.641562
v 2.242960 3.492713 0.555812
v 2.257411 3.601217 0.615262
v 2.252860 3.624463 0.594561
v 2.218910 3.686416 0.571311
v 2.210910 3.655416 0.615312
v 2.195410 3.662163 0.610061
v 2.195410 3.653866 0.625561
v 2.203161 3.687966 0.571311
v 2.253460 3.492713 0.540311
v 2.238010 3.562468 0.462861
v 2.249660 3.647667 0.538812
v 2.241910 3.678668 0.547862
v 2.247810 3.670913 0.540311
v 2.241910 3.681266 0.532561
v 2.243910 3.670913 0.517061
v 2.229610 3.686416 0.555812
v 2.222760 3.694165 0.540311
v 2.234160 3.686416 0.522911
v 2.210910 3.697264 0.555812
v 2.187660 3.702968 0.524812
v 2.214010 3.593462 0.462861
v 2.241910 3.671467 0.486112
v 2.210910 3.667813 0.455112
v 2.199310 3.655416 0.439612
v 2.208210 3.608966 0.447361
v 2.202760 3.632217 0.439612
v 2.210910 3.655416 0.437862
v 2.133461 1.214963 1.905762
v 2.164460 1.160765 1.871262
v 2.141210 1.136464 1.903862
v 2.133461 0.905067 1.838611
v 2.156710 1.001668 1.857412
v 2.155061 0.943816 1.834162
v 2.188961 1.114267 1.834162
v 2.164760 0.967067 1.818662
v 2.184011 1.122016 1.857412
v 2.196960 1.168466 1.826411
v 2.198410 1.238215 1.834162
v 2.179960 1.183963 1.861962
v 2.179960 1.315713 1.843412
v 2.149360 1.214963 1.880662
v 2.192210 1.269215 1.841912
v 2.156710 1.269215 1.860412
v 2.195410 1.326013 1.826411
v 2.172210 1.393163 1.829512
v 2.164460 1.362163 1.837512
v 2.148961 1.413816 1.841912
v 2.156710 1.517117 1.810262
v 2.133461 1.338917 1.874661
v 2.187660 0.874066 1.782062
v 2.179960 0.959313 1.804562
v 2.172210 0.912815 1.793212
v 2.179960 0.807965 1.756662
v 2.141610 0.835365 1.772162
v 2.153710 0.912815 1.810912
v 2.156710 0.899416 1.795412
v 2.147660 0.897318 1.818662
v 2.172210 0.967067 1.808912
v 2.195410 1.455164 1.793762
v 2.164460 1.495415 1.810912
v 2.178910 1.687568 1.779912
v 2.094710 1.455164 1.875012
v 2.117960 1.650363 1.841912
v 2.164460 1.989716 1.806162
v 2.094910 1.633316 1.872912
v 2.156710 2.043968 1.798612
v 2.099010 1.927763 1.865162
v 2.132960 2.136916 1.826411
v 2.148961 0.747567 1.725712
v 2.133461 0.734615 1.717012
v 2.148961 0.765616 1.732912
v 2.156710 0.726867 1.703112
v 2.148961 0.721717 1.702462
v 2.179960 0.766665 1.702462
v 2.125710 0.773364 1.740962
v 2.241910 0.912815 1.767912
v 2.137010 0.982565 1.702462
v 2.148961 1.039863 1.710212
v 2.140060 1.005816 1.710212
v 2.148961 2.353865 1.766312
v 2.141210 2.415818 1.746112
v 2.172210 0.705713 1.648212
v 2.165860 0.695914 1.648212
v 2.164860 0.703615 1.655962
v 2.172210 0.680417 1.655762
v 2.156710 0.672668 1.646062
v 2.168160 0.657165 1.632712
v 2.156710 0.660765 1.640462
v 2.150560 0.664914 1.640462
v 2.171610 0.742364 1.671462
v 2.179161 0.734615 1.671462
v 2.164460 0.748068 1.679212
v 2.168211 0.719118 1.655962
v 2.162910 0.757867 1.671462
v 2.133461 0.703615 1.684562
v 2.172210 0.796616 1.668512
v 2.195410 0.967067 1.657612
v 2.187660 0.912815 1.656262
v 2.172210 0.928319 1.663562
v 2.187660 1.176214 1.679512
v 2.187660 1.346666 1.652512
v 2.172210 1.462913 1.640162
v 2.086961 1.377666 1.748462
v 2.127660 1.865768 1.679211
v 2.134810 1.958716 1.686962
v 2.148961 2.113664 1.662812
v 2.141210 2.556866 1.679211
v 2.148961 2.570766 1.672761
v 2.187660 0.653565 1.617212
v 2.195410 0.669563 1.617212
v 2.195410 0.672668 1.618962
v 2.187660 0.662315 1.617212
v 2.172210 0.657165 1.630062
v 2.172210 0.657165 1.622112
v 2.175460 0.664914 1.624962
v 2.172210 0.661814 1.624962
v 2.160710 0.680417 1.640462
v 2.156710 0.649416 1.627062
v 2.179960 0.657165 1.627112
v 2.164460 0.664914 1.629262
v 2.156710 0.672668 1.636312
v 2.164460 0.657666 1.624962
v 2.156710 0.657165 1.628162
v 2.156710 0.664914 1.631212
v 2.148961 0.647366 1.624962
v 2.148961 0.649416 1.627212
v 2.155760 0.652915 1.624962
v 2.148961 0.662816 1.632712
v 2.148961 0.651968 1.624962
v 2.156710 0.649416 1.622062
v 2.146410 0.672668 1.640462
v 2.141210 0.649917 1.624962
v 2.148961 0.654066 1.632712
v 2.187660 1.648813 1.616212
v 2.172210 2.260864 1.603861
v 2.156710 2.253115 1.611962
v 2.156710 2.687013 1.596511
v 2.141210 2.632767 1.634962
v 2.148961 2.772218 1.539712
v 2.179960 2.353865 1.563211
v 2.172210 2.361614 1.561862
v 2.164460 2.431315 1.534311
v 2.192611 2.408063 1.532012
v 2.179960 2.438563 1.524262
v 2.187660 2.439064 1.519361
v 2.194160 2.439064 1.508762
v 2.194760 2.524316 1.470011
v 2.141360 2.462316 1.547512
v 2.164460 2.850217 1.477762
v 2.135911 2.787715 1.539762
v 2.148961 2.900314 1.446761
v 2.172210 2.934915 1.406962
v 2.148961 2.849716 1.485512
v 2.172210 3.049064 1.307312
v 2.148961 3.105366 1.290262
v 2.142710 3.027868 1.361562
v 2.162210 3.113115 1.253112
v 2.144511 3.089863 1.322811
v 2.144060 3.151864 1.268611
v 2.170910 2.942663 1.214361
v 2.054460 2.958167 1.346062
v 2.195410 3.119314 1.222112
v 2.187660 3.134316 1.206611
v 2.171160 3.213817 1.167862
v 2.179960 3.268063 1.097311
v 2.176010 3.268063 1.113662
v 2.152510 3.376514 1.028412
v 2.187660 3.285116 1.059412
v 2.182660 3.376513 0.974161
v 2.045410 3.244817 1.090412
v 2.164460 3.189015 0.997412
v 2.145660 3.500467 0.687511
v 2.078310 3.562468 0.703012
v 2.158560 3.508216 0.857961
v 2.141210 3.646165 0.718511
v 2.113060 3.546965 0.865712
v 2.172210 3.477263 0.673411
v 2.148961 3.508216 0.669562
v 2.180960 3.639966 0.664261
v 2.173360 3.624463 0.695261
v 2.162460 3.678668 0.664261
v 2.175760 3.663164 0.648811
v 2.170910 3.686416 0.641061
v 2.148961 3.701913 0.649161
v 2.133461 3.692615 0.664261
v 2.178061 3.670913 0.625561
v 2.187660 3.684366 0.571311
v 2.176010 3.701913 0.602311
v 2.170660 3.717416 0.594561
v 2.172110 3.717416 0.579061
v 2.164460 3.724664 0.579061
v 2.156710 3.719467 0.617812
v 2.156710 3.727764 0.594561
v 2.141210 3.733414 0.579061
v 2.148961 3.722566 0.617812
v 2.148961 3.728765 0.602311
v 2.141210 3.711766 0.633312
v 2.141210 3.728264 0.602311
v 2.187660 3.700364 0.540311
v 2.179960 3.704518 0.532561
v 2.170060 3.709668 0.563561
v 2.172210 3.706068 0.548061
v 2.164460 3.713816 0.540311
v 2.172210 3.707063 0.524812
v 2.164460 3.718465 0.555812
v 2.164460 3.709167 0.524812
v 2.156710 3.725165 0.561961
v 2.125710 3.734964 0.563561
v 2.172210 3.696263 0.493861
v 2.203161 3.598118 0.478361
v 2.208210 3.608966 0.462861
v 2.189910 3.616714 0.478361
v 2.187660 3.621864 0.462861
v 2.164460 3.624463 0.493212
v 2.179960 3.658014 0.455112
v 2.172210 3.639966 0.473462
v 2.172210 3.647667 0.467512
v 2.164460 3.647667 0.465412
v 2.141610 3.655416 0.486112
v 2.156710 3.663164 0.464512
v 2.141210 3.686416 0.478412
v 2.156710 3.690064 0.478361
v 2.102460 3.726715 0.532561
v 2.125710 3.701913 0.498362
v 2.198710 3.624463 0.455112
v 2.187660 3.663164 0.448112
v 2.195410 3.647667 0.443262
v 2.187660 3.628063 0.455112
v 2.182310 3.647667 0.455112
v 2.179960 3.670913 0.456161
v 2.182611 3.655416 0.447361
v 2.172210 3.663164 0.459761
v 2.172210 3.670913 0.457862
v 2.164460 3.663164 0.459311
v 2.110210 1.021266 1.889412
v 2.094710 1.005816 1.883762
v 2.102460 1.091015 1.899612
v 2.079210 1.005816 1.886012
v 2.094710 1.107568 1.903862
v 2.081960 1.098764 1.911612
v 2.125710 1.122016 1.909962
v 2.125710 1.176214 1.915112
v 2.110210 1.153016 1.914812
v 2.094710 1.137513 1.916162
v 2.063660 1.114267 1.942612
v 2.102460 1.217067 1.919362
v 2.101910 1.183963 1.919362
v 2.079210 1.207215 1.930212
v 2.125710 1.269215 1.899112
v 2.086961 1.292467 1.907812
v 2.067310 1.284713 1.927112
v 2.094710 0.874066 1.845962
v 2.102460 0.866318 1.832412
v 2.086961 0.900418 1.857412
v 2.086961 0.858563 1.846712
v 2.086961 0.840014 1.826412
v 2.079210 0.850868 1.844362
v 2.079210 0.825518 1.826412
v 2.110210 0.943816 1.866662
v 2.040811 1.540363 1.927112
v 2.086961 2.074963 1.867162
v 2.110210 2.098215 1.850662
v 2.063710 2.082717 1.890062
v 2.066360 2.175665 1.880662
v 2.089560 2.183414 1.849662
v 2.125710 2.229917 1.817162
v 2.110210 2.237666 1.822212
v 2.102460 2.260864 1.822562
v 2.071460 2.237666 1.867262
v 2.088110 2.361614 1.818662
v 2.063710 2.351266 1.841912
v 2.125710 0.788867 1.766862
v 2.102460 0.796616 1.785912
v 2.126710 0.850868 1.818662
v 2.117960 0.779563 1.764412
v 2.079210 0.816214 1.810912
v 2.071460 0.780618 1.779912
v 2.079210 1.145267 1.792962
v 2.074461 1.005816 1.772162
v 2.090560 1.207215 1.779912
v 2.086961 1.183963 1.787861
v 2.079210 1.191717 1.793662
v 2.086961 1.207215 1.788761
v 2.079210 1.230466 1.792312
v 2.088861 1.230466 1.787662
v 2.063710 1.424164 1.766062
v 2.089961 1.292467 1.772162
v 2.094710 1.292968 1.748912
v 2.117960 2.422017 1.748912
v 2.111610 2.423567 1.756662
v 2.133461 0.722766 1.702462
v 2.117960 0.770265 1.748912
v 2.079210 0.781113 1.726712
v 2.094710 0.738764 1.710212
v 2.079210 0.739813 1.717962
v 2.117960 0.750118 1.728812
v 2.063710 0.750118 1.728662
v 2.055960 0.866318 1.753562
v 2.064560 0.928319 1.748912
v 2.137010 1.021266 1.725712
v 2.125260 0.897318 1.710212
v 2.125710 0.959313 1.731312
v 2.117960 0.943816 1.729962
v 2.110210 0.928319 1.724312
v 2.110210 0.951564 1.728162
v 2.102460 0.943816 1.724562
v 2.135460 0.982565 1.710212
v 2.141210 1.098764 1.735462
v 2.117960 0.998068 1.734962
v 2.110210 1.005816 1.734962
v 2.084560 0.990313 1.741212
v 2.073210 0.967067 1.741212
v 2.125710 2.609015 1.655962
v 2.113160 2.516568 1.725712
v 2.110160 2.555317 1.717962
v 2.117960 0.707763 1.679212
v 2.125710 0.711364 1.674062
v 2.136210 0.703615 1.679212
v 2.133461 0.734615 1.681412
v 2.141210 0.732565 1.679212
v 2.156710 0.750118 1.675912
v 2.094710 0.742364 1.705362
v 2.117960 0.711364 1.684262
v 2.125710 0.711364 1.686212
v 2.117960 0.712913 1.686962
v 2.121660 0.719118 1.679212
v 2.117960 0.719118 1.680611
v 2.117960 0.716567 1.679212
v 2.110210 0.713968 1.694712
v 2.112560 0.711364 1.686962
v 2.102460 0.719118 1.686062
v 2.110210 0.711918 1.679212
v 2.102460 0.711364 1.684462
v 2.056060 1.656568 1.748912
v 2.137860 1.950967 1.679211
v 2.066910 1.827013 1.741212
v 2.013510 2.005213 1.787662
v 2.053010 2.415818 1.671462
v 2.126760 2.764463 1.578512
v 2.055960 2.787715 1.656162
v 2.087860 2.733463 1.648211
v 2.133610 2.392614 1.593961
v 2.137860 2.408063 1.578512
v 2.055960 2.911663 1.572262
v 2.104960 2.671516 1.485512
v 2.094710 2.578515 1.555312
v 2.106761 2.586263 1.532011
v 2.103611 2.625018 1.524262
v 2.103611 2.640516 1.508762
v 2.094710 2.658617 1.516512
v 2.071460 2.717966 1.494561
v 2.117960 2.702516 1.453762
v 2.113760 2.919418 1.493262
v 2.102460 3.175116 1.301962
v 2.075760 2.826464 1.423562
v 2.110210 3.306818 1.160112
v 2.071410 3.306818 1.167862
v 2.044060 3.229314 1.299562
v 2.094710 3.355366 1.113661
v 2.079210 3.630114 0.819211
v 2.094710 3.663164 0.766812
v 2.079210 3.666264 0.772761
v 2.117910 3.701913 0.672011
v 2.086961 3.692114 0.741761
v 2.086860 3.732913 0.695261
v 2.094710 3.686416 0.517312
v 2.110210 3.726214 0.664261
v 2.102460 3.748417 0.624112
v 2.079210 3.748918 0.679761
v 2.125710 3.720015 0.610061
v 2.125710 3.735518 0.571311
v 2.125710 3.707617 0.641061
v 2.117960 3.713816 0.641061
v 2.117960 3.718465 0.617812
v 2.102460 3.739112 0.594561
v 2.105060 3.740668 0.617812
v 2.110210 3.732913 0.586312
v 2.102160 3.740668 0.579061
v 2.094710 3.746867 0.586812
v 2.117960 3.639966 0.548662
v 2.117960 3.732913 0.580462
v 2.117960 3.736013 0.571311
v 2.110210 3.737563 0.571311
v 2.110210 3.738063 0.563561
v 2.094710 3.742712 0.571311
v 2.125710 3.663164 0.499661
v 2.125710 3.670913 0.492261
v 2.120310 3.663164 0.509311
v 2.117960 3.671968 0.517061
v 2.117960 3.678668 0.509561
v 2.118011 3.670913 0.501611
v 2.119061 3.686416 0.493861
v 2.117760 3.686416 0.501611
v 2.111110 3.678668 0.517061
v 2.094710 3.717416 0.520961
v 2.117960 3.694165 0.499661
v 2.110210 3.701913 0.505862
v 2.071460 3.709668 0.531561
v 2.043810 0.998068 1.934862
v 2.001760 0.967067 1.965862
v 2.009511 1.075518 1.989312
v 2.017261 1.143718 1.996862
v 2.017261 1.269215 1.997762
v 1.995160 1.462913 1.989112
v 2.042010 0.920564 1.880662
v 2.026310 0.881815 1.896162
v 1.994010 0.928319 1.953112
v 2.036561 0.920564 1.911612
v 2.045260 0.974816 1.911612
v 2.048210 0.905067 1.858712
v 2.001760 1.563615 1.973212
v 2.031610 1.625615 1.934862
v 2.055960 2.012968 1.905262
v 1.994010 1.749563 1.960311
v 2.025010 1.927763 1.930862
v 2.001760 1.904517 1.937262
v 2.040461 2.036214 1.906612
v 2.040461 2.059466 1.904912
v 2.032710 2.152413 1.906111
v 2.017261 2.167916 1.920762
v 2.009511 2.121413 1.933112
v 2.032710 2.245414 1.886912
v 2.017261 2.222168 1.906712
v 2.019260 0.866318 1.880662
v 2.017261 0.815213 1.834162
v 2.001760 0.841016 1.872912
v 2.071460 0.819868 1.824412
v 2.048210 0.835365 1.835212
v 2.055960 0.889564 1.846362
v 2.071460 0.889564 1.851662
v 2.063710 0.897318 1.851062
v 2.055960 0.905067 1.854562
v 2.017261 1.129764 1.840412
v 2.018410 1.044518 1.818662
v 2.048210 2.276367 1.869962
v 2.009511 2.276367 1.905562
v 2.025010 2.415818 1.859612
v 2.001760 2.392614 1.879461
v 2.032710 2.563018 1.797062
v 2.001760 0.812113 1.834062
v 2.025010 0.777513 1.772162
v 2.055960 0.920564 1.760262
v 2.032710 0.866318 1.772862
v 1.994010 0.819868 1.780962
v 1.994010 0.920564 1.799362
v 2.048210 0.920564 1.764662
v 2.048210 0.936067 1.766062
v 2.055960 0.937617 1.764412
v 2.040461 0.936067 1.766062
v 2.014860 0.943816 1.787662
v 2.055960 0.943816 1.769011
v 2.068010 0.967067 1.756662
v 2.063710 1.013517 1.782762
v 2.032710 0.975317 1.772162
v 2.017660 0.982565 1.787662
v 2.055960 1.067764 1.793412
v 2.048960 1.160765 1.810912
v 2.071460 1.214963 1.793662
v 2.063710 1.292467 1.785912
v 2.048210 1.385415 1.775262
v 2.023410 1.455164 1.803162
v 1.994010 1.532614 1.814762
v 2.043310 1.532614 1.772162
v 2.025010 1.532614 1.798012
v 2.039460 1.563615 1.787662
v 2.040461 1.648813 1.792462
v 2.009511 1.548117 1.802012
v 2.025010 1.586866 1.796362
v 2.025010 1.687568 1.784712
v 2.040461 1.726317 1.783112
v 2.049760 1.664317 1.779912
v 2.049010 1.664317 1.787662
v 2.053860 1.772815 1.764411
v 2.048210 1.660216 1.764411
v 2.032710 1.648813 1.791262
v 2.032710 1.695317 1.786011
v 2.048210 1.819265 1.769212
v 2.032710 1.749563 1.782762
v 2.025010 1.772815 1.784562
v 2.017261 1.695317 1.786662
v 2.034261 2.229917 1.748912
v 2.018610 2.129167 1.779912
v 2.017261 2.152413 1.783162
v 2.017261 2.206665 1.767512
v 2.009511 2.152413 1.785912
v 2.027210 2.206665 1.764411
v 2.009511 2.539814 1.818262
v 1.996010 2.570766 1.818662
v 1.993611 0.796616 1.772162
v 2.063710 0.750118 1.723612
v 1.984960 0.796616 1.779912
v 2.055960 0.750118 1.726062
v 2.055960 2.299613 1.699162
v 2.040461 2.369368 1.706612
v 2.046960 2.338368 1.702462
v 2.046211 2.346116 1.710212
v 2.040461 2.562016 1.617211
v 2.006760 2.307367 1.748912
v 2.009511 2.477813 1.686862
v 2.025010 2.779967 1.672011
v 2.050611 2.439064 1.671462
v 2.011860 2.532065 1.655962
v 2.048210 2.818716 1.643811
v 2.040461 2.849716 1.623962
v 2.032710 2.849716 1.625162
v 2.055960 2.578515 1.585162
v 2.051460 2.570766 1.601712
v 2.048210 2.570266 1.609462
v 2.009911 2.710265 1.563011
v 2.009410 2.594018 1.632712
v 2.050210 2.601767 1.586262
v 2.032160 2.756715 1.516512
v 2.036911 2.756715 1.508762
v 2.040461 2.989167 1.512961
v 1.982660 2.934915 1.632712
v 2.020210 2.919418 1.593961
v 2.020710 2.865213 1.624961
v 2.029660 3.020167 1.501011
v 2.069960 3.058863 1.439011
v 2.048210 2.965915 1.529912
v 2.063710 2.795464 1.452412
v 2.032860 2.911663 1.392561
v 2.009511 2.888417 1.435662
v 2.048210 3.027868 1.476262
v 2.063710 2.869314 1.408062
v 2.040461 2.927166 1.380162
v 2.048210 3.082615 1.423562
v 2.026011 3.105366 1.439011
v 2.048210 2.942663 1.369012
v 2.025010 2.950418 1.371661
v 2.032710 2.965915 1.358112
v 2.001760 3.066617 1.304712
v 2.032360 3.035617 1.315062
v 2.009511 3.173566 1.384811
v 2.017261 3.058863 1.304611
v 2.001760 3.113115 1.275061
v 2.036911 3.562468 0.943211
v 2.001760 3.392017 1.015661
v 1.944060 3.361017 1.105911
v 1.974710 3.283566 1.299562
v 2.012210 3.570217 0.989661
v 2.017261 3.506166 0.850212
v 2.034261 3.647667 0.857961
v 2.001760 3.602266 0.749511
v 2.035360 3.694165 0.803761
v 2.010910 3.639966 0.912212
v 2.027810 3.686416 0.842461
v 2.055960 3.656465 0.796012
v 2.030110 3.725165 0.772761
v 2.036810 3.701913 0.765012
v 1.986260 3.699863 0.873461
v 2.001760 3.750968 0.765012
v 1.989910 3.748417 0.796012
v 2.063710 3.577965 0.712162
v 2.048210 3.678668 0.610911
v 2.063710 3.689516 0.741761
v 2.048210 3.731864 0.672011
v 2.028811 3.756166 0.641061
v 2.029510 3.771663 0.687511
v 2.017261 3.756166 0.739211
v 2.052910 3.686416 0.571311
v 2.032710 3.674018 0.625561
v 2.065010 3.740668 0.679761
v 2.071460 3.748918 0.687511
v 2.071460 3.717416 0.714012
v 2.055960 3.760266 0.617812
v 2.071460 3.761816 0.648811
v 2.063710 3.756166 0.648811
v 2.025010 3.765464 0.633312
v 2.017261 3.779417 0.698861
v 2.025010 3.779417 0.702762
v 2.017261 3.784066 0.687511
v 2.025010 3.781467 0.687511
v 2.017261 3.781968 0.672011
v 1.986260 3.775263 0.641061
v 2.045410 3.694165 0.579061
v 2.032710 3.708118 0.586812
v 2.040461 3.704518 0.579061
v 2.025010 3.701913 0.595312
v 2.001760 3.703463 0.633312
v 2.007961 3.717416 0.594561
v 2.025010 3.708613 0.586812
v 2.071460 3.760815 0.633312
v 2.063710 3.758717 0.641061
v 2.032710 3.757715 0.625561
v 2.048210 3.756166 0.619561
v 2.048210 3.759265 0.610061
v 2.032710 3.760815 0.610061
v 2.026711 3.763914 0.617812
v 2.040310 3.701913 0.571311
v 2.032410 3.709668 0.571311
v 2.009511 3.725165 0.585512
v 2.025010 3.711766 0.579061
v 1.994010 1.137513 2.007162
v 1.939760 1.168466 2.059062
v 1.956760 1.292467 2.043362
v 1.969660 1.385415 2.012362
v 1.939760 1.447415 2.042212
v 2.001760 0.936067 1.952512
v 1.978510 0.976366 1.965862
v 1.968760 0.990313 1.981362
v 1.955261 0.955164 1.981362
v 1.994010 1.005816 1.974912
v 1.994010 0.967067 1.966562
v 1.986260 0.967067 1.963012
v 1.986260 1.077616 1.996862
v 1.963010 1.044518 2.012362
v 1.947510 1.021266 2.013012
v 1.955261 1.586866 2.002962
v 1.994010 1.672065 1.961962
v 1.955261 1.734066 1.975262
v 1.954610 1.765066 1.981362
v 1.963010 1.842517 1.977311
v 1.973260 1.865768 1.965862
v 1.986260 1.958716 1.959412
v 2.000710 2.012968 1.942611
v 1.924260 1.710814 2.006912
v 1.963010 1.888466 1.973611
v 1.978510 1.987165 1.958112
v 1.978510 2.090466 1.949212
v 1.959310 1.966465 1.973611
v 1.960660 2.082717 1.981362
v 1.989560 2.214414 1.934862
v 1.924260 2.129167 2.010712
v 1.981110 2.229917 1.950362
v 1.932010 2.222168 1.990861
v 1.971760 2.322865 1.942611
v 1.986260 0.881815 1.923562
v 1.963010 0.847214 1.896162
v 1.955261 0.866318 1.915012
v 1.986260 0.920564 1.946212
v 1.978510 0.897318 1.932162
v 1.984860 1.067764 1.849662
v 1.947510 1.076013 1.888412
v 1.827010 1.137513 2.012362
v 1.839061 1.214963 2.005162
v 2.001760 1.943213 1.932761
v 2.001760 2.152413 1.930312
v 1.994010 2.160168 1.931662
v 1.990060 2.284116 1.919362
v 1.995260 2.392614 1.888411
v 1.987160 2.377117 1.911611
v 1.947510 2.355415 1.950361
v 1.970760 2.508813 1.882562
v 1.955261 2.532065 1.882661
v 1.955261 0.812614 1.826412
v 1.947510 0.823468 1.857412
v 1.939760 0.825518 1.872912
v 1.961260 1.036763 1.857412
v 1.986260 0.974816 1.812312
v 1.935460 0.974816 1.841912
v 1.924260 0.936067 1.839162
v 2.001760 1.052266 1.836162
v 1.994010 0.974816 1.814612
v 2.009511 0.988764 1.818662
v 1.994010 1.005816 1.823662
v 1.967360 1.338917 1.872912
v 1.982660 1.323414 1.849662
v 1.971060 1.462913 1.849662
v 1.955261 1.524866 1.859511
v 1.963010 1.602364 1.855762
v 1.968410 1.718563 1.834162
v 1.955261 1.757318 1.849962
v 1.955261 1.586866 1.858912
v 1.960110 1.788265 1.849662
v 1.973610 1.796013 1.826411
v 1.967060 1.819265 1.849662
v 1.963010 1.834768 1.855412
v 1.947510 1.788265 1.854312
v 1.955261 1.827013 1.855412
v 1.978310 1.881266 1.834162
v 1.963010 1.850265 1.851762
v 1.963010 1.881266 1.847262
v 1.955261 1.850265 1.851662
v 1.963010 1.958716 1.836162
v 1.989960 2.493316 1.865162
v 1.970760 2.617264 1.836012
v 1.986260 2.656013 1.805162
v 1.947510 2.609515 1.847262
v 1.963010 2.656013 1.815361
v 1.970760 0.806415 1.810912
v 1.985210 0.804365 1.787662
v 1.986260 0.798166 1.795412
v 1.986260 0.796115 1.787662
v 1.953310 0.812113 1.810912
v 1.955261 0.819868 1.806012
v 1.970760 0.810015 1.803162
v 1.955261 0.850868 1.810262
v 1.947510 0.858563 1.813912
v 2.013560 0.974816 1.803162
v 1.986260 1.803768 1.813912
v 1.978510 2.090466 1.815562
v 2.009110 2.191168 1.772162
v 2.002710 2.222168 1.772162
v 1.916510 2.237666 1.855862
v 2.004810 2.717966 1.741211
v 2.001760 2.744317 1.741211
v 1.947510 2.646714 1.826411
v 1.939660 2.687013 1.818662
v 1.932010 2.708167 1.810912
v 2.001760 2.482963 1.702462
v 2.012560 2.826464 1.671462
v 1.956160 2.795464 1.748912
v 2.002911 2.609515 1.640462
v 1.994010 2.609515 1.645612
v 1.994010 2.727818 1.578512
v 1.957260 2.710265 1.617211
v 1.991010 3.035617 1.539762
v 1.939760 2.910113 1.686962
v 2.004110 2.733463 1.563011
v 2.001060 2.756715 1.555262
v 1.978510 2.888417 1.485212
v 1.994910 2.834213 1.501011
v 1.963010 2.849716 1.514261
v 1.978510 3.004664 1.384111
v 1.971510 2.865213 1.501011
v 1.980260 2.981418 1.408062
v 1.970760 3.020167 1.392561
v 1.970760 3.102767 1.493262
v 1.947510 3.120863 1.480862
v 1.955261 3.017068 1.400312
v 1.955261 3.167367 1.428962
v 1.986260 3.242218 1.315062
v 1.957160 3.113115 1.330562
v 1.947510 3.082114 1.358962
v 1.935710 3.159618 1.315062
v 2.009511 3.314567 1.232912
v 1.908760 3.322315 1.364012
v 1.932010 3.492713 1.150212
v 1.978510 3.411663 1.005161
v 1.947510 3.438514 1.014111
v 2.001760 3.408015 0.997411
v 1.986260 3.418368 0.997411
v 1.985760 3.461766 0.958712
v 1.994010 3.455013 0.943211
v 1.989210 3.469515 0.943211
v 1.963010 3.500467 0.927711
v 1.970760 3.524768 0.904461
v 1.914410 3.732913 0.703012
v 1.908760 3.639966 0.815062
v 1.963010 3.660613 0.927711
v 1.935010 3.593463 1.036161
v 1.963010 3.740668 0.838411
v 1.939760 3.740668 0.652712
v 1.978510 3.793365 0.703012
v 1.955261 3.748417 0.637562
v 2.001760 3.766465 0.710761
v 1.986260 3.785068 0.695261
v 1.994010 3.784567 0.672011
v 1.978510 3.790265 0.687511
v 1.846810 3.825867 0.810761
v 1.916510 3.791815 0.695261
v 2.014760 3.701913 0.617812
v 2.001760 3.748417 0.594561
v 1.976360 3.732913 0.617812
v 2.009511 3.758216 0.602311
v 1.970760 3.763914 0.625661
v 1.955261 3.756166 0.631811
v 1.915160 3.771663 0.672011
v 1.916510 0.936067 1.983462
v 1.931360 1.005816 2.020112
v 1.916510 1.013517 2.038312
v 1.885510 0.940216 2.004611
v 1.877760 0.959313 2.014112
v 1.924260 1.059514 2.051112
v 1.908760 1.060015 2.056112
v 1.924260 1.168466 2.069412
v 1.936760 1.238215 2.066562
v 1.939760 1.362163 2.056612
v 1.908760 1.307964 2.074012
v 1.901010 1.191717 2.070061
v 1.924260 1.408666 2.057362
v 1.901010 1.408666 2.060962
v 1.880860 1.284713 2.089812
v 1.908760 1.610118 2.026812
v 1.932010 1.610118 2.006962
v 1.823560 1.501614 2.120762
v 1.908760 1.656568 2.026212
v 1.862310 1.687568 2.055362
v 1.885510 2.005213 2.040162
v 1.877760 2.067214 2.049412
v 1.893260 2.237666 2.021411
v 1.916510 2.218014 1.996862
v 1.916510 2.446318 1.950361
v 1.924260 0.928319 1.978762
v 1.908760 0.889564 1.955162
v 1.901010 0.912315 1.973612
v 1.901010 0.874066 1.940962
v 1.893260 0.907665 1.973612
v 1.934010 1.656568 2.004611
v 1.932010 1.702565 2.004611
v 1.948560 1.734066 1.996862
v 1.947510 1.787764 1.989112
v 1.927361 2.408063 1.942611
v 1.901010 2.501065 1.940862
v 1.939760 0.843114 1.903762
v 1.924260 0.858563 1.915112
v 1.903910 0.827616 1.872912
v 1.901010 0.845164 1.911612
v 1.870060 0.834316 1.903862
v 1.885510 0.830716 1.896162
v 1.908760 1.393163 1.921062
v 1.918160 1.393163 1.903862
v 1.862310 1.338917 1.971862
v 1.932010 1.594615 1.866262
v 1.885510 1.648813 1.900962
v 1.890810 2.059466 1.896162
v 1.908610 2.167916 1.872912
v 1.935010 2.563018 1.880662
v 1.922160 2.594018 1.888411
v 1.908760 2.594018 1.899962
v 1.939760 0.817764 1.841912
v 1.939760 0.817764 1.810912
v 1.890860 0.835365 1.841912
v 1.908760 0.967067 1.851862
v 1.939760 1.013017 1.865162
v 1.924260 0.968617 1.849662
v 1.924260 1.021266 1.876112
v 1.854560 0.951564 1.878762
v 1.924260 1.780564 1.866962
v 1.885510 1.850265 1.906111
v 1.939760 1.834768 1.855662
v 1.901010 2.160168 1.884212
v 1.893260 2.260864 1.863861
v 1.901010 2.204067 1.872912
v 1.922860 2.702516 1.834162
v 1.901260 2.764463 1.818662
v 1.947510 0.819868 1.804512
v 1.939760 0.827616 1.808562
v 1.856061 2.253115 1.903862
v 1.926860 2.710265 1.818662
v 1.922960 2.795464 1.779912
v 1.924460 2.834213 1.741211
v 1.908760 2.888417 1.726112
v 1.862310 2.672565 1.903862
v 1.901210 2.772218 1.632712
v 1.808060 2.710265 1.766461
v 1.940410 2.896166 1.524262
v 1.948410 2.834213 1.547512
v 1.921660 3.144115 1.485512
v 1.908760 3.060418 1.578512
v 1.882910 3.043365 1.454512
v 1.871910 3.043365 1.470011
v 1.939760 2.934915 1.493411
v 1.937260 3.027868 1.408062
v 1.916510 3.004664 1.461011
v 1.932010 3.058863 1.408362
v 1.885510 3.159618 1.524012
v 1.934610 3.051114 1.400312
v 1.916510 3.175116 1.330112
v 1.884160 3.190565 1.338312
v 1.932210 3.089863 1.377062
v 1.893260 3.302664 1.392561
v 1.928910 3.244817 1.253112
v 1.927460 3.345513 1.167862
v 1.916510 3.337765 1.186311
v 1.901010 3.306818 1.211861
v 1.901010 3.452468 1.067161
v 1.880860 3.423017 1.291811
v 1.887660 3.368765 1.322811
v 1.908760 3.663164 1.014411
v 1.924260 3.461766 1.036161
v 1.916510 3.464866 1.051661
v 1.908760 3.483468 1.036161
v 1.877760 3.490168 1.028412
v 1.916510 3.786617 0.865712
v 1.947510 3.477263 0.958712
v 1.926410 3.546965 0.912212
v 1.918510 3.492713 0.981912
v 1.922710 3.508216 0.958712
v 1.916510 3.546965 0.922412
v 1.899760 3.570217 0.919961
v 1.899160 3.577965 0.935461
v 1.866460 3.709668 0.796012
v 1.856310 3.763914 0.726261
v 1.893260 3.769064 0.896712
v 1.908760 3.803664 0.842461
v 1.901010 3.748417 0.707562
v 1.924260 3.647667 0.803411
v 1.885510 3.748417 0.708811
v 1.897161 3.818112 0.819211
v 1.854560 3.812963 0.765012
v 1.893260 3.790766 0.703012
v 1.911760 3.779417 0.679761
v 1.914860 3.756166 0.672011
v 1.909060 3.771663 0.679761
v 1.846810 1.114267 2.107712
v 1.839061 0.982565 2.059062
v 1.823560 1.052266 2.090512
v 1.854560 1.160765 2.115512
v 1.859910 1.098764 2.089812
v 1.885510 1.207215 2.077562
v 1.877760 1.217067 2.089812
v 1.870060 1.060015 2.055012
v 1.868060 1.137513 2.082062
v 1.854560 1.191717 2.118711
v 1.859060 1.176214 2.113062
v 1.862310 1.230466 2.113461
v 1.854560 1.269215 2.115662
v 1.839061 1.269215 2.115812
v 1.862310 1.292467 2.114462
v 1.871410 1.292467 2.105312
v 1.873860 1.323414 2.097562
v 1.846810 1.300216 2.116162
v 1.854560 1.315713 2.113461
v 1.823560 1.346666 2.132012
v 1.854560 1.424164 2.111312
v 1.800760 1.695317 2.105312
v 1.834910 1.687568 2.082062
v 1.839061 1.881266 2.078212
v 1.839061 2.005213 2.072112
v 1.857710 1.935518 2.058811
v 1.854560 0.905067 1.996712
v 1.839061 0.920564 2.017962
v 1.823210 0.912815 2.027862
v 1.831310 0.898367 2.012362
v 1.831310 1.230466 2.028562
v 1.823560 1.230466 2.035462
v 1.846110 1.323414 1.996862
v 1.840810 1.362163 1.996862
v 1.853760 1.889014 2.058811
v 1.877760 2.158618 2.043362
v 1.846810 2.160168 2.053561
v 1.815810 1.958716 2.087261
v 1.862310 2.175665 2.044361
v 1.835860 2.183414 2.066562
v 1.811560 2.059466 2.097562
v 1.830060 2.191168 2.074312
v 1.877760 2.322865 2.000412
v 1.847111 2.338368 2.035611
v 1.815810 2.299613 2.066512
v 1.855310 2.361614 2.004611
v 1.849760 2.338368 2.027862
v 1.851210 2.361614 2.020112
v 1.839061 2.384865 2.030412
v 1.828760 2.462316 2.020112
v 1.870060 0.875616 1.965862
v 1.877760 0.874066 1.950362
v 1.862310 0.854963 1.950362
v 1.854560 0.874066 1.968862
v 1.854560 0.852364 1.950362
v 1.831310 0.845665 1.942612
v 1.839061 0.885963 1.989112
v 1.815810 1.070368 1.996862
v 1.843810 1.354414 1.989112
v 1.850960 1.478368 1.958112
v 1.846810 1.493865 1.960762
v 1.862310 1.672065 1.927162
v 1.831310 1.292467 2.024012
v 1.844210 1.462913 1.973611
v 1.831310 1.478368 1.973112
v 1.862310 2.356964 1.996862
v 1.877760 2.586263 1.916911
v 1.885510 2.586263 1.912562
v 1.854710 2.594018 1.950361
v 1.761560 2.446818 2.079612
v 1.862610 2.594018 1.934862
v 1.800310 2.586263 1.998161
v 1.854560 0.841564 1.934862
v 1.862310 0.833815 1.896162
v 1.831310 0.841564 1.934862
v 1.839061 1.641065 1.937712
v 1.846810 1.889014 1.926812
v 1.806111 1.679814 1.958112
v 1.854560 2.039814 1.919362
v 1.839061 2.098215 1.938062
v 1.885510 2.113664 1.897062
v 1.877760 2.136916 1.894861
v 1.839061 2.160168 1.930861
v 1.823560 2.129167 1.940162
v 1.808060 2.384865 1.913411
v 1.784810 2.640516 1.977412
v 1.885510 0.843114 1.836062
v 1.808060 0.858563 1.883812
v 1.792560 0.874066 1.886012
v 1.870060 0.943816 1.868012
v 1.753810 0.903016 1.911612
v 1.870210 2.803218 1.818662
v 1.823560 2.795464 1.850212
v 1.854560 3.035617 1.646811
v 1.863810 3.113115 1.586262
v 1.862310 3.043365 1.482161
v 1.846810 3.051114 1.485561
v 1.877760 3.174067 1.516512
v 1.870060 3.295416 1.408062
v 1.846810 3.221565 1.499212
v 1.808060 3.089863 1.660962
v 1.761560 3.244817 1.552861
v 1.862310 3.067166 1.470011
v 1.846810 3.066617 1.475662
v 1.846810 3.096068 1.454512
v 1.815810 3.153414 1.439011
v 1.862310 3.089863 1.448712
v 1.849560 3.198314 1.369312
v 1.854710 3.314567 1.423561
v 1.855711 3.345513 1.384811
v 1.831310 3.330064 1.435212
v 1.840310 3.384268 1.377062
v 1.839061 3.266513 1.307312
v 1.885510 3.304714 1.214361
v 1.823960 3.268063 1.315062
v 1.839061 3.295964 1.268611
v 1.836810 3.562468 0.997411
v 1.831310 3.523713 1.049011
v 1.753610 3.492713 1.160112
v 1.869910 3.624463 1.082661
v 1.823560 3.599113 1.160112
v 1.856310 3.670913 1.043911
v 1.885510 3.541815 0.981912
v 1.885510 3.583115 0.943211
v 1.877760 3.752017 0.919961
v 1.854560 3.787166 0.921311
v 1.846810 3.784567 0.927711
v 1.839061 3.709668 0.814861
v 1.869760 3.756166 0.919961
v 1.861360 3.779417 0.912212
v 1.863060 3.802615 0.873461
v 1.839061 3.777313 0.935461
v 1.846810 3.717416 0.811062
v 1.862310 3.709668 0.811911
v 1.885510 3.791815 0.857961
v 1.877760 3.818667 0.826961
v 1.877760 3.787166 0.865661
v 1.867410 3.802615 0.857961
v 1.854560 3.810364 0.874511
v 1.862460 3.810364 0.865712
v 1.864060 3.810364 0.857961
v 1.867210 3.810364 0.850212
v 1.862760 3.825867 0.834711
v 1.831310 3.828466 0.834711
v 1.862310 3.812963 0.857961
v 1.854560 3.725165 0.794311
v 1.846810 3.767014 0.749511
v 1.839061 3.760815 0.765012
v 1.839061 3.725165 0.800061
v 1.823560 3.741717 0.788261
v 1.870060 3.825366 0.819211
v 1.831310 3.828967 0.826961
v 1.823560 3.810364 0.767211
v 1.853610 3.794914 0.734012
v 1.846810 3.787166 0.732512
v 1.864410 3.787166 0.718511
v 1.839061 3.779417 0.741112
v 1.846860 3.779417 0.734012
v 1.808060 3.801614 0.765012
v 1.831310 3.767014 0.757261
v 1.823560 3.779417 0.750261
v 1.823560 3.763914 0.762311
v 1.893260 3.779417 0.692912
v 1.877760 3.771663 0.701262
v 1.761560 1.253718 2.161662
v 1.808060 1.153016 2.138912
v 1.769310 1.145267 2.141662
v 1.753810 1.129764 2.142312
v 1.792560 1.292467 2.165812
v 1.810310 1.354414 2.151812
v 1.831310 1.160765 2.124362
v 1.784810 1.276964 2.163462
v 1.784810 1.362163 2.149961
v 1.769310 1.362163 2.147412
v 1.808060 1.428813 2.144062
v 1.792560 1.393163 2.148962
v 1.784810 1.439667 2.141562
v 1.769310 1.439667 2.147512
v 1.792560 1.532114 2.128561
v 1.784810 1.718563 2.109862
v 1.761560 1.625615 2.143561
v 1.769310 1.710814 2.127412
v 1.763910 1.532614 2.151812
v 1.792560 1.052266 2.116062
v 1.792560 2.101815 2.105312
v 1.746060 1.786214 2.128561
v 1.777061 2.129167 2.110862
v 1.769310 2.059466 2.115662
v 1.777061 2.353865 2.091462
v 1.815810 0.896817 2.020112
v 1.792560 0.906116 2.035612
v 1.823560 1.153016 2.028162
v 1.800310 1.083267 2.014812
v 1.792560 1.143163 2.035612
v 1.777061 1.102918 2.035612
v 1.775560 1.021266 1.989112
v 1.815810 1.153016 2.031212
v 1.808060 1.238215 2.034812
v 1.777061 1.207215 2.062562
v 1.769310 1.129764 2.059612
v 1.784810 1.393163 2.031412
v 1.769310 1.276964 2.064811
v 1.761560 1.633316 1.992661
v 1.823560 0.877166 1.996862
v 1.800310 0.861168 1.989112
v 1.815810 0.848264 1.958112
v 1.823560 0.843114 1.940362
v 1.784810 0.849313 1.965862
v 1.769310 0.854468 1.973612
v 1.746060 0.855517 1.958112
v 1.761560 1.069313 2.043362
v 1.800310 1.594615 1.973462
v 1.792560 1.602364 1.984262
v 1.798661 1.648813 1.965862
v 1.792560 1.633316 1.985561
v 1.777061 1.610118 1.991212
v 1.784810 1.734066 1.972962
v 1.801360 1.664317 1.973611
v 1.792560 1.710814 1.974912
v 1.808060 1.726317 1.960112
v 1.800310 1.734066 1.970062
v 1.800310 1.803768 1.965012
v 1.800310 1.889014 1.962062
v 1.738310 1.757318 2.003911
v 1.808060 1.796013 1.962361
v 1.824710 1.858014 1.950362
v 1.824810 1.889014 1.958112
v 1.827110 1.896763 1.950362
v 1.815810 1.881266 1.963362
v 1.808060 1.896763 1.960712
v 1.823560 1.912266 1.954662
v 1.769361 2.098215 1.989112
v 1.792560 2.229917 1.956612
v 1.743010 2.214414 1.996862
v 1.769310 2.648264 1.971862
v 1.784810 2.779967 1.885661
v 1.729861 0.866318 1.950362
v 1.761560 0.881815 1.902012
v 1.684110 2.479368 1.973611
v 1.762260 2.625018 1.849662
v 1.753810 2.632767 1.983212
v 1.768310 2.841967 1.857411
v 1.808060 2.586263 1.831211
v 1.792560 2.826464 1.852412
v 1.777061 2.717966 1.778612
v 1.761560 2.888417 1.849561
v 1.800310 2.797514 1.717962
v 1.808060 2.849716 1.685912
v 1.792560 2.849716 1.687162
v 1.738310 3.027868 1.752762
v 1.773960 2.942663 1.795411
v 1.769810 3.252566 1.400312
v 1.753810 3.190565 1.457912
v 1.800510 3.275818 1.508761
v 1.777061 3.291315 1.506011
v 1.753810 3.345513 1.488861
v 1.738310 3.464317 1.392561
v 1.774460 3.531468 1.299562
v 1.796160 3.632218 1.160112
v 1.746060 3.636867 0.997411
v 1.794210 3.655416 1.144612
v 1.746060 3.554714 1.302961
v 1.761560 3.732914 1.086811
v 1.776060 3.624463 0.989661
v 1.792560 3.802114 0.966461
v 1.723860 3.802615 0.842461
v 1.753810 3.787166 0.814311
v 1.805660 3.825867 0.912212
v 1.769310 3.794914 0.799761
v 1.823560 3.766465 0.950961
v 1.808060 3.802615 0.917611
v 1.806561 3.825867 0.896712
v 1.809211 3.787166 0.958712
v 1.800310 3.833616 0.903611
v 1.784810 3.827965 0.935461
v 1.784810 3.838813 0.904461
v 1.761560 3.819668 0.958712
v 1.753810 3.841364 0.904461
v 1.797210 3.709668 0.865712
v 1.787310 3.787166 0.780511
v 1.777061 3.710717 0.881212
v 1.823560 3.828466 0.826961
v 1.808060 3.827417 0.834711
v 1.804110 3.825867 0.850212
v 1.800310 3.831565 0.842461
v 1.800310 3.827965 0.826961
v 1.792560 3.837764 0.873461
v 1.707361 3.830516 0.873461
v 1.746060 3.842413 0.896712
v 1.769310 3.802615 0.796311
v 1.823560 3.827417 0.819211
v 1.722810 3.822267 0.850212
v 1.739910 3.810364 0.826961
v 1.699610 1.176214 2.207912
v 1.722810 1.269215 2.215262
v 1.730560 1.160765 2.182162
v 1.744660 1.284713 2.198312
v 1.722810 1.346666 2.215662
v 1.753810 1.456165 2.175062
v 1.707361 1.369917 2.219512
v 1.724610 1.044518 2.144062
v 1.741060 1.098764 2.144062
v 1.713810 0.967067 2.113062
v 1.710310 0.967067 2.120811
v 1.715110 1.044518 2.150162
v 1.691860 1.114267 2.193912
v 1.753810 1.114267 2.135812
v 1.738310 1.168466 2.172512
v 1.749260 1.253718 2.175062
v 1.756060 1.362163 2.159562
v 1.660860 1.563615 2.191962
v 1.645360 1.610118 2.192261
v 1.676360 1.741815 2.169761
v 1.730560 1.796013 2.136962
v 1.738310 2.113664 2.143162
v 1.722810 2.129167 2.143412
v 1.722810 2.074963 2.147262
v 1.707361 2.121413 2.148962
v 1.684110 2.152413 2.180761
v 1.738310 0.974816 2.092812
v 1.746060 1.021266 2.106362
v 1.722810 0.982565 2.101912
v 1.707361 0.914866 2.066562
v 1.707361 0.897318 2.054062
v 1.704360 0.936067 2.105312
v 1.761560 1.075518 2.123412
v 1.721360 1.083267 2.066562
v 1.712360 1.145267 2.105312
v 1.715110 1.230466 2.107312
v 1.730560 2.307367 2.132362
v 1.730560 2.361614 2.120662
v 1.722810 2.446818 2.086962
v 1.730560 0.887018 2.043362
v 1.722810 0.866318 2.013212
v 1.707361 0.881815 2.035012
v 1.707361 0.868917 2.012362
v 1.713210 1.005816 2.027862
v 1.730560 0.982565 2.012362
v 1.746060 1.067764 2.052562
v 1.753810 1.050717 2.043362
v 1.738310 0.974816 2.004611
v 1.668610 0.971168 2.035612
v 1.722810 1.625615 2.024262
v 1.722810 1.710814 2.015362
v 1.707361 1.641065 2.025112
v 1.660860 1.726317 2.054461
v 1.699610 1.920015 2.031212
v 1.715760 2.090466 2.035611
v 1.722810 2.152413 2.032812
v 1.699610 2.059466 2.049712
v 1.740210 2.229917 2.004611
v 1.738310 2.268618 2.002712
v 1.715110 2.156067 2.035611
v 1.730560 2.276367 2.002362
v 1.706560 2.477813 2.089811
v 1.738310 2.632767 1.996662
v 1.733310 2.656013 2.004611
v 1.691860 2.585268 2.074312
v 1.730560 2.717966 1.978062
v 1.684110 0.874066 2.002562
v 1.678710 0.889564 1.981362
v 1.723610 0.928319 1.958112
v 1.739861 0.951564 1.965862
v 1.722810 0.948966 1.981362
v 1.676360 0.939167 1.996862
v 1.707361 0.967067 1.999862
v 1.667460 0.912815 1.989112
v 1.738910 2.113664 2.004611
v 1.746060 2.353865 1.969862
v 1.695510 2.369368 1.996862
v 1.691860 2.291864 2.017962
v 1.691860 2.687013 2.029512
v 1.691860 2.880663 1.902012
v 1.692060 0.897318 1.965862
v 1.645360 2.663767 1.909162
v 1.746060 2.872914 1.717162
v 1.715110 3.074366 1.739311
v 1.730560 2.900815 1.702462
v 1.730560 3.011864 1.632712
v 1.737660 3.089863 1.702462
v 1.735660 3.175116 1.640462
v 1.707361 3.082114 1.736262
v 1.707361 3.175116 1.650612
v 1.738310 3.023267 1.609462
v 1.729060 3.074366 1.586262
v 1.715110 3.086263 1.586262
v 1.699610 3.072816 1.593961
v 1.722810 3.191113 1.632712
v 1.707361 3.229314 1.609712
v 1.717060 3.167367 1.508761
v 1.723510 3.120863 1.547512
v 1.699610 3.152865 1.539762
v 1.715110 3.144115 1.541512
v 1.699610 3.275818 1.431411
v 1.652860 3.500468 1.245361
v 1.715110 3.515965 1.340411
v 1.699610 3.392565 1.470011
v 1.699610 3.523713 1.345362
v 1.730560 3.655416 1.190261
v 1.684110 3.593463 1.303711
v 1.704810 3.655416 1.214361
v 1.738310 3.690565 1.152361
v 1.721910 3.717417 1.129112
v 1.753810 3.804713 0.997411
v 1.691860 3.763914 0.917012
v 1.722810 3.841364 1.001312
v 1.738510 3.810364 1.012912
v 1.699610 3.795415 1.067161
v 1.715110 3.843468 0.997411
v 1.742160 3.833616 0.974161
v 1.732810 3.841364 0.989661
v 1.722810 3.852218 0.981912
v 1.707361 3.853768 0.974161
v 1.707361 3.855813 0.958712
v 1.715510 3.763914 0.888961
v 1.712360 3.794914 0.881212
v 1.708610 3.794914 0.857961
v 1.712710 3.802615 0.865712
v 1.712710 3.787166 0.857961
v 1.711810 3.810364 0.850212
v 1.715110 3.822768 0.857961
v 1.699610 3.826916 0.873461
v 1.639010 1.168466 2.244762
v 1.660860 1.174164 2.213762
v 1.653110 1.123565 2.198312
v 1.684110 1.214963 2.216862
v 1.676360 1.129764 2.200062
v 1.660860 1.122016 2.195212
v 1.660860 1.199466 2.219412
v 1.637610 1.307964 2.236262
v 1.684110 1.369917 2.217511
v 1.660860 1.362163 2.229212
v 1.645360 1.346666 2.231862
v 1.660860 1.424164 2.221462
v 1.684110 1.424164 2.207312
v 1.637610 1.431918 2.220011
v 1.637610 1.478368 2.212112
v 1.676360 0.981516 2.151812
v 1.684110 0.951564 2.130412
v 1.660860 0.974816 2.152862
v 1.668610 1.021266 2.172312
v 1.659710 1.013517 2.167312
v 1.653110 1.044518 2.177412
v 1.660860 0.951564 2.135512
v 1.639860 1.075518 2.198312
v 1.676360 1.865768 2.163462
v 1.629860 1.687568 2.205162
v 1.676360 1.958716 2.168761
v 1.622110 1.873517 2.209862
v 1.679910 2.051717 2.182811
v 1.629860 2.113664 2.211212
v 1.684110 2.322865 2.154562
v 1.637610 2.291864 2.189261
v 1.661060 2.353865 2.167312
v 1.677410 2.462316 2.128561
v 1.629860 2.322865 2.183712
v 1.660860 2.423567 2.149061
v 1.676360 0.895268 2.082062
v 1.684110 0.883365 2.058812
v 1.653110 0.888014 2.074312
v 1.622110 0.882363 2.066562
v 1.637610 0.888568 2.082062
v 1.684110 0.926763 2.113062
v 1.691860 0.914866 2.097562
v 1.668610 0.936568 2.120811
v 1.691860 0.888014 2.058812
v 1.637610 1.052266 2.116062
v 1.699610 1.069313 2.082062
v 1.653110 0.998068 2.061212
v 1.653110 0.959313 2.038412
v 1.640460 1.013517 2.082062
v 1.660860 1.245964 2.135012
v 1.622110 1.207215 2.156012
v 1.653110 1.331168 2.127162
v 1.598861 1.377666 2.147762
v 1.637610 1.478368 2.097262
v 1.653110 1.532614 2.082762
v 1.567860 2.036214 2.119662
v 1.653110 2.152413 2.071512
v 1.645360 2.157563 2.074312
v 1.684110 2.614665 2.066561
v 1.660860 2.578515 2.086262
v 1.645360 2.415818 2.152011
v 1.645360 2.606416 2.082062
v 1.691860 0.871515 2.020112
v 1.645360 0.920564 2.010962
v 1.653110 0.905067 2.001411
v 1.676360 1.602364 2.052962
v 1.645360 1.648813 2.069161
v 1.660860 1.850265 2.055362
v 1.622110 1.780564 2.073311
v 1.694110 1.966465 2.043362
v 1.676360 1.943213 2.053212
v 1.691860 1.983517 2.051112
v 1.676360 1.974213 2.053212
v 1.676360 2.036214 2.051512
v 1.691860 2.036214 2.050912
v 1.676360 2.113664 2.048862
v 1.676360 2.206665 2.042912
v 1.678460 2.276367 2.035611
v 1.671910 2.245414 2.051112
v 1.660860 2.222168 2.062762
v 1.660860 2.260864 2.052962
v 1.676360 2.299613 2.036911
v 1.571260 2.198917 2.113062
v 1.653110 2.214414 2.064012
v 1.676360 2.338368 2.027862
v 1.668610 2.400368 2.007061
v 1.653110 2.265513 2.051112
v 1.684110 2.361614 2.014711
v 1.575610 2.353865 2.085661
v 1.699610 2.654463 2.035611
v 1.684110 2.687013 2.030312
v 1.660860 2.725714 2.014462
v 1.645360 2.708167 2.027862
v 1.676360 2.779967 1.971511
v 1.653110 0.879765 2.020112
v 1.653110 0.889564 2.001512
v 1.653110 0.897318 1.998962
v 1.668610 2.878118 1.911611
v 1.622110 2.815616 1.989112
v 1.658510 2.849716 1.942611
v 1.676360 2.857465 1.919312
v 1.672110 3.035617 1.803162
v 1.684110 3.074366 1.756611
v 1.691860 3.206617 1.648211
v 1.645360 3.195214 1.686962
v 1.691860 3.379613 1.493262
v 1.692210 3.167367 1.532011
v 1.699610 3.175116 1.525561
v 1.699610 3.206068 1.502861
v 1.606610 3.306818 1.624311
v 1.676360 3.430766 1.471311
v 1.668610 3.237063 1.490411
v 1.684110 3.526318 1.377062
v 1.685510 3.461766 1.431312
v 1.622110 3.413218 1.524262
v 1.645360 3.337765 1.410612
v 1.693660 3.430766 1.439011
v 1.691860 3.515965 1.361111
v 1.689860 3.531468 1.361561
v 1.645360 3.500468 1.424212
v 1.684110 3.783017 1.090412
v 1.668610 3.515965 1.203861
v 1.676360 3.522718 1.191112
v 1.668610 3.663164 1.047161
v 1.583860 3.802615 0.966461
v 1.656460 3.779417 1.129112
v 1.665860 3.802615 1.090412
v 1.637610 3.794914 1.126961
v 1.661260 3.849113 1.043911
v 1.645360 3.854263 1.036161
v 1.691860 3.825867 1.020661
v 1.684110 3.849667 0.989661
v 1.660860 3.857917 1.020661
v 1.653110 3.858966 1.005161
v 1.668610 3.854817 0.974161
v 1.629210 3.841364 0.950961
v 1.591110 3.835166 0.966461
v 1.691860 3.818112 0.879561
v 1.691860 3.825867 0.876911
v 1.676360 3.818112 0.881261
v 1.629860 1.183963 2.259612
v 1.583360 1.075518 2.259412
v 1.536910 1.191717 2.290862
v 1.630410 1.214963 2.260262
v 1.614360 1.220113 2.268012
v 1.591110 1.269215 2.274911
v 1.614360 1.284164 2.260262
v 1.544660 1.470667 2.269062
v 1.606610 1.424164 2.254662
v 1.591110 1.338917 2.272562
v 1.591110 1.069313 2.252512
v 1.625210 1.021266 2.198312
v 1.583360 0.990313 2.215562
v 1.635260 1.091015 2.221512
v 1.629860 1.088965 2.229262
v 1.635010 1.207215 2.252512
v 1.614360 1.338917 2.252462
v 1.622110 1.362163 2.236862
v 1.629860 1.408666 2.220762
v 1.616710 1.377666 2.244762
v 1.619411 1.416415 2.229262
v 1.613360 1.362163 2.252512
v 1.613910 1.393163 2.252512
v 1.637610 1.416415 2.219512
v 1.617360 1.416415 2.237011
v 1.617560 1.455164 2.237011
v 1.529160 1.734066 2.248612
v 1.591110 2.113664 2.224012
v 1.608110 2.268618 2.213762
v 1.598861 2.268618 2.224712
v 1.567860 2.191168 2.249661
v 1.583360 2.252614 2.237011
v 1.591110 2.369368 2.207712
v 1.606610 2.415818 2.186862
v 1.629860 0.900966 2.113062
v 1.637610 0.951564 2.143262
v 1.614360 1.093614 2.144062
v 1.606610 1.091015 2.145112
v 1.606610 1.114267 2.149412
v 1.606610 1.047617 2.120811
v 1.591110 1.091015 2.144112
v 1.575610 1.176214 2.175362
v 1.560161 1.106513 2.165062
v 1.560161 1.276964 2.180662
v 1.629860 2.454567 2.143261
v 1.622110 2.493316 2.150911
v 1.625310 2.454567 2.151811
v 1.635360 2.563018 2.113062
v 1.606610 2.501065 2.156712
v 1.567860 2.524316 2.154012
v 1.642160 0.912815 2.113062
v 1.606610 0.928319 2.035462
v 1.629860 1.625615 2.073912
v 1.552410 1.827013 2.110112
v 1.638310 2.609515 2.097562
v 1.591110 2.555317 2.139162
v 1.641210 2.609515 2.089811
v 1.635460 2.679265 2.058811
v 1.575610 2.725714 2.056262
v 1.529160 0.889564 2.066662
v 1.474910 0.905067 2.080212
v 1.637610 0.920564 2.010212
v 1.637610 0.951564 2.032762
v 1.626160 0.912815 2.020112
v 1.629860 0.912815 2.011562
v 1.627160 0.920564 2.020112
v 1.625410 0.897318 2.020112
v 1.583360 2.508813 2.018611
v 1.579010 2.570766 1.996862
v 1.576560 2.516568 2.027862
v 1.606610 2.772218 2.023312
v 1.637610 0.897318 2.005512
v 1.598861 2.832115 1.989112
v 1.606610 2.955067 1.896162
v 1.567860 2.841967 1.985561
v 1.575610 2.733463 1.913962
v 1.598861 2.945268 1.903862
v 1.629860 2.810967 1.837512
v 1.583360 2.908063 1.803162
v 1.606610 3.066617 1.813412
v 1.583360 3.114164 1.663712
v 1.583360 3.089863 1.794562
v 1.591110 3.190064 1.710211
v 1.598861 3.213817 1.688462
v 1.553860 3.353268 1.609462
v 1.583360 3.314567 1.626611
v 1.560161 3.362066 1.462262
v 1.598861 3.361017 1.578161
v 1.575160 3.345513 1.601712
v 1.614360 3.523713 1.395361
v 1.604860 3.554714 1.369312
v 1.583360 3.525263 1.423561
v 1.545910 3.686416 1.136861
v 1.621910 3.709668 1.229862
v 1.560161 3.568667 1.392561
v 1.606610 3.691065 1.253112
v 1.546060 3.593463 1.384811
v 1.591110 3.735518 1.191112
v 1.622110 3.837264 1.059412
v 1.581511 3.771663 1.183361
v 1.583310 3.794914 1.152361
v 1.582610 3.756166 1.183361
v 1.591110 3.810364 1.113661
v 1.629860 3.795916 1.121412
v 1.583360 3.835166 1.090412
v 1.614360 3.843963 1.043911
v 1.622110 3.849667 0.989661
v 1.591110 3.849113 1.052612
v 1.498160 3.851217 1.082661
v 1.544660 1.052266 2.267612
v 1.529160 1.060015 2.271112
v 1.529160 1.114267 2.278012
v 1.505910 1.122016 2.278012
v 1.521410 1.176214 2.287062
v 1.521410 1.315713 2.287612
v 1.544660 1.338917 2.288661
v 1.560161 1.338917 2.285712
v 1.529160 1.362163 2.283712
v 1.505910 1.400918 2.285562
v 1.521410 1.439667 2.277762
v 1.521410 1.509368 2.276912
v 1.521410 1.594615 2.263262
v 1.544660 1.858014 2.243112
v 1.505910 1.958716 2.269312
v 1.544660 2.020717 2.259862
v 1.521410 2.043968 2.262012
v 1.552410 2.098215 2.259262
v 1.505910 2.059466 2.269762
v 1.521410 2.113664 2.259511
v 1.529160 0.899416 2.167312
v 1.536910 1.005816 2.247712
v 1.552410 1.003718 2.229262
v 1.544660 1.025915 2.252512
v 1.521410 0.967067 2.228512
v 1.521410 0.991315 2.244762
v 1.513660 1.044518 2.256262
v 1.575610 2.167916 2.246262
v 1.536910 2.170515 2.252512
v 1.521410 2.167916 2.259612
v 1.567860 2.268618 2.235362
v 1.536910 2.330613 2.223912
v 1.575610 2.291864 2.231412
v 1.560161 2.330613 2.217011
v 1.505910 2.175665 2.275311
v 1.513660 2.377117 2.236262
v 1.552410 2.485567 2.174911
v 1.513660 2.470064 2.210112
v 1.513660 0.884914 2.144062
v 1.498160 0.894767 2.159562
v 1.513660 1.075518 2.171962
v 1.505910 0.982565 2.116162
v 1.529160 1.153016 2.190012
v 1.474910 1.230466 2.215562
v 1.467160 1.300216 2.206461
v 1.536910 2.090466 2.147412
v 1.529160 2.098215 2.146261
v 1.498160 2.183414 2.155812
v 1.490410 2.051717 2.157311
v 1.552410 2.229917 2.125262
v 1.560161 2.554768 2.144062
v 1.552410 2.567166 2.144062
v 1.529160 2.570766 2.163761
v 1.537210 2.671516 2.113062
v 1.490410 2.663767 2.138162
v 1.474910 1.501614 2.166412
v 1.521410 1.827013 2.133362
v 1.513410 1.912266 2.136312
v 1.548710 2.082717 2.128561
v 1.559460 2.175665 2.128561
v 1.560161 2.206665 2.130212
v 1.567860 2.338368 2.097062
v 1.536910 2.361614 2.098262
v 1.513660 2.296513 2.128561
v 1.513660 2.268618 2.134562
v 1.567860 2.516568 2.032512
v 1.513660 2.392614 2.101012
v 1.560161 2.717465 2.066561
v 1.482660 2.826464 2.045362
v 1.544660 2.570766 2.014812
v 1.567860 2.601767 1.996012
v 1.560161 2.601767 1.996361
v 1.544660 2.787715 2.040962
v 1.552410 2.731913 1.934862
v 1.544660 2.996916 1.903361
v 1.560161 2.733463 1.930562
v 1.556710 3.051114 1.849662
v 1.498160 2.965915 1.941512
v 1.529160 3.027868 1.890961
v 1.521410 3.012413 1.900311
v 1.513660 3.049564 1.872912
v 1.540810 2.896166 1.834162
v 1.513660 2.958167 1.816561
v 1.544660 3.066617 1.851762
v 1.568860 3.136367 1.764411
v 1.513660 3.120863 1.818962
v 1.560161 3.020167 1.732312
v 1.536910 3.206068 1.747562
v 1.560161 3.136367 1.652162
v 1.505110 3.167367 1.663712
v 1.544660 3.488618 1.477762
v 1.499910 3.508216 1.346062
v 1.490410 3.477263 1.385362
v 1.474910 3.562468 1.484362
v 1.529160 3.655416 1.359812
v 1.579310 3.771663 1.198862
v 1.564660 3.717417 1.260862
v 1.552410 3.756166 1.240762
v 1.521410 3.709668 1.300812
v 1.536910 3.677118 1.152361
v 1.505910 3.529418 1.315062
v 1.575610 3.787166 1.184111
v 1.560161 3.820217 1.144612
v 1.552410 3.794914 1.191112
v 1.521410 3.791267 1.198862
v 1.544660 3.803664 1.175611
v 1.544660 3.825867 1.129112
v 1.536910 3.701913 1.133311
v 1.521410 3.701913 1.133061
v 1.490410 3.802615 1.044311
v 1.560161 3.836215 1.105911
v 1.552410 3.843468 1.090412
v 1.544660 3.849667 1.074912
v 1.536910 3.842413 1.105911
v 1.527160 3.841364 1.129112
v 1.529160 3.851718 1.090412
v 1.513660 3.833616 1.168812
v 1.521410 3.852767 1.113661
v 1.560161 3.764415 1.043911
v 1.536910 3.787166 1.021911
v 1.544660 3.790766 1.020661
v 1.513660 3.810364 1.020012
v 1.544660 3.818113 1.001361
v 1.536910 3.802615 1.007311
v 1.542160 3.825867 0.997411
v 1.529160 3.810364 1.007311
v 1.443910 3.833115 1.082661
v 1.482660 1.191717 2.314712
v 1.459410 1.160765 2.317962
v 1.474910 1.238215 2.324712
v 1.459410 1.269215 2.328962
v 1.482660 1.276964 2.321212
v 1.451660 1.199466 2.323562
v 1.467160 1.323414 2.326062
v 1.482660 1.408666 2.309361
v 1.451660 1.307964 2.328861
v 1.451660 1.416415 2.319312
v 1.459410 0.951564 2.243112
v 1.459410 0.982565 2.260462
v 1.471460 0.967067 2.244762
v 1.521160 1.067764 2.268012
v 1.505910 1.075518 2.260562
v 1.482660 1.055914 2.268012
v 1.467160 1.114267 2.298111
v 1.436160 1.052266 2.282762
v 1.498160 1.168466 2.287312
v 1.498160 1.222718 2.293862
v 1.490210 1.214963 2.306762
v 1.505910 1.346666 2.293462
v 1.488310 1.238215 2.314512
v 1.505910 1.455164 2.279612
v 1.513660 1.478368 2.279312
v 1.490410 1.540363 2.275012
v 1.498160 1.470667 2.280912
v 1.474910 1.493865 2.293662
v 1.420660 1.579118 2.303212
v 1.428410 1.734066 2.294612
v 1.490410 1.734066 2.261562
v 1.482660 1.927763 2.284312
v 1.451660 1.912266 2.286361
v 1.467160 1.943213 2.289861
v 1.482660 2.098215 2.285912
v 1.459410 2.028465 2.283812
v 1.498160 2.214414 2.275712
v 1.474910 2.222168 2.275012
v 1.498160 2.299613 2.259262
v 1.474910 2.369368 2.249411
v 1.459410 2.214414 2.278862
v 1.459410 2.268618 2.273262
v 1.505910 0.939667 2.206062
v 1.498160 0.943816 2.210712
v 1.474910 0.889564 2.177212
v 1.498160 0.982565 2.231512
v 1.482660 0.974816 2.230512
v 1.467160 0.897318 2.187912
v 1.459410 0.905067 2.214012
v 1.451660 0.920564 2.224362
v 1.474910 1.106018 2.198312
v 1.459410 1.052266 2.187812
v 1.474910 1.052266 2.173212
v 1.467160 1.129764 2.210212
v 1.443910 1.122016 2.209612
v 1.459410 1.106513 2.204762
v 1.459410 1.137513 2.211761
v 1.488160 1.168466 2.206062
v 1.490410 1.115316 2.190562
v 1.451660 1.238215 2.216512
v 1.482660 2.485567 2.220662
v 1.451660 2.330613 2.275111
v 1.412910 2.328014 2.299011
v 1.436160 2.485567 2.240861
v 1.482660 0.889564 2.166312
v 1.459410 0.874066 2.141312
v 1.459410 0.874066 2.113062
v 1.436160 0.883913 2.198312
v 1.490410 0.879765 2.120811
v 1.490410 0.896317 2.167312
v 1.490410 0.892663 2.159562
v 1.482660 1.021266 2.152112
v 1.467160 1.042968 2.175062
v 1.459410 0.990313 2.146562
v 1.459410 1.035768 2.175062
v 1.474910 1.625615 2.154262
v 1.454660 1.509368 2.175062
v 1.460110 1.594615 2.167312
v 1.459410 1.648813 2.165062
v 1.482660 1.695317 2.147762
v 1.459410 1.765066 2.158962
v 1.467160 1.741815 2.157562
v 1.482660 1.796013 2.155711
v 1.467160 1.796013 2.151862
v 1.496560 1.811516 2.144062
v 1.498160 1.889014 2.153162
v 1.466760 1.927763 2.159562
v 1.508610 1.935518 2.151812
v 1.500910 1.896763 2.144062
v 1.482660 1.935518 2.155511
v 1.490410 1.904517 2.160562
v 1.505910 1.981968 2.156012
v 1.474910 1.943213 2.156712
v 1.463310 1.935518 2.167312
v 1.467160 2.105916 2.175362
v 1.451660 1.980966 2.175062
v 1.490410 2.158618 2.167312
v 1.474910 2.152413 2.171361
v 1.467160 2.167916 2.169662
v 1.474910 2.222168 2.161911
v 1.498160 2.245414 2.154462
v 1.490410 2.214414 2.165561
v 1.436160 2.098215 2.191212
v 1.498160 2.297568 2.144062
v 1.451660 2.260864 2.172762
v 1.451660 0.881815 2.102112
v 1.465110 0.889564 2.097562
v 1.467160 0.880265 2.097562
v 1.473410 0.928319 2.105312
v 1.467160 0.936067 2.116912
v 1.471210 0.905067 2.089812
v 1.443910 2.423567 2.128861
v 1.459410 2.715915 2.113062
v 1.474910 0.897318 2.080312
v 1.452110 2.795464 1.950361
v 1.459410 2.880663 2.014562
v 1.443910 2.919418 2.009861
v 1.436160 3.020167 1.945462
v 1.505910 2.919418 1.840762
v 1.467960 3.120863 1.865162
v 1.498160 3.121918 1.834162
v 1.451660 3.144115 1.847162
v 1.467110 3.407514 1.609462
v 1.490410 3.213817 1.644212
v 1.482660 3.182817 1.665362
v 1.474910 3.167367 1.676112
v 1.459410 3.252566 1.611711
v 1.474910 3.275818 1.599511
v 1.505910 3.213817 1.618412
v 1.490410 3.252566 1.611261
v 1.490410 3.279418 1.578512
v 1.374210 3.201967 1.834162
v 1.467160 3.438514 1.438662
v 1.459410 3.333116 1.547512
v 1.443910 3.670913 1.215511
v 1.405210 3.801614 1.113661
v 1.467160 3.663164 1.394461
v 1.490410 3.748417 1.269661
v 1.459410 3.701913 1.337162
v 1.443910 3.714317 1.322811
v 1.459410 3.794914 1.253062
v 1.451110 3.818113 1.067161
v 1.474910 3.852218 1.183361
v 1.405210 3.787166 1.304062
v 1.474910 3.859466 1.152361
v 1.459410 3.857917 1.175611
v 1.490410 3.857917 1.121412
v 1.350960 3.833616 1.167862
v 1.404660 1.183963 2.322262
v 1.381960 1.207215 2.341312
v 1.420660 1.214963 2.318562
v 1.443910 1.276964 2.327162
v 1.420660 1.300216 2.322562
v 1.405210 1.331168 2.328712
v 1.428410 1.416415 2.314712
v 1.405210 1.362163 2.327261
v 1.389710 1.402467 2.345512
v 1.405210 1.447415 2.319862
v 1.366460 1.501614 2.341462
v 1.366460 1.013517 2.292912
v 1.397460 0.959313 2.258862
v 1.412910 1.021266 2.277062
v 1.428410 1.075518 2.288162
v 1.350960 1.122016 2.343762
v 1.397460 1.091015 2.309412
v 1.443910 1.145267 2.313362
v 1.436160 1.114267 2.301212
v 1.428410 1.122016 2.299212
v 1.436160 1.145267 2.308861
v 1.428410 1.447415 2.314112
v 1.436160 1.478368 2.310961
v 1.420660 1.455164 2.313712
v 1.412910 1.416415 2.315412
v 1.405210 1.757318 2.308962
v 1.428410 1.889014 2.295712
v 1.443910 1.935518 2.285912
v 1.412910 1.935518 2.309361
v 1.366460 1.788265 2.317611
v 1.397460 1.997465 2.313211
v 1.436160 1.997465 2.293211
v 1.429560 2.043968 2.299011
v 1.451660 2.106965 2.283512
v 1.374210 1.997465 2.332012
v 1.428410 2.152413 2.310562
v 1.381960 2.144665 2.336112
v 1.443910 2.260864 2.293362
v 1.447510 2.206665 2.291262
v 1.381960 2.237666 2.327261
v 1.374210 2.284664 2.314512
v 1.405210 0.897318 2.209862
v 1.412460 0.889564 2.198312
v 1.397460 0.884414 2.206062
v 1.390460 0.889564 2.221512
v 1.436160 0.905067 2.222462
v 1.420660 0.923163 2.221512
v 1.428410 0.990313 2.263012
v 1.420660 0.881815 2.192562
v 1.403560 0.920564 2.229262
v 1.451660 1.052266 2.187262
v 1.427310 1.052266 2.190562
v 1.420660 1.129764 2.222562
v 1.319960 1.029015 2.216612
v 1.358410 1.091015 2.229262
v 1.428410 1.230466 2.229962
v 1.443910 1.168466 2.217162
v 1.436160 1.261467 2.225212
v 1.443910 1.276964 2.216462
v 1.451660 1.331168 2.206461
v 1.443910 1.338917 2.214262
v 1.436160 1.307964 2.225712
v 1.436160 1.369917 2.218312
v 1.428410 1.300216 2.227262
v 1.420660 1.253718 2.227612
v 1.412910 1.310515 2.221512
v 1.451660 1.369917 2.200062
v 1.428410 1.346666 2.220511
v 1.436160 1.455164 2.203112
v 1.412910 1.377666 2.212412
v 1.374210 1.385415 2.225962
v 1.447610 1.400918 2.206062
v 1.451660 1.563615 2.180662
v 1.405210 1.927763 2.197062
v 1.428410 2.113664 2.199811
v 1.397460 1.966465 2.201411
v 1.397460 2.090466 2.203312
v 1.420660 2.113664 2.201112
v 1.428410 2.175665 2.191962
v 1.343210 2.361614 2.303112
v 1.405210 2.578515 2.200662
v 1.350960 2.493316 2.255862
v 1.405210 0.866866 2.167312
v 1.412910 0.864816 2.136312
v 1.412910 0.881815 2.190562
v 1.451660 1.044518 2.182662
v 1.436160 0.974816 2.143662
v 1.405210 0.998068 2.177762
v 1.436160 1.501614 2.193112
v 1.428410 1.501614 2.189062
v 1.420660 1.501614 2.189062
v 1.428410 1.648813 2.173312
v 1.389710 1.617867 2.191962
v 1.451660 1.757318 2.168812
v 1.436160 1.679814 2.175362
v 1.428410 1.757318 2.169412
v 1.451660 1.889014 2.170661
v 1.436160 1.881266 2.170762
v 1.358710 1.741815 2.200162
v 1.381960 2.353865 2.177162
v 1.381960 2.253115 2.204161
v 1.412910 2.702516 2.142912
v 1.397460 2.632767 2.174612
v 1.428410 2.707666 2.136312
v 1.397460 2.702516 2.138412
v 1.397460 0.866318 2.120811
v 1.412910 0.881815 2.103812
v 1.436160 0.889564 2.099062
v 1.412910 0.889564 2.102362
v 1.403610 0.889564 2.113062
v 1.420660 0.912815 2.107712
v 1.397460 0.912815 2.125762
v 1.443910 2.772218 2.091861
v 1.412910 2.826464 2.070162
v 1.397460 2.818716 2.077312
v 1.381960 2.508813 2.128612
v 1.428410 2.934915 2.008412
v 1.412910 2.942663 2.004812
v 1.398960 2.965915 2.004611
v 1.397460 2.795464 1.966562
v 1.412910 2.911663 1.893661
v 1.374560 2.849716 2.089811
v 1.397760 3.035617 1.965862
v 1.412910 3.083664 1.919361
v 1.374210 3.170967 1.725712
v 1.412910 3.108966 1.903862
v 1.422560 3.113115 1.888411
v 1.389710 3.050613 1.958112
v 1.397460 3.113115 1.761562
v 1.412910 3.377068 1.532011
v 1.420660 3.392017 1.507362
v 1.405210 3.384268 1.533512
v 1.413260 3.399765 1.508761
v 1.397460 3.585714 1.496712
v 1.436160 3.606868 1.462262
v 1.420660 3.438514 1.460412
v 1.406360 3.515965 1.400311
v 1.397460 3.531468 1.396112
v 1.412910 3.546965 1.359662
v 1.436160 3.670913 1.378662
v 1.425810 3.701913 1.353811
v 1.433560 3.725165 1.322811
v 1.381960 3.663164 1.264362
v 1.389710 3.830516 1.253112
v 1.412910 3.853768 1.198862
v 1.428410 3.810364 1.088161
v 1.436160 3.810364 1.088161
v 1.436160 3.819168 1.082661
v 1.343210 1.098764 2.339162
v 1.327710 1.114267 2.346762
v 1.335460 1.137513 2.349312
v 1.327710 1.083267 2.339512
v 1.327710 1.183963 2.357312
v 1.358710 1.214963 2.355612
v 1.343210 1.261467 2.357912
v 1.366460 1.385415 2.356362
v 1.343210 1.369917 2.356812
v 1.335460 1.579118 2.341112
v 1.319960 1.346666 2.371962
v 1.350960 1.981968 2.342412
v 1.366460 2.121413 2.342562
v 1.335460 1.981968 2.344112
v 1.350960 2.183414 2.332862
v 1.350960 2.113664 2.338662
v 1.366460 2.214414 2.331762
v 1.350960 2.222168 2.327961
v 1.343210 2.268618 2.323662
v 1.343210 2.198917 2.333112
v 1.312210 2.144665 2.355262
v 1.327710 2.284116 2.329561
v 1.366460 0.959313 2.265812
v 1.296710 0.905067 2.288162
v 1.312210 2.315116 2.323912
v 1.304460 2.439064 2.284061
v 1.381960 0.874066 2.205462
v 1.381960 0.889564 2.221862
v 1.350960 0.865817 2.198312
v 1.312210 0.869465 2.244762
v 1.343210 1.098764 2.239612
v 1.328660 1.091015 2.237012
v 1.350960 1.191717 2.256962
v 1.365660 1.153016 2.237011
v 1.358260 1.168466 2.244762
v 1.366460 1.238215 2.243362
v 1.343210 1.191717 2.256112
v 1.356160 1.284713 2.252512
v 1.350960 1.284713 2.256612
v 1.350960 1.362163 2.247361
v 1.343210 1.284713 2.255862
v 1.343210 1.385415 2.243362
v 1.343210 1.362163 2.249312
v 1.335460 1.362163 2.244812
v 1.288960 1.625615 2.231162
v 1.381960 1.881266 2.199562
v 1.366460 1.850265 2.199212
v 1.358710 1.858014 2.203212
v 1.296710 1.834768 2.223412
v 1.358710 2.051717 2.223762
v 1.296810 2.198917 2.244761
v 1.374210 2.291864 2.196811
v 1.389710 0.864816 2.167312
v 1.319960 0.855517 2.159562
v 1.343210 0.859618 2.190562
v 1.389710 0.920564 2.133112
v 1.366460 0.897318 2.122662
v 1.327710 0.881815 2.135262
v 1.327710 2.361614 2.200061
v 1.374210 2.462316 2.145712
v 1.296710 2.493316 2.158062
v 1.350960 2.803218 2.124161
v 1.389710 0.874066 2.115312
v 1.397460 0.874066 2.116512
v 1.389710 0.889564 2.119062
v 1.381960 0.874066 2.114512
v 1.381960 0.881815 2.113112
v 1.374210 0.881815 2.115561
v 1.382610 2.470064 2.136312
v 1.304460 2.594018 2.110961
v 1.312210 2.741218 2.029962
v 1.382960 2.725714 2.136312
v 1.381960 2.789766 2.113062
v 1.390710 2.826464 2.082062
v 1.358710 3.043365 1.970861
v 1.327710 2.841967 2.108112
v 1.381960 2.798063 1.981362
v 1.366460 2.818716 1.973912
v 1.327710 2.965915 1.883662
v 1.296710 2.849716 1.971862
v 1.374210 2.989167 2.006361
v 1.343210 3.089863 1.939312
v 1.378610 2.880663 1.927112
v 1.366460 2.903914 1.924762
v 1.350960 2.934915 1.901662
v 1.358710 3.058863 1.818662
v 1.366460 2.943164 1.896162
v 1.350960 3.012413 1.852862
v 1.335460 3.038216 1.834162
v 1.350960 3.058863 1.824012
v 1.343210 3.035617 1.837262
v 1.343210 3.053218 1.826411
v 1.335460 3.172016 1.748912
v 1.319960 3.167367 1.748912
v 1.319960 3.346568 1.609462
v 1.369260 3.337765 1.586262
v 1.311710 3.454018 1.508761
v 1.343210 3.423017 1.529562
v 1.312210 3.540266 1.439011
v 1.234760 3.430766 1.721062
v 1.381960 3.508216 1.419362
v 1.372010 3.469515 1.462262
v 1.350960 3.480864 1.462262
v 1.312210 3.585714 1.395611
v 1.358710 3.508216 1.440512
v 1.319960 3.609467 1.361561
v 1.343210 3.543365 1.415811
v 1.312210 3.655416 1.325561
v 1.350960 3.740668 1.381412
v 1.397160 3.562468 1.361561
v 1.337510 3.616714 1.338312
v 1.327710 3.740668 1.393862
v 1.350960 3.797966 1.315062
v 1.366460 3.787166 1.319212
v 1.374210 3.663164 1.276361
v 1.366460 3.678668 1.268361
v 1.304560 3.779417 1.198862
v 1.373060 3.678668 1.260862
v 1.358710 3.740668 1.221462
v 1.357660 3.787166 1.167862
v 1.343260 3.818113 1.167862
v 1.358710 3.831565 1.260862
v 1.312210 3.835714 1.222111
v 1.335460 3.833616 1.253112
v 1.352610 3.818113 1.152361
v 1.354610 3.825867 1.152361
v 1.389710 3.827417 1.121412
v 1.340010 3.825867 1.167862
v 1.355410 3.818113 1.144612
v 1.335460 3.828466 1.175611
v 1.381960 3.833115 1.136861
v 1.357760 3.802615 1.144612
v 1.312210 1.044518 2.340611
v 1.273460 0.947964 2.330012
v 1.296710 1.036763 2.353462
v 1.281210 1.029015 2.356362
v 1.265710 0.943816 2.329962
v 1.265710 1.013517 2.346912
v 1.288960 1.168466 2.376712
v 1.281210 1.114267 2.368662
v 1.319960 1.137513 2.356211
v 1.304460 1.122016 2.365161
v 1.265710 1.106513 2.356712
v 1.273460 1.137513 2.370412
v 1.257960 1.160765 2.369662
v 1.288960 1.300216 2.378362
v 1.327710 1.307964 2.364362
v 1.304460 1.346666 2.377762
v 1.312210 1.431918 2.370862
v 1.296710 1.377666 2.377412
v 1.288960 1.338917 2.374962
v 1.281210 1.462913 2.366261
v 1.273460 1.377666 2.366362
v 1.296710 1.517117 2.364461
v 1.281210 1.571363 2.360312
v 1.265710 1.656568 2.368212
v 1.304460 1.865768 2.346412
v 1.265710 1.788265 2.365912
v 1.308510 2.005213 2.353262
v 1.319960 1.981968 2.343262
v 1.304460 2.067214 2.362361
v 1.319960 2.129167 2.353162
v 1.257960 2.005213 2.369862
v 1.265710 2.167916 2.354611
v 1.273460 2.253115 2.341912
v 1.265710 0.889564 2.297512
v 1.273460 0.912815 2.309112
v 1.281210 1.067764 2.255712
v 1.288960 1.153016 2.270212
v 1.281210 1.153016 2.274362
v 1.296710 1.129764 2.256112
v 1.273460 1.075518 2.259412
v 1.266810 1.300216 2.268012
v 1.265710 2.346116 2.318061
v 1.327710 0.862718 2.213762
v 1.288960 0.848764 2.229262
v 1.257960 0.833815 2.206062
v 1.257960 0.854963 2.268012
v 1.265710 0.990313 2.225462
v 1.288960 0.920564 2.174262
v 1.312210 1.129764 2.252562
v 1.319960 1.153016 2.250862
v 1.312210 1.153016 2.258562
v 1.296710 1.222718 2.267162
v 1.265710 1.625615 2.242562
v 1.234760 1.369917 2.273012
v 1.288960 1.718563 2.225362
v 1.273460 1.648813 2.239762
v 1.273460 1.780564 2.237362
v 1.319960 1.996416 2.237011
v 1.288960 1.927763 2.243262
v 1.304460 2.043968 2.242412
v 1.273460 1.927763 2.242662
v 1.273460 1.997465 2.250762
v 1.211510 2.229917 2.258512
v 1.242510 2.299613 2.238762
v 1.288960 2.578515 2.248212
v 1.312210 2.694768 2.191711
v 1.281210 2.555317 2.256362
v 1.273460 2.578515 2.249211
v 1.327710 2.679265 2.183112
v 1.288960 2.625018 2.227062
v 1.288960 2.772218 2.152961
v 1.281210 2.787715 2.149511
v 1.304460 2.772218 2.156811
v 1.288960 0.848764 2.167312
v 1.305310 0.874066 2.144062
v 1.288960 0.883913 2.159562
v 1.304460 0.897318 2.150661
v 1.265710 0.858563 2.158162
v 1.288960 0.857568 2.159562
v 1.273460 0.874066 2.160111
v 1.281210 2.415818 2.191212
v 1.250260 2.462316 2.195211
v 1.273460 2.673066 2.097562
v 1.312210 2.779967 2.153312
v 1.304460 2.959716 2.035611
v 1.327710 2.919418 2.066512
v 1.288960 2.973664 2.043262
v 1.273460 2.810967 2.146912
v 1.273460 2.919418 2.083012
v 1.273460 3.012413 2.023211
v 1.281210 2.826464 2.003812
v 1.296710 3.058863 1.970661
v 1.227010 3.190565 1.893762
v 1.295860 2.950418 1.911611
v 1.265710 2.950418 1.941512
v 1.281210 2.984518 1.896162
v 1.271110 3.012413 1.888411
v 1.281210 3.020167 1.867162
v 1.281210 3.097618 1.812762
v 1.271260 3.027868 1.872912
v 1.281210 3.159618 1.769962
v 1.269410 3.113115 1.818662
v 1.304460 3.348613 1.617211
v 1.273460 3.446263 1.535911
v 1.304460 3.391016 1.586262
v 1.247760 3.438514 1.563011
v 1.291160 3.454018 1.532011
v 1.288960 3.492713 1.492862
v 1.254310 3.593463 1.415811
v 1.250260 3.725165 1.457462
v 1.288960 3.810364 1.345561
v 1.312210 3.615665 1.353811
v 1.304460 3.636867 1.346062
v 1.281210 3.670913 1.326011
v 1.312210 3.686416 1.296361
v 1.273460 3.802615 1.359311
v 1.319960 3.818113 1.289612
v 1.288960 3.830016 1.315062
v 1.323560 3.655416 1.315062
v 1.312210 3.831565 1.276361
v 1.304460 3.825867 1.303812
v 1.281210 3.838265 1.291811
v 1.273460 3.835166 1.299562
v 1.265710 3.838813 1.284062
v 1.257960 3.824866 1.237611
v 1.288960 3.787166 1.205161
v 1.297310 3.802615 1.191112
v 1.273460 3.787166 1.211512
v 1.312210 3.822768 1.191112
v 1.358710 3.678668 1.270812
v 1.335460 3.818113 1.170712
v 1.327710 3.794914 1.182862
v 1.327710 3.810364 1.173511
v 1.319960 3.777313 1.191112
v 1.319960 3.802615 1.173761
v 1.327710 3.818113 1.170961
v 1.318110 3.810364 1.175611
v 1.227010 1.261467 2.398062
v 1.242510 1.160765 2.372912
v 1.227010 1.183963 2.390612
v 1.211510 1.261467 2.405262
v 1.172760 1.029015 2.380912
v 1.243160 1.369917 2.384212
v 1.227010 1.354414 2.400512
v 1.203760 1.338917 2.407661
v 1.219260 1.563615 2.391912
v 1.265710 0.920564 2.317512
v 1.257960 0.926268 2.314512
v 1.220410 0.889564 2.306762
v 1.223760 1.029015 2.361012
v 1.234760 1.056916 2.353262
v 1.211510 0.880265 2.314512
v 1.242510 1.021266 2.336862
v 1.234760 0.889063 2.291262
v 1.250260 1.013517 2.334812
v 1.257960 1.323414 2.372212
v 1.265710 1.486117 2.367862
v 1.219260 1.734066 2.377612
v 1.242510 1.865768 2.371111
v 1.219260 1.889014 2.366512
v 1.242510 2.059466 2.358612
v 1.211510 1.920015 2.364712
v 1.234760 2.160168 2.352362
v 1.211060 2.028465 2.368712
v 1.242510 2.160168 2.350862
v 1.250260 2.276367 2.336112
v 1.134010 2.160168 2.407312
v 1.257960 2.415818 2.306612
v 1.219260 2.397764 2.337762
v 1.257960 0.897318 2.305262
v 1.242510 0.850868 2.265162
v 1.250260 0.889564 2.295462
v 1.242510 0.840014 2.252512
v 1.219260 0.832266 2.252512
v 1.219260 0.844115 2.268012
v 1.203760 0.855517 2.299012
v 1.203760 0.832766 2.268012
v 1.265710 0.905067 2.308162
v 1.257960 0.912815 2.310462
v 1.257960 1.145267 2.271212
v 1.064310 1.137513 2.331861
v 1.211510 1.000613 2.252512
v 1.265710 1.199466 2.273162
v 1.242510 1.261467 2.276562
v 1.234760 1.276964 2.280362
v 1.211510 1.207215 2.293362
v 1.230210 1.741815 2.260262
v 1.188260 1.416415 2.284562
v 1.203760 1.718563 2.265912
v 1.219260 1.827013 2.266962
v 1.242510 1.834768 2.246412
v 1.196010 2.461815 2.322262
v 1.211510 2.570766 2.284061
v 1.257960 2.539814 2.273211
v 1.250260 2.578515 2.269062
v 1.219260 2.663767 2.239862
v 1.234760 0.833267 2.182811
v 1.141760 0.806415 2.221512
v 1.157260 0.810015 2.244762
v 1.250260 1.687568 2.240762
v 1.242510 1.749563 2.242662
v 1.250260 1.796013 2.239612
v 1.203960 2.353865 2.237011
v 1.227010 2.408063 2.210462
v 1.211510 2.485567 2.184762
v 1.227010 2.462316 2.192762
v 1.242510 2.470064 2.194711
v 1.265710 2.594018 2.248961
v 1.250260 2.717966 2.206261
v 1.219260 2.725714 2.206362
v 1.257960 2.779967 2.170161
v 1.219260 2.919418 2.087961
v 1.257960 0.881815 2.164112
v 1.250260 0.858563 2.162562
v 1.242510 0.858563 2.169061
v 1.227010 0.889564 2.188512
v 1.234760 0.843114 2.173562
v 1.242510 0.843114 2.172462
v 1.134010 0.812113 2.204212
v 1.227010 0.850868 2.172912
v 1.211510 0.850868 2.170861
v 1.134010 0.819868 2.200762
v 1.227010 2.617264 2.120811
v 1.242510 2.679265 2.093411
v 1.211510 2.543414 2.159562
v 1.203760 2.547568 2.167312
v 1.257960 2.671516 2.104661
v 1.257960 2.812016 2.027862
v 1.234760 2.741218 2.057362
v 1.219260 2.755165 2.051112
v 1.242510 2.857465 1.994462
v 1.234760 2.849716 1.995211
v 1.219260 2.958167 2.059412
v 1.205060 2.950418 2.058811
v 1.242510 3.036165 1.888411
v 1.188260 2.810967 2.029361
v 1.211510 3.043365 1.998012
v 1.196010 3.182817 1.908712
v 1.203760 3.066617 1.860861
v 1.267260 3.043365 1.872912
v 1.257960 3.035617 1.891212
v 1.250260 3.082114 1.858811
v 1.258310 3.113115 1.834162
v 1.219260 3.167367 1.789411
v 1.203760 3.221565 1.752162
v 1.203760 3.322315 1.815712
v 1.250260 3.166813 1.795411
v 1.242510 3.144115 1.812062
v 1.234760 3.244817 1.735211
v 1.250260 3.299063 1.688861
v 1.242510 3.322315 1.674312
v 1.242510 3.415263 1.593061
v 1.234760 3.446263 1.566461
v 1.211510 3.411663 1.593961
v 1.219260 3.639966 1.392411
v 1.234760 3.621364 1.408062
v 1.149510 3.701913 1.509761
v 1.227010 3.725165 1.464762
v 1.242510 3.758717 1.415811
v 1.234760 3.787166 1.388412
v 1.227010 3.807265 1.377062
v 1.234760 3.774768 1.245361
v 1.234810 3.647667 1.384811
v 1.250260 3.820717 1.330561
v 1.242510 3.825867 1.325862
v 1.211510 3.748417 1.293361
v 1.227010 3.822768 1.260862
v 1.118510 3.804165 1.338312
v 1.264860 3.779417 1.229862
v 1.258760 3.787166 1.229862
v 1.257960 3.794914 1.220062
v 1.242510 3.779417 1.242962
v 1.257960 3.779417 1.240111
v 1.255860 3.794914 1.229862
v 1.250760 3.802615 1.229862
v 1.257160 3.787166 1.222111
v 1.234760 3.787166 1.234662
v 1.242510 3.802615 1.232862
v 1.234760 3.802615 1.232311
v 1.211510 3.774768 1.260862
v 1.211510 3.787166 1.248712
v 1.219260 3.794914 1.241061
v 1.222510 3.810364 1.245361
v 1.183610 3.794914 1.268611
v 1.134010 3.802115 1.315062
v 1.250260 3.810364 1.228012
v 1.234760 3.810364 1.236711
v 1.149510 1.129764 2.394012
v 1.141760 1.253718 2.408062
v 1.149510 1.377666 2.405962
v 1.188260 1.517117 2.394012
v 1.149510 1.517117 2.400862
v 1.118510 1.540363 2.404912
v 1.165010 0.943816 2.358412
v 1.165010 0.881815 2.334162
v 1.149510 0.933468 2.353262
v 1.141760 0.879765 2.330012
v 1.149510 1.044518 2.379212
v 1.157260 2.268618 2.389162
v 1.165010 2.322865 2.372911
v 1.141760 2.346116 2.375812
v 1.172760 2.454567 2.336612
v 1.149510 2.408063 2.357912
v 1.157260 0.826567 2.291262
v 1.149510 0.843114 2.312662
v 1.048810 0.967067 2.298862
v 1.165010 0.940716 2.237012
v 1.095310 1.400918 2.309512
v 1.180510 1.493865 2.286962
v 1.172760 1.617867 2.283812
v 1.149510 1.656568 2.276311
v 1.172760 1.827013 2.278962
v 1.191210 1.757318 2.268012
v 1.126260 1.718563 2.282012
v 1.180510 1.858014 2.282862
v 1.165010 1.856464 2.275762
v 1.172760 1.858014 2.279312
v 1.180510 1.943213 2.282362
v 1.134010 1.873517 2.286112
v 1.126260 1.912266 2.299962
v 1.149510 2.051717 2.293012
v 1.172760 2.191168 2.281762
v 1.157260 2.167916 2.280662
v 1.126260 2.090466 2.295212
v 1.157260 2.198917 2.276812
v 1.203760 2.307367 2.252062
v 1.180510 2.346116 2.242412
v 1.165010 2.501065 2.320412
v 1.172760 2.632767 2.257512
v 1.134010 0.799716 2.252512
v 1.165010 0.858563 2.190861
v 1.141760 0.843114 2.201962
v 1.211510 2.307367 2.243361
v 1.196010 2.369368 2.236012
v 1.172760 2.377117 2.233012
v 1.180510 2.555317 2.163761
v 1.095310 2.479368 2.221512
v 1.159260 2.663767 2.229262
v 1.180510 2.764463 2.173562
v 1.134810 2.594018 2.260262
v 1.172760 2.782065 2.159562
v 1.204160 2.555317 2.159562
v 1.188260 2.539814 2.172112
v 1.165010 2.748966 2.071611
v 1.196010 2.965915 2.048862
v 1.165010 2.803218 2.149961
v 1.180510 2.962816 2.058811
v 1.141760 2.942663 2.092412
v 1.172760 2.888417 1.995012
v 1.149510 2.842963 2.020112
v 1.145660 3.043365 2.020112
v 1.196010 2.896166 1.974561
v 1.180510 2.896166 1.986512
v 1.180510 3.020167 1.906862
v 1.157260 3.027868 1.902411
v 1.165010 3.304714 1.841912
v 1.118360 3.151864 1.965862
v 1.172760 3.137916 1.826411
v 1.149510 3.148764 1.818662
v 1.157260 3.229314 1.758312
v 1.149510 3.398216 1.772161
v 1.180510 3.546965 1.653762
v 1.149510 3.407514 1.620411
v 1.118510 3.569716 1.501011
v 1.134010 3.539217 1.675912
v 1.126260 3.706068 1.508761
v 1.149510 3.779417 1.408461
v 1.157260 3.794914 1.390061
v 1.149510 3.802615 1.378511
v 1.189160 3.756166 1.291811
v 1.165010 3.800565 1.384811
v 1.157260 3.802615 1.378311
v 1.141760 3.809863 1.361561
v 1.186760 3.771663 1.276361
v 1.180510 3.776318 1.284062
v 1.180510 3.779417 1.275762
v 1.180510 3.731364 1.322811
v 1.172760 3.779417 1.281661
v 1.141760 1.083267 2.388162
v 1.110760 1.029015 2.403912
v 1.079810 1.122016 2.419162
v 1.103010 1.122016 2.419662
v 1.141760 1.122016 2.394112
v 1.134010 1.091015 2.395862
v 1.118510 1.199466 2.420612
v 1.103010 1.191717 2.426312
v 1.118510 1.276964 2.422912
v 1.110760 1.245964 2.426512
v 1.103010 1.253718 2.427412
v 1.072060 1.183963 2.413212
v 1.118510 1.393163 2.420612
v 1.141760 1.385415 2.407762
v 1.079810 1.377666 2.419862
v 1.079810 1.555866 2.420112
v 1.087560 2.074963 2.422561
v 1.126260 2.214414 2.404912
v 1.103010 2.222168 2.398211
v 1.110760 0.841016 2.330012
v 1.134010 0.922614 2.353262
v 1.126260 0.828117 2.306762
v 1.048810 0.816768 2.330012
v 1.134010 0.951564 2.365062
v 1.118510 0.943315 2.376462
v 1.091410 0.912815 2.376462
v 1.126260 2.392614 2.362462
v 1.072060 2.260864 2.392162
v 1.064310 2.270168 2.384212
v 1.110760 2.423567 2.346612
v 1.087560 2.408063 2.334811
v 1.134010 0.826067 2.299012
v 1.118510 0.790918 2.252512
v 1.134010 0.835365 2.308612
v 1.087560 0.775963 2.275762
v 1.072060 0.764066 2.260262
v 1.072060 0.764567 2.244762
v 1.072060 1.555866 2.318562
v 1.072060 1.331168 2.327562
v 1.091710 1.695317 2.299011
v 1.095310 1.664317 2.290862
v 1.094860 1.710814 2.291262
v 1.090860 1.734066 2.306762
v 1.087560 1.803768 2.308612
v 1.079810 1.737666 2.314512
v 1.110760 2.136916 2.300662
v 1.095310 2.090466 2.304662
v 1.079810 1.966465 2.310812
v 1.103010 2.133816 2.299011
v 1.087560 2.098215 2.308362
v 1.126260 2.235568 2.283512
v 1.079810 2.129167 2.320112
v 1.110760 2.245414 2.283012
v 1.095310 2.136916 2.297062
v 1.095310 2.284116 2.286462
v 1.087560 2.400368 2.253311
v 1.072060 2.400368 2.331312
v 1.010060 2.291864 2.366862
v 1.072060 2.547568 2.289412
v 1.118510 0.801265 2.213762
v 1.118510 0.812113 2.202012
v 1.126260 0.819868 2.201411
v 1.056560 0.812113 2.206962
v 1.118510 2.656013 2.234562
v 1.141760 2.818716 2.163261
v 1.079810 2.717966 2.230212
v 1.079810 2.563018 2.196912
v 1.103010 2.818716 2.175611
v 1.079810 2.756715 2.207062
v 1.095310 2.859014 2.144062
v 1.126260 3.021163 2.035611
v 1.072060 2.795464 2.184911
v 1.103010 2.981418 2.072412
v 1.064310 2.834213 2.176362
v 1.064310 3.043365 2.052212
v 1.095310 2.958167 1.970062
v 1.087560 2.950418 1.972461
v 1.118510 3.090364 1.880662
v 1.087560 3.136367 1.846212
v 1.110760 3.143615 1.849662
v 1.103010 3.144115 1.848762
v 1.103010 3.322315 1.858061
v 1.079810 3.097618 2.012062
v 1.134010 3.120863 1.844912
v 1.103010 3.205067 1.803162
v 1.095310 3.182817 1.816162
v 1.079810 3.272218 1.748912
v 1.141760 3.322315 1.834162
v 1.134010 3.369814 1.810912
v 1.079810 3.229314 1.922962
v 1.126260 3.260314 1.758312
v 1.110760 3.338313 1.694712
v 1.118510 3.367764 1.671462
v 1.110760 3.376514 1.661362
v 1.103010 3.373963 1.663712
v 1.095310 3.345513 1.696712
v 1.087560 3.337765 1.700961
v 1.134010 3.415263 1.629061
v 1.118510 3.392017 1.651661
v 1.110760 3.492713 1.567811
v 1.087560 3.375518 1.679211
v 1.085960 3.469515 1.609462
v 1.093910 3.415263 1.640462
v 1.091960 3.438514 1.624961
v 1.095310 3.454018 1.603112
v 1.095310 3.554714 1.519262
v 1.074310 3.601217 1.493262
v 1.095310 3.541315 1.671462
v 1.079810 3.546965 1.668012
v 1.087560 3.608966 1.610761
v 1.095310 3.701913 1.538262
v 1.120060 3.771663 1.462262
v 1.124260 3.794914 1.431312
v 1.129360 3.787166 1.415811
v 1.104260 3.787166 1.462262
v 1.118160 3.779417 1.462262
v 1.110760 3.803664 1.431312
v 1.141760 3.786618 1.400311
v 1.129860 3.794914 1.408062
v 1.134010 3.802615 1.388562
v 1.126260 3.796417 1.415811
v 1.118510 3.805715 1.408062
v 1.118510 3.711218 1.508761
v 1.056560 3.797966 1.446761
v 1.118510 3.807813 1.377062
v 1.095310 3.806263 1.423561
v 1.087560 3.805715 1.408062
v 1.079810 3.740668 1.355462
v 1.118510 3.771663 1.312361
v 1.041060 3.783518 1.384811
v 1.118510 3.787166 1.313761
v 1.048810 3.795415 1.408062
v 1.102810 3.779417 1.322811
v 1.165010 3.764915 1.291811
v 1.056560 0.912815 2.380912
v 1.041060 0.959313 2.376062
v 1.056560 1.044518 2.393462
v 1.056560 1.158166 2.407462
v 1.033310 1.114267 2.408512
v 1.025560 1.269215 2.426062
v 1.017810 0.959313 2.379962
v 1.010060 1.253718 2.441862
v 1.079810 1.307964 2.421211
v 1.033310 1.501614 2.431262
v 1.025560 1.470667 2.435262
v 1.033310 1.625615 2.430062
v 1.025560 1.718563 2.429062
v 1.056560 1.958716 2.419512
v 1.010060 1.633316 2.435962
v 1.025560 1.927763 2.424361
v 1.010060 1.966465 2.428212
v 1.064310 2.043968 2.415911
v 1.025560 2.090466 2.419662
v 1.048810 2.043968 2.416512
v 1.041060 2.121413 2.402912
v 1.025560 2.152413 2.408862
v 1.056560 2.222168 2.388412
v 1.048810 2.191168 2.388062
v 1.041060 2.167916 2.390862
v 1.033310 2.191168 2.389961
v 1.025560 2.183414 2.395911
v 1.041060 2.253115 2.374612
v 1.041060 0.866318 2.353262
v 1.010060 0.788867 2.313112
v 1.056560 1.137513 2.334062
v 0.986810 1.005816 2.318562
v 1.048810 1.176214 2.332862
v 0.994560 1.338917 2.333562
v 1.048810 1.408666 2.325612
v 1.041060 1.625615 2.323162
v 1.025260 1.524866 2.322262
v 1.041060 1.803768 2.328611
v 1.048810 1.904517 2.325612
v 1.033310 1.827013 2.321712
v 1.048810 2.067214 2.314812
v 1.025560 1.920015 2.316162
v 1.056560 1.966465 2.323662
v 0.954360 0.750118 2.291262
v 0.979060 0.734615 2.260262
v 1.025560 0.788867 2.215062
v 1.033310 0.788867 2.212312
v 1.017810 0.858563 2.248212
v 1.056560 1.633316 2.314912
v 1.064310 1.734066 2.312262
v 1.056560 1.741815 2.311462
v 1.072060 1.819265 2.306262
v 1.064310 1.796013 2.303161
v 1.064310 1.834768 2.310562
v 1.048810 1.796013 2.328462
v 1.064310 1.943213 2.320861
v 1.072060 2.005213 2.317712
v 1.025560 2.012968 2.315662
v 1.072060 2.136916 2.320861
v 1.056560 2.167916 2.304362
v 1.079810 2.222168 2.301111
v 1.064310 2.245414 2.291262
v 1.041060 2.229917 2.293862
v 1.079810 2.276367 2.293362
v 1.064310 2.346116 2.266512
v 0.955810 2.260864 2.303812
v 1.041060 2.524316 2.317862
v 1.025560 2.663767 2.269311
v 0.971310 2.516568 2.341212
v 0.994560 0.737715 2.244762
v 1.056560 0.770265 2.221512
v 1.041860 0.819868 2.221512
v 1.033310 0.773364 2.213012
v 1.041060 0.781113 2.209762
v 0.979060 0.757867 2.209962
v 1.025560 0.781113 2.212112
v 1.064310 2.482963 2.229262
v 1.079860 2.501065 2.221512
v 1.033310 2.550668 2.198312
v 1.010060 2.702516 2.134912
v 1.033310 2.927166 2.129212
v 1.072060 2.810967 2.069412
v 1.048810 2.973664 1.970161
v 1.010060 2.996916 1.963862
v 1.025560 3.129113 1.996862
v 1.064310 3.004664 1.950062
v 1.072060 2.996916 1.948061
v 1.064310 3.120863 1.994761
v 1.048810 3.117764 2.004611
v 1.041060 3.144115 1.991711
v 1.064310 3.190565 1.954462
v 1.064310 3.228813 1.934862
v 1.033310 3.268063 1.908811
v 1.064310 3.158563 1.834162
v 1.056710 3.159618 1.841912
v 1.025560 3.353268 1.720162
v 1.056560 3.260815 1.919361
v 1.087560 3.376514 1.816461
v 1.056560 3.531468 1.696712
v 1.041060 3.337765 1.714561
v 1.072060 3.377068 1.671462
v 1.033310 3.508216 1.581962
v 1.072060 3.477263 1.606012
v 0.994560 3.562468 1.696112
v 1.056560 3.608966 1.497711
v 1.056560 3.477263 1.598912
v 1.041060 3.732914 1.529161
v 1.025560 3.694165 1.577261
v 1.025560 3.717417 1.547411
v 1.079810 3.608966 1.477361
v 1.070060 3.639966 1.462262
v 1.064310 3.624463 1.488961
v 1.034410 3.616714 1.485512
v 1.064310 3.641516 1.470011
v 1.056560 3.627014 1.485512
v 1.056560 3.759265 1.361561
v 0.862860 3.701913 1.483662
v 1.048810 3.732914 1.382061
v 1.033310 3.754115 1.493262
v 1.017810 3.773218 1.462262
v 1.048810 3.797466 1.423561
v 1.041060 3.787166 1.443262
v 1.025560 3.784567 1.439011
v 1.033310 3.791815 1.423561
v 1.017810 3.787166 1.423561
v 0.986810 1.075518 2.434812
v 0.963560 1.168466 2.453562
v 0.971310 1.261467 2.457062
v 0.955810 1.222718 2.455712
v 1.002310 1.369917 2.453462
v 1.010060 1.377666 2.449912
v 1.002310 1.548117 2.445561
v 0.979060 0.812113 2.331762
v 0.979060 0.974816 2.411412
v 0.948060 0.788867 2.317962
v 0.994560 1.021266 2.420212
v 0.955810 1.114267 2.446862
v 1.009910 1.129764 2.438462
v 1.002310 1.145267 2.442662
v 0.924860 1.532614 2.445912
v 0.994560 1.718563 2.430212
v 0.986810 1.741815 2.427412
v 0.971310 1.718563 2.436111
v 0.963560 1.718563 2.441462
v 1.002310 1.920015 2.431511
v 0.971310 1.950967 2.437711
v 0.955810 1.741815 2.437812
v 0.994560 1.920015 2.439412
v 0.994560 1.981968 2.436262
v 0.986810 1.966465 2.440212
v 0.940360 1.943213 2.427962
v 0.986810 2.020717 2.430062
v 0.979060 2.051717 2.417462
v 1.017810 2.152413 2.411211
v 1.002310 2.144665 2.406461
v 0.940360 2.105916 2.414462
v 0.979060 2.160168 2.394212
v 1.017810 2.198917 2.390562
v 1.010060 2.152413 2.408512
v 1.010060 2.192718 2.391962
v 0.994560 2.175665 2.392412
v 0.986810 2.152413 2.395812
v 0.994560 2.198917 2.387412
v 0.955810 2.260864 2.397612
v 0.955810 1.021266 2.328362
v 0.971310 0.982565 2.320112
v 0.870610 1.052266 2.345562
v 0.940360 1.276964 2.348312
v 0.963560 1.679814 2.321712
v 0.994560 1.997465 2.322461
v 0.979060 1.873517 2.325262
v 0.963560 1.881266 2.334912
v 0.986810 2.037764 2.322262
v 0.979060 2.059466 2.323912
v 0.963560 2.059466 2.329212
v 0.963560 2.105916 2.323161
v 1.010060 2.361614 2.359211
v 0.963560 2.369368 2.382212
v 0.979060 2.384865 2.368562
v 1.010060 2.446818 2.347712
v 0.963560 2.400368 2.377761
v 0.924860 0.707263 2.260262
v 0.955810 0.866318 2.268961
v 0.963560 0.850868 2.263612
v 1.002310 0.881815 2.261412
v 0.971310 0.936067 2.308262
v 0.963560 0.943816 2.310112
v 1.017810 1.617867 2.312361
v 0.955810 2.702516 2.254261
v 0.932610 2.532065 2.334062
v 0.994560 0.742918 2.229262
v 0.971310 0.728965 2.237012
v 0.963560 0.732565 2.221512
v 1.017810 0.781113 2.212012
v 1.010060 0.796616 2.215662
v 1.002310 0.797665 2.213762
v 0.955810 0.757867 2.205162
v 0.948060 0.785267 2.213762
v 0.963560 2.384865 2.270862
v 0.979060 2.508813 2.226812
v 0.963560 2.470064 2.252312
v 0.979060 2.562016 2.206062
v 0.963660 2.578515 2.213762
v 0.979060 2.702516 2.138412
v 0.986810 3.027868 1.953462
v 0.986810 2.872914 2.157412
v 0.994560 2.973664 2.091861
v 0.948060 2.865213 2.181312
v 0.948060 2.849716 2.083812
v 1.002310 3.105366 2.017362
v 0.948060 3.058863 2.072662
v 0.995260 3.167367 1.996862
v 0.963560 3.176665 1.996862
v 1.017310 3.268063 1.919361
v 1.002310 3.244817 1.945111
v 0.986810 3.244817 1.945961
v 0.932610 3.147715 2.012362
v 0.979060 3.268063 1.923662
v 0.979060 3.624463 1.657262
v 0.901610 3.275818 1.937261
v 0.963560 3.593463 1.680361
v 0.994560 3.632218 1.636562
v 0.963560 3.655416 1.619411
v 0.971310 3.632218 1.647661
v 0.979060 3.694165 1.576012
v 0.994560 3.700364 1.578511
v 0.955810 3.655416 1.619362
v 0.962660 3.694165 1.578511
v 1.002310 3.759766 1.493262
v 0.994560 3.720015 1.547512
v 0.971310 3.724116 1.539761
v 0.994560 3.759265 1.493262
v 0.948060 3.748417 1.525212
v 0.971310 3.763914 1.479211
v 1.010060 3.779417 1.462861
v 1.002310 3.782517 1.462262
v 0.986810 3.776813 1.454512
v 0.971310 3.773218 1.462262
v 0.986310 3.779417 1.446761
v 0.955810 3.770614 1.477762
v 0.963560 3.772163 1.454512
v 0.901610 3.742713 1.470011
v 1.085760 3.779417 1.338312
v 0.940360 1.129764 2.446062
v 0.948060 1.176214 2.453812
v 0.932610 1.176214 2.447161
v 0.940360 1.191717 2.450512
v 0.924860 1.261467 2.457762
v 0.924860 1.091015 2.434562
v 0.924860 1.400918 2.458262
v 0.901610 1.323414 2.454511
v 0.893860 1.191717 2.460812
v 0.870610 1.362163 2.458611
v 0.893860 1.393163 2.460562
v 0.901610 1.602364 2.443712
v 0.948060 1.896763 2.438312
v 0.932610 0.920564 2.395711
v 0.932610 0.959313 2.408762
v 0.917110 0.936067 2.395912
v 0.893860 0.959313 2.405712
v 0.909360 0.990313 2.410562
v 0.901610 1.091015 2.441912
v 0.886110 1.571363 2.440562
v 0.924860 1.865768 2.432211
v 0.955810 1.904517 2.436462
v 0.948060 1.927763 2.433311
v 0.901610 1.850265 2.436811
v 0.924860 2.113664 2.425712
v 0.901610 2.098215 2.439612
v 0.909360 2.129167 2.431762
v 0.932610 2.198917 2.421062
v 0.932610 2.330613 2.402812
v 0.909360 2.322865 2.402712
v 0.948060 2.330613 2.398861
v 0.932610 0.781113 2.325812
v 0.916660 0.827616 2.345512
v 0.909360 0.796616 2.322262
v 0.917110 0.781113 2.319562
v 0.901610 0.889564 2.374462
v 0.932610 0.959313 2.318812
v 0.893860 1.214963 2.351012
v 0.917110 1.602364 2.332362
v 0.948060 1.633316 2.331661
v 0.940360 1.687568 2.333362
v 0.940360 1.904517 2.332362
v 0.901610 1.695317 2.336011
v 0.909360 1.881266 2.351462
v 0.932610 2.036214 2.332712
v 0.924860 2.012968 2.339861
v 0.924860 1.920015 2.336211
v 0.893860 1.881266 2.351811
v 0.909360 1.997465 2.347261
v 0.955810 2.043968 2.327961
v 0.955810 2.059466 2.326561
v 0.917110 2.074963 2.338511
v 0.909360 2.082717 2.337611
v 0.901610 2.012968 2.341312
v 0.901610 2.105916 2.330411
v 0.893860 2.043968 2.336262
v 0.948060 2.160168 2.318562
v 0.932610 2.245414 2.316961
v 0.917110 2.245414 2.311911
v 0.847360 2.268618 2.316711
v 0.893860 2.392614 2.390212
v 0.917110 2.555317 2.330562
v 0.901610 2.508813 2.347261
v 0.886110 2.524316 2.343761
v 0.917110 0.719118 2.273412
v 0.948060 0.897318 2.283112
v 0.940360 0.928319 2.307412
v 0.940360 0.843114 2.252512
v 0.933510 0.843114 2.260262
v 0.924860 0.819314 2.260262
v 0.932610 0.928319 2.311562
v 0.917110 0.819868 2.261662
v 0.909360 0.858563 2.272562
v 0.955810 0.950515 2.306762
v 0.948060 0.928319 2.298712
v 0.948060 0.959313 2.311912
v 0.917110 0.936067 2.309112
v 0.870610 0.943816 2.319662
v 0.940360 2.333218 2.299011
v 0.924860 2.338368 2.290212
v 0.955810 2.369368 2.281512
v 0.948060 2.361614 2.289962
v 0.948060 2.470064 2.256962
v 0.924860 2.508813 2.233012
v 0.940360 2.656013 2.280661
v 0.924860 2.724713 2.260262
v 0.917110 0.703615 2.250962
v 0.924860 0.699514 2.237012
v 0.900660 0.688165 2.229262
v 0.901560 0.688165 2.221512
v 0.901610 0.694364 2.213762
v 0.909360 0.726867 2.200762
v 0.932610 0.757867 2.205012
v 0.917110 0.742364 2.203562
v 0.909360 0.752217 2.206062
v 0.901610 0.742364 2.200062
v 0.901610 0.760967 2.206062
v 0.862860 0.711364 2.194962
v 0.931610 0.804365 2.229262
v 0.932610 0.773364 2.211812
v 0.932610 0.796616 2.226612
v 0.929510 0.796616 2.237012
v 0.930810 0.819868 2.244762
v 0.930810 0.796616 2.229262
v 0.909360 0.817764 2.252512
v 0.901610 0.819868 2.244762
v 0.955810 2.487117 2.252512
v 0.948060 2.581614 2.213762
v 0.932610 2.656013 2.171862
v 0.948060 2.710265 2.153211
v 0.855110 2.454567 2.273561
v 0.916360 2.702516 2.159562
v 0.886110 2.687013 2.166512
v 0.932610 2.965915 2.003562
v 0.924860 3.051114 2.077062
v 0.862860 3.074366 2.087362
v 0.909360 3.423017 1.815561
v 0.932610 3.515965 1.741411
v 0.908210 3.477263 1.787662
v 0.901610 3.477263 1.796912
v 0.924860 3.602266 1.686961
v 0.940360 3.607416 1.663712
v 0.933510 3.608966 1.671462
v 0.924860 3.642017 1.648211
v 0.816360 3.531468 1.760061
v 0.940360 3.629613 1.648211
v 0.917110 3.743768 1.539761
v 0.948060 3.709668 1.572411
v 0.893860 3.681266 1.609462
v 0.878360 3.694165 1.589161
v 0.893860 3.724116 1.555262
v 0.909360 3.756666 1.508761
v 0.893860 3.749466 1.516512
v 0.882060 3.748417 1.508761
v 0.886110 1.060015 2.441062
v 0.878360 1.176214 2.460312
v 0.847360 1.145267 2.456162
v 0.862860 1.307964 2.461912
v 0.878360 1.307964 2.463012
v 0.833060 1.245964 2.469462
v 0.839610 1.354414 2.465512
v 0.855110 1.377666 2.455262
v 0.839610 1.377666 2.462112
v 0.878360 1.447415 2.450862
v 0.847360 1.447415 2.456562
v 0.824110 1.408666 2.460312
v 0.855110 1.571363 2.453062
v 0.870610 1.586866 2.441562
v 0.870610 2.098215 2.450111
v 0.839610 1.966465 2.450412
v 0.831860 2.175665 2.440212
v 0.855110 2.160168 2.445162
v 0.831860 0.829667 2.376462
v 0.862860 0.951564 2.409712
v 0.870610 0.866318 2.386961
v 0.831860 0.920564 2.397862
v 0.862860 1.060015 2.433812
v 0.886110 2.245414 2.428962
v 0.886110 2.384865 2.391562
v 0.831860 2.245414 2.426162
v 0.878360 2.423567 2.375112
v 0.816360 2.307367 2.422312
v 0.862860 0.719118 2.301362
v 0.855110 0.738263 2.314512
v 0.862860 0.804365 2.364562
v 0.891610 0.711364 2.275762
v 0.879860 0.827616 2.361012
v 0.839610 0.804365 2.366162
v 0.893860 0.843114 2.350062
v 0.816360 0.912815 2.310212
v 0.785410 1.055366 2.345512
v 0.862860 1.183963 2.356211
v 0.785410 1.191717 2.364212
v 0.862860 1.385415 2.358962
v 0.839610 1.331168 2.363111
v 0.808610 1.284713 2.364212
v 0.847360 1.424164 2.358162
v 0.870610 1.563615 2.354512
v 0.855110 1.571363 2.346512
v 0.886110 1.633316 2.348712
v 0.808610 1.579118 2.351962
v 0.855110 2.082717 2.340462
v 0.893860 1.672065 2.343312
v 0.878360 1.819265 2.345812
v 0.886110 1.695317 2.353012
v 0.893860 1.997465 2.338162
v 0.862860 2.532065 2.354012
v 0.855110 2.656013 2.309111
v 0.816360 2.539814 2.361762
v 0.824110 2.617264 2.330411
v 0.886110 0.680417 2.260962
v 0.886110 0.726867 2.299212
v 0.878360 0.688165 2.272912
v 0.855110 0.660264 2.252512
v 0.855110 0.703615 2.286262
v 0.909360 0.717568 2.268012
v 0.847460 0.734615 2.306762
v 0.839610 0.719118 2.287312
v 0.886110 0.866318 2.278412
v 0.855110 0.850868 2.278862
v 0.831860 2.260864 2.323912
v 0.816360 2.400368 2.286112
v 0.839610 2.436513 2.275762
v 0.855110 2.501065 2.255012
v 0.847360 2.594018 2.208862
v 0.816360 2.733463 2.272212
v 0.889910 0.680417 2.244762
v 0.858310 0.664914 2.206062
v 0.878360 0.663364 2.237012
v 0.878360 0.666964 2.221512
v 0.847360 0.672668 2.195362
v 0.855110 0.651467 2.237012
v 0.847360 0.648367 2.221512
v 0.839610 0.650465 2.206062
v 0.847360 0.656116 2.244762
v 0.839610 0.656116 2.237012
v 0.824110 0.641167 2.213762
v 0.870610 0.773364 2.226612
v 0.847360 0.734615 2.199312
v 0.878360 2.656013 2.184561
v 0.870610 2.656013 2.179111
v 0.839610 2.748966 2.143412
v 0.855110 2.927166 2.033212
v 0.839610 3.110516 1.934862
v 0.840710 3.392017 1.741211
v 0.831860 3.330064 1.908512
v 0.886110 3.399765 1.851861
v 0.878360 3.435916 1.834162
v 0.893860 3.482914 1.795411
v 0.855110 3.562468 1.596462
v 0.839810 3.570217 1.601712
v 0.855110 3.613615 1.679211
v 0.870610 3.658515 1.632712
v 0.839610 3.632218 1.675912
v 0.862860 3.690064 1.601712
v 0.878360 3.738618 1.532011
v 0.855110 3.702414 1.601712
v 0.868560 3.732914 1.547512
v 0.839610 3.686416 1.635311
v 0.847360 3.717417 1.595811
v 0.831860 3.647667 1.534362
v 0.870610 3.744817 1.524262
v 0.862860 3.740668 1.541462
v 0.855110 3.732914 1.565511
v 0.847360 3.732914 1.570611
v 0.847360 3.737563 1.555262
v 0.847360 3.738618 1.539761
v 0.831860 3.729814 1.570761
v 0.847360 3.727764 1.508761
v 0.852610 3.717417 1.493262
v 0.757360 3.686416 1.563011
v 0.831860 1.052266 2.441712
v 0.816360 1.028013 2.446212
v 0.824110 1.145267 2.465761
v 0.808610 1.029015 2.446062
v 0.800860 1.106513 2.452262
v 0.816360 1.214963 2.471912
v 0.800860 1.191717 2.462462
v 0.777660 1.060015 2.419862
v 0.808610 1.284713 2.466612
v 0.785410 1.207215 2.455362
v 0.754410 1.276964 2.476062
v 0.769910 1.354414 2.474262
v 0.793110 1.393163 2.471462
v 0.785410 1.400918 2.472462
v 0.769910 1.447415 2.474962
v 0.800860 1.447415 2.470361
v 0.769910 1.408666 2.471662
v 0.808610 1.741815 2.456462
v 0.785410 1.718563 2.466012
v 0.824110 1.997465 2.452911
v 0.808610 1.981968 2.463712
v 0.754410 1.834768 2.471662
v 0.723410 2.020717 2.457062
v 0.808610 0.835365 2.371212
v 0.785410 0.827616 2.370762
v 0.754410 0.835365 2.357062
v 0.847360 1.083267 2.437711
v 0.769910 2.183414 2.445312
v 0.785410 2.260864 2.426712
v 0.793110 2.454567 2.380062
v 0.777660 2.392614 2.395312
v 0.824110 0.757867 2.324612
v 0.816360 0.819868 2.367612
v 0.816360 0.698966 2.291262
v 0.777660 0.920564 2.318212
v 0.777660 1.060015 2.350662
v 0.762160 1.354414 2.378962
v 0.777660 1.385415 2.375112
v 0.777660 1.749563 2.374262
v 0.824110 2.214414 2.329311
v 0.793110 2.175665 2.336711
v 0.808610 2.260864 2.319312
v 0.777660 2.253664 2.330011
v 0.793110 2.555317 2.353461
v 0.777660 2.563018 2.340611
v 0.793110 2.710265 2.275012
v 0.824110 0.657165 2.241112
v 0.824110 0.711918 2.291262
v 0.816360 0.651968 2.244762
v 0.754410 0.657165 2.260962
v 0.800860 0.889564 2.300862
v 0.800860 0.804365 2.254261
v 0.785410 0.804365 2.250862
v 0.769910 2.743816 2.268011
v 0.769910 2.772766 2.260262
v 0.816360 0.638568 2.221512
v 0.793110 0.621516 2.206062
v 0.808610 0.637513 2.229262
v 0.746660 0.621015 2.221512
v 0.808610 0.719118 2.193012
v 0.777660 0.696415 2.182812
v 0.762160 2.477813 2.267262
v 0.777660 2.663767 2.196062
v 0.762160 2.787715 2.251511
v 0.777660 2.959716 2.167312
v 0.777660 0.633913 2.171762
v 0.715660 0.590515 2.175062
v 0.793110 0.664914 2.173912
v 0.785410 0.664914 2.171962
v 0.785410 0.679368 2.175062
v 0.777660 0.664914 2.171962
v 0.808610 2.742267 2.144062
v 0.824110 2.748966 2.145912
v 0.839610 2.927166 2.048612
v 0.785410 2.871418 2.089811
v 0.777660 2.880663 2.083961
v 0.777660 3.213817 1.996811
v 0.831860 2.922517 2.051112
v 0.831860 3.113115 1.933762
v 0.800860 3.260314 1.838462
v 0.785410 3.229314 1.870862
v 0.824110 3.182817 1.885812
v 0.754410 3.229314 1.992312
v 0.816360 3.353268 1.768511
v 0.802210 3.407514 1.733462
v 0.777660 3.438514 1.850311
v 0.824110 3.572816 1.601712
v 0.777660 3.361017 1.779412
v 0.777660 3.562468 1.744161
v 0.754410 3.477263 1.813012
v 0.715660 3.474164 1.710211
v 0.817810 3.585714 1.717961
v 0.817660 3.624463 1.694712
v 0.777660 3.601217 1.710161
v 0.800860 3.636318 1.686961
v 0.824110 3.686965 1.640462
v 0.793110 3.658015 1.655961
v 0.824110 3.720015 1.586262
v 0.793110 3.694165 1.598511
v 0.831860 3.717417 1.599112
v 0.808610 3.698313 1.601712
v 0.800860 3.712267 1.563011
v 0.800860 3.705567 1.578511
v 0.777660 3.704017 1.586262
v 0.785410 3.698814 1.593961
v 0.777660 3.686416 1.620161
v 0.707910 3.593463 1.614661
v 0.808610 3.717917 1.547512
v 0.793110 3.710163 1.555262
v 0.785410 3.707618 1.570761
v 0.672510 3.639966 1.617211
v 0.707910 1.091015 2.457312
v 0.715660 1.122016 2.462612
v 0.723410 1.060015 2.455112
v 0.738910 1.168466 2.474011
v 0.746660 1.156116 2.469462
v 0.762160 1.176214 2.456212
v 0.700160 1.261467 2.487512
v 0.707910 1.164365 2.469462
v 0.754410 1.369917 2.480662
v 0.738910 1.393163 2.488662
v 0.754410 1.439667 2.482562
v 0.738910 1.579118 2.477862
v 0.684660 1.950967 2.470612
v 0.676910 2.059466 2.466362
v 0.692410 2.222168 2.451362
v 0.738910 2.214414 2.435012
v 0.762160 1.060015 2.420511
v 0.746660 0.936067 2.391462
v 0.707910 0.904566 2.399712
v 0.731160 0.843114 2.362362
v 0.742960 0.959313 2.407462
v 0.731160 0.967067 2.424812
v 0.754410 2.346116 2.415612
v 0.723410 2.237666 2.433562
v 0.731160 2.302217 2.422962
v 0.769910 2.346116 2.411412
v 0.754410 2.470064 2.380412
v 0.715660 2.330613 2.425212
v 0.723410 2.400368 2.394562
v 0.746660 2.477813 2.374362
v 0.731160 2.516568 2.354912
v 0.746660 0.695914 2.281462
v 0.731160 0.809515 2.345512
v 0.723410 0.804365 2.351312
v 0.709060 0.657165 2.268012
v 0.769910 0.959313 2.335162
v 0.762160 0.957215 2.337762
v 0.769910 1.044518 2.355011
v 0.700160 0.874066 2.293362
v 0.746660 0.889564 2.306362
v 0.738910 1.029015 2.340762
v 0.769910 1.122016 2.366512
v 0.762160 1.067764 2.360312
v 0.754410 0.936067 2.327912
v 0.754410 1.098764 2.359211
v 0.731160 1.230466 2.369662
v 0.746660 1.369917 2.374112
v 0.762160 1.455164 2.379212
v 0.707910 1.594615 2.364461
v 0.738910 1.524866 2.368962
v 0.669610 1.346666 2.384212
v 0.731160 1.610118 2.361762
v 0.762160 1.850265 2.369412
v 0.754410 1.625615 2.372812
v 0.762160 2.136916 2.349561
v 0.669160 2.028465 2.360462
v 0.762160 2.477813 2.373762
v 0.762160 2.563018 2.341312
v 0.700160 2.449918 2.384212
v 0.700160 2.570766 2.348712
v 0.723410 2.609515 2.324112
v 0.739010 0.626165 2.221512
v 0.723410 0.602913 2.194962
v 0.731160 0.703615 2.282762
v 0.762160 0.818318 2.275762
v 0.754410 0.897318 2.316862
v 0.700160 2.330613 2.311762
v 0.738910 2.717966 2.279961
v 0.762160 2.748966 2.269311
v 0.723410 2.741218 2.280561
v 0.731160 0.599813 2.190562
v 0.710510 0.633913 2.237012
v 0.750460 0.664914 2.175062
v 0.684660 2.501065 2.278162
v 0.700160 2.687013 2.189261
v 0.754410 2.657068 2.190562
v 0.754410 2.934915 2.174262
v 0.723410 2.888417 2.211212
v 0.769910 0.612217 2.182812
v 0.762160 0.626165 2.172212
v 0.769910 0.641668 2.175462
v 0.723410 0.598264 2.190562
v 0.638160 0.563663 2.198312
v 0.769910 0.672668 2.184762
v 0.770310 0.695914 2.190562
v 0.762160 0.711364 2.207512
v 0.731160 0.796616 2.248712
v 0.692410 0.602913 2.134112
v 0.754410 0.618416 2.164712
v 0.661410 0.595164 2.119962
v 0.746660 0.649416 2.157062
v 0.645910 0.654566 2.159562
v 0.723410 3.056318 1.981362
v 0.762160 2.942663 2.171011
v 0.738910 3.004664 2.144011
v 0.723410 2.969515 2.167312
v 0.723410 3.013414 2.136312
v 0.700160 2.919418 2.193662
v 0.754410 3.136367 2.052361
v 0.746660 3.120863 2.067612
v 0.738910 3.170967 2.027862
v 0.746660 3.150815 2.043361
v 0.684660 3.218466 2.012362
v 0.738910 3.337765 1.929511
v 0.715660 3.372413 1.896161
v 0.731160 3.361017 1.907711
v 0.731160 3.438514 1.837712
v 0.746660 3.438514 1.849662
v 0.692410 3.283566 1.845112
v 0.746660 3.531468 1.769962
v 0.715660 3.554714 1.770912
v 0.754410 3.608966 1.708511
v 0.738910 3.639966 1.703111
v 0.777660 3.655416 1.656762
v 0.765110 3.663164 1.663712
v 0.762160 3.678668 1.651611
v 0.746660 3.670913 1.670861
v 0.568460 3.518063 1.810912
v 0.754410 3.691614 1.632712
v 0.738910 3.689516 1.632712
v 0.676910 3.656465 1.663712
v 0.746660 3.695714 1.601712
v 0.683160 3.655416 1.617211
v 0.653660 1.021266 2.451761
v 0.661410 1.029015 2.450612
v 0.661710 1.098764 2.469462
v 0.669160 1.032668 2.438462
v 0.707910 1.106513 2.460312
v 0.707910 1.137513 2.466162
v 0.700160 1.114267 2.464912
v 0.692410 1.091015 2.455012
v 0.700160 1.145267 2.472812
v 0.684660 1.137513 2.468412
v 0.692410 1.168466 2.474962
v 0.638160 1.153016 2.476662
v 0.607210 1.088965 2.461712
v 0.645910 1.276964 2.488162
v 0.669160 1.338917 2.489412
v 0.700160 1.486117 2.483912
v 0.661410 1.393163 2.483462
v 0.645910 1.408666 2.467212
v 0.669160 1.517117 2.472012
v 0.645910 1.509368 2.470462
v 0.576210 1.610118 2.495162
v 0.661410 2.012968 2.464912
v 0.676910 2.167916 2.456562
v 0.661410 2.160168 2.448612
v 0.700160 0.835365 2.365412
v 0.684660 0.959313 2.407661
v 0.684660 0.878215 2.376462
v 0.669160 0.990313 2.417062
v 0.661410 0.881815 2.386112
v 0.653660 0.889564 2.396062
v 0.653660 0.982565 2.435911
v 0.658960 0.990313 2.430712
v 0.676910 0.990313 2.415212
v 0.684660 2.299613 2.433311
v 0.669160 2.322865 2.415612
v 0.645910 2.415818 2.393262
v 0.707910 2.354366 2.422962
v 0.676910 2.423567 2.393611
v 0.676910 2.470064 2.384161
v 0.661410 2.446818 2.384661
v 0.692410 0.672668 2.287312
v 0.692410 0.853413 2.368712
v 0.669160 0.757867 2.327961
v 0.661410 0.750118 2.329462
v 0.638160 0.773364 2.332862
v 0.684660 0.889564 2.305462
v 0.676910 1.067764 2.359612
v 0.650860 1.075518 2.353262
v 0.676910 1.207215 2.375212
v 0.661410 1.238215 2.382112
v 0.560710 1.238215 2.378962
v 0.684660 1.284713 2.375212
v 0.645910 1.656568 2.371312
v 0.653660 1.896763 2.373362
v 0.576210 2.020717 2.368412
v 0.669160 2.167916 2.348512
v 0.653660 2.229917 2.345361
v 0.669160 2.338368 2.326061
v 0.661410 2.361614 2.317362
v 0.645910 2.347165 2.314512
v 0.676910 2.617264 2.332211
v 0.661410 2.632767 2.320412
v 0.684660 0.713468 2.306762
v 0.676910 0.672668 2.279962
v 0.684660 0.664914 2.283112
v 0.676910 0.626165 2.250312
v 0.676910 0.649917 2.268012
v 0.661410 0.618416 2.247012
v 0.661410 0.680417 2.284662
v 0.653260 0.688165 2.299012
v 0.653660 0.666463 2.283512
v 0.684660 0.765616 2.238762
v 0.583960 0.812113 2.257162
v 0.669160 2.454567 2.286612
v 0.661410 2.400368 2.301362
v 0.645910 2.408063 2.296812
v 0.661410 2.467465 2.275762
v 0.669160 2.640516 2.209612
v 0.661410 2.586263 2.230762
v 0.645910 2.485567 2.274112
v 0.645910 2.578515 2.240112
v 0.684660 2.663767 2.314462
v 0.669160 2.736568 2.283512
v 0.645910 2.642065 2.322262
v 0.645910 2.702516 2.302912
v 0.645910 2.741218 2.288512
v 0.661410 2.879167 2.213762
v 0.645910 0.615817 2.252512
v 0.676610 2.648264 2.213762
v 0.661410 2.687013 2.186512
v 0.684660 2.737117 2.167312
v 0.669160 2.687013 2.188512
v 0.692410 2.865213 2.227062
v 0.669160 0.561064 2.151812
v 0.661410 0.561064 2.175062
v 0.700160 0.587416 2.151262
v 0.669160 0.568813 2.136312
v 0.700160 2.975214 2.151811
v 0.585460 0.502217 2.082062
v 0.653660 0.568318 2.120811
v 0.653660 0.595164 2.124062
v 0.653660 3.203517 1.911611
v 0.638160 3.120863 2.063661
v 0.676910 3.221565 2.007161
v 0.669910 3.268063 1.965862
v 0.707910 3.392017 1.876961
v 0.653660 3.283566 1.955762
v 0.654710 3.446263 1.748911
v 0.692410 3.430766 1.848011
v 0.684660 3.469515 1.830862
v 0.607210 3.392017 1.909612
v 0.676910 3.415263 1.757461
v 0.638160 3.500468 1.827811
v 0.660360 3.461766 1.733462
v 0.669160 3.608966 1.622261
v 0.653660 3.473115 1.733462
v 0.653660 3.593463 1.645262
v 0.653660 3.562468 1.665562
v 0.506460 3.515965 1.799911
v 0.661410 3.649765 1.648211
v 0.653660 3.624463 1.634112
v 0.607210 1.029015 2.448412
v 0.597910 1.060015 2.446212
v 0.607360 1.122016 2.461712
v 0.599460 1.160765 2.444312
v 0.630460 1.408666 2.463461
v 0.568460 1.137513 2.438411
v 0.607210 1.331168 2.459862
v 0.630460 1.447415 2.467062
v 0.568460 1.362163 2.496612
v 0.645910 1.447415 2.464062
v 0.591710 1.509368 2.489012
v 0.638160 2.012968 2.464812
v 0.607210 2.043968 2.475811
v 0.576210 2.067214 2.473511
v 0.607210 2.167916 2.458611
v 0.645910 2.200967 2.438462
v 0.630460 2.229917 2.440562
v 0.622710 2.379167 2.415211
v 0.599460 2.253115 2.441812
v 0.591710 2.191168 2.453162
v 0.638160 0.881815 2.393612
v 0.622710 0.881815 2.388062
v 0.622710 0.998068 2.434412
v 0.591710 0.889564 2.397012
v 0.591710 0.967067 2.424812
v 0.638160 2.268618 2.428862
v 0.638160 2.400368 2.401461
v 0.591710 2.276367 2.437162
v 0.568460 2.408063 2.405012
v 0.630460 2.656013 2.326312
v 0.645910 0.719118 2.316711
v 0.638160 0.727916 2.314512
v 0.591710 0.711364 2.303312
v 0.591710 0.835365 2.371812
v 0.552960 1.160765 2.369312
v 0.545360 1.377666 2.391962
v 0.553110 1.524866 2.384212
v 0.638160 1.827013 2.368062
v 0.645910 1.842517 2.370212
v 0.568460 2.516568 2.363461
v 0.583960 2.641016 2.314512
v 0.607010 2.632767 2.330011
v 0.653660 0.632364 2.260262
v 0.607210 0.579667 2.222912
v 0.645910 0.652516 2.283512
v 0.638160 0.680417 2.300312
v 0.645910 0.693315 2.306762
v 0.645910 0.677317 2.299012
v 0.630460 0.672668 2.289262
v 0.622710 0.680417 2.284262
v 0.599460 0.649416 2.262112
v 0.583960 0.556415 2.211562
v 0.583960 2.384865 2.308612
v 0.560710 2.198917 2.356211
v 0.630460 2.477813 2.278162
v 0.607210 2.725714 2.284912
v 0.614960 2.764463 2.266512
v 0.591710 2.710265 2.291911
v 0.599460 0.556415 2.208262
v 0.614960 0.574517 2.221512
v 0.545210 0.517166 2.190562
v 0.622710 0.773364 2.240362
v 0.599460 0.740814 2.221512
v 0.614960 0.672668 2.182812
v 0.638160 0.742364 2.221762
v 0.630460 0.660765 2.167312
v 0.591710 0.626165 2.152862
v 0.583960 0.757867 2.234912
v 0.630460 2.563018 2.241912
v 0.591710 2.586263 2.239311
v 0.599460 2.677715 2.190562
v 0.645910 2.671516 2.197262
v 0.630460 2.725714 2.166612
v 0.583960 2.687013 2.201762
v 0.622710 2.927715 2.175062
v 0.607210 2.927166 2.180311
v 0.591710 2.896166 2.207161
v 0.591710 2.989167 2.160862
v 0.545210 0.468618 2.144062
v 0.537460 0.434566 2.105312
v 0.645910 0.579667 2.122112
v 0.591710 2.733463 2.173611
v 0.599460 3.051114 2.003812
v 0.622710 3.198314 2.024561
v 0.537460 0.430918 2.082062
v 0.638160 0.564164 2.110312
v 0.630460 0.587416 2.110062
v 0.614960 0.571918 2.101662
v 0.560710 0.517714 2.068812
v 0.614960 0.587416 2.107912
v 0.607210 0.576067 2.105312
v 0.630760 0.610667 2.128562
v 0.607210 0.596714 2.120811
v 0.622710 2.989167 2.036612
v 0.591710 2.965915 2.055412
v 0.583960 2.906018 2.097562
v 0.607210 3.159618 2.052361
v 0.568460 3.074366 2.103561
v 0.583960 3.030467 2.027862
v 0.591710 3.170967 2.043361
v 0.560710 3.260314 1.896711
v 0.645910 3.237063 1.890511
v 0.583960 3.283566 1.979712
v 0.599460 3.446263 1.868361
v 0.576210 3.330064 1.945961
v 0.576210 3.415263 1.776811
v 0.545210 3.345513 1.954111
v 0.630460 3.438514 1.751662
v 0.599460 3.530967 1.694712
v 0.614960 3.562468 1.669361
v 0.583960 3.476715 1.741211
v 0.583960 3.438514 1.765111
v 0.645910 3.492713 1.726011
v 0.638160 3.486514 1.725712
v 0.630460 3.508216 1.704911
v 0.638160 3.523713 1.697061
v 0.537460 3.549016 1.748911
v 0.599460 3.562468 1.677212
v 0.583960 3.531468 1.706212
v 0.583960 3.515965 1.714662
v 0.576510 3.562468 1.702462
v 0.638160 3.593463 1.649711
v 0.622710 3.593463 1.654112
v 0.622710 3.608966 1.655662
v 0.593510 3.577965 1.679211
v 0.583960 3.585714 1.700561
v 0.568460 1.279515 2.484962
v 0.545210 1.153016 2.464561
v 0.552960 1.269215 2.491562
v 0.514210 1.145267 2.473662
v 0.498710 1.160765 2.475562
v 0.537460 1.276964 2.494562
v 0.537460 1.354414 2.500862
v 0.529710 1.346666 2.498562
v 0.529710 1.447415 2.497962
v 0.568460 1.501614 2.499412
v 0.545210 1.524866 2.499162
v 0.521960 1.548117 2.492262
v 0.537460 1.819265 2.485862
v 0.552960 1.873517 2.489212
v 0.545210 1.894665 2.484962
v 0.514210 1.695317 2.490111
v 0.568460 1.981968 2.483112
v 0.529710 1.912266 2.473511
v 0.521960 1.935518 2.473511
v 0.545210 2.043968 2.459111
v 0.560710 1.989716 2.478512
v 0.568460 2.152413 2.447262
v 0.529710 2.043968 2.466712
v 0.560710 2.198917 2.441212
v 0.490960 1.881266 2.488062
v 0.576210 2.222168 2.440661
v 0.583960 0.881314 2.391962
v 0.584960 0.959313 2.415212
v 0.578460 0.881815 2.384212
v 0.560710 0.912815 2.367462
v 0.585710 1.044518 2.422962
v 0.552960 1.052266 2.417612
v 0.545210 0.912815 2.363111
v 0.568460 1.029015 2.406961
v 0.537460 1.230466 2.388312
v 0.521960 1.377666 2.387712
v 0.537460 1.493865 2.391462
v 0.545210 1.579118 2.391012
v 0.537460 1.594615 2.393362
v 0.529710 1.524866 2.388312
v 0.537460 1.741815 2.386112
v 0.529710 1.633316 2.387612
v 0.545210 2.253115 2.439612
v 0.490960 2.074963 2.459961
v 0.521960 2.284116 2.419762
v 0.514210 2.098215 2.464712
v 0.537460 2.415818 2.390962
v 0.514210 2.307367 2.414561
v 0.568460 0.734615 2.314112
v 0.576210 0.835365 2.365462
v 0.552960 0.858563 2.349662
v 0.529710 0.835365 2.341512
v 0.545210 0.982565 2.321362
v 0.543860 1.013517 2.337762
v 0.537460 0.990313 2.331962
v 0.529710 0.987715 2.337762
v 0.529710 1.106513 2.366961
v 0.529710 0.874066 2.288112
v 0.537460 1.997465 2.383212
v 0.514210 2.005213 2.371562
v 0.545210 1.997465 2.383362
v 0.529710 2.253115 2.344812
v 0.545210 2.167916 2.367461
v 0.568460 2.175665 2.357412
v 0.537460 2.222168 2.356062
v 0.545210 2.229917 2.355262
v 0.529710 2.361614 2.327762
v 0.529710 2.322865 2.335511
v 0.545210 2.346116 2.318311
v 0.529710 2.458715 2.291262
v 0.537460 2.501065 2.369412
v 0.514210 2.415818 2.395911
v 0.506460 2.532065 2.369411
v 0.545210 2.586263 2.344362
v 0.560710 2.640516 2.324362
v 0.552960 2.656013 2.325962
v 0.490960 2.601767 2.342211
v 0.537460 2.671516 2.314111
v 0.576210 0.645816 2.275762
v 0.568460 0.640613 2.275762
v 0.552960 0.641668 2.266012
v 0.521960 0.602913 2.241112
v 0.545210 0.881815 2.284912
v 0.576210 0.765616 2.241312
v 0.560710 0.788867 2.247862
v 0.552960 0.773364 2.238762
v 0.545210 2.400368 2.302912
v 0.560710 2.493316 2.270612
v 0.576210 2.547568 2.255111
v 0.560710 2.656013 2.320012
v 0.560710 2.687013 2.304912
v 0.545210 2.756715 2.281662
v 0.545210 2.895665 2.213762
v 0.568460 0.580716 2.237012
v 0.545210 0.525463 2.196262
v 0.511710 0.494468 2.182812
v 0.560710 0.587416 2.238912
v 0.583960 2.586263 2.244112
v 0.560710 2.629668 2.213762
v 0.576210 2.640516 2.221112
v 0.568460 2.650315 2.206062
v 0.569960 2.679265 2.198312
v 0.552960 2.710265 2.177912
v 0.521960 2.779967 2.271211
v 0.560710 0.657165 2.165562
v 0.537460 0.641668 2.162312
v 0.560710 2.870363 2.105312
v 0.576210 2.903914 2.101162
v 0.514210 0.406665 2.058812
v 0.537460 0.455713 2.056112
v 0.560710 0.548714 2.083212
v 0.583960 0.595164 2.113912
v 0.514210 0.556415 2.128412
v 0.568460 2.903914 2.095711
v 0.529710 2.944213 2.066561
v 0.529710 0.455713 2.053912
v 0.545210 0.486714 2.056612
v 0.529710 3.120863 1.970861
v 0.490960 3.182817 1.948361
v 0.544810 3.198314 2.035611
v 0.537460 3.275818 1.991711
v 0.521960 3.244817 2.013011
v 0.521960 3.329015 1.965862
v 0.576210 3.244817 1.892262
v 0.498710 3.469515 1.754311
v 0.568460 3.264964 1.888411
v 0.506460 3.345513 1.946711
v 0.552960 3.361565 1.826411
v 0.568460 3.477263 1.738112
v 0.560710 3.523713 1.713411
v 0.576210 3.500468 1.726612
v 0.576210 3.523713 1.713661
v 0.576210 3.539217 1.708361
v 0.560710 3.546965 1.707811
v 0.568510 3.570217 1.710211
v 0.529710 3.536665 1.733462
v 0.545210 3.531468 1.718362
v 0.514210 3.500468 1.739712
v 0.583960 3.579015 1.694712
v 0.514210 0.982016 2.422962
v 0.467760 1.191717 2.475212
v 0.490960 1.222718 2.481112
v 0.475510 1.238215 2.482462
v 0.490960 1.276964 2.482812
v 0.467760 1.276964 2.489612
v 0.514210 1.315713 2.488062
v 0.483210 1.315713 2.491062
v 0.467760 1.331168 2.502662
v 0.506460 1.377666 2.485261
v 0.498710 1.369917 2.486712
v 0.498710 1.439667 2.495562
v 0.483210 1.478368 2.503462
v 0.452260 1.377666 2.501962
v 0.467760 1.633316 2.496962
v 0.506460 1.548117 2.494712
v 0.490960 1.625615 2.498062
v 0.460010 1.865768 2.481112
v 0.460010 2.012968 2.470612
v 0.483210 2.129167 2.452312
v 0.483210 2.315116 2.436462
v 0.506460 2.315116 2.417061
v 0.514210 0.828618 2.361012
v 0.490960 0.827616 2.363962
v 0.490960 0.974816 2.425812
v 0.521910 0.905067 2.384212
v 0.452260 0.943816 2.401212
v 0.514210 1.098764 2.362862
v 0.351510 1.129764 2.385262
v 0.413510 1.300216 2.395312
v 0.467760 1.470667 2.389761
v 0.421260 1.478368 2.386261
v 0.514210 1.555866 2.382012
v 0.521960 1.656568 2.381762
v 0.483210 2.361614 2.425961
v 0.475510 2.307367 2.440212
v 0.467760 2.353865 2.425961
v 0.514210 0.765616 2.325912
v 0.506460 0.649416 2.278012
v 0.506460 0.775963 2.337762
v 0.444510 0.835365 2.357912
v 0.498710 0.866318 2.303212
v 0.483210 1.060015 2.363962
v 0.467760 0.928319 2.317712
v 0.475510 2.059466 2.371312
v 0.490960 2.113664 2.366012
v 0.490960 2.183414 2.355612
v 0.475510 2.206665 2.355362
v 0.506460 2.384865 2.309512
v 0.483210 2.384865 2.315412
v 0.467760 2.237666 2.346912
v 0.521960 2.405518 2.314512
v 0.506460 2.470064 2.287712
v 0.475510 2.415818 2.306762
v 0.452260 2.338368 2.420961
v 0.514210 2.671516 2.320012
v 0.506460 2.748966 2.278561
v 0.483210 2.617264 2.326811
v 0.475510 0.657165 2.284462
v 0.522160 0.804365 2.268012
v 0.498710 0.788867 2.267512
v 0.483210 0.781113 2.256612
v 0.490960 2.423567 2.300762
v 0.452260 2.446818 2.300662
v 0.483210 2.865213 2.118311
v 0.475510 2.694768 2.296061
v 0.498710 2.865213 2.215562
v 0.460010 2.578515 2.341912
v 0.475510 2.756715 2.273062
v 0.467760 2.741218 2.287061
v 0.506460 0.550765 2.221512
v 0.475510 0.514615 2.206062
v 0.506460 0.649416 2.190562
v 0.506460 0.734615 2.245562
v 0.514210 0.733614 2.244762
v 0.498710 0.695914 2.215912
v 0.490960 0.688165 2.209261
v 0.514210 0.800765 2.275762
v 0.498710 0.726867 2.234061
v 0.452260 0.649416 2.202362
v 0.436760 2.911663 2.208061
v 0.514210 2.888417 2.206362
v 0.490960 0.401467 2.113261
v 0.460010 0.406665 2.136312
v 0.429010 0.571918 2.184462
v 0.467760 2.826464 2.131662
v 0.455710 0.355017 2.097562
v 0.444510 0.370514 2.117712
v 0.449060 0.355017 2.097562
v 0.483210 2.986568 2.058811
v 0.460010 3.004664 2.044712
v 0.506460 3.175116 2.056262
v 0.483210 0.362766 2.062862
v 0.467760 3.175116 2.056262
v 0.483210 3.206068 2.041862
v 0.490960 3.291816 1.981362
v 0.467760 3.229314 2.024662
v 0.498710 3.213817 1.921911
v 0.483210 3.229314 1.929511
v 0.506460 3.314567 1.969411
v 0.490960 3.225714 1.927112
v 0.483210 3.291315 1.890612
v 0.492110 3.291315 1.880662
v 0.475510 3.282517 1.896161
v 0.467760 3.260314 1.904312
v 0.498710 3.384268 1.917162
v 0.444510 3.376514 1.941211
v 0.475510 3.423017 1.887711
v 0.498710 3.299063 1.866761
v 0.475510 3.407514 1.812212
v 0.467760 3.430766 1.795712
v 0.498410 3.477263 1.834162
v 0.490960 3.513414 1.787662
v 0.483210 3.445715 1.772161
v 0.483210 3.407514 1.802462
v 0.467760 3.454018 1.777211
v 0.467760 3.506166 1.787662
v 0.467760 3.509265 1.772161
v 0.498710 3.500468 1.742561
v 0.483210 3.477263 1.754462
v 0.444510 3.485018 1.768362
v 0.514210 3.515965 1.737362
v 0.467760 3.500468 1.759412
v 0.460010 1.091015 2.449312
v 0.452260 1.106513 2.457162
v 0.436760 1.106513 2.465061
v 0.444510 1.017165 2.430712
v 0.429010 1.214963 2.480662
v 0.390260 1.168466 2.484262
v 0.452260 1.269215 2.489512
v 0.412110 1.245964 2.484962
v 0.444510 1.315713 2.491212
v 0.421260 1.354414 2.486262
v 0.436760 1.354414 2.486962
v 0.429010 1.393163 2.492662
v 0.413510 1.439667 2.502662
v 0.413510 1.338917 2.490812
v 0.398010 1.354414 2.504012
v 0.436760 1.424164 2.494812
v 0.444510 1.617867 2.492012
v 0.429010 1.827013 2.496612
v 0.405760 1.540363 2.508512
v 0.421260 2.043968 2.489012
v 0.436760 2.067214 2.476662
v 0.405760 2.059466 2.493612
v 0.367010 1.958716 2.503661
v 0.460010 2.136916 2.467462
v 0.452260 2.090466 2.470962
v 0.429010 2.129167 2.473011
v 0.405760 2.191168 2.472012
v 0.452260 2.175665 2.463712
v 0.421260 2.330613 2.433811
v 0.390260 2.268618 2.456811
v 0.390260 1.029015 2.450662
v 0.398010 1.439667 2.391562
v 0.398010 1.827013 2.390712
v 0.444510 1.827013 2.381011
v 0.436760 2.400368 2.405811
v 0.429010 2.415818 2.410811
v 0.444510 2.524316 2.367362
v 0.421260 2.408063 2.417711
v 0.398010 2.353865 2.429411
v 0.413510 2.446818 2.403912
v 0.429010 2.470064 2.395711
v 0.328310 1.230466 2.398862
v 0.421260 2.074963 2.380561
v 0.405760 2.160168 2.367962
v 0.452260 2.198917 2.356611
v 0.429010 2.222168 2.363811
v 0.460010 2.284116 2.339262
v 0.405760 2.299613 2.342312
v 0.390260 2.457166 2.306762
v 0.421260 2.597117 2.345512
v 0.382510 0.828117 2.299012
v 0.405760 2.539814 2.274911
v 0.405760 2.834213 2.238912
v 0.444510 0.524914 2.206062
v 0.429010 0.556415 2.225812
v 0.421260 0.610667 2.201112
v 0.421260 0.680417 2.224712
v 0.413510 0.618416 2.215461
v 0.412360 0.726867 2.252512
v 0.413510 0.571918 2.191312
v 0.413510 0.602913 2.203662
v 0.405760 0.657165 2.234462
v 0.405760 0.602913 2.207712
v 0.452260 0.905067 2.311762
v 0.429010 0.695914 2.231512
v 0.405760 2.764463 2.167161
v 0.429010 2.942663 2.185912
v 0.405760 2.909118 2.198312
v 0.436760 0.392717 2.136312
v 0.421260 0.396317 2.144062
v 0.421260 0.382364 2.136312
v 0.405760 0.432467 2.164562
v 0.452260 0.424713 2.148712
v 0.413510 0.393718 2.146162
v 0.413510 0.401467 2.147112
v 0.413510 0.409216 2.145812
v 0.419160 0.393718 2.136312
v 0.413510 0.416964 2.146412
v 0.398010 0.449514 2.175062
v 0.405760 0.418514 2.159562
v 0.413510 0.409216 2.153661
v 0.405760 0.416964 2.153762
v 0.405760 0.409216 2.149412
v 0.398010 0.440216 2.163462
v 0.410860 0.401467 2.144062
v 0.436760 0.381368 2.128562
v 0.434860 0.370514 2.120811
v 0.438660 0.370514 2.113062
v 0.432360 0.378263 2.120811
v 0.429010 0.386018 2.133162
v 0.429010 0.375664 2.128562
v 0.426360 0.386018 2.128562
v 0.428610 0.393718 2.128562
v 0.421260 0.386018 2.133562
v 0.374760 2.927166 2.194812
v 0.421260 3.128618 2.085562
v 0.405760 3.105366 2.105512
v 0.367010 3.260314 2.029262
v 0.436760 3.144115 2.079162
v 0.460010 3.198314 2.039311
v 0.444510 3.182817 2.052762
v 0.444510 3.058863 2.118711
v 0.429010 3.174567 2.066561
v 0.452260 3.221565 2.031562
v 0.436760 3.190565 2.055361
v 0.467760 3.113115 1.991212
v 0.452260 3.260314 1.895462
v 0.429010 3.470016 1.857411
v 0.359260 3.324366 1.989112
v 0.367010 3.368765 1.831762
v 0.460010 3.376514 1.825911
v 0.444510 3.415263 1.794011
v 0.452260 3.485018 1.827561
v 0.444510 3.494817 1.818662
v 0.390260 3.461766 1.854211
v 0.421260 3.488117 1.818662
v 0.401910 3.477263 1.818662
v 0.452260 3.446263 1.778512
v 0.359260 3.407514 1.816561
v 0.436760 3.446263 1.777461
v 0.460010 3.469515 1.766211
v 0.406360 3.477263 1.803162
v 0.421260 3.489113 1.803162
v 0.351960 3.430766 1.826411
v 0.452260 3.504115 1.795411
v 0.452260 3.503615 1.779912
v 0.320560 1.424164 2.510912
v 0.359260 1.191717 2.477162
v 0.367010 1.029015 2.447161
v 0.351510 1.060015 2.442412
v 0.343760 1.155567 2.461712
v 0.336010 1.075518 2.443612
v 0.374760 1.214963 2.490111
v 0.351510 1.245964 2.489612
v 0.343760 1.238215 2.487812
v 0.336010 1.253718 2.493711
v 0.343760 1.323414 2.499562
v 0.336910 1.811516 2.500462
v 0.351510 1.958716 2.498712
v 0.336010 2.020717 2.488162
v 0.374760 2.206665 2.470111
v 0.359260 2.222168 2.460312
v 0.336010 2.144665 2.474261
v 0.328310 2.338368 2.434062
v 0.382510 2.268618 2.454711
v 0.367010 2.268618 2.449661
v 0.351510 0.850868 2.373362
v 0.374760 0.935566 2.415212
v 0.367010 0.951564 2.420511
v 0.358160 0.982565 2.422962
v 0.351510 1.323414 2.393262
v 0.374760 1.509368 2.385712
v 0.336010 1.509368 2.385362
v 0.374760 1.718563 2.387962
v 0.367010 1.834768 2.387962
v 0.382510 1.827013 2.393611
v 0.343760 1.974213 2.393112
v 0.390260 1.912266 2.393362
v 0.351510 2.570766 2.357412
v 0.367010 0.897318 2.324612
v 0.343760 0.895768 2.337762
v 0.351510 0.796115 2.299012
v 0.343760 1.055914 2.376462
v 0.359260 1.067764 2.371962
v 0.359260 2.144665 2.373262
v 0.343760 2.198917 2.377062
v 0.351510 2.222168 2.369761
v 0.359260 2.229917 2.362262
v 0.351510 2.263963 2.361012
v 0.343760 2.307367 2.355262
v 0.351510 2.485567 2.303562
v 0.343760 0.788867 2.338062
v 0.367010 0.595164 2.248612
v 0.336010 0.738263 2.322262
v 0.374760 0.695914 2.243262
v 0.336010 0.672668 2.248362
v 0.398010 2.557367 2.268012
v 0.382510 2.516568 2.281312
v 0.367010 2.524316 2.279612
v 0.374760 2.748966 2.171762
v 0.351510 2.553213 2.275762
v 0.343760 2.562016 2.275762
v 0.359260 2.772218 2.163012
v 0.390260 2.663767 2.316862
v 0.374760 2.756214 2.283512
v 0.398010 2.841967 2.233462
v 0.359260 2.710265 2.302912
v 0.343760 2.721614 2.291262
v 0.367010 2.756715 2.281761
v 0.328310 2.748966 2.287612
v 0.374760 2.888417 2.209611
v 0.367010 0.496018 2.206062
v 0.336010 0.494963 2.213762
v 0.364260 0.478965 2.198312
v 0.328310 0.475866 2.206062
v 0.351510 0.494468 2.201112
v 0.359260 0.502217 2.201412
v 0.343760 0.571918 2.219862
v 0.374760 0.525463 2.217712
v 0.398010 0.619465 2.213762
v 0.398010 0.587416 2.201262
v 0.390260 0.618416 2.212312
v 0.367010 0.509965 2.194812
v 0.359260 0.626165 2.224912
v 0.398010 0.657165 2.231312
v 0.382510 2.896166 2.205362
v 0.359260 2.892566 2.221512
v 0.336010 2.818716 2.259612
v 0.297310 2.865213 2.246161
v 0.312810 2.942663 2.207062
v 0.398010 0.424713 2.160562
v 0.402860 0.409216 2.151812
v 0.405760 0.409216 2.154462
v 0.403960 0.401467 2.151812
v 0.382510 0.445366 2.175062
v 0.390260 0.459868 2.182812
v 0.390260 0.447965 2.172961
v 0.397510 0.455713 2.167312
v 0.390260 0.440216 2.167762
v 0.388310 0.432467 2.167312
v 0.382510 0.455713 2.182062
v 0.374760 0.465018 2.190562
v 0.387660 0.463468 2.175062
v 0.374760 0.455713 2.180912
v 0.374760 0.477415 2.198312
v 0.367010 0.486714 2.192662
v 0.367010 0.478965 2.195312
v 0.362460 0.494468 2.198312
v 0.362560 0.502217 2.198312
v 0.351510 2.973664 2.185162
v 0.305060 3.025317 2.159562
v 0.367010 3.089863 2.002961
v 0.343760 3.058863 2.026812
v 0.382510 3.268063 1.898862
v 0.343760 3.260314 1.914012
v 0.336010 3.197813 2.066561
v 0.305060 3.229314 2.035161
v 0.343760 3.330064 1.978411
v 0.351510 3.314567 1.868712
v 0.336010 3.407514 1.897861
v 0.343760 3.322315 1.867612
v 0.336010 3.423017 1.866311
v 0.343760 3.430766 1.841912
v 0.320560 3.353268 1.853112
v 0.320560 1.292467 2.505362
v 0.312810 1.292467 2.505461
v 0.266310 1.369917 2.498562
v 0.328310 1.137513 2.465162
v 0.320560 1.091015 2.456462
v 0.320560 1.207215 2.492712
v 0.312810 1.083267 2.455362
v 0.297310 1.191717 2.482912
v 0.289560 1.129764 2.463712
v 0.266310 1.176214 2.484262
v 0.320560 2.036214 2.490111
v 0.289560 1.974213 2.502562
v 0.313410 2.082717 2.492712
v 0.336010 2.090466 2.479961
v 0.297310 2.206665 2.476662
v 0.305060 2.315116 2.448311
v 0.274060 2.268618 2.461562
v 0.274060 2.315116 2.446962
v 0.297310 2.361614 2.434562
v 0.281810 2.377117 2.424962
v 0.328310 0.819868 2.349212
v 0.320560 0.959313 2.403061
v 0.312810 0.858563 2.370461
v 0.305060 0.951564 2.408262
v 0.312810 0.951564 2.408612
v 0.305060 0.819868 2.355862
v 0.289560 1.021266 2.424712
v 0.289560 0.835365 2.351212
v 0.274060 0.858563 2.358062
v 0.320560 0.990313 2.415062
v 0.312810 1.013517 2.428212
v 0.305060 1.013517 2.427161
v 0.328310 1.106513 2.386462
v 0.297310 1.091015 2.379862
v 0.142360 1.183963 2.391212
v 0.320560 1.354414 2.402212
v 0.328310 1.369917 2.399212
v 0.312110 1.292467 2.399712
v 0.320560 1.393163 2.406162
v 0.312810 1.393163 2.405112
v 0.312810 1.548117 2.401862
v 0.274060 1.509368 2.387612
v 0.328910 1.555866 2.391962
v 0.328310 1.966465 2.394962
v 0.328310 2.384865 2.418762
v 0.274060 2.408063 2.410312
v 0.274060 2.462316 2.394962
v 0.305060 0.688165 2.294812
v 0.312810 0.788867 2.338062
v 0.305060 0.767666 2.330012
v 0.274060 0.587416 2.261662
v 0.335960 0.835365 2.314512
v 0.328310 0.998068 2.365161
v 0.305060 0.881314 2.322262
v 0.297310 2.229917 2.370962
v 0.328310 2.315116 2.350862
v 0.297310 2.307367 2.355112
v 0.289560 2.160168 2.382212
v 0.281810 2.229917 2.381112
v 0.289560 2.408063 2.330562
v 0.274060 2.384865 2.347612
v 0.212060 2.508813 2.401461
v 0.219810 2.648264 2.346262
v 0.305060 0.657165 2.247612
v 0.274060 0.626165 2.245812
v 0.305060 2.516568 2.289762
v 0.328310 2.633816 2.237011
v 0.250810 2.795464 2.276812
v 0.333360 0.494468 2.206062
v 0.305060 0.502217 2.216162
v 0.320560 0.494468 2.218112
v 0.328310 0.486714 2.206612
v 0.289560 0.502217 2.231412
v 0.305060 0.494468 2.217562
v 0.312810 0.496513 2.221512
v 0.274060 0.461417 2.221512
v 0.320560 0.486714 2.212712
v 0.297310 0.494468 2.226062
v 0.289560 0.494468 2.225762
v 0.272860 0.471216 2.221512
v 0.266310 0.509465 2.237012
v 0.285810 0.494468 2.221512
v 0.266310 2.888417 2.223161
v 0.297310 2.950418 2.197862
v 0.274060 2.934915 2.202561
v 0.281810 2.981418 2.063462
v 0.274060 3.027868 2.158512
v 0.289560 3.128618 2.096261
v 0.243060 3.082114 2.139162
v 0.320560 3.035617 2.032661
v 0.289560 3.105366 1.997261
v 0.289560 2.996916 2.053911
v 0.281810 3.043365 2.034911
v 0.274060 3.097618 2.011061
v 0.289560 3.237063 2.031312
v 0.312810 3.283566 1.993912
v 0.320560 3.306818 1.979462
v 0.305060 3.285116 1.989112
v 0.336010 3.175116 1.963511
v 0.305060 3.314567 1.963662
v 0.289560 3.337765 1.943912
v 0.281810 3.275818 2.009262
v 0.258560 3.279418 2.012362
v 0.328310 3.261364 1.911611
v 0.328310 3.314567 1.874762
v 0.336010 3.268063 1.912311
v 0.289560 3.275818 1.896811
v 0.312810 3.361017 1.917412
v 0.289560 3.363115 1.911611
v 0.305060 3.381163 1.896161
v 0.320560 3.407514 1.866561
v 0.165610 3.167367 1.972711
v 0.312810 3.361017 1.854112
v 0.323510 3.407514 1.849662
v 0.334660 3.407514 1.834162
v 0.301810 3.376514 1.865161
v 0.302060 3.384268 1.872912
v 0.250810 1.145267 2.472912
v 0.235310 0.990313 2.411561
v 0.227560 1.147813 2.469462
v 0.250810 0.990313 2.418312
v 0.227560 1.245964 2.488862
v 0.212060 1.270264 2.500462
v 0.219810 1.300216 2.499762
v 0.243060 1.362163 2.493362
v 0.227560 1.408666 2.500312
v 0.219810 1.718563 2.504612
v 0.188810 1.796013 2.494562
v 0.235310 1.950967 2.502112
v 0.227560 2.136916 2.474362
v 0.235310 2.129167 2.477861
v 0.204310 1.920015 2.487662
v 0.219810 2.152413 2.474462
v 0.250810 2.144665 2.484061
v 0.235310 2.167916 2.470962
v 0.258560 2.315116 2.437711
v 0.243060 2.328563 2.438462
v 0.250810 0.858563 2.364212
v 0.219810 0.982565 2.418662
v 0.219810 0.897318 2.380762
v 0.266310 1.005816 2.419862
v 0.212060 1.029015 2.444012
v 0.119110 1.896763 2.404712
v 0.157860 2.237666 2.378262
v 0.227560 2.361614 2.440112
v 0.196560 2.136916 2.494812
v 0.235310 0.858563 2.361912
v 0.188810 0.711364 2.303212
v 0.266310 2.377117 2.347961
v 0.281810 2.284116 2.371462
v 0.227560 2.307367 2.365262
v 0.243060 2.413768 2.330011
v 0.212060 2.477813 2.314562
v 0.266310 2.415818 2.338412
v 0.258560 2.524316 2.300062
v 0.250810 0.819868 2.306962
v 0.266310 2.524316 2.301012
v 0.243060 2.516568 2.294112
v 0.266310 2.788216 2.167312
v 0.204310 2.656013 2.340462
v 0.243060 2.818716 2.262511
v 0.274060 0.486714 2.229612
v 0.266310 0.494468 2.232212
v 0.274060 0.463468 2.222662
v 0.274060 0.471216 2.222512
v 0.258210 0.494468 2.229262
v 0.266310 0.513566 2.229262
v 0.235310 0.499117 2.237012
v 0.235310 0.502217 2.235512
v 0.235310 0.502217 2.238512
v 0.320560 0.626165 2.271762
v 0.231610 0.502217 2.237012
v 0.239360 0.517714 2.237012
v 0.196560 0.532663 2.252512
v 0.235310 0.525463 2.243112
v 0.250810 0.548714 2.237562
v 0.212060 0.517714 2.242562
v 0.216110 0.540966 2.244762
v 0.178910 0.556415 2.252512
v 0.212060 2.834213 2.147962
v 0.243060 2.840918 2.252512
v 0.227560 2.834213 2.264361
v 0.219810 2.841967 2.264361
v 0.235310 2.865213 2.247511
v 0.250810 2.888417 2.226362
v 0.258560 2.934915 2.206961
v 0.235310 2.903914 2.232262
v 0.250810 3.027868 2.171212
v 0.212060 2.872914 2.250762
v 0.227560 3.008765 2.182811
v 0.219810 3.091913 2.136312
v 0.243060 2.942663 2.086262
v 0.173360 3.144616 1.981362
v 0.266310 2.987063 2.066561
v 0.266310 3.237063 2.048011
v 0.219810 3.151864 2.099812
v 0.274060 3.004664 2.060861
v 0.266310 2.996916 2.063112
v 0.258560 2.996916 2.060611
v 0.266310 3.004664 2.061811
v 0.258560 3.012413 2.052562
v 0.258560 3.144115 1.977412
v 0.250810 3.243268 2.043361
v 0.235310 3.263414 2.020112
v 0.221560 3.229314 2.035611
v 0.212060 3.189564 2.058811
v 0.243060 3.305268 1.973611
v 0.227410 3.283566 1.989112
v 0.235310 3.311467 1.950361
v 0.224460 3.299063 1.950361
v 0.225210 3.275818 1.989112
v 0.204310 3.274268 1.950361
v 0.227560 3.283566 1.919211
v 0.204310 1.129764 2.473012
v 0.212060 1.129764 2.474812
v 0.196560 1.044518 2.439412
v 0.188810 1.137513 2.470862
v 0.196560 1.176214 2.482362
v 0.173360 1.168466 2.481762
v 0.173360 1.114267 2.469162
v 0.150110 1.160765 2.475362
v 0.157860 1.214963 2.478962
v 0.204310 1.261467 2.498562
v 0.165610 1.276964 2.485712
v 0.156310 1.253718 2.477211
v 0.188810 1.292467 2.496262
v 0.176060 1.307964 2.484962
v 0.181060 1.400918 2.487962
v 0.157860 1.315713 2.464762
v 0.157860 1.284713 2.466712
v 0.196560 1.958716 2.489962
v 0.173360 1.788265 2.496412
v 0.188810 1.982516 2.500462
v 0.206710 2.121413 2.484962
v 0.181060 2.102315 2.500462
v 0.157860 2.098215 2.493711
v 0.173360 2.160168 2.493011
v 0.181060 1.974213 2.505012
v 0.165610 2.198917 2.480211
v 0.196560 2.245414 2.474962
v 0.196560 2.423567 2.428612
v 0.204310 0.982565 2.416162
v 0.134610 1.455164 2.393862
v 0.157860 2.400368 2.435611
v 0.173360 2.439064 2.416862
v 0.188810 2.609515 2.362262
v 0.157860 2.563018 2.377761
v 0.126860 2.516568 2.407762
v 0.173360 0.587416 2.265162
v 0.204310 1.013517 2.367362
v 0.188810 0.905067 2.336112
v 0.150110 1.075518 2.378711
v 0.134610 0.734615 2.293862
v 0.103610 2.439064 2.328712
v 0.181060 2.710265 2.314212
v 0.165610 2.748966 2.304261
v 0.204310 2.772218 2.296162
v 0.196560 2.772218 2.294362
v 0.181060 0.561064 2.260262
v 0.173360 0.579667 2.266262
v 0.181060 0.579667 2.266012
v 0.157860 0.564164 2.264562
v 0.165610 0.571918 2.265162
v 0.165610 0.579166 2.268012
v 0.157860 0.577116 2.268012
v 0.126860 0.602913 2.278512
v 0.188810 0.595164 2.268961
v 0.165610 0.571918 2.255712
v 0.188810 0.641668 2.269662
v 0.119110 2.733463 2.204161
v 0.173360 2.795464 2.280661
v 0.157860 2.772218 2.301761
v 0.142360 2.601767 2.376812
v 0.149210 2.911663 2.229262
v 0.201910 0.509965 2.244762
v 0.204310 0.525463 2.245162
v 0.219810 0.540966 2.249162
v 0.180210 0.564164 2.252512
v 0.181060 0.571918 2.253912
v 0.173360 0.564164 2.256512
v 0.150110 0.556415 2.256012
v 0.157860 0.571918 2.258762
v 0.157960 0.579667 2.260262
v 0.142360 2.911663 2.115561
v 0.134610 3.120863 2.104012
v 0.181060 3.120863 2.108861
v 0.157860 3.144115 2.093011
v 0.188810 3.136367 2.095462
v 0.173060 3.175116 2.066561
v 0.150110 3.058863 2.029712
v 0.188810 3.229314 2.009861
v 0.212060 3.275317 1.965862
v 0.165610 3.198314 2.043561
v 0.165610 3.213817 2.021212
v 0.150110 3.144115 1.987012
v 0.196560 3.264964 1.965862
v 0.146410 3.190565 1.989112
v 0.142360 1.160765 2.470112
v 0.134610 1.052266 2.439412
v 0.136610 1.137513 2.446212
v 0.151260 1.222718 2.469462
v 0.141460 1.160765 2.461712
v 0.156210 1.261467 2.469462
v 0.088110 1.171064 2.453962
v 0.119110 1.257867 2.461712
v 0.111360 1.153016 2.439412
v 0.126860 1.160765 2.438862
v 0.142360 1.354414 2.467712
v 0.119110 1.300216 2.474612
v 0.126860 1.323414 2.473362
v 0.126860 1.362163 2.481512
v 0.111360 1.323414 2.479662
v 0.088110 1.424164 2.481262
v 0.150110 1.346666 2.465061
v 0.134610 1.385915 2.477211
v 0.150110 1.532614 2.484412
v 0.134610 1.447415 2.483762
v 0.126860 1.478368 2.493812
v 0.095860 1.439667 2.488562
v 0.103610 1.540363 2.497512
v 0.126860 1.679814 2.505812
v 0.095960 1.617867 2.492712
v 0.107760 1.834768 2.484962
v 0.088110 1.617867 2.481962
v 0.126860 1.881266 2.500112
v 0.165610 1.904517 2.507512
v 0.119110 1.881266 2.493011
v 0.134610 1.989716 2.501212
v 0.132710 2.005213 2.492712
v 0.124660 1.981968 2.484962
v 0.119110 2.028465 2.477962
v 0.095860 1.834768 2.479212
v 0.103610 1.974213 2.478512
v 0.095860 2.028465 2.488762
v 0.111360 2.129167 2.476162
v 0.103610 2.253115 2.466712
v 0.095860 2.315116 2.459712
v 0.111360 0.881815 2.371962
v 0.128860 0.998068 2.422962
v 0.111360 1.005816 2.409212
v 0.088110 0.956213 2.391962
v 0.142360 1.064664 2.453962
v 0.119110 1.044518 2.420962
v 0.010660 1.075518 2.371212
v 0.103610 1.106513 2.431762
v 0.103610 1.230466 2.394811
v 0.111360 1.354414 2.399762
v 0.064860 1.563615 2.391112
v 0.126860 1.594615 2.395912
v 0.126860 1.741815 2.399212
v 0.026110 1.935518 2.401562
v 0.064860 2.198917 2.385512
v 0.103610 2.407563 2.438462
v 0.095860 2.423567 2.431012
v 0.119110 2.539814 2.400761
v 0.103610 2.508813 2.401562
v 0.119110 2.594018 2.379212
v 0.119110 0.711364 2.284912
v 0.134610 1.021266 2.372112
v 0.119110 1.029015 2.365412
v 0.126860 1.044518 2.369162
v 0.114060 2.601767 2.368711
v 0.103610 2.578515 2.365411
v 0.126860 2.658617 2.353262
v 0.126860 2.696317 2.330011
v 0.134610 2.750516 2.306762
v 0.151360 0.571918 2.268012
v 0.119110 0.540966 2.260862
v 0.126860 0.564164 2.267212
v 0.111360 0.579667 2.270512
v 0.117610 0.595164 2.275762
v 0.126860 0.571918 2.259412
v 0.104810 0.587416 2.268012
v 0.111360 0.570917 2.268012
v 0.150110 0.579667 2.259412
v 0.157860 0.579667 2.260562
v 0.150110 0.613767 2.268012
v 0.142360 0.610667 2.263812
v 0.111360 0.587416 2.265062
v 0.111360 0.601864 2.275762
v 0.109660 0.595164 2.268012
v 0.111160 0.602913 2.268012
v 0.103610 0.607568 2.275762
v 0.072410 0.618416 2.275762
v 0.111360 0.610667 2.270812
v 0.134610 0.680417 2.280912
v 0.064860 0.680918 2.283512
v 0.055210 0.719118 2.291262
v 0.126860 2.733463 2.305461
v 0.126860 2.857465 2.248612
v 0.103610 2.717966 2.307162
v 0.095860 2.733463 2.309412
v 0.119110 2.934915 2.214911
v 0.142360 0.540966 2.259112
v 0.119110 0.540966 2.259712
v 0.111360 0.556964 2.260262
v 0.111360 3.051114 2.036011
v 0.072610 2.886868 2.128561
v 0.088110 3.020167 2.151811
v 0.122310 3.113115 2.097562
v 0.103610 3.118813 2.066561
v 0.088110 3.098118 2.082062
v 0.134610 3.043365 2.045461
v 0.126860 3.043365 2.045812
v 0.142360 3.066617 2.032462
v 0.142660 3.128618 2.004611
v 0.135610 3.167367 2.004611
v 0.126860 3.144115 2.016912
v 0.111360 3.097618 2.024261
v 0.088110 3.066617 2.033362
v 0.101260 3.128618 2.043361
v 0.126860 3.164268 2.020112
v 0.068460 3.066617 2.051112
v 0.103610 3.113115 2.024261
v 0.142760 3.167367 1.989112
v 0.057110 1.075518 2.421112
v 0.064860 1.269215 2.455462
v 0.049360 1.408666 2.471312
v 0.026110 1.284713 2.465512
v 0.033860 1.470667 2.483662
v 0.088110 1.517117 2.482112
v 0.080360 1.625615 2.477612
v 0.057110 1.563615 2.479662
v 0.088110 2.020717 2.497362
v 0.010660 1.610118 2.489212
v 0.072610 1.749563 2.485162
v 0.072610 2.020717 2.498961
v 0.033860 1.850265 2.493711
v 0.096060 2.121413 2.492712
v 0.049360 2.020717 2.494712
v 0.033860 1.989716 2.490462
v 0.095860 2.237666 2.472661
v 0.018410 2.144665 2.478712
v 0.041610 1.029015 2.397612
v 0.041610 1.117867 2.422962
v 0.064860 1.191717 2.445712
v 0.041610 1.199466 2.443362
v 0.080360 1.300216 2.391212
v 0.080360 1.617867 2.400412
v 0.080760 2.245414 2.469462
v 0.088110 2.439064 2.417362
v 0.072610 2.439064 2.415812
v 0.010660 2.353865 2.438161
v 0.064860 2.570766 2.377512
v 0.049360 2.567166 2.376462
v 0.057110 0.843114 2.349562
v 0.041610 0.819868 2.327612
v 0.041810 0.827616 2.330012
v 0.035910 0.781113 2.314512
v 0.033860 0.819868 2.324812
v 0.049360 0.750118 2.313612
v 0.041610 0.858563 2.329212
v 0.056810 0.858563 2.322262
v 0.041610 0.974816 2.358612
v 0.041610 0.828117 2.330012
v 0.049360 0.827616 2.319512
v 0.040060 0.835365 2.322262
v 0.041610 0.835365 2.324311
v 0.033860 0.858563 2.327062
v 0.033860 1.137513 2.428712
v 0.018410 0.850868 2.346062
v 0.033860 0.974816 2.358962
v 0.018410 2.245414 2.372211
v 0.018410 2.191168 2.381312
v 0.018410 2.431315 2.325812
v 0.064860 2.742267 2.314512
v 0.072610 0.630814 2.283512
v 0.072610 0.649416 2.291212
v 0.075610 0.633913 2.275762
v 0.057110 0.649416 2.280912
v 0.057110 0.640613 2.283512
v 0.064860 0.664914 2.292212
v 0.057110 0.672668 2.287412
v 0.049360 0.695914 2.289412
v 0.055910 0.664914 2.283512
v 0.049360 0.679868 2.291262
v 0.045360 0.742364 2.299012
v 0.033860 0.812113 2.313612
v 0.041410 0.781113 2.306762
v 0.033860 0.796616 2.311412
v 0.010660 2.617264 2.257911
v 0.049360 2.965915 2.199061
v 0.010660 2.710265 2.321362
v 0.033860 2.849716 2.262012
v 0.018410 2.748966 2.196412
v 0.026110 2.911663 2.225112
v 0.023410 2.958167 2.182811
v 0.057110 3.020167 2.136512
v 0.041610 2.996916 2.160561
v 0.040610 3.020167 2.105312
v 0.010660 2.888417 2.127812
v 0.068910 3.074366 2.066561
v 0.049210 3.035617 2.074312
v -0.004690 2.896166 2.136312
v 0.018410 1.160765 2.447361
v 0.002910 1.207215 2.455612
v -0.009640 1.261467 2.446212
v 0.002910 1.462913 2.481112
v -0.004840 1.153517 2.438462
v 0.010660 1.455164 2.482912
v -0.009990 1.447415 2.461712
v 0.002910 1.687568 2.488062
v -0.009040 2.012968 2.469462
v -0.010490 1.757318 2.422962
v 0.010660 1.811516 2.491562
v 0.002910 1.981968 2.486462
v 0.018410 1.997465 2.491211
v -0.010840 2.183414 2.438462
v 0.010660 2.090466 2.482362
v 0.002910 2.160168 2.471462
v -0.009140 2.214414 2.446211
v -0.004540 2.377117 2.422962
v 0.002910 1.129764 2.439612
v -0.009640 1.044518 2.391962
v -0.008790 1.044518 2.384212
v -0.010990 1.122016 2.391962
v -0.003840 0.982565 2.384212
v 0.002910 0.920564 2.369662
v -0.005440 1.168466 2.384212
v -0.004840 1.292467 2.388212
v 0.010660 1.447415 2.387962
v 0.002910 1.927763 2.399412
v -0.004840 2.129167 2.399412
v 0.010660 2.074963 2.393262
v -0.010490 2.121413 2.415211
v 0.002910 2.183414 2.386812
v -0.010590 2.253115 2.399712
v -0.009990 2.384865 2.407462
v 0.002910 2.462316 2.402912
v -0.009140 2.470064 2.384212
v 0.026110 2.694768 2.331111
v 0.010310 0.788867 2.322262
v 0.002910 0.780618 2.314512
v -0.004840 0.812113 2.322462
v -0.008190 0.827616 2.322262
v 0.026110 0.889564 2.329112
v 0.026110 0.843114 2.319062
v 0.010660 0.781113 2.306262
v -0.009890 0.905067 2.337762
v -0.004840 0.974816 2.351612
v -0.004840 0.889564 2.328712
v -0.010140 0.951564 2.353262
v -0.010240 0.936067 2.353262
v -0.004840 0.923163 2.337762
v -0.003340 1.021266 2.368712
v 0.002910 1.075518 2.373612
v 0.002910 1.029015 2.362962
v 0.002910 2.299613 2.365262
v -0.005990 2.462316 2.330011
v -0.009290 2.439064 2.345512
v -0.010990 2.563018 2.314512
v 0.026110 0.784218 2.314512
v 0.026110 0.796616 2.310962
v 0.018410 0.772864 2.306762
v 0.010660 0.773364 2.313062
v 0.009310 0.773364 2.306762
v -0.004840 0.828117 2.314512
v -0.006240 0.804365 2.314512
v 0.002910 0.835365 2.315162
v -0.004840 0.835365 2.317662
v -0.006990 2.594018 2.283512
v -0.010390 2.725714 2.283512
v -0.010240 2.694768 2.252512
v -0.003240 2.717966 2.306762
v -0.007940 2.733463 2.291262
v 0.000660 2.834213 2.252512
v 0.002910 2.674615 2.237011
v -0.009990 2.818716 2.237011
v -0.006840 2.880663 2.206062
v 0.010660 2.908063 2.213762
v -0.009390 2.896166 2.151811
v -0.006990 2.911663 2.151811
vn 0.9507 -0.1217 0.2851
vn 0.9763 0.0262 0.2147
vn 0.9618 -0.2327 -0.1440
vn 0.9024 -0.3076 -0.3019
vn 0.9880 -0.1541 0.0004
vn 0.9788 -0.2048 0.0073
vn 0.9156 -0.2167 -0.3386
vn 0.9814 -0.1687 -0.0918
vn 0.9736 -0.0442 0.2238
vn 0.7841 0.2571 0.5649
vn 0.7485 0.3486 0.5641
vn 0.5558 0.4318 0.7103
vn 0.6752 0.3237 0.6629
vn 0.9931 0.0357 0.1119
vn 0.8276 -0.2987 -0.4753
vn 0.6821 -0.4255 -0.5948
vn 0.9750 -0.0848 -0.2056
vn 0.9977 0.0417 0.0532
vn 0.8797 0.2900 0.3770
vn 0.7519 0.3624 0.5507
vn 0.6704 -0.3959 -0.6276
vn 0.9393 -0.1590 -0.3041
vn 0.9979 0.0572 -0.0306
vn 0.8729 -0.2138 -0.4385
vn 0.9240 0.2671 0.2737
vn 0.9691 -0.0416 -0.2433
vn 0.9669 -0.2272 0.1164
vn 0.9358 -0.3134 -0.1612
vn 0.9756 -0.1053 0.1926
vn 0.8810 -0.0873 0.4650
vn 0.8755 0.0209 0.4827
vn 0.7343 0.1019 0.6712
vn 0.9239 -0.3798 -0.0469
vn 0.9165 -0.3780 -0.1310
vn 0.7826 0.1417 0.6062
vn 0.8411 0.0214 0.5405
vn 0.9330 -0.0344 0.3581
vn 0.8194 0.2096 0.5336
vn 0.8089 -0.4281 -0.4030
vn 0.5996 0.2487 0.7607
vn 0.8376 0.0500 0.5440
vn 0.7578 0.1956 0.6225
vn 0.7844 0.2043 0.5857
vn 0.9744 -0.0336 0.2223
vn 0.9532 -0.0408 0.2994
vn 0.9909 -0.1087 0.0794
vn 0.9862 0.0097 0.1652
vn 0.8834 0.1940 0.4267
vn 0.7469 0.2583 0.6127
vn 0.7104 0.1795 0.6805
vn 0.9086 0.2036 0.3647
vn 0.8371 0.1340 0.5304
vn 0.9184 0.1544 0.3642
vn 0.6930 0.3074 0.6521
vn 0.9057 -0.3121 -0.2868
vn 0.6121 -0.4587 -0.6442
vn 0.5532 0.3754 0.7437
vn 0.9497 0.0664 0.3059
vn 0.9791 0.0834 0.1855
vn 0.9867 -0.0920 -0.1342
vn 0.7513 0.3289 0.5721
vn 0.9955 0.0499 0.0801
vn 0.8570 0.2790 0.4332
vn 0.8378 0.3039 0.4536
vn 0.1687 -0.5181 -0.8385
vn -0.0709 -0.4847 -0.8718
vn -0.9486 -0.1094 -0.2970
vn -0.7432 -0.3884 -0.5448
vn 0.9974 0.0645 0.0309
vn 0.8953 0.2564 0.3643
vn -0.3946 -0.5216 -0.7564
vn 0.9375 0.2221 0.2678
vn 0.7830 0.3317 0.5261
vn 0.9248 0.2329 0.3008
vn 0.9904 0.0852 0.1084
vn 0.9008 0.2720 0.3385
vn 0.8128 0.3506 0.4652
vn 0.9058 0.2740 0.3233
vn 0.8435 0.3468 0.4103
vn 0.4752 -0.4585 -0.7510
vn 0.8079 0.3226 0.4931
vn 0.8571 0.3277 0.3974
vn 0.9905 0.1280 0.0503
vn 0.9899 -0.0179 -0.1403
vn 0.9920 0.1051 0.0702
vn 0.9961 0.0876 -0.0044
vn 0.9175 0.2846 0.2779
vn 0.9832 0.1501 0.1041
vn 0.8837 0.3208 0.3408
vn 0.8529 0.3473 0.3898
vn 0.9642 0.2639 0.0267
vn 0.7250 -0.3022 -0.6189
vn 0.8931 -0.0849 -0.4417
vn 0.9068 0.3729 0.1965
vn 0.8274 0.4247 0.3675
vn 0.9415 0.3159 0.1177
vn 0.9873 0.1493 0.0549
vn -0.0832 -0.5140 -0.8537
vn 0.5952 -0.3800 -0.7081
vn 0.7869 -0.1615 -0.5956
vn 0.7542 0.5973 0.2728
vn 0.9275 0.3727 -0.0291
vn 0.9088 0.3619 -0.2075
vn 0.9812 0.0992 -0.1658
vn 0.8948 -0.2552 -0.3663
vn 0.9041 0.2148 -0.3694
vn 0.9117 -0.1460 -0.3840
vn 0.9199 -0.0485 -0.3892
vn 0.9584 0.0985 -0.2681
vn 0.9705 0.0175 -0.2404
vn 0.8063 0.0442 -0.5899
vn 0.8361 -0.0184 -0.5483
vn 0.9011 0.1843 -0.3925
vn 0.8760 0.1937 -0.4417
vn 0.8775 0.0685 -0.4747
vn 0.8922 -0.1203 0.4353
vn 0.8582 -0.0360 0.5121
vn 0.9421 -0.2886 0.1706
vn 0.9241 -0.1766 0.3388
vn 0.9580 -0.1691 0.2316
vn 0.9120 -0.0792 0.4024
vn 0.7351 0.1139 0.6683
vn 0.6516 0.1740 0.7384
vn 0.5148 0.2361 0.8242
vn 0.6353 0.1908 0.7484
vn 0.7558 0.1239 0.6429
vn 0.8512 0.0607 0.5214
vn 0.9467 0.0389 0.3199
vn 0.7978 0.1270 0.5894
vn 0.8200 0.2242 0.5266
vn 0.7812 0.1567 0.6042
vn 0.8170 -0.4792 -0.3207
vn 0.7595 -0.4783 -0.4410
vn 0.3933 -0.5069 -0.7671
vn 0.8664 0.1715 0.4689
vn 0.9328 0.1266 0.3374
vn 0.8508 0.1810 0.4933
vn 0.9295 0.1312 0.3446
vn 0.9516 0.0448 0.3041
vn 0.7762 0.1862 0.6023
vn 0.4257 -0.4927 -0.7589
vn -0.1619 -0.3839 -0.9091
vn 0.6959 0.3299 0.6379
vn 0.9802 0.0973 0.1727
vn 0.7158 0.2792 0.6400
vn 0.7811 0.2857 0.5552
vn -0.6406 -0.1674 -0.7494
vn -0.3484 -0.3983 -0.8485
vn 0.1612 -0.4874 -0.8582
vn -0.7690 -0.1631 -0.6181
vn -0.8247 -0.1927 -0.5318
vn -0.9364 -0.0479 -0.3476
vn -0.9634 0.0023 -0.2681
vn -0.8811 -0.0385 -0.4713
vn -0.7965 -0.1502 -0.5857
vn -0.9686 -0.0051 -0.2485
vn -0.9172 -0.1411 -0.3726
vn -0.7581 -0.2224 -0.6130
vn 0.8587 0.2704 0.4354
vn 0.9689 0.1388 0.2048
vn 0.6843 0.3739 0.6261
vn -0.8928 -0.2347 -0.3844
vn -0.8696 -0.2133 -0.4454
vn -0.9420 -0.1656 -0.2920
vn 0.9091 0.2298 0.3475
vn 0.9250 0.2270 0.3049
vn 0.7792 0.3587 0.5139
vn 0.6649 0.4040 0.6283
vn 0.8103 0.3479 0.4715
vn -0.9792 0.0903 -0.1820
vn -0.6669 -0.3359 -0.6652
vn -0.8306 -0.2235 -0.5100
vn -0.9700 -0.0651 -0.2344
vn -0.8371 -0.2558 -0.4835
vn -0.9085 -0.2151 -0.3583
vn -0.8575 -0.2316 -0.4594
vn -0.9445 -0.1340 -0.3001
vn -0.9133 -0.2270 -0.3381
vn -0.9892 -0.0048 -0.1467
vn -0.9976 -0.0691 0.0042
vn -0.7671 -0.3632 -0.5288
vn -0.9997 -0.0167 -0.0154
vn -0.7949 -0.3237 -0.5132
vn -0.9660 -0.1625 -0.2009
vn -0.9810 -0.1164 -0.1551
vn 0.9239 0.1787 0.3383
vn 0.8260 0.3773 0.4189
vn -0.9988 -0.0480 -0.0075
vn -0.9501 -0.2088 -0.2319
vn -0.9797 -0.1372 -0.1458
vn -0.9925 -0.1199 -0.0249
vn -0.9510 -0.1878 -0.2455
vn -0.9995 -0.0280 -0.0125
vn -0.9657 -0.1914 -0.1755
vn -0.9984 -0.0457 -0.0340
vn -0.8982 -0.2994 -0.3219
vn -0.7319 -0.4091 -0.5449
vn -0.8807 -0.2925 -0.3726
vn -0.9943 -0.0753 0.0761
vn -0.9828 -0.1587 -0.0942
vn -0.9908 -0.1327 -0.0261
vn -0.9858 -0.1460 -0.0831
vn -0.4057 -0.3683 -0.8365
vn -0.8373 -0.3466 -0.4228
vn -0.7924 -0.2620 -0.5508
vn 0.9267 0.2924 -0.2359
vn 0.9129 0.4069 0.0319
vn 0.4551 -0.3173 -0.8320
vn -0.5056 -0.1996 -0.8394
vn 0.9430 0.1009 -0.3172
vn 0.8759 0.3061 -0.3730
vn 0.8602 0.0709 -0.5050
vn 0.7350 0.2424 -0.6332
vn 0.8814 0.3553 -0.3114
vn 0.7347 0.3837 -0.5595
vn 0.4588 -0.0445 -0.8874
vn 0.8435 0.1704 -0.5094
vn 0.6293 0.1331 -0.7657
vn 0.0394 -0.0045 -0.9992
vn -0.1294 -0.0975 -0.9868
vn -0.8344 -0.3469 -0.4283
vn -0.5699 -0.2225 -0.7910
vn 0.6712 0.0773 0.7373
vn 0.9032 -0.0205 0.4286
vn 0.8971 -0.0923 0.4320
vn 0.7929 0.0065 0.6094
vn 0.9001 -0.0062 0.4357
vn 0.9739 -0.0836 0.2110
vn 0.9604 -0.0821 0.2664
vn 0.9108 -0.4123 -0.0190
vn 0.8351 0.1780 0.5206
vn 0.9238 0.1192 0.3638
vn 0.7800 0.2539 0.5720
vn 0.9199 0.1510 0.3619
vn 0.9087 0.2039 0.3642
vn 0.5995 0.3604 0.7146
vn 0.6541 0.3629 0.6637
vn 0.5923 -0.5183 -0.6169
vn -0.9140 0.2078 -0.3484
vn -0.8144 0.0252 -0.5797
vn 0.5997 0.3723 0.7083
vn 0.6872 0.3524 0.6353
vn 0.9109 0.1924 0.3651
vn 0.8891 0.2428 0.3879
vn 0.7009 0.3489 0.6221
vn 0.0635 -0.4728 -0.8789
vn -0.1840 -0.3830 -0.9053
vn -0.6472 -0.0717 -0.7589
vn -0.7991 -0.0809 -0.5958
vn -0.8028 -0.0395 -0.5949
vn -0.8524 -0.1094 -0.5114
vn -0.8760 -0.1701 -0.4513
vn 0.9150 0.2324 0.3299
vn 0.6858 0.4030 0.6060
vn -0.9098 -0.1564 -0.3844
vn -0.9197 -0.1679 -0.3550
vn -0.8900 -0.2427 -0.3860
vn -0.8955 -0.2466 -0.3706
vn -0.8935 -0.1177 -0.4333
vn 0.8911 0.2660 0.3678
vn 0.8318 0.3723 0.4117
vn 0.7534 0.3888 0.5303
vn 0.8225 0.3409 0.4552
vn -0.9209 -0.2547 -0.2952
vn -0.8459 -0.3114 -0.4330
vn -0.8113 -0.3264 -0.4850
vn -0.8860 -0.2992 -0.3543
vn 0.8772 0.3074 0.3687
vn 0.6901 0.4523 0.5650
vn 0.8254 0.3787 0.4187
vn 0.8721 0.3560 0.3357
vn 0.8332 0.4224 0.3568
vn -0.9576 -0.1922 -0.2146
vn -0.9008 -0.3046 -0.3093
vn 0.8711 0.3408 0.3536
vn 0.8170 0.4576 0.3508
vn -0.9028 -0.1624 -0.3982
vn -0.9980 -0.0624 0.0116
vn -0.9631 -0.1828 -0.1976
vn -0.9441 -0.2513 -0.2133
vn -0.8622 -0.3710 -0.3450
vn -0.9922 0.0094 0.1242
vn -0.9949 -0.1005 0.0129
vn -0.8726 -0.3575 -0.3328
vn 0.8280 0.4433 0.3434
vn 0.7914 0.6038 0.0951
vn 0.8319 0.5181 0.1986
vn -0.8339 -0.3156 -0.4528
vn -0.9104 -0.3003 -0.2846
vn -0.9915 -0.1299 0.0061
vn -0.8674 -0.4176 -0.2705
vn 0.8638 0.4756 -0.1663
vn 0.7698 0.5984 -0.2221
vn 0.7988 0.4701 -0.3754
vn 0.6511 0.4840 -0.5847
vn -0.9572 -0.2329 -0.1717
vn -0.8877 -0.2362 -0.3953
vn -0.9579 -0.1672 -0.2332
vn -0.6337 -0.1616 -0.7565
vn -0.6287 -0.0819 -0.7733
vn -0.8432 -0.1619 -0.5127
vn 0.3183 0.1259 -0.9396
vn 0.3474 0.2342 -0.9080
vn -0.2761 -0.0149 -0.9610
vn 0.4269 0.2965 -0.8543
vn 0.8670 -0.1616 0.4713
vn 0.8882 -0.1348 0.4393
vn 0.8933 -0.1263 0.4313
vn 0.8729 -0.0906 0.4795
vn 0.8492 -0.0544 0.5253
vn 0.8720 -0.0317 0.4885
vn 0.7235 0.0720 0.6866
vn 0.8073 0.0719 0.5858
vn 0.7987 0.1417 0.5848
vn 0.8488 0.1036 0.5184
vn 0.8040 -0.4931 -0.3323
vn 0.7290 -0.5305 -0.4325
vn 0.8973 0.0845 0.4333
vn 0.9028 0.1662 0.3967
vn 0.8650 0.1721 0.4713
vn 0.5498 -0.4893 -0.6770
vn -0.3075 -0.2396 -0.9209
vn -0.9147 0.2497 -0.3178
vn -0.6761 -0.1089 -0.7287
vn -0.7932 0.0128 -0.6088
vn -0.9473 0.2796 -0.1563
vn -0.7934 0.0236 -0.6082
vn -0.8968 0.1589 -0.4130
vn -0.6356 -0.0756 -0.7683
vn -0.7445 -0.0203 -0.6673
vn -0.9318 0.1783 -0.3160
vn -0.8679 0.1158 -0.4831
vn -0.9095 0.2064 -0.3609
vn -0.5557 -0.1582 -0.8162
vn -0.8719 0.0273 -0.4890
vn -0.9608 0.2211 -0.1673
vn -0.8681 -0.0041 -0.4964
vn -0.5581 -0.1653 -0.8132
vn -0.7172 -0.0853 -0.6916
vn -0.7914 -0.0757 -0.6066
vn 0.5023 0.4121 0.7601
vn 0.8410 0.2197 0.4944
vn 0.9644 0.1071 0.2418
vn 0.9553 0.1119 0.2736
vn -0.8926 0.1445 -0.4270
vn -0.8669 -0.1706 -0.4683
vn -0.8809 -0.1169 -0.4586
vn -0.8230 -0.1389 -0.5508
vn -0.8342 -0.2789 -0.4758
vn 0.8715 0.2477 0.4233
vn 0.9650 0.1439 0.2193
vn 0.8464 0.2833 0.4509
vn -0.8313 -0.2998 -0.4681
vn 0.8926 0.2542 0.3724
vn 0.9339 0.2365 0.2681
vn -0.8410 -0.2800 -0.4630
vn -0.7187 -0.3432 -0.6047
vn -0.7902 -0.3747 -0.4850
vn -0.8151 -0.3229 -0.4809
vn 0.9944 0.1022 0.0269
vn 0.9381 0.2283 0.2605
vn 0.7808 0.3986 0.4812
vn 0.6719 0.4596 0.5807
vn 0.6922 0.4287 0.5805
vn 0.9943 0.0689 0.0815
vn 0.9380 0.2542 0.2357
vn 0.8923 0.3169 0.3215
vn 0.6689 0.4638 0.5810
vn 0.6415 0.4649 0.6102
vn 0.9759 0.1892 0.1086
vn 0.9135 0.3076 0.2663
vn -0.9162 -0.2795 -0.2873
vn 0.7370 0.4557 0.4991
vn 0.8239 0.4023 0.3991
vn 0.6932 0.4811 0.5367
vn 0.9143 0.3173 0.2518
vn -0.9510 -0.2281 -0.2087
vn 0.7862 0.4620 0.4104
vn 0.7121 0.5141 0.4781
vn -0.8199 -0.3932 -0.4160
vn -0.9100 -0.3469 -0.2270
vn 0.8334 0.4855 0.2640
vn 0.8286 0.4855 0.2787
vn -0.9165 -0.3126 -0.2497
vn -0.8678 -0.3723 -0.3290
vn -0.9018 -0.3504 -0.2531
vn 0.8981 0.3754 0.2290
vn 0.8123 0.5529 0.1854
vn 0.9001 0.4299 0.0713
vn -0.8828 -0.3489 -0.3144
vn -0.8280 -0.4047 -0.3880
vn 0.6922 0.7196 0.0551
vn 0.8125 0.5470 -0.2017
vn 0.8220 0.5692 -0.0159
vn 0.8334 0.5510 -0.0432
vn -0.7899 -0.2626 -0.5542
vn 0.7488 0.6419 -0.1653
vn 0.4403 0.4418 -0.7816
vn 0.5712 0.7512 0.3307
vn -0.5455 -0.2157 -0.8099
vn -0.2698 -0.0015 -0.9629
vn -0.0936 0.1893 -0.9774
vn -0.5926 -0.1079 -0.7983
vn -0.0728 0.1281 -0.9891
vn 0.4335 0.1842 0.8821
vn 0.6921 0.0553 0.7197
vn 0.7840 0.0655 0.6173
vn 0.9356 -0.2802 0.2147
vn 0.8681 -0.1210 0.4815
vn 0.9212 -0.2167 0.3230
vn 0.9557 -0.2406 0.1696
vn 0.8874 -0.1212 0.4449
vn 0.9481 -0.1761 0.2647
vn 0.9394 -0.1460 0.3102
vn 0.8540 -0.0621 0.5165
vn 0.8001 0.0048 0.5998
vn 0.8025 0.1131 0.5858
vn 0.8379 0.0276 0.5451
vn 0.8438 -0.0109 0.5366
vn 0.8451 -0.4537 -0.2829
vn 0.6948 0.1486 0.7037
vn 0.8501 0.0827 0.5200
vn 0.8353 0.1427 0.5309
vn 0.7872 0.2232 0.5749
vn 0.4241 -0.5383 -0.7283
vn 0.3408 -0.5619 -0.7537
vn -0.3282 -0.2740 -0.9040
vn -0.7854 0.0855 -0.6131
vn -0.8891 0.2890 -0.3549
vn -0.9269 0.3012 -0.2238
vn -0.9099 0.2733 -0.3119
vn -0.7336 0.0239 -0.6792
vn -0.8818 0.3066 -0.3584
vn -0.8987 0.4383 -0.0183
vn -0.8907 0.4380 0.1214
vn -0.9386 0.3244 -0.1177
vn -0.9229 0.2953 -0.2470
vn -0.8043 0.0977 -0.5861
vn -0.9535 0.2848 -0.0984
vn -0.8570 0.0596 -0.5119
vn -0.7886 -0.0917 -0.6080
vn -0.8314 0.0137 -0.5555
vn -0.7391 -0.0715 -0.6698
vn -0.8132 -0.0846 -0.5758
vn -0.7774 -0.0975 -0.6214
vn 0.7526 0.3428 0.5621
vn 0.6028 0.4373 0.6674
vn 0.5503 0.4896 0.6764
vn -0.8041 -0.0343 -0.5935
vn -0.8061 -0.2285 -0.5459
vn 0.8652 0.3013 0.4007
vn -0.8715 -0.2622 -0.4144
vn -0.8256 -0.2789 -0.4905
vn -0.9472 -0.1454 -0.2857
vn -0.6130 -0.4547 -0.6461
vn -0.7784 -0.3429 -0.5259
vn 0.9160 0.2675 0.2990
vn -0.7539 -0.3633 -0.5475
vn -0.9421 -0.2345 -0.2396
vn -0.9866 -0.0966 -0.1318
vn -0.8566 -0.3753 -0.3541
vn -0.7525 -0.4225 -0.5052
vn 0.7788 0.4397 0.4473
vn 0.6811 0.4575 0.5716
vn -0.9723 -0.2192 -0.0811
vn -0.9658 -0.2123 -0.1487
vn -0.8546 -0.3625 -0.3719
vn 0.9044 0.2858 0.3168
vn 0.7912 0.4226 0.4421
vn 0.7244 0.4632 0.5107
vn 0.7474 0.4831 0.4560
vn 0.5170 0.5827 0.6270
vn 0.9156 0.2978 0.2703
vn 0.9070 0.2931 0.3023
vn 0.8621 0.3673 0.3491
vn 0.9766 0.1801 0.1176
vn 0.8875 0.3605 0.2871
vn 0.8669 0.3966 0.3020
vn 0.8894 0.3633 0.2774
vn 0.7901 0.4693 0.3944
vn 0.6652 0.6391 0.3861
vn 0.8705 0.4627 0.1676
vn 0.7461 0.5404 0.3890
vn 0.9356 0.3489 -0.0534
vn 0.8062 0.5666 -0.1703
vn 0.7184 0.6445 -0.2618
vn 0.7733 0.6268 0.0950
vn 0.7398 0.6723 -0.0248
vn -0.9429 -0.3039 -0.1365
vn -0.8629 -0.2948 -0.4104
vn -0.8603 -0.3418 -0.3783
vn 0.9129 0.2705 -0.3055
vn 0.5303 0.7665 0.3623
vn 0.7852 0.5178 -0.3397
vn -0.7587 -0.4009 -0.5134
vn -0.6786 -0.4955 -0.5423
vn -0.9091 -0.3065 -0.2820
vn -0.9544 -0.2870 -0.0817
vn -0.9432 -0.2448 -0.2248
vn -0.9559 -0.2847 -0.0717
vn 0.7518 0.6496 -0.1130
vn 0.7274 0.5758 -0.3732
vn 0.8578 0.4850 0.1700
vn 0.4038 0.5691 -0.7162
vn 0.1164 0.3608 -0.9254
vn -0.6268 -0.1364 -0.7671
vn -0.3515 0.0790 -0.9329
vn 0.4763 0.6606 -0.5803
vn -0.6673 -0.2336 -0.7072
vn -0.0992 0.1632 -0.9816
vn -0.7801 -0.2053 -0.5910
vn -0.5162 -0.0807 -0.8527
vn 0.6189 -0.2023 0.7589
vn 0.9707 -0.2402 0.0058
vn 0.6325 -0.1291 0.7637
vn 0.9561 -0.2898 -0.0425
vn 0.9892 -0.1414 0.0374
vn 0.9698 -0.2362 -0.0612
vn 0.9697 -0.0964 0.2247
vn 0.7318 -0.0158 0.6813
vn 0.8304 0.0295 0.5563
vn 0.7767 0.0379 0.6288
vn 0.7325 -0.0421 0.6795
vn 0.7884 -0.0519 0.6129
vn 0.7559 0.0634 0.6516
vn 0.8674 -0.0495 0.4951
vn 0.9311 -0.3072 0.1968
vn 0.9720 -0.2316 0.0397
vn 0.8331 -0.1371 0.5358
vn 0.9503 -0.2990 0.0870
vn 0.8385 -0.2066 0.5042
vn 0.9021 -0.1394 0.4084
vn 0.8377 -0.1047 0.5361
vn 0.8284 0.1047 0.5503
vn 0.6954 0.1831 0.6949
vn 0.6702 0.2195 0.7090
vn 0.7695 0.1135 0.6285
vn 0.0932 -0.4678 -0.8789
vn 0.8244 -0.0067 0.5659
vn 0.7842 0.2948 0.5461
vn 0.8854 0.1018 0.4535
vn 0.7850 0.1999 0.5864
vn 0.7548 0.2619 0.6013
vn 0.3409 -0.3281 -0.8810
vn 0.6549 -0.5083 -0.5592
vn 0.1911 -0.5821 -0.7903
vn -0.1225 -0.5465 -0.8284
vn -0.8268 0.0672 -0.5585
vn -0.8246 0.0026 -0.5657
vn -0.7367 -0.0821 -0.6712
vn -0.7755 -0.0744 -0.6269
vn -0.8130 -0.0120 -0.5821
vn -0.8178 -0.0773 -0.5703
vn -0.8765 -0.0927 -0.4724
vn 0.8137 0.3078 0.4932
vn 0.9315 0.1877 0.3115
vn 0.8513 0.2407 0.4663
vn 0.8354 0.1950 0.5138
vn 0.6795 0.3524 0.6436
vn 0.8666 0.2716 0.4187
vn -0.9057 -0.0068 -0.4239
vn -0.7552 -0.0617 -0.6526
vn 0.4965 -0.5567 -0.6660
vn -0.4404 -0.3313 -0.8345
vn -0.9494 0.2869 -0.1277
vn -0.9600 0.1894 -0.2063
vn -0.9219 0.3857 0.0366
vn -0.9437 0.1882 -0.2721
vn -0.8656 0.2098 -0.4548
vn -0.8257 0.0138 -0.5640
vn -0.9101 0.1975 -0.3642
vn -0.8923 0.1000 -0.4401
vn -0.8092 -0.0500 -0.5854
vn -0.8751 -0.1025 -0.4729
vn 0.9502 0.1837 0.2516
vn -0.9303 0.3097 -0.1964
vn -0.7132 -0.0072 -0.7010
vn -0.7358 -0.2607 -0.6250
vn -0.7586 -0.3215 -0.5667
vn -0.8073 -0.3007 -0.5078
vn 0.9929 0.0912 0.0764
vn 0.8769 0.2941 0.3803
vn 0.4588 0.5255 0.7165
vn 0.7345 0.4605 0.4985
vn 0.9141 0.2570 0.3137
vn 0.9713 0.1918 0.1407
vn -0.8320 -0.3308 -0.4454
vn -0.8808 -0.2915 -0.3731
vn -0.8200 -0.3019 -0.4863
vn -0.7571 -0.3681 -0.5397
vn 0.4820 0.5424 0.6881
vn 0.8149 0.4002 0.4192
vn 0.8536 0.3537 0.3826
vn -0.7924 -0.3833 -0.4745
vn 0.3609 0.5583 0.7470
vn 0.9043 0.2829 0.3198
vn -0.8326 -0.3686 -0.4133
vn -0.7800 -0.4151 -0.4683
vn 0.4747 0.5752 0.6662
vn 0.6214 0.5598 0.5482
vn 0.4953 0.6116 0.6169
vn 0.8134 0.5092 0.2812
vn 0.6954 0.5230 0.4929
vn 0.5919 0.6023 0.5356
vn -0.7865 -0.4623 -0.4095
vn 0.6929 0.5217 0.4977
vn 0.6914 0.5738 0.4390
vn 0.8842 0.4072 0.2290
vn 0.6009 0.6947 0.3955
vn 0.6269 0.7195 -0.2988
vn 0.7920 0.6105 0.0097
vn 0.7000 0.6744 0.2350
vn 0.5869 0.8082 -0.0481
vn 0.4866 0.7304 -0.4793
vn -0.8012 -0.2412 -0.5476
vn -0.1691 0.3208 -0.9319
vn 0.1721 0.6282 -0.7588
vn 0.5553 -0.1662 0.8149
vn 0.8567 -0.1009 0.5058
vn 0.7130 0.1289 0.6892
vn 0.7791 -0.2920 0.5548
vn 0.8575 -0.3362 0.3893
vn 0.5596 -0.2330 0.7953
vn 0.7570 -0.2118 0.6181
vn 0.7358 -0.2196 0.6406
vn 0.9739 -0.1643 0.1567
vn 0.6718 0.1301 0.7292
vn 0.9090 -0.0638 0.4118
vn 0.7647 0.0685 0.6407
vn 0.8175 0.0582 0.5729
vn 0.6724 -0.5117 0.5349
vn 0.9340 -0.2645 0.2401
vn 0.8475 -0.2728 0.4553
vn 0.9410 -0.3340 0.0544
vn 0.9529 -0.2817 -0.1121
vn 0.8192 0.0085 0.5735
vn 0.8239 0.0298 0.5660
vn 0.9251 -0.0011 0.3798
vn 0.8587 0.0208 0.5121
vn 0.7999 0.0227 0.5997
vn 0.6562 0.1922 0.7297
vn 0.5625 0.3226 0.7613
vn 0.6731 -0.5106 -0.5349
vn 0.9597 -0.2730 0.0670
vn 0.9303 -0.2292 -0.2864
vn 0.7141 -0.3782 -0.5892
vn 0.7543 0.2922 0.5879
vn 0.7799 0.2595 0.5696
vn 0.7984 0.2975 0.5235
vn -0.3563 -0.0824 -0.9307
vn -0.6189 -0.1942 -0.7611
vn 0.0139 -0.4083 -0.9128
vn -0.8379 0.0425 -0.5442
vn -0.8790 0.0328 -0.4757
vn -0.7685 0.0284 -0.6392
vn -0.8072 -0.0371 -0.5891
vn -0.7529 -0.0598 -0.6554
vn -0.8535 -0.0033 -0.5211
vn -0.7874 -0.0544 -0.6140
vn -0.7930 0.0270 -0.6086
vn 0.8199 0.1565 0.5507
vn 0.7289 0.2944 0.6181
vn 0.5467 0.4428 0.7106
vn 0.7567 0.3400 0.5585
vn 0.0128 -0.2678 -0.9634
vn -0.3160 -0.2407 -0.9177
vn -0.8426 -0.0810 -0.5325
vn 0.5185 0.4982 0.6950
vn 0.5015 0.5362 0.6790
vn 0.7415 0.3987 0.5396
vn 0.9065 0.2216 0.3594
vn 0.8707 0.3045 0.3862
vn 0.8328 0.3411 0.4361
vn -0.8323 -0.3470 -0.4322
vn -0.7641 -0.3828 -0.5193
vn -0.6891 -0.4892 -0.5346
vn -0.7121 -0.4376 -0.5490
vn 0.7077 0.4463 0.5477
vn 0.7124 0.4033 0.5743
vn 0.5389 0.4654 0.7021
vn 0.6814 0.4562 0.5723
vn 0.7306 0.4680 0.4972
vn -0.7471 -0.4285 -0.5082
vn 0.8352 0.3421 0.4307
vn 0.8714 0.3348 0.3587
vn 0.7253 0.4664 0.5064
vn 0.7667 0.4130 0.4916
vn -0.7554 -0.4472 -0.4789
vn -0.8096 -0.3858 -0.4425
vn 0.6747 0.4822 0.5589
vn 0.7612 0.4947 0.4194
vn 0.8847 0.3284 0.3308
vn 0.9086 0.3021 0.2884
vn 0.6948 0.5017 0.5152
vn 0.7245 0.5182 0.4546
vn 0.6510 0.5474 0.5259
vn 0.5216 0.6990 0.4893
vn 0.4914 0.7451 0.4510
vn 0.5148 0.7551 0.4059
vn 0.5594 0.7760 -0.2913
vn 0.8024 0.5968 -0.0006
vn -0.9305 -0.3153 -0.1865
vn -0.7852 -0.3899 -0.4811
vn -0.4809 0.1214 -0.8683
vn 0.7671 -0.2577 0.5876
vn 0.7315 0.0121 0.6817
vn 0.6602 0.1556 0.7348
vn 0.8120 0.0466 0.5818
vn 0.8971 0.0391 0.4401
vn 0.6260 -0.2090 0.7513
vn 0.3393 -0.2517 0.9064
vn 0.7545 -0.2424 0.6099
vn 0.5759 -0.2585 0.7756
vn 0.7624 -0.2394 0.6012
vn 0.7019 -0.1929 0.6856
vn 0.6837 -0.1758 0.7083
vn 0.6088 0.1935 0.7694
vn 0.6980 0.1004 0.7090
vn 0.7203 0.1416 0.6791
vn 0.7564 0.0536 0.6519
vn 0.8430 0.0049 0.5379
vn 0.5731 0.2948 0.7646
vn 0.5742 0.1765 0.7994
vn 0.8168 -0.0786 0.5715
vn 0.8039 0.0038 0.5947
vn 0.8197 0.1328 0.5572
vn 0.9685 -0.0732 0.2381
vn 0.9122 0.0132 0.4095
vn 0.6312 0.2350 0.7392
vn 0.4449 0.3908 0.8058
vn 0.1751 0.4152 0.8927
vn 0.5859 0.2411 0.7737
vn 0.1200 0.4698 0.8746
vn 0.3886 0.3037 0.8699
vn 0.6827 -0.7261 0.0819
vn 0.9013 -0.4058 0.1515
vn 0.8604 -0.4088 0.3043
vn 0.2575 -0.6295 0.7331
vn 0.7791 -0.6044 -0.1665
vn 0.4756 -0.8742 0.0977
vn 0.3778 -0.4368 0.8164
vn 0.6284 -0.2630 0.7320
vn 0.9681 -0.1976 0.1541
vn 0.0381 -0.1136 0.9928
vn 0.6541 0.1632 0.7386
vn 0.7767 0.1310 0.6161
vn 0.9276 -0.0974 0.3607
vn 0.8535 0.0748 0.5157
vn 0.6178 0.2834 0.7335
vn 0.5535 0.2609 0.7909
vn 0.4623 0.3265 0.8244
vn 0.6502 0.3176 0.6902
vn 0.4123 -0.5966 0.6886
vn 0.6620 -0.4309 0.6133
vn -0.2265 -0.8550 0.4666
vn 0.4299 -0.6205 0.6558
vn -0.1353 -0.5345 0.8343
vn 0.4160 -0.5440 0.7287
vn 0.4898 -0.4112 0.7687
vn 0.1989 -0.7229 0.6617
vn 0.0454 -0.7650 0.6425
vn -0.7876 -0.4553 -0.4151
vn -0.9559 -0.0651 -0.2863
vn 0.6800 -0.6359 0.3650
vn -0.7966 0.0565 -0.6019
vn -0.8137 -0.0543 -0.5787
vn -0.6258 -0.1309 -0.7690
vn -0.7981 -0.0595 -0.5996
vn -0.6409 -0.1324 -0.7561
vn 0.9342 -0.0168 0.3563
vn 0.8967 0.0851 0.4343
vn 0.8515 0.1502 0.5023
vn 0.8232 0.2393 0.5148
vn 0.2243 -0.9653 -0.1336
vn 0.0322 -0.3584 -0.9330
vn -0.8662 -0.4984 -0.0360
vn -0.8415 0.0510 -0.5378
vn -0.8037 -0.1526 -0.5751
vn -0.8075 -0.0364 -0.5887
vn -0.8369 -0.0456 -0.5454
vn 0.8527 0.3392 0.3974
vn 0.7269 0.4380 0.5290
vn 0.6969 0.4406 0.5659
vn -0.8778 -0.2839 -0.3860
vn 0.5600 0.5618 0.6089
vn -0.8556 -0.3404 -0.3900
vn -0.8356 -0.3743 -0.4021
vn -0.7476 -0.3982 -0.5316
vn -0.8062 -0.3957 -0.4399
vn -0.8598 -0.3081 -0.4071
vn -0.8676 -0.2854 -0.4073
vn -0.9520 -0.0809 -0.2951
vn -0.7384 -0.4418 -0.5095
vn -0.7695 -0.3780 -0.5147
vn 0.9388 0.2711 0.2124
vn 0.9355 0.2274 0.2705
vn 0.7558 0.4358 0.4887
vn -0.6607 -0.4542 -0.5976
vn 0.4712 0.6141 0.6331
vn 0.5942 0.5312 0.6039
vn 0.7662 0.4496 0.4591
vn 0.7798 0.4477 0.4377
vn 0.6840 0.4895 0.5409
vn -0.9320 -0.2969 -0.2080
vn -0.7692 -0.4234 -0.4785
vn -0.6330 -0.4954 -0.5948
vn -0.8314 -0.4119 -0.3729
vn -0.7242 -0.5203 -0.4526
vn 0.6286 0.6226 0.4661
vn 0.7247 0.5699 0.3874
vn 0.5940 0.6080 0.5268
vn 0.8261 0.4331 0.3605
vn 0.8735 0.4287 0.2305
vn -0.6399 -0.3608 -0.6785
vn 0.9675 0.2302 0.1042
vn 0.8834 0.4419 0.1560
vn 0.5992 0.6396 0.4815
vn 0.7578 0.5729 0.3122
vn 0.3159 0.7989 0.5118
vn 0.4758 0.8289 0.2941
vn 0.6656 0.7451 0.0430
vn 0.6511 0.7277 -0.2156
vn 0.5479 0.7481 0.3742
vn 0.9941 0.0317 -0.1037
vn 0.9656 0.2600 0.0045
vn 0.7840 0.6192 0.0453
vn 0.7164 0.6721 -0.1871
vn 0.9255 0.3756 -0.0482
vn 0.5157 0.7780 -0.3588
vn 0.5272 0.8497 0.0048
vn 0.5127 0.8273 -0.2295
vn 0.5925 0.7908 0.1536
vn -0.1912 0.4130 -0.8905
vn 0.4779 -0.1417 0.8669
vn 0.6447 -0.2493 0.7226
vn 0.5669 -0.0446 0.8225
vn 0.8482 -0.1439 0.5097
vn 0.7649 0.0576 0.6415
vn 0.5626 0.0203 0.8265
vn 0.7157 -0.3564 0.6006
vn 0.6536 0.1587 0.7401
vn 0.7448 0.0596 0.6646
vn 0.7264 0.1276 0.6754
vn 0.7230 0.0530 0.6888
vn 0.7297 0.1312 0.6711
vn 0.7965 -0.0055 0.6046
vn 0.7602 0.0146 0.6496
vn 0.8865 -0.0759 0.4564
vn 0.8319 -0.0434 0.5532
vn 0.8069 -0.0011 0.5907
vn 0.6246 0.0906 0.7756
vn 0.8652 -0.0335 0.5003
vn 0.6041 0.0851 0.7923
vn 0.7294 0.0326 0.6833
vn 0.7606 0.0227 0.6488
vn 0.8865 -0.1382 0.4417
vn 0.8222 -0.0403 0.5678
vn 0.4879 0.0950 0.8677
vn 0.5613 0.0804 0.8237
vn 0.5247 0.2165 0.8233
vn 0.4576 0.2002 0.8663
vn 0.2702 0.3194 0.9083
vn 0.6250 0.1850 0.7584
vn 0.7368 0.1551 0.6581
vn 0.7457 -0.3570 0.5626
vn 0.7842 -0.2947 0.5460
vn 0.5809 -0.3399 0.7396
vn -0.4407 -0.3174 0.8397
vn 0.4459 -0.5344 0.7180
vn 0.1952 -0.1944 0.9613
vn 0.5430 -0.3451 0.7655
vn 0.6150 -0.4520 0.6461
vn 0.9055 -0.0783 0.4171
vn 0.8435 0.0501 0.5348
vn 0.6202 0.1772 0.7641
vn 0.8941 -0.0200 0.4474
vn 0.6097 0.2474 0.7530
vn 0.6602 0.3175 0.6807
vn 0.3431 0.3903 0.8544
vn -0.0330 -0.9796 0.1984
vn 0.1041 -0.9904 0.0905
vn 0.3652 -0.2881 0.8853
vn -0.6067 -0.7652 -0.2154
vn 0.5225 0.0107 0.8526
vn 0.7155 -0.5600 0.4177
vn 0.1642 -0.9019 -0.3996
vn -0.6680 -0.5917 -0.4513
vn 0.9131 -0.0708 0.4016
vn 0.8875 0.0585 0.4571
vn -0.7072 -0.1472 -0.6915
vn -0.3565 -0.9278 -0.1097
vn 0.1623 -0.7153 0.6797
vn 0.9721 -0.1776 0.1531
vn 0.7831 -0.3298 0.5273
vn -0.7277 -0.0127 -0.6858
vn -0.7205 -0.0959 -0.6868
vn -0.8180 0.0237 -0.5747
vn -0.7546 -0.0253 -0.6556
vn 0.7373 0.3358 0.5862
vn 0.8562 0.2359 0.4596
vn 0.8327 0.2955 0.4683
vn 0.6120 0.5703 0.5479
vn 0.7653 0.4883 0.4194
vn 0.6185 0.5910 0.5180
vn 0.6105 0.5104 0.6056
vn 0.6290 0.5368 0.5623
vn 0.2960 0.5933 0.7486
vn 0.4378 0.6036 0.6663
vn -0.7418 -0.4415 -0.5048
vn 0.3266 0.6131 0.7193
vn 0.2970 0.6583 0.6917
vn 0.5981 0.5644 0.5690
vn 0.5070 0.6213 0.5974
vn 0.6947 0.5660 0.4439
vn -0.8068 -0.4449 -0.3887
vn -0.7505 -0.4663 -0.4684
vn 0.7695 0.5181 0.3735
vn 0.6177 0.5971 0.5118
vn 0.6814 0.5847 0.4402
vn 0.7768 0.5038 0.3778
vn 0.6588 0.7193 0.2205
vn 0.7079 0.6006 0.3716
vn 0.9126 0.3867 0.1328
vn 0.8894 0.4370 0.1339
vn 0.3345 0.9402 0.0647
vn 0.9623 0.2639 -0.0657
vn 0.4564 0.8280 0.3257
vn 0.9840 0.1263 -0.1258
vn 0.8971 0.3492 -0.2706
vn 0.8771 0.4279 -0.2182
vn 0.7324 0.6570 0.1784
vn 0.7751 0.6294 0.0558
vn 0.5694 0.8008 -0.1858
vn 0.4228 0.8430 0.3326
vn 0.5892 0.7332 0.3395
vn 0.3243 0.7730 -0.5452
vn 0.5519 0.8281 -0.0985
vn 0.3102 0.9143 -0.2603
vn 0.5124 0.8510 -0.1150
vn 0.7261 0.5483 -0.4149
vn 0.7048 0.5635 -0.4310
vn 0.4755 0.7840 -0.3990
vn 0.3096 0.8190 -0.4830
vn 0.5124 -0.0689 0.8560
vn 0.6100 -0.2833 0.7400
vn 0.6099 -0.1399 0.7801
vn 0.7673 -0.0566 0.6388
vn 0.6219 0.1087 0.7755
vn 0.6329 -0.0011 0.7742
vn 0.6544 -0.1370 0.7436
vn 0.7980 -0.3756 0.4713
vn 0.6903 -0.3372 0.6401
vn 0.5652 -0.4183 0.7110
vn 0.7386 -0.1646 0.6537
vn 0.8572 -0.1434 0.4945
vn 0.8657 0.0137 0.5003
vn 0.7918 0.0836 0.6050
vn 0.7852 -0.0048 0.6192
vn 0.6900 0.1140 0.7148
vn 0.4965 0.1450 0.8558
vn 0.4797 -0.4897 0.7281
vn 0.6165 -0.4935 0.6135
vn 0.1395 -0.6285 0.7652
vn 0.8025 -0.3576 0.4777
vn 0.8235 0.0506 0.5651
vn 0.8781 -0.0517 0.4757
vn 0.7008 0.0640 0.7105
vn 0.3320 0.2789 0.9011
vn 0.4692 0.2542 0.8457
vn 0.6387 0.2089 0.7405
vn 0.7834 0.0914 0.6147
vn 0.5478 0.1302 0.8264
vn 0.7111 0.1226 0.6923
vn 0.5269 -0.5134 0.6773
vn 0.7631 0.0237 0.6458
vn 0.7934 0.0433 0.6072
vn 0.7915 0.0661 0.6076
vn 0.5774 0.1892 0.7942
vn 0.8379 0.0684 0.5415
vn 0.8219 0.0411 0.5682
vn 0.5063 0.3301 0.7967
vn 0.8831 0.0593 0.4653
vn 0.9860 -0.1383 0.0936
vn 0.9197 -0.0418 0.3905
vn 0.9344 -0.0163 0.3559
vn 0.8637 0.1227 0.4888
vn 0.8174 0.0769 0.5709
vn 0.6334 0.2174 0.7426
vn 0.8075 0.1786 0.5622
vn 0.5912 0.3123 0.7436
vn 0.6678 0.2245 0.7097
vn -0.2098 -0.9579 -0.1958
vn -0.9190 0.2518 -0.3034
vn -0.9851 -0.1696 -0.0272
vn -0.9570 -0.2203 0.1890
vn -0.0186 -0.3581 0.9335
vn 0.5494 -0.6577 0.5153
vn -0.6672 -0.5492 -0.5032
vn -0.3169 -0.3083 -0.8969
vn -0.7027 0.0791 -0.7071
vn 0.7985 -0.5973 -0.0750
vn -0.6869 0.1396 -0.7132
vn -0.7455 0.0450 -0.6650
vn 0.4135 -0.6658 0.6211
vn 0.5021 -0.5647 0.6550
vn -0.6542 0.1769 -0.7354
vn 0.4386 -0.5956 0.6730
vn -0.5457 -0.5865 0.5985
vn 0.6822 -0.3597 0.6366
vn -0.6702 0.0896 -0.7367
vn 0.6490 0.2485 0.7191
vn 0.6828 -0.3594 0.6361
vn 0.8962 -0.4048 -0.1816
vn -0.6534 0.1765 -0.7362
vn -0.2441 -0.9692 0.0326
vn -0.7485 0.0095 -0.6631
vn -0.1917 -0.9740 -0.1205
vn -0.8362 -0.3006 -0.4587
vn -0.6800 -0.0061 -0.7332
vn -0.7596 0.0742 -0.6461
vn -0.6838 0.0383 -0.7287
vn -0.8207 0.0914 -0.5640
vn -0.9391 0.0402 -0.3412
vn -0.8762 -0.0093 -0.4819
vn -0.7925 -0.1844 -0.5813
vn -0.6757 -0.0822 -0.7325
vn -0.7178 -0.1409 -0.6819
vn 0.9651 0.0103 0.2617
vn 0.7371 0.3143 0.5983
vn 0.4667 0.4110 0.7831
vn 0.6503 0.4086 0.6405
vn 0.2880 0.4162 0.8624
vn 0.6789 0.2911 0.6740
vn 0.4297 0.4348 0.7914
vn -0.6533 -0.1374 -0.7445
vn 0.9180 0.1345 0.3731
vn 0.6899 0.4310 0.5816
vn -0.6346 -0.3663 -0.6805
vn -0.6447 -0.3615 -0.6736
vn 0.7601 0.4057 0.5076
vn -0.8397 -0.2821 -0.4640
vn -0.8491 -0.2732 -0.4521
vn -0.7520 -0.3896 -0.5317
vn -0.6474 -0.4041 -0.6462
vn -0.9378 -0.2222 -0.2669
vn -0.6377 -0.4685 -0.6114
vn -0.7711 -0.4127 -0.4848
vn 0.6899 0.4761 0.5453
vn 0.4612 0.6444 0.6100
vn 0.7424 0.5173 0.4257
vn -0.5985 -0.5402 -0.5916
vn -0.7683 -0.4818 -0.4213
vn -0.7014 -0.4950 -0.5128
vn 0.6540 0.5702 0.4971
vn -0.8602 -0.4049 -0.3099
vn -0.5838 -0.5624 -0.5855
vn -0.6247 -0.5576 -0.5466
vn 0.5977 0.6235 0.5040
vn -0.8024 -0.4993 -0.3269
vn -0.7106 -0.5491 -0.4400
vn 0.5821 0.6199 0.5263
vn 0.7263 0.6007 0.3340
vn 0.2284 0.8198 0.5251
vn 0.4976 0.8400 0.2161
vn 0.3250 0.8374 -0.4394
vn 0.3778 0.9219 -0.0861
vn -0.5984 -0.1801 -0.7807
vn 0.1309 0.7455 -0.6535
vn -0.2170 0.4726 -0.8541
vn 0.7894 -0.4499 0.4177
vn 0.7409 -0.3483 0.5742
vn 0.7675 -0.3850 0.5125
vn 0.6253 -0.3508 0.6971
vn 0.3624 -0.3535 0.8624
vn 0.6971 -0.4995 0.5144
vn 0.5894 -0.1064 0.8008
vn 0.2659 -0.2388 0.9339
vn 0.6745 0.0144 0.7382
vn 0.2066 -0.0679 0.9761
vn 0.4140 0.0215 0.9100
vn 0.3955 -0.1137 0.9114
vn 0.5916 -0.0255 0.8058
vn 0.7103 0.0826 0.6990
vn 0.5020 0.0718 0.8619
vn 0.6654 0.0947 0.7405
vn 0.9125 0.0518 0.4057
vn 0.7621 0.0166 0.6472
vn 0.7554 0.0745 0.6510
vn 0.4780 0.1308 0.8686
vn 0.5352 0.0897 0.8399
vn 0.7917 0.0658 0.6074
vn 0.5902 0.1446 0.7942
vn 0.5956 0.0537 0.8014
vn 0.9256 0.0233 0.3779
vn 0.6882 0.0350 0.7247
vn 0.3802 0.1179 0.9173
vn 0.8444 0.0695 0.5311
vn 0.9193 0.0678 0.3878
vn 0.3704 0.0719 0.9261
vn 0.5412 0.1037 0.8345
vn 0.6953 0.0571 0.7165
vn 0.3237 -0.5401 0.7768
vn 0.3755 -0.4612 0.8039
vn -0.2849 -0.4134 0.8648
vn 0.4241 -0.4831 0.7660
vn 0.4876 -0.5571 0.6723
vn 0.7455 -0.4036 0.5304
vn 0.4589 0.1240 0.8798
vn 0.5627 0.1076 0.8196
vn 0.5059 0.1228 0.8538
vn 0.7504 0.0268 0.6604
vn 0.7894 0.0062 0.6138
vn 0.8029 0.0456 0.5944
vn 0.7517 -0.0140 0.6593
vn 0.7681 0.0529 0.6382
vn 0.7826 0.0895 0.6160
vn 0.8809 0.0150 0.4730
vn 0.7301 0.1317 0.6705
vn 0.7751 0.0537 0.6296
vn 0.5535 -0.5541 0.6218
vn -0.1598 -0.3796 0.9112
vn 0.4332 -0.6407 0.6338
vn 0.7582 -0.4609 0.4612
vn -0.6293 -0.0933 -0.7716
vn -0.9465 -0.0669 -0.3156
vn 0.7992 0.2139 0.5617
vn 0.4052 -0.7688 0.4948
vn -0.3972 -0.3741 -0.8380
vn -0.5711 0.2056 -0.7947
vn 0.4734 -0.6298 0.6158
vn 0.4996 -0.7736 -0.3898
vn -0.6690 0.3142 -0.6736
vn 0.4172 -0.4894 0.7658
vn 0.5387 -0.6822 0.4944
vn -0.1158 -0.4272 -0.8967
vn 0.4566 -0.6251 0.6331
vn 0.5740 -0.8185 0.0239
vn -0.4842 0.3493 -0.8022
vn -0.4403 0.3271 -0.8361
vn -0.7258 0.0015 -0.6879
vn -0.7199 0.0605 -0.6914
vn -0.7318 -0.1350 -0.6680
vn -0.8047 -0.0388 -0.5925
vn -0.9163 -0.0570 -0.3964
vn -0.8302 -0.0501 -0.5552
vn -0.8405 -0.0169 -0.5416
vn -0.4501 -0.0946 -0.8879
vn -0.6653 -0.0034 -0.7465
vn -0.7479 0.0523 -0.6617
vn -0.4042 -0.0583 -0.9128
vn -0.6472 -0.0066 -0.7623
vn -0.5528 -0.0216 -0.8331
vn -0.7860 0.0331 -0.6173
vn -0.5424 -0.0527 -0.8384
vn -0.7489 -0.0845 -0.6573
vn -0.7115 -0.0800 -0.6981
vn -0.7383 0.0147 -0.6743
vn 0.8116 0.2612 0.5225
vn 0.7221 0.3363 0.6046
vn 0.7008 0.3032 0.6457
vn -0.4052 -0.1715 -0.8980
vn -0.6990 -0.2192 -0.6807
vn -0.7730 -0.2189 -0.5955
vn 0.6890 0.3684 0.6241
vn -0.6906 -0.3258 -0.6457
vn -0.8358 -0.2962 -0.4624
vn -0.8099 -0.2847 -0.5129
vn -0.6428 -0.3497 -0.6815
vn -0.8961 -0.1372 -0.4221
vn -0.7458 -0.3341 -0.5763
vn -0.6822 -0.4342 -0.5882
vn -0.7056 -0.4672 -0.5327
vn 0.7989 0.3740 0.4710
vn -0.6857 -0.4186 -0.5954
vn -0.7301 -0.4405 -0.5225
vn 0.5259 0.5802 0.6219
vn 0.8121 0.3947 0.4298
vn -0.6866 -0.4892 -0.5378
vn 0.7565 0.4324 0.4905
vn 0.4907 0.6150 0.6172
vn 0.2215 0.6678 0.7106
vn 0.5594 0.6242 0.5454
vn -0.7504 -0.4921 -0.4413
vn 0.6194 0.5947 0.5125
vn -0.7204 -0.5222 -0.4565
vn 0.6741 0.5592 0.4826
vn -0.8601 -0.4161 -0.2950
vn -0.7652 -0.5282 -0.3680
vn 0.6846 0.5586 0.4683
vn -0.6773 -0.5502 -0.4884
vn -0.8538 -0.4617 -0.2405
vn -0.7178 -0.5215 -0.4613
vn -0.6094 -0.5704 -0.5507
vn -0.6731 -0.5889 -0.4473
vn 0.6866 0.5756 0.4441
vn 0.5156 0.6831 0.5173
vn -0.6438 -0.5970 -0.4787
vn 0.7186 0.5542 0.4201
vn 0.8732 0.4164 0.2531
vn 0.3722 0.7790 0.5045
vn 0.3993 0.7348 0.5483
vn 0.3794 0.7989 0.4666
vn 0.3377 0.8133 0.4738
vn -0.0666 0.8536 0.5166
vn -0.7692 -0.5451 -0.3335
vn -0.6664 -0.5870 -0.4597
vn 0.9028 0.4057 0.1428
vn 0.7501 0.6190 0.2329
vn 0.9482 0.3170 0.0194
vn 0.7603 0.6469 -0.0589
vn 0.8759 0.4818 -0.0241
vn 0.5806 0.7596 0.2930
vn 0.5453 0.8161 -0.1914
vn 0.4274 0.9040 0.0088
vn 0.1729 0.9367 0.3045
vn 0.2624 0.9559 -0.1317
vn -0.7379 -0.5500 -0.3912
vn -0.7975 -0.5125 -0.3182
vn -0.7746 -0.4995 -0.3879
vn 0.4051 0.8851 -0.2290
vn 0.1911 0.8507 -0.4897
vn -0.7764 -0.2701 -0.5694
vn -0.3497 0.3302 -0.8767
vn -0.8560 -0.4135 -0.3103
vn 0.0086 0.7295 -0.6839
vn 0.6438 0.1318 0.7537
vn 0.6249 -0.0639 0.7781
vn 0.6780 0.0733 0.7314
vn 0.5719 -0.3424 0.7455
vn 0.8350 -0.2643 0.4826
vn 0.7065 -0.2315 0.6688
vn 0.8694 -0.2086 0.4480
vn 0.8843 -0.1213 0.4509
vn 0.9158 -0.0336 0.4002
vn 0.8559 -0.0933 0.5087
vn 0.9043 0.0249 0.4261
vn 0.6167 0.0610 0.7848
vn 0.4902 0.1845 0.8518
vn 0.8188 0.1210 0.5612
vn 0.7469 0.0937 0.6584
vn 0.6212 0.1291 0.7729
vn 0.8701 0.1045 0.4816
vn 0.5821 0.1599 0.7972
vn 0.4454 0.1614 0.8807
vn 0.6496 0.1634 0.7425
vn 0.5825 0.1133 0.8049
vn 0.5693 0.1856 0.8009
vn -0.0779 -0.3288 0.9412
vn 0.2500 -0.4863 0.8373
vn 0.1185 -0.1987 0.9729
vn 0.2083 -0.2884 0.9346
vn 0.8309 -0.3847 0.4020
vn 0.6596 -0.3672 0.6558
vn 0.9049 -0.2647 0.3333
vn 0.8482 -0.3016 0.4354
vn 0.5741 -0.5069 0.6430
vn 0.5851 -0.2140 0.7823
vn 0.7519 0.0877 0.6535
vn 0.5114 0.1563 0.8450
vn 0.7940 0.0072 0.6079
vn 0.7567 0.0813 0.6487
vn 0.7329 0.0062 0.6803
vn 0.7056 0.0843 0.7036
vn 0.7508 0.0044 0.6606
vn 0.5953 0.1456 0.7902
vn 0.6740 0.0206 0.7385
vn 0.7089 0.0729 0.7015
vn 0.1195 -0.5271 0.8414
vn -0.2374 -0.3453 0.9080
vn 0.0189 -0.6520 0.7580
vn 0.7526 -0.6444 0.1352
vn 0.2746 -0.7587 0.5907
vn 0.4383 -0.7138 0.5463
vn -0.8437 0.1444 -0.5170
vn -0.9099 0.2133 -0.3558
vn -0.8108 0.1908 -0.5533
vn -0.6940 0.0723 -0.7163
vn 0.5455 0.2724 0.7926
vn 0.4301 0.3562 0.8295
vn -0.1275 -0.4827 0.8665
vn -0.9104 0.2435 -0.3345
vn -0.5971 0.3106 -0.7396
vn -0.9904 0.0575 0.1254
vn -0.5475 0.0687 0.8340
vn 0.3672 -0.8399 0.3996
vn -0.1504 -0.6641 0.7323
vn -0.8350 -0.3569 0.4188
vn -0.9756 0.2156 -0.0415
vn -0.6920 -0.6072 0.3904
vn -0.6351 -0.2263 0.7386
vn -0.9599 0.2094 -0.1865
vn 0.1407 -0.9468 0.2894
vn -0.3020 -0.3302 -0.8943
vn -0.5737 0.0603 -0.8168
vn -0.0164 -0.9226 0.3855
vn 0.2905 -0.1108 -0.9505
vn -0.6122 0.0479 -0.7892
vn -0.5475 0.0251 -0.8364
vn -0.6297 0.1198 -0.7675
vn -0.5548 0.0630 -0.8296
vn -0.6979 -0.1109 -0.7075
vn -0.3400 -0.1325 -0.9311
vn -0.5755 -0.1077 -0.8107
vn -0.7685 -0.1425 -0.6238
vn -0.7440 0.0521 -0.6662
vn -0.7027 0.0324 -0.7108
vn -0.6515 -0.1183 -0.7494
vn 0.2973 0.4549 0.8395
vn 0.0598 0.4419 0.8951
vn 0.0841 -0.8918 -0.4445
vn -0.4403 0.4461 -0.7792
vn -0.3588 0.2216 -0.9067
vn -0.4227 0.3721 -0.8264
vn 0.3100 -0.1300 0.9418
vn 0.2495 -0.7746 0.5812
vn -0.3044 -0.4225 -0.8537
vn -0.5316 0.3150 -0.7862
vn -0.4421 0.8966 0.0260
vn -0.6013 0.6084 -0.5179
vn 0.1285 -0.7298 0.6715
vn -0.1645 0.2934 -0.9417
vn -0.3668 0.5006 -0.7841
vn -0.1375 0.5278 -0.8382
vn -0.5971 -0.0838 -0.7978
vn -0.5371 0.7878 -0.3014
vn -0.2505 0.4511 -0.8566
vn 0.3448 -0.4023 -0.8481
vn -0.7048 -0.7078 -0.0469
vn -0.1234 -0.0630 0.9904
vn -0.1536 -0.9838 -0.0926
vn -0.1781 0.9830 -0.0450
vn -0.9204 0.2234 -0.3208
vn -0.9988 0.0392 -0.0307
vn -0.7519 -0.0197 -0.6590
vn -0.4634 -0.3077 -0.8310
vn -0.5297 -0.2762 -0.8020
vn 0.4053 0.5090 0.7594
vn 0.2343 0.5275 0.8166
vn 0.4348 0.4975 0.7507
vn -0.5331 -0.3173 -0.7843
vn -0.2300 -0.3796 -0.8961
vn -0.5572 -0.3278 -0.7629
vn -0.7885 -0.2488 -0.5625
vn -0.3948 -0.4246 -0.8148
vn -0.6467 -0.3626 -0.6711
vn -0.9048 -0.1865 -0.3828
vn -0.8088 -0.2667 -0.5242
vn -0.7241 -0.2745 -0.6327
vn 0.5328 0.4991 0.6834
vn 0.6920 0.4074 0.5959
vn 0.5150 0.5472 0.6598
vn 0.6200 0.4736 0.6256
vn 0.3665 0.5670 0.7377
vn 0.6071 0.5171 0.6034
vn 0.8910 0.3064 0.3350
vn 0.8772 0.2679 0.3984
vn 0.7659 0.4296 0.4783
vn 0.8690 0.2948 0.3973
vn 0.7868 0.4017 0.4685
vn -0.6986 -0.4408 -0.5636
vn -0.7409 -0.4306 -0.5154
vn 0.2330 0.7086 0.6660
vn 0.3353 0.6836 0.6483
vn 0.9241 0.2172 0.3144
vn 0.9484 0.1952 0.2500
vn 0.8316 0.3803 0.4047
vn 0.6890 0.5503 0.4716
vn 0.8061 0.4117 0.4251
vn 0.7999 0.4526 0.3942
vn -0.6752 -0.5128 -0.5303
vn -0.6663 -0.5119 -0.5422
vn -0.6844 -0.5674 -0.4579
vn -0.7254 -0.5486 -0.4157
vn 0.7739 0.4881 0.4036
vn 0.6668 0.5629 0.4883
vn 0.6779 0.5786 0.4534
vn -0.7082 -0.5401 -0.4547
vn -0.7229 -0.5663 -0.3958
vn 0.7083 0.5426 0.4515
vn 0.7577 0.4627 0.4602
vn 0.6790 0.5405 0.4967
vn 0.8975 0.3459 0.2736
vn 0.8210 0.4424 0.3609
vn 0.3173 0.7722 0.5505
vn 0.3683 0.7738 0.5153
vn 0.2084 0.8828 0.4209
vn 0.8557 0.4421 0.2689
vn 0.9768 0.2042 0.0650
vn 0.7746 0.6026 0.1923
vn 0.8924 0.4405 -0.0984
vn 0.5453 0.8364 -0.0557
vn 0.5225 0.7432 0.4179
vn 0.4322 0.8880 0.1572
vn 0.2038 0.9790 0.0089
vn 0.0562 0.8863 0.4597
vn 0.1718 0.9435 0.2835
vn -0.0742 0.8685 0.4902
vn -0.1685 0.9202 0.3533
vn 0.0260 0.9450 0.3260
vn 0.3914 0.9113 0.1279
vn 0.9468 0.3096 -0.0883
vn 0.7452 0.6556 0.1219
vn 0.5653 0.8097 -0.1574
vn 0.2941 0.9267 -0.2339
vn 0.6908 0.6953 -0.1981
vn 0.2815 0.9114 -0.3002
vn 0.3908 0.8889 -0.2390
vn 0.1979 0.9562 -0.2158
vn 0.2035 0.8903 -0.4074
vn -0.7932 -0.5177 -0.3206
vn -0.7298 -0.5654 -0.3843
vn -0.6134 -0.6107 -0.5008
vn -0.7690 -0.1762 -0.6145
vn -0.2997 -0.6416 -0.7060
vn -0.1418 -0.5422 -0.8282
vn -0.2487 -0.5411 -0.8034
vn -0.6859 -0.4863 -0.5414
vn -0.6216 -0.1541 -0.7680
vn -0.3967 0.4425 -0.8042
vn -0.2897 -0.1358 -0.9474
vn -0.0167 0.7874 -0.6162
vn 0.0212 0.8752 -0.4833
vn -0.2932 0.6156 -0.7314
vn -0.4812 -0.5952 -0.6436
vn -0.5299 -0.2367 -0.8144
vn -0.3636 0.4953 -0.7890
vn -0.6152 -0.4968 -0.6121
vn -0.7478 0.0615 -0.6611
vn -0.9551 -0.2359 -0.1793
vn -0.2362 0.5252 -0.8175
vn -0.2637 -0.2725 -0.9253
vn -0.2221 0.2651 -0.9383
vn 0.1530 -0.2225 0.9629
vn -0.0433 -0.1896 0.9809
vn -0.0094 -0.2356 0.9718
vn 0.4488 -0.2784 0.8492
vn 0.3539 -0.2692 0.8957
vn 0.7148 -0.2427 0.6558
vn 0.2267 -0.2093 0.9512
vn 0.4126 -0.0014 0.9109
vn 0.1437 -0.1348 0.9804
vn 0.5318 -0.2105 0.8203
vn 0.7379 -0.1424 0.6597
vn 0.3675 0.1299 0.9209
vn 0.2599 -0.0654 0.9634
vn 0.6006 0.0450 0.7983
vn 0.5004 0.2098 0.8400
vn 0.5293 0.1755 0.8301
vn 0.7428 0.1143 0.6597
vn 0.5477 -0.3448 0.7623
vn 0.4870 -0.4915 0.7219
vn 0.0500 -0.2742 0.9604
vn 0.4028 -0.3963 0.8250
vn 0.7694 -0.4890 0.4110
vn 0.0480 -0.4100 0.9108
vn 0.5683 -0.5966 0.5666
vn 0.3350 -0.2902 0.8964
vn 0.7152 0.0539 0.6968
vn 0.5935 0.0866 0.8002
vn 0.6426 0.0652 0.7634
vn 0.6689 0.0949 0.7373
vn 0.6166 0.0600 0.7850
vn 0.7939 0.0753 0.6034
vn 0.5465 0.1861 0.8165
vn 0.4743 0.2110 0.8547
vn 0.7499 0.1686 0.6398
vn 0.6392 0.1494 0.7544
vn 0.7377 0.2225 0.6374
vn 0.6347 0.2150 0.7423
vn 0.7174 -0.5063 0.4785
vn 0.5137 -0.4715 0.7168
vn 0.2266 -0.6429 0.7316
vn 0.3751 -0.7192 0.5849
vn -0.3292 -0.9410 -0.0781
vn 0.2073 -0.8018 0.5605
vn 0.7052 -0.5596 0.4354
vn -0.5829 0.0699 -0.8095
vn -0.7225 0.2556 -0.6424
vn -0.6116 0.3038 -0.7306
vn -0.8570 -0.0688 -0.5106
vn -0.8500 -0.0900 -0.5190
vn -0.4830 -0.0325 -0.8750
vn -0.6854 0.0010 -0.7282
vn -0.7656 0.0229 -0.6429
vn -0.7914 -0.0612 -0.6083
vn -0.2295 -0.0943 -0.9687
vn -0.5548 -0.1035 -0.8256
vn -0.8727 -0.1160 -0.4742
vn 0.5245 0.3286 0.7855
vn 0.8309 0.1805 0.5262
vn -0.1153 -0.7445 0.6576
vn -0.0446 -0.6333 0.7726
vn 0.4600 -0.7321 0.5024
vn -0.7432 -0.5942 -0.3074
vn -0.4096 -0.8786 0.2455
vn -0.6623 0.0309 -0.7486
vn -0.4790 0.2114 -0.8520
vn -0.1455 -0.9125 0.3823
vn -0.6657 0.0634 -0.7435
vn -0.7261 0.0908 -0.6816
vn -0.5537 0.1465 -0.8197
vn -0.8771 0.1477 -0.4570
vn -0.6306 0.0830 -0.7716
vn -0.0497 0.2311 -0.9717
vn -0.0671 0.1771 -0.9819
vn -0.1196 0.1011 -0.9877
vn 0.3134 0.1050 -0.9438
vn -0.9688 0.1387 -0.2054
vn -0.0353 0.0717 -0.9968
vn -0.1439 0.0904 -0.9855
vn -0.7223 0.1809 -0.6675
vn 0.5801 0.4063 0.7060
vn 0.9117 0.1252 0.3913
vn 0.8310 0.2272 0.5077
vn -0.2671 -0.9374 -0.2236
vn -0.0816 -0.1418 -0.9865
vn 0.4349 -0.7608 -0.4817
vn -0.3283 0.3195 -0.8889
vn 0.0897 -0.9896 -0.1122
vn -0.3689 -0.6746 0.6394
vn -0.4305 0.3290 -0.8405
vn 0.1578 -0.1971 0.9676
vn -0.5376 0.8275 -0.1620
vn -0.1843 -0.0480 -0.9817
vn -0.2078 -0.7857 0.5826
vn 0.1419 -0.9177 0.3710
vn -0.6136 0.2650 -0.7438
vn -0.4689 -0.0220 -0.8830
vn -0.8023 0.0005 -0.5969
vn -0.8191 0.1253 -0.5598
vn -0.7279 -0.0272 -0.6852
vn -0.7418 -0.0124 -0.6705
vn -0.8504 -0.1737 -0.4965
vn 0.8564 0.2730 0.4381
vn 0.6361 0.3949 0.6629
vn 0.7382 0.3364 0.5847
vn -0.7847 -0.2454 -0.5692
vn -0.8751 -0.1965 -0.4422
vn 0.4642 0.5313 0.7087
vn -0.7833 -0.3286 -0.5277
vn -0.6665 -0.3382 -0.6644
vn -0.8376 -0.2450 -0.4883
vn -0.8784 -0.2350 -0.4161
vn -0.9233 -0.2304 -0.3074
vn -0.6160 -0.3879 -0.6857
vn -0.5596 -0.4242 -0.7120
vn -0.6610 -0.4057 -0.6312
vn 0.7626 0.3700 0.5305
vn 0.6012 0.5515 0.5783
vn -0.8598 -0.3370 -0.3835
vn 0.4511 0.6434 0.6185
vn 0.4689 0.6456 0.6027
vn 0.5189 0.6296 0.5782
vn 0.2772 0.6857 0.6730
vn 0.4928 0.6761 0.5478
vn 0.5677 0.6211 0.5403
vn 0.2609 0.7659 0.5877
vn 0.7607 0.5478 0.3482
vn 0.2687 0.7174 0.6428
vn 0.5851 0.6427 0.4945
vn -0.5100 -0.4119 -0.7552
vn 0.8139 0.5225 0.2542
vn 0.6929 0.7209 -0.0118
vn 0.4982 0.7957 0.3445
vn -0.2769 0.7918 0.5444
vn -0.0196 0.9178 0.3964
vn 0.0731 0.9924 0.0988
vn 0.3319 0.8664 0.3730
vn 0.7825 0.6068 0.1394
vn 0.4696 0.8431 0.2619
vn 0.7637 0.6453 -0.0186
vn 0.9205 0.3739 -0.1139
vn 0.4820 0.8445 0.2334
vn 0.5202 0.8540 0.0041
vn 0.4176 0.8932 -0.1666
vn -0.4915 -0.6141 -0.6175
vn -0.8097 -0.4572 -0.3679
vn 0.1648 0.9285 0.3328
vn 0.1467 0.9730 0.1780
vn 0.2988 0.9441 0.1392
vn 0.1892 0.9637 -0.1886
vn 0.1668 0.9470 -0.2744
vn -0.6770 -0.5732 -0.4616
vn -0.6859 -0.3761 -0.6229
vn -0.8735 -0.4527 -0.1790
vn -0.9191 -0.2721 -0.2850
vn -0.9126 -0.3044 -0.2728
vn -0.9568 -0.1395 -0.2552
vn -0.8078 0.1023 -0.5805
vn -0.4656 -0.5412 -0.7002
vn -0.2936 0.6084 -0.7374
vn -0.6781 0.1640 -0.7165
vn -0.5172 0.1071 -0.8492
vn -0.6151 0.0598 -0.7862
vn 0.8098 -0.2318 0.5389
vn 0.5110 -0.1992 0.8362
vn 0.4003 -0.2751 0.8741
vn 0.5878 -0.0712 0.8059
vn 0.6975 0.0634 0.7138
vn 0.6869 0.0900 0.7211
vn 0.8928 -0.3001 0.3360
vn 0.8352 -0.3153 0.4505
vn 0.7680 -0.5125 0.3840
vn 0.0659 -0.4514 0.8899
vn 0.8894 -0.2474 0.3843
vn 0.6487 -0.3827 0.6578
vn 0.6709 0.0711 0.7381
vn 0.7697 -0.0182 0.6381
vn 0.5462 0.0987 0.8318
vn 0.4984 0.0773 0.8635
vn 0.3313 0.1236 0.9354
vn 0.2509 0.1292 0.9594
vn 0.3889 0.1142 0.9142
vn 0.5743 0.0415 0.8176
vn 0.6482 0.0833 0.7569
vn 0.5589 0.1708 0.8114
vn 0.5621 0.0831 0.8229
vn 0.6383 0.1435 0.7563
vn 0.6600 0.1463 0.7369
vn 0.7986 -0.5059 0.3262
vn 0.3887 -0.6927 0.6075
vn 0.2608 -0.6684 0.6965
vn 0.2790 -0.6603 0.6973
vn 0.0890 -0.3440 0.9347
vn 0.0743 -0.3170 0.9455
vn -0.2633 -0.2252 0.9381
vn -0.1721 -0.3078 0.9358
vn 0.2682 -0.3845 0.8833
vn -0.5491 0.1818 -0.8157
vn -0.7598 0.2036 -0.6174
vn -0.6771 0.0627 -0.7332
vn 0.4828 0.2127 0.8495
vn 0.6442 0.1366 0.7526
vn 0.5582 0.2760 0.7825
vn 0.6546 0.2132 0.7252
vn 0.6009 0.3266 0.7296
vn 0.0179 -0.8565 0.5158
vn -0.2532 -0.9060 0.3392
vn -0.5136 0.1173 -0.8500
vn -0.6764 0.0899 -0.7310
vn -0.5875 0.2083 -0.7820
vn -0.4531 0.1659 -0.8759
vn -0.3884 0.0080 -0.9215
vn -0.1235 0.2774 -0.9528
vn -0.5079 0.4139 -0.7555
vn -0.4265 0.3126 -0.8488
vn -0.2957 0.0893 -0.9511
vn -0.7082 0.1672 -0.6860
vn -0.3399 0.1585 -0.9270
vn -0.9082 0.2384 -0.3440
vn -0.3446 0.1704 -0.9232
vn -0.8338 0.1769 -0.5230
vn -0.5633 -0.0258 -0.8259
vn -0.2481 -0.0926 -0.9643
vn -0.2214 -0.1477 -0.9639
vn -0.5438 -0.1020 -0.8330
vn -0.6805 -0.0569 -0.7305
vn -0.6551 -0.0635 -0.7529
vn -0.8563 0.0096 -0.5164
vn -0.4713 -0.0635 -0.8797
vn -0.8405 0.0409 -0.5403
vn -0.2159 -0.0426 -0.9755
vn -0.4477 -0.0996 -0.8886
vn -0.1020 -0.0703 -0.9923
vn -0.0343 -0.0764 -0.9965
vn -0.7917 -0.0203 -0.6105
vn -0.3814 -0.1034 -0.9186
vn -0.9978 0.0661 -0.0099
vn -0.8537 -0.0009 -0.5207
vn -0.9763 0.0519 -0.2100
vn 0.2001 -0.1146 -0.9731
vn 0.1637 -0.0903 -0.9824
vn -0.6971 -0.0483 -0.7153
vn -0.2684 -0.0600 -0.9614
vn -0.5350 -0.0358 -0.8441
vn -0.4927 -0.0090 -0.8701
vn -0.9008 0.0104 -0.4341
vn -0.8009 -0.1163 -0.5874
vn -0.6596 -0.1293 -0.7404
vn -0.2701 -0.2968 -0.9160
vn -0.3364 -0.2156 -0.9167
vn -0.6709 -0.1488 -0.7265
vn 0.5985 0.2924 0.7458
vn 0.7301 0.2688 0.6282
vn -0.5735 -0.4447 -0.6880
vn -0.5873 0.0501 -0.8078
vn -0.8822 -0.3318 -0.3340
vn -0.5877 -0.6161 -0.5244
vn -0.7449 -0.1789 -0.6427
vn -0.4999 -0.3264 -0.8022
vn -0.9348 -0.0549 -0.3510
vn -0.8392 -0.1230 -0.5297
vn -0.5276 -0.3716 -0.7639
vn -0.6379 -0.2091 -0.7412
vn -0.8439 -0.1909 -0.5013
vn 0.3897 0.4698 0.7921
vn -0.7074 -0.2919 -0.6438
vn -0.7631 -0.2863 -0.5795
vn 0.7155 0.4050 0.5692
vn 0.4028 0.5054 0.7631
vn 0.1987 0.5788 0.7909
vn 0.3526 0.5248 0.7748
vn -0.8396 -0.2584 -0.4778
vn -0.9012 -0.2350 -0.3642
vn -0.6775 -0.3473 -0.6484
vn -0.8129 -0.2682 -0.5170
vn -0.7833 -0.3211 -0.5322
vn -0.8790 -0.2669 -0.3951
vn -0.6454 -0.4416 -0.6233
vn -0.7459 -0.3974 -0.5345
vn 0.4817 0.5498 0.6824
vn 0.6334 0.4713 0.6137
vn 0.8514 0.2916 0.4359
vn 0.6645 0.4784 0.5741
vn 0.4978 0.5812 0.6438
vn 0.2883 0.6158 0.7333
vn -0.3028 -0.4786 -0.8242
vn -0.5012 -0.4896 -0.7135
vn -0.6464 -0.4584 -0.6100
vn 0.4600 0.5880 0.6654
vn -0.5768 -0.4684 -0.6693
vn -0.2637 -0.4953 -0.8277
vn 0.4948 0.6001 0.6285
vn 0.7132 0.4656 0.5240
vn -0.5257 -0.4879 -0.6969
vn -0.4545 -0.5113 -0.7294
vn -0.2622 -0.5244 -0.8101
vn -0.5615 -0.4955 -0.6627
vn -0.5189 -0.4862 -0.7031
vn 0.4496 0.6585 0.6035
vn -0.2455 -0.5243 -0.8154
vn -0.6469 -0.4956 -0.5796
vn 0.7231 0.5065 0.4696
vn -0.7642 -0.4639 -0.4481
vn -0.6376 -0.5752 -0.5125
vn 0.7322 0.4352 0.5239
vn 0.7125 0.5043 0.4879
vn -0.6611 -0.5832 -0.4721
vn 0.8813 0.3277 0.3404
vn -0.6676 -0.5764 -0.4714
vn 0.8951 0.3863 0.2229
vn 0.6499 0.5545 0.5197
vn 0.7773 0.4981 0.3843
vn 0.5860 0.6653 0.4626
vn 0.9265 0.3576 0.1172
vn 0.8196 0.5006 0.2785
vn 0.4621 0.6789 0.5706
vn 0.5571 0.7643 0.3248
vn 0.5070 0.7704 0.3866
vn -0.6656 -0.5686 -0.4834
vn -0.6897 -0.5890 -0.4211
vn -0.0597 0.8069 0.5877
vn -0.3937 0.6524 0.6476
vn -0.1340 0.8628 0.4875
vn 0.7468 0.6277 0.2196
vn 0.9698 0.2425 -0.0271
vn 0.2500 0.8542 0.4559
vn 0.4788 0.7980 0.3660
vn -0.7178 -0.5786 -0.3874
vn -0.5228 -0.6519 -0.5493
vn -0.7425 0.5512 0.3805
vn -0.1436 0.9891 0.0324
vn -0.0813 0.9275 0.3650
vn -0.0166 0.9797 0.1999
vn -0.7186 0.6410 0.2696
vn 0.6571 0.7534 -0.0265
vn 0.6024 0.7971 -0.0410
vn -0.2688 0.8617 0.4305
vn 0.0601 0.9894 0.1325
vn 0.3021 0.9232 -0.2375
vn -0.0193 0.9210 -0.3892
vn -0.8407 -0.5288 -0.1163
vn -0.3604 -0.8426 -0.4001
vn -0.7471 -0.6632 -0.0434
vn -0.3711 -0.7274 -0.5772
vn -0.3271 -0.8212 -0.4675
vn -0.5474 -0.6083 -0.5748
vn -0.8745 -0.4284 -0.2275
vn 0.1977 0.9752 -0.0998
vn 0.0491 0.9946 -0.0912
vn -0.5797 0.7764 0.2473
vn 0.5006 0.8331 0.2353
vn 0.3602 0.9262 -0.1117
vn 0.1439 0.9754 -0.1673
vn -0.6524 -0.6408 -0.4047
vn -0.7532 -0.6339 -0.1755
vn -0.5854 0.2882 -0.7578
vn -0.7804 -0.2013 -0.5920
vn -0.5327 -0.7546 -0.3830
vn 0.5328 -0.1289 0.8364
vn 0.6140 -0.0976 0.7832
vn 0.6586 0.0852 0.7477
vn 0.6846 0.0673 0.7258
vn 0.5428 0.1449 0.8272
vn 0.5536 -0.3839 0.7391
vn 0.2711 -0.4157 0.8682
vn 0.6311 -0.3436 0.6954
vn 0.2344 -0.5861 0.7756
vn 0.5859 -0.4110 0.6984
vn 0.2021 -0.2620 0.9437
vn -0.1623 -0.2638 0.9508
vn -0.2568 -0.3168 0.9131
vn 0.4990 -0.2096 0.8408
vn 0.6079 -0.2480 0.7543
vn 0.5631 -0.3246 0.7600
vn 0.4713 0.1521 0.8687
vn 0.6080 0.0718 0.7907
vn 0.6932 0.0439 0.7194
vn 0.6459 0.0071 0.7634
vn 0.8719 -0.0078 0.4896
vn 0.7655 -0.0259 0.6430
vn 0.7552 -0.0340 0.6546
vn 0.6212 0.0113 0.7836
vn 0.6209 0.0253 0.7835
vn 0.5096 0.0372 0.8596
vn 0.4284 0.0890 0.8992
vn 0.6741 0.0337 0.7378
vn 0.7417 -0.0091 0.6707
vn 0.7698 -0.0052 0.6383
vn 0.8041 0.0433 0.5930
vn 0.5807 0.0967 0.8083
vn 0.7876 0.0825 0.6106
vn 0.4605 0.1756 0.8701
vn 0.6588 0.1751 0.7317
vn 0.2442 -0.5816 0.7760
vn 0.2562 -0.7522 0.6071
vn -0.4150 -0.3818 0.8258
vn -0.1064 -0.4468 0.8883
vn -0.5902 0.2492 -0.7678
vn -0.6177 0.2996 -0.7272
vn -0.7990 0.1842 -0.5724
vn -0.8296 0.0325 -0.5573
vn 0.6264 0.0165 0.7793
vn 0.3528 0.1841 0.9174
vn 0.5607 0.1063 0.8211
vn 0.8076 0.1184 0.5777
vn 0.8592 0.1403 0.4920
vn 0.7995 0.1635 0.5780
vn 0.4516 0.2508 0.8562
vn 0.6229 0.2847 0.7287
vn 0.4534 0.3345 0.8262
vn -0.1455 -0.9619 0.2315
vn 0.2842 -0.9024 0.3240
vn 0.1651 -0.9145 0.3695
vn -0.6148 0.3351 -0.7139
vn -0.1445 0.2793 -0.9493
vn -0.5774 0.3355 -0.7443
vn -0.4214 0.1869 -0.8874
vn -0.5444 0.2535 -0.7996
vn 0.1412 0.2704 -0.9523
vn -0.4836 0.2127 -0.8491
vn -0.1261 0.3203 -0.9389
vn -0.7526 -0.0979 -0.6512
vn -0.7839 -0.0999 -0.6128
vn -0.7699 -0.0806 -0.6331
vn -0.6340 -0.0584 -0.7711
vn -0.6056 -0.0430 -0.7946
vn -0.7673 -0.0263 -0.6408
vn -0.5829 0.0297 -0.8120
vn -0.3301 -0.0207 -0.9437
vn -0.6380 0.0981 -0.7638
vn -0.8112 0.0417 -0.5833
vn -0.3832 -0.0671 -0.9212
vn -0.8006 0.1146 -0.5882
vn -0.3899 0.0215 -0.9206
vn -0.0119 -0.0254 -0.9996
vn -0.2926 -0.1854 -0.9381
vn -0.8255 0.0291 -0.5636
vn -0.2077 -0.1396 -0.9682
vn -0.0419 -0.1571 -0.9867
vn -0.5406 -0.0760 -0.8378
vn 0.7963 0.2152 0.5654
vn 0.6631 0.3572 0.6578
vn 0.4507 0.4038 0.7961
vn 0.3714 0.4409 0.8171
vn 0.4092 0.4277 0.8060
vn -0.6413 -0.7643 -0.0679
vn -0.7535 -0.6414 0.1442
vn -0.2987 -0.9538 0.0338
vn -0.9250 -0.0187 -0.3795
vn -0.5836 -0.4320 -0.6876
vn -0.3203 -0.8665 -0.3828
vn -0.0399 -0.1462 -0.9885
vn -0.2268 0.1391 -0.9640
vn -0.3619 0.1787 -0.9149
vn -0.9461 0.1207 -0.3004
vn -0.6601 -0.0196 -0.7509
vn -0.6064 -0.0716 -0.7919
vn -0.2934 -0.2372 -0.9261
vn -0.6001 -0.1554 -0.7847
vn -0.6097 -0.1851 -0.7707
vn 0.9702 0.0558 0.2356
vn 0.7422 0.3251 0.5860
vn 0.7272 0.3780 0.5730
vn 0.5568 0.3499 0.7534
vn 0.7057 0.3952 0.5880
vn -0.7842 -0.2376 -0.5732
vn 0.8736 0.2514 0.4166
vn 0.5860 0.4064 0.7010
vn -0.7203 -0.3286 -0.6109
vn -0.4585 -0.4011 -0.7930
vn -0.6090 -0.4227 -0.6712
vn -0.6052 -0.4104 -0.6821
vn 0.6016 0.5409 0.5878
vn 0.4947 0.5371 0.6832
vn -0.8440 -0.2723 -0.4620
vn -0.7786 -0.3648 -0.5106
vn -0.4986 -0.5058 -0.7039
vn -0.9126 -0.2843 -0.2937
vn -0.5519 -0.4741 -0.6860
vn -0.8445 -0.3655 -0.3916
vn -0.3771 -0.4447 -0.8124
vn -0.9203 -0.2737 -0.2795
vn -0.6352 -0.4834 -0.6024
vn 0.3884 0.6501 0.6532
vn 0.4416 0.6428 0.6259
vn -0.3667 -0.5372 -0.7596
vn 0.5719 0.5597 0.5997
vn 0.4927 0.6088 0.6218
vn -0.6628 -0.4820 -0.5730
vn -0.5994 -0.4718 -0.6466
vn -0.7215 -0.4512 -0.5252
vn 0.5206 0.6187 0.5883
vn 0.5420 0.5904 0.5981
vn 0.4929 0.6487 0.5798
vn -0.4206 -0.6661 -0.6160
vn -0.7225 -0.5553 -0.4119
vn -0.8246 -0.4567 -0.3338
vn -0.2076 -0.6490 -0.7320
vn -0.5402 -0.6034 -0.5866
vn -0.8222 -0.4459 -0.3538
vn -0.8690 -0.4150 -0.2694
vn -0.1715 -0.6637 -0.7281
vn -0.5802 -0.6170 -0.5317
vn -0.7397 -0.5290 -0.4159
vn -0.4431 -0.6639 -0.6024
vn 0.5406 0.6199 0.5687
vn 0.6666 0.5442 0.5094
vn 0.6324 0.6385 0.4386
vn -0.5737 -0.5126 -0.6389
vn 0.4809 0.8767 -0.0073
vn -0.5916 -0.5362 -0.6021
vn 0.2271 0.9031 0.3644
vn 0.6595 0.7447 0.1025
vn 0.1290 0.9851 -0.1136
vn 0.2278 0.9579 -0.1747
vn 0.0162 0.9762 -0.2162
vn -0.1288 0.8964 -0.4242
vn -0.7811 -0.5277 -0.3338
vn -0.5876 -0.4570 -0.6677
vn -0.1367 0.8388 -0.5270
vn -0.3558 0.6877 -0.6328
vn -0.6587 0.0694 -0.7492
vn -0.6786 0.2448 -0.6925
vn 0.2994 -0.4731 0.8286
vn 0.6368 -0.4165 0.6489
vn 0.3342 -0.3956 0.8555
vn 0.0988 -0.3901 0.9155
vn 0.3124 -0.4758 0.8222
vn 0.5355 -0.2190 0.8157
vn 0.1138 -0.2380 0.9646
vn 0.2578 -0.0993 0.9611
vn 0.5500 -0.0106 0.8351
vn 0.6139 0.0980 0.7833
vn 0.3905 0.0757 0.9175
vn 0.1391 -0.0981 0.9854
vn 0.3014 0.1797 0.9364
vn 0.3238 0.1636 0.9319
vn 0.6967 0.0093 0.7173
vn 0.6861 0.0502 0.7258
vn 0.5119 0.1154 0.8513
vn 0.5308 0.1505 0.8340
vn 0.6936 0.0380 0.7194
vn 0.6215 0.0598 0.7811
vn 0.5842 -0.0130 0.8115
vn 0.5557 0.0209 0.8311
vn 0.5081 0.1851 0.8412
vn 0.5480 0.1481 0.8233
vn 0.6569 0.2153 0.7226
vn 0.2900 -0.5087 0.8106
vn 0.2005 -0.6477 0.7350
vn 0.2630 -0.5728 0.7764
vn 0.0291 -0.6843 0.7286
vn 0.4348 -0.5969 0.6743
vn 0.7302 0.0036 0.6832
vn 0.4004 0.0584 0.9145
vn 0.7055 0.0172 0.7085
vn 0.6675 -0.0099 0.7445
vn 0.6656 0.2153 0.7146
vn 0.3637 0.3066 0.8796
vn 0.0867 -0.7438 0.6628
vn 0.1538 -0.6914 0.7059
vn -0.1056 -0.9797 0.1705
vn 0.2105 -0.7808 0.5882
vn 0.0757 -0.9258 0.3703
vn 0.0835 -0.9337 0.3482
vn -0.7947 -0.0203 -0.6066
vn -0.7478 -0.0608 -0.6611
vn -0.7325 -0.0954 -0.6741
vn -0.5163 -0.0622 -0.8541
vn -0.6819 -0.0270 -0.7309
vn -0.6024 -0.0341 -0.7975
vn -0.7788 -0.0519 -0.6251
vn 0.6861 0.2935 0.6656
vn 0.7293 0.2727 0.6275
vn 0.4868 0.3537 0.7987
vn -0.1256 -0.9791 0.1599
vn -0.5018 -0.6991 -0.5093
vn -0.4295 -0.8486 -0.3088
vn -0.3688 0.3356 -0.8668
vn -0.5280 0.4225 -0.7367
vn -0.4034 0.3442 -0.8478
vn -0.3944 0.3901 -0.8320
vn -0.4826 0.4059 -0.7761
vn -0.6167 -0.0212 -0.7869
vn -0.5990 -0.0130 -0.8006
vn -0.2969 -0.0699 -0.9523
vn -0.5569 -0.1106 -0.8232
vn -0.6350 -0.1880 -0.7493
vn -0.5200 -0.2117 -0.8275
vn 0.7038 0.3584 0.6134
vn 0.5117 0.4632 0.7236
vn -0.4160 0.0522 -0.9078
vn -0.1795 -0.2813 -0.9427
vn -0.6445 -0.1304 -0.7534
vn 0.8634 0.3133 0.3955
vn 0.8281 0.3212 0.4594
vn 0.6871 0.4062 0.6024
vn 0.5483 0.4876 0.6794
vn 0.6420 0.3504 0.6820
vn -0.6405 -0.4153 -0.6460
vn -0.5400 -0.4134 -0.7331
vn -0.7357 -0.4000 -0.5466
vn -0.8708 -0.2924 -0.3953
vn 0.6708 0.4745 0.5700
vn 0.6494 0.5135 0.5610
vn -0.7493 -0.3582 -0.5570
vn -0.6391 -0.4623 -0.6146
vn -0.9359 -0.2370 -0.2607
vn -0.7930 -0.3869 -0.4706
vn -0.8395 -0.3359 -0.4270
vn -0.4844 -0.5179 -0.7051
vn 0.6383 0.4936 0.5906
vn -0.9706 -0.1671 -0.1730
vn -0.5495 -0.5759 -0.6053
vn -0.5908 -0.5252 -0.6124
vn -0.8331 -0.3521 -0.4267
vn 0.3501 0.6522 0.6724
vn 0.5779 0.5706 0.5836
vn -0.8062 -0.3929 -0.4423
vn -0.7546 -0.4635 -0.4644
vn -0.2176 -0.6731 -0.7068
vn 0.0404 -0.6793 -0.7327
vn 0.0549 -0.7093 -0.7028
vn 0.7290 0.4718 0.4959
vn 0.6028 0.5962 0.5302
vn -0.8153 -0.4867 -0.3136
vn -0.6359 -0.5951 -0.4914
vn -0.3909 -0.6834 -0.6166
vn -0.2930 -0.6764 -0.6758
vn 0.4947 0.7160 0.4925
vn -0.6587 -0.5794 -0.4800
vn -0.7277 -0.5480 -0.4125
vn -0.8206 -0.4851 -0.3023
vn -0.6490 -0.5604 -0.5145
vn -0.6272 -0.5934 -0.5046
vn -0.9016 -0.3887 -0.1898
vn -0.8488 -0.4544 -0.2704
vn -0.8711 -0.4517 -0.1926
vn -0.7750 -0.3881 -0.4987
vn 0.0699 0.8084 0.5844
vn 0.3759 0.8173 0.4368
vn -0.4397 -0.5697 -0.6943
vn -0.3349 -0.6859 -0.6461
vn -0.3557 -0.5726 -0.7386
vn 0.3439 0.9129 0.2200
vn -0.0690 0.9316 -0.3569
vn -0.3162 0.7620 -0.5651
vn -0.4754 0.5703 -0.6698
vn -0.8224 -0.2646 -0.5036
vn -0.7835 -0.0509 -0.6193
vn -0.5555 0.1676 -0.8145
vn 0.4158 -0.2844 0.8639
vn 0.4598 -0.2898 0.8394
vn 0.6397 -0.3737 0.6716
vn 0.7905 -0.2198 0.5717
vn 0.6025 -0.1599 0.7819
vn 0.4568 -0.1513 0.8766
vn 0.5957 -0.1380 0.7913
vn 0.4446 -0.3022 0.8432
vn 0.7982 -0.1076 0.5927
vn 0.9080 -0.1460 0.3927
vn 0.7803 -0.1001 0.6173
vn 0.4682 -0.0179 0.8834
vn 0.6495 -0.0107 0.7603
vn 0.1184 0.0111 0.9929
vn 0.3880 0.0109 0.9216
vn 0.7850 0.0394 0.6183
vn 0.4487 0.0625 0.8915
vn 0.7370 0.0707 0.6722
vn 0.2841 -0.0308 0.9583
vn 0.5043 0.0921 0.8586
vn 0.7080 0.0139 0.7061
vn 0.6186 0.0703 0.7825
vn 0.6416 0.0680 0.7640
vn 0.4781 0.0819 0.8745
vn 0.6258 0.0133 0.7799
vn 0.6580 -0.0158 0.7528
vn 0.4878 0.0394 0.8721
vn 0.4712 -0.5309 0.7043
vn 0.6382 -0.3631 0.6789
vn 0.4493 -0.4661 0.7622
vn 0.5163 -0.5516 0.6551
vn -0.8198 0.0297 -0.5718
vn -0.3290 -0.0145 -0.9442
vn -0.6176 -0.0808 -0.7823
vn -0.8920 -0.0815 -0.4446
vn -0.8359 -0.0738 -0.5440
vn 0.6699 -0.0218 0.7422
vn 0.5245 0.1093 0.8444
vn 0.5747 0.0955 0.8127
vn 0.6500 -0.0076 0.7599
vn 0.2943 0.2296 0.9277
vn 0.8195 0.0383 0.5718
vn 0.6506 0.0075 0.7594
vn 0.6571 0.0783 0.7497
vn 0.2884 0.2611 0.9212
vn 0.8027 0.1135 0.5855
vn 0.6049 0.1197 0.7872
vn 0.8751 0.1291 0.4664
vn 0.9620 0.0201 0.2722
vn 0.9203 0.1345 0.3674
vn 0.7035 0.1872 0.6855
vn 0.7151 0.2005 0.6696
vn 0.4804 -0.6218 0.6186
vn 0.4677 -0.6805 0.5640
vn 0.6616 -0.6148 0.4293
vn 0.0889 -0.6596 0.7464
vn 0.1088 -0.7295 0.6753
vn 0.1560 -0.8410 0.5180
vn 0.5837 -0.6460 0.4919
vn -0.5539 0.4182 -0.7199
vn -0.8722 -0.1304 -0.4715
vn -0.7512 -0.1230 -0.6485
vn -0.6257 -0.1977 -0.7546
vn -0.6496 -0.1236 -0.7501
vn -0.5756 -0.0342 -0.8170
vn -0.5449 -0.2280 -0.8069
vn 0.6036 0.2093 0.7694
vn 0.6336 0.2774 0.7222
vn 0.4040 0.3739 0.8349
vn 0.7466 0.2532 0.6152
vn 0.4050 0.3274 0.8537
vn 0.8375 0.1694 0.5195
vn 0.4807 0.3710 0.7945
vn 0.2058 -0.8866 0.4142
vn -0.2023 -0.9789 -0.0290
vn -0.0428 -0.9639 0.2629
vn -0.3938 -0.1329 -0.9095
vn -0.6184 -0.0086 -0.7858
vn -0.8084 0.0227 -0.5882
vn -0.6567 -0.0156 -0.7540
vn -0.5608 -0.0578 -0.8259
vn -0.5769 -0.0552 -0.8149
vn -0.4177 -0.1112 -0.9017
vn -0.4702 -0.1283 -0.8732
vn -0.5942 -0.0732 -0.8010
vn -0.4972 -0.0662 -0.8651
vn -0.6235 -0.2301 -0.7472
vn 0.2530 0.4915 0.8333
vn -0.5151 -0.2470 -0.8208
vn -0.4718 -0.0610 -0.8796
vn -0.5004 -0.6336 -0.5901
vn -0.4458 0.2090 -0.8704
vn -0.5536 0.3204 -0.7687
vn 0.5501 0.4677 0.6918
vn 0.4702 0.5032 0.7250
vn 0.6124 0.4746 0.6322
vn 0.6730 0.4525 0.5851
vn -0.5729 -0.4261 -0.7001
vn -0.4353 -0.4747 -0.7649
vn 0.4906 0.5902 0.6411
vn 0.5820 0.5488 0.6001
vn 0.5850 0.5216 0.6210
vn 0.5367 0.5238 0.6615
vn 0.6320 0.4730 0.6139
vn -0.5703 -0.4750 -0.6702
vn -0.3737 -0.5114 -0.7738
vn -0.4944 -0.5018 -0.7098
vn -0.5758 -0.5200 -0.6309
vn -0.6454 -0.4852 -0.5899
vn -0.5456 -0.5850 -0.6000
vn 0.7568 0.4254 0.4962
vn 0.7857 0.4233 0.4511
vn 0.5509 0.5548 0.6235
vn 0.6472 0.5094 0.5672
vn -0.4813 -0.6604 -0.5764
vn -0.3247 -0.6658 -0.6718
vn -0.5397 -0.6177 -0.5720
vn -0.5515 -0.6270 -0.5501
vn -0.6180 -0.5861 -0.5240
vn -0.6396 -0.5941 -0.4878
vn -0.5012 -0.6273 -0.5961
vn 0.4637 0.6546 0.5970
vn 0.6317 0.5814 0.5128
vn 0.6436 0.5761 0.5038
vn 0.0731 -0.6806 -0.7290
vn -0.2334 -0.7037 -0.6710
vn 0.2124 0.7817 0.5864
vn 0.5312 0.7130 0.4576
vn -0.0287 0.8366 0.5470
vn -0.0105 -0.6974 -0.7166
vn 0.6418 0.6093 0.4656
vn 0.8617 0.4040 0.3070
vn 0.8012 0.4966 0.3340
vn 0.2961 0.8594 0.4169
vn -0.1492 0.8320 0.5343
vn -0.0278 -0.7614 -0.6477
vn -0.6263 -0.6508 -0.4292
vn 0.0322 0.8106 0.5847
vn 0.3410 0.8086 0.4794
vn 0.3428 0.7681 0.5409
vn 0.7591 0.5143 0.3990
vn 0.6582 0.6801 0.3228
vn 0.8448 0.4698 0.2563
vn 0.5364 0.7782 0.3265
vn 0.7383 0.5284 0.4191
vn 0.3057 0.9009 0.3081
vn -0.1361 0.9435 0.3023
vn -0.5064 -0.6997 -0.5039
vn -0.5028 -0.6728 -0.5427
vn -0.2665 -0.7506 -0.6047
vn -0.1559 -0.7327 -0.6625
vn -0.4845 -0.6664 -0.5668
vn 0.2202 0.9748 0.0369
vn 0.0104 0.9991 -0.0401
vn -0.2120 0.8537 -0.4757
vn -0.3648 0.7129 -0.5989
vn -0.6095 0.2146 -0.7632
vn -0.5248 0.4751 -0.7063
vn -0.7387 -0.3091 -0.5989
vn -0.4755 -0.5245 -0.7062
vn -0.5193 0.4566 -0.7224
vn -0.2391 -0.7284 -0.6421
vn -0.5705 -0.2915 -0.7678
vn -0.3873 -0.6514 -0.6524
vn -0.5573 -0.0921 -0.8252
vn 0.4249 -0.0854 0.9012
vn 0.1607 -0.2084 0.9648
vn 0.3638 -0.2017 0.9094
vn 0.4606 -0.2457 0.8529
vn 0.0981 0.0386 0.9944
vn 0.6300 0.0639 0.7740
vn -0.0891 -0.0318 0.9955
vn -0.3151 0.1347 0.9395
vn 0.2885 0.0788 0.9542
vn 0.3435 0.1353 0.9294
vn -0.1799 0.1367 0.9741
vn 0.1299 0.1034 0.9861
vn 0.6490 0.0114 0.7607
vn 0.3234 0.1221 0.9384
vn 0.5791 0.0345 0.8145
vn 0.5189 0.1122 0.8475
vn 0.8266 0.0486 0.5607
vn 0.5953 0.0755 0.7999
vn 0.3154 -0.3156 0.8950
vn 0.4418 0.0546 0.8955
vn 0.3495 0.0445 0.9359
vn 0.5587 0.0618 0.8271
vn 0.6359 -0.0225 0.7715
vn 0.6100 0.1455 0.7789
vn 0.3095 -0.6184 0.7224
vn 0.2433 -0.5716 0.7836
vn -0.4594 0.3933 -0.7964
vn -0.7023 0.1741 -0.6903
vn -0.6922 0.2821 -0.6643
vn -0.5383 0.1859 -0.8220
vn -0.5680 0.5062 -0.6490
vn -0.2890 0.1543 -0.9448
vn -0.3672 -0.0555 -0.9285
vn -0.6446 0.0498 -0.7629
vn -0.6520 0.2210 -0.7253
vn -0.6017 -0.1157 -0.7903
vn -0.5114 -0.1780 -0.8407
vn -0.4699 -0.1152 -0.8752
vn 0.4398 -0.6888 0.5764
vn 0.0932 -0.8011 0.5912
vn 0.2064 -0.8851 0.4172
vn 0.0103 -0.9723 0.2334
vn -0.0790 -0.9637 0.2550
vn -0.0737 -0.9225 0.3790
vn -0.2918 -0.9472 -0.1328
vn -0.7045 0.2986 -0.6439
vn -0.7221 -0.1105 -0.6829
vn -0.6650 -0.0562 -0.7448
vn -0.8595 0.0383 -0.5097
vn -0.6215 -0.0687 -0.7804
vn -0.3659 -0.1237 -0.9224
vn -0.3741 -0.0667 -0.9250
vn -0.8898 0.0595 -0.4525
vn -0.2873 -0.1015 -0.9525
vn -0.7976 0.0274 -0.6026
vn -0.5109 -0.0458 -0.8584
vn -0.3092 -0.0148 -0.9509
vn -0.3071 -0.0424 -0.9507
vn -0.5491 -0.0196 -0.8355
vn -0.5311 -0.0152 -0.8472
vn -0.8219 0.0980 -0.5611
vn -0.7654 -0.0368 -0.6425
vn -0.8913 -0.0012 -0.4533
vn -0.2496 -0.0497 -0.9671
vn -0.1130 -0.1444 -0.9830
vn -0.5502 -0.0211 -0.8348
vn -0.6103 -0.1230 -0.7825
vn -0.7929 -0.0250 -0.6088
vn 0.0257 0.5312 0.8468
vn 0.3145 0.4988 0.8077
vn -0.5157 -0.7358 -0.4389
vn -0.5655 -0.1979 -0.8007
vn -0.5128 -0.3252 -0.7945
vn -0.5697 -0.3841 -0.7266
vn 0.4012 0.4243 0.8118
vn 0.6855 0.3568 0.6346
vn -0.6060 -0.3386 -0.7197
vn 0.5008 0.4832 0.7181
vn -0.5528 -0.4232 -0.7178
vn 0.6916 0.4091 0.5953
vn 0.7082 0.3855 0.5915
vn -0.2606 -0.5028 -0.8242
vn -0.4069 -0.5053 -0.7610
vn -0.2650 -0.5208 -0.8115
vn 0.5184 0.5231 0.6765
vn -0.5045 -0.5783 -0.6412
vn -0.4914 -0.5480 -0.6769
vn 0.4956 0.5196 0.6960
vn 0.4874 0.5543 0.6747
vn 0.4531 0.5651 0.6894
vn 0.1892 0.6609 0.7262
vn 0.5956 0.5734 0.5625
vn 0.7929 0.4433 0.4182
vn -0.5458 -0.6202 -0.5634
vn 0.7713 0.4683 0.4310
vn 0.2488 0.7022 0.6671
vn 0.4575 0.6948 0.5549
vn -0.5122 -0.6302 -0.5835
vn 0.4802 0.7254 0.4931
vn 0.7946 0.5031 0.3400
vn 0.5581 0.6810 0.4740
vn -0.6253 -0.3537 -0.6957
vn -0.5896 -0.4577 -0.6655
vn 0.8199 0.5232 0.2326
vn -0.6204 -0.4498 -0.6426
vn 0.9595 0.2758 0.0568
vn 0.9345 0.3554 -0.0223
vn 0.5618 0.8146 0.1443
vn 0.3092 0.8483 0.4299
vn 0.1910 0.9666 0.1707
vn 0.4710 0.7936 0.3852
vn 0.1927 0.9775 0.0861
vn -0.7202 -0.5592 -0.4106
vn -0.6957 -0.2902 -0.6571
vn -0.4828 -0.6581 -0.5777
vn -0.0605 0.9939 0.0920
vn 0.2475 0.9562 0.1562
vn 0.7905 0.5995 0.1255
vn 0.3187 0.9441 -0.0848
vn -0.0465 0.9708 -0.2355
vn 0.2775 0.9571 -0.0833
vn -0.2465 0.8732 -0.4205
vn 0.0054 0.9843 -0.1767
vn -0.6558 0.1884 -0.7310
vn -0.0478 0.9714 -0.2324
vn -0.4535 0.6724 -0.5850
vn -0.6476 0.2882 -0.7054
vn 0.3294 -0.2116 0.9202
vn 0.7033 -0.2096 0.6792
vn 0.4127 -0.0876 0.9066
vn 0.8362 -0.0518 0.5460
vn 0.7658 0.0568 0.6405
vn 0.4927 0.0443 0.8691
vn 0.1699 0.1205 0.9781
vn 0.7291 -0.3005 0.6149
vn 0.7701 -0.2624 0.5814
vn 0.8849 -0.3218 0.3366
vn 0.7158 -0.3637 0.5961
vn 0.5135 -0.3187 0.7967
vn 0.3640 -0.2751 0.8898
vn 0.5174 -0.3120 0.7968
vn 0.6764 -0.3674 0.6384
vn 0.8638 -0.1380 0.4845
vn 0.8541 -0.0970 0.5110
vn 0.8535 0.0007 0.5212
vn 0.3560 0.1363 0.9245
vn 0.5922 0.0772 0.8021
vn 0.4716 0.0322 0.8812
vn 0.5092 -0.0013 0.8606
vn 0.3875 0.0573 0.9201
vn 0.0583 0.0602 0.9965
vn 0.2219 0.1292 0.9665
vn 0.5986 -0.0032 0.8010
vn 0.6014 0.0351 0.7982
vn 0.2774 -0.4436 0.8522
vn 0.1668 -0.3008 0.9390
vn 0.6068 -0.5354 0.5875
vn 0.3463 -0.5991 0.7219
vn 0.7320 -0.4632 0.4996
vn -0.1216 -0.2480 0.9611
vn -0.5094 0.3612 -0.7811
vn -0.5355 0.1750 -0.8262
vn -0.5288 -0.0399 -0.8478
vn 0.4765 0.1391 0.8681
vn 0.4345 0.2635 0.8613
vn 0.4003 0.3404 0.8508
vn 0.1675 -0.6969 0.6973
vn -0.0197 -0.9252 0.3789
vn 0.1339 -0.8464 0.5155
vn -0.0808 -0.9456 0.3151
vn -0.3627 0.5364 -0.7620
vn -0.3773 0.3211 -0.8686
vn -0.1401 0.5592 -0.8171
vn -0.5496 0.4143 -0.7255
vn -0.5735 0.5730 -0.5855
vn -0.5433 0.5145 -0.6634
vn -0.4846 -0.1743 -0.8572
vn -0.4593 -0.0543 -0.8866
vn -0.4007 -0.1369 -0.9059
vn -0.5237 -0.0340 -0.8513
vn -0.6066 0.0709 -0.7918
vn -0.7371 0.0136 -0.6756
vn -0.7044 -0.0221 -0.7095
vn -0.3527 -0.0434 -0.9347
vn -0.6318 -0.1825 -0.7533
vn -0.8777 -0.0390 -0.4775
vn -0.2337 -0.1829 -0.9549
vn -0.3564 -0.2456 -0.9015
vn 0.7023 0.2240 0.6757
vn 0.7966 0.2083 0.5674
vn 0.8172 0.2075 0.5377
vn 0.5868 0.2770 0.7609
vn 0.6802 0.3579 0.6397
vn -0.3732 -0.8988 -0.2298
vn -0.5519 -0.5941 -0.5853
vn -0.4990 0.5918 -0.6330
vn -0.6521 0.5513 -0.5205
vn -0.2619 0.6808 -0.6841
vn -0.5848 0.4898 -0.6466
vn -0.2672 0.5971 -0.7564
vn -0.6500 0.2994 -0.6985
vn -0.6732 -0.0491 -0.7378
vn -0.5811 -0.2072 -0.7870
vn -0.6527 -0.2069 -0.7288
vn -0.5879 -0.1689 -0.7911
vn 0.3935 0.4316 0.8117
vn 0.3853 0.5090 0.7697
vn -0.6750 -0.0708 -0.7344
vn -0.4976 -0.4029 -0.7681
vn -0.6152 -0.4680 -0.6344
vn 0.5056 0.5511 0.6638
vn -0.3140 -0.5336 -0.7853
vn -0.4644 -0.5036 -0.7285
vn 0.6264 0.4848 0.6104
vn 0.5129 0.5383 0.6687
vn 0.3642 0.6287 0.6871
vn 0.4968 0.5481 0.6729
vn -0.7862 -0.4019 -0.4694
vn -0.7719 -0.4263 -0.4717
vn -0.2015 -0.5674 -0.7984
vn -0.2762 -0.5452 -0.7915
vn 0.3054 0.5952 0.7433
vn 0.5807 0.5397 0.6095
vn -0.7488 -0.4496 -0.4870
vn -0.9288 -0.3011 -0.2159
vn -0.6032 -0.5248 -0.6006
vn -0.2163 -0.5536 -0.8042
vn -0.5506 -0.5913 -0.5892
vn 0.2453 0.6794 0.6915
vn -0.5516 -0.6165 -0.5618
vn 0.6945 0.4888 0.5280
vn 0.6842 0.4900 0.5402
vn 0.2362 0.7134 0.6597
vn 0.5241 0.6185 0.5855
vn 0.5499 0.6073 0.5734
vn 0.3049 0.7049 0.6404
vn 0.4401 0.6772 0.5897
vn 0.5545 0.6902 0.4650
vn -0.5568 -0.5608 -0.6127
vn 0.6945 0.5312 0.4853
vn 0.3216 0.7622 0.5619
vn 0.3117 0.7424 0.5930
vn -0.1046 0.8644 0.4917
vn 0.7450 0.6113 0.2671
vn 0.7074 0.6232 0.3334
vn 0.3025 0.9132 0.2730
vn 0.0104 0.9626 0.2708
vn 0.0434 0.9951 -0.0888
vn -0.6294 -0.5791 -0.5181
vn -0.8469 -0.3774 -0.3745
vn -0.8870 -0.2827 -0.3651
vn -0.9547 -0.1733 -0.2420
vn -0.9989 0.0400 -0.0231
vn -0.8510 0.1812 -0.4930
vn -0.7046 0.4325 -0.5626
vn -0.5496 0.3085 -0.7764
vn 0.7882 -0.1676 0.5921
vn 0.6039 -0.2768 0.7474
vn 0.6218 -0.2587 0.7392
vn 0.1990 -0.1291 0.9715
vn -0.0386 -0.2158 0.9757
vn 0.0811 -0.2557 0.9633
vn 0.5298 -0.1037 0.8418
vn 0.4538 0.0085 0.8910
vn 0.1759 0.0993 0.9794
vn 0.2674 0.0805 0.9602
vn 0.1495 0.1144 0.9821
vn 0.2388 0.1451 0.9602
vn 0.3084 0.2004 0.9299
vn 0.1843 0.0959 0.9782
vn 0.5164 0.1024 0.8502
vn 0.4034 -0.4018 0.8221
vn 0.3551 -0.5245 0.7739
vn 0.1189 -0.4477 0.8862
vn 0.1569 -0.3403 0.9271
vn -0.2216 -0.3463 0.9116
vn 0.3485 -0.5033 0.7907
vn 0.2137 -0.3089 0.9268
vn 0.2349 -0.5987 0.7657
vn 0.8117 -0.2265 0.5384
vn 0.4719 0.0076 0.8816
vn 0.5524 0.0324 0.8330
vn 0.7059 -0.0753 0.7043
vn 0.4957 -0.0090 0.8685
vn 0.7005 -0.0616 0.7110
vn 0.3945 0.0384 0.9181
vn 0.5423 0.1429 0.8280
vn 0.5156 0.1449 0.8445
vn 0.4595 0.1914 0.8673
vn 0.5458 0.2634 0.7955
vn 0.2589 0.3033 0.9171
vn 0.3891 0.2521 0.8860
vn 0.1899 -0.7749 0.6029
vn 0.1252 -0.8575 0.4991
vn 0.2497 -0.8677 0.4298
vn 0.2186 -0.8930 0.3933
vn 0.0196 -0.9919 0.1252
vn 0.2337 -0.6220 0.7473
vn 0.5014 -0.6544 0.5660
vn 0.0370 -0.6571 0.7529
vn 0.5136 -0.6840 0.5180
vn -0.6052 0.4191 -0.6768
vn -0.3867 0.4657 -0.7960
vn -0.4027 0.5280 -0.7477
vn -0.2250 0.5300 -0.8176
vn -0.4566 0.5674 -0.6852
vn -0.4373 -0.0869 -0.8951
vn -0.4296 0.0189 -0.9028
vn -0.4830 -0.1555 -0.8617
vn -0.4166 -0.1856 -0.8900
vn -0.3966 -0.1918 -0.8977
vn -0.4014 -0.1668 -0.9006
vn -0.4700 0.0403 -0.8818
vn -0.4266 -0.0719 -0.9016
vn -0.5759 -0.0336 -0.8168
vn 0.3004 0.4004 0.8657
vn 0.2705 0.3630 0.8916
vn 0.1097 0.3180 0.9417
vn 0.7214 0.2953 0.6263
vn -0.0475 -0.9803 0.1919
vn -0.3122 -0.9054 -0.2877
vn -0.5101 0.3304 -0.7941
vn 0.0900 0.5592 -0.8241
vn -0.5658 -0.1534 -0.8102
vn -0.2677 -0.0826 -0.9600
vn -0.5153 0.0322 -0.8564
vn -0.4572 -0.0044 -0.8894
vn -0.7165 0.1383 -0.6838
vn -0.4605 0.0540 -0.8860
vn -0.5415 0.0721 -0.8376
vn -0.2006 -0.0165 -0.9795
vn -0.1457 -0.0370 -0.9886
vn -0.0873 -0.0144 -0.9961
vn -0.4861 -0.0206 -0.8737
vn -0.6936 -0.0285 -0.7198
vn -0.8332 -0.0554 -0.5502
vn -0.7217 -0.1054 -0.6841
vn -0.3502 -0.1431 -0.9257
vn -0.1703 -0.2460 -0.9542
vn -0.6658 -0.1388 -0.7331
vn -0.2205 -0.1893 -0.9569
vn -0.6859 -0.0462 -0.7262
vn -0.3599 -0.2628 -0.8952
vn -0.4091 -0.2795 -0.8686
vn -0.2599 -0.2419 -0.9349
vn -0.6883 -0.2040 -0.6961
vn -0.5817 -0.2325 -0.7795
vn 0.6701 0.3022 0.6780
vn 0.1194 0.4725 0.8732
vn 0.3301 0.4537 0.8277
vn 0.5198 0.3999 0.7550
vn 0.2796 0.5262 0.8031
vn -0.4754 -0.6257 -0.6185
vn -0.5514 -0.0223 -0.8339
vn 0.5314 0.4464 0.7200
vn 0.4416 0.4802 0.7579
vn 0.6074 0.4387 0.6623
vn 0.3311 0.5131 0.7919
vn 0.5492 0.5155 0.6578
vn 0.6130 0.4886 0.6209
vn 0.5940 0.5102 0.6220
vn 0.3581 0.6070 0.7094
vn 0.6700 0.4719 0.5731
vn -0.1846 -0.5446 -0.8181
vn -0.2088 -0.5675 -0.7964
vn -0.5105 -0.5586 -0.6537
vn 0.6250 0.5209 0.5814
vn 0.4581 0.5145 0.7249
vn -0.4509 -0.6010 -0.6599
vn 0.8203 0.3789 0.4285
vn 0.6673 0.5162 0.5369
vn 0.1654 0.6970 0.6978
vn -0.4969 -0.6128 -0.6144
vn 0.7071 0.4798 0.5194
vn 0.8163 0.3309 0.4735
vn 0.8497 0.3212 0.4181
vn 0.1664 0.7268 0.6664
vn 0.5356 0.6336 0.5584
vn -0.5664 -0.6180 -0.5452
vn -0.4806 -0.6371 -0.6027
vn -0.5030 -0.6338 -0.5877
vn -0.6416 -0.3182 -0.6979
vn 0.6690 0.5780 0.4673
vn 0.6019 0.5575 0.5717
vn 0.1001 0.7802 0.6175
vn 0.4656 0.7553 0.4611
vn -0.1106 0.9451 0.3076
vn 0.1351 0.8283 0.5438
vn 0.2979 0.8964 0.3281
vn 0.2782 0.9414 0.1906
vn -0.0785 0.9963 -0.0351
vn -0.0358 0.9920 -0.1211
vn -0.2407 0.9078 -0.3435
vn -0.4670 -0.0322 -0.8837
vn -0.5027 0.6029 -0.6195
vn -0.3999 0.3450 -0.8491
vn -0.0888 -0.4827 -0.8713
vn 0.6058 -0.0988 0.7894
vn 0.0496 -0.0594 0.9970
vn 0.3999 -0.2686 0.8763
vn 0.7114 0.0651 0.6998
vn 0.3760 0.0070 0.9266
vn 0.3882 0.0304 0.9211
vn 0.5230 0.0937 0.8472
vn 0.3330 0.0927 0.9384
vn 0.4992 0.0795 0.8629
vn 0.5405 0.1273 0.8316
vn 0.5126 -0.3468 0.7854
vn 0.3857 -0.4926 0.7801
vn 0.7233 -0.3375 0.6024
vn 0.8929 -0.1994 0.4037
vn 0.7171 -0.2725 0.6415
vn 0.8350 0.0401 0.5488
vn 0.7048 0.1030 0.7019
vn 0.6622 0.1479 0.7346
vn 0.3743 0.0849 0.9234
vn 0.8157 0.0118 0.5783
vn 0.9184 0.0452 0.3932
vn 0.7864 0.0170 0.6175
vn 0.8075 0.0500 0.5878
vn 0.0165 0.0511 0.9986
vn 0.9712 0.0087 0.2379
vn 0.8215 0.0032 0.5702
vn 0.3676 0.0150 0.9299
vn 0.5424 -0.0210 0.8399
vn 0.7013 0.0509 0.7110
vn 0.6416 0.0974 0.7608
vn 0.2613 0.1095 0.9590
vn 0.3978 0.1120 0.9106
vn 0.2383 0.2646 0.9345
vn 0.5567 0.2308 0.7980
vn 0.4322 -0.7263 0.5345
vn 0.1672 -0.7527 0.6368
vn -0.3298 0.2702 -0.9046
vn -0.0890 0.3496 -0.9327
vn -0.2781 0.1946 -0.9406
vn -0.1369 0.5389 -0.8312
vn -0.2315 0.3256 -0.9167
vn -0.3738 0.1039 -0.9217
vn -0.3610 0.3037 -0.8817
vn -0.3703 -0.0990 -0.9236
vn 0.6431 0.2157 0.7347
vn 0.8746 0.0806 0.4781
vn 0.7021 0.2036 0.6823
vn 0.8889 0.0894 0.4493
vn 0.3105 0.3328 0.8904
vn 0.2134 0.3451 0.9140
vn 0.5741 -0.6219 0.5325
vn -0.3999 0.3865 -0.8311
vn -0.3071 -0.0997 -0.9464
vn -0.5232 0.0433 -0.8511
vn 0.6802 0.3017 0.6680
vn 0.2200 0.3920 0.8933
vn 0.9091 0.1699 0.3805
vn 0.6945 0.3579 0.6242
vn 0.2564 0.4689 0.8452
vn -0.2234 -0.7358 -0.6394
vn -0.6438 0.2220 -0.7323
vn -0.2869 0.4635 -0.8384
vn -0.2604 0.5664 -0.7819
vn -0.5555 -0.3300 -0.7632
vn -0.7792 0.0631 -0.6236
vn -0.6248 0.3240 -0.7103
vn -0.6903 0.1763 -0.7017
vn -0.7321 -0.2512 -0.6332
vn -0.6818 -0.2756 -0.6776
vn -0.6782 -0.3099 -0.6664
vn 0.3087 0.4761 0.8234
vn -0.5527 -0.3243 -0.7677
vn 0.2250 0.5457 0.8072
vn 0.2319 0.5751 0.7845
vn 0.3059 0.5473 0.7790
vn -0.5665 -0.4222 -0.7077
vn 0.0320 0.6120 0.7902
vn -0.5039 -0.4495 -0.7376
vn -0.4339 -0.5062 -0.7453
vn 0.1798 0.6063 0.7746
vn -0.3663 -0.5532 -0.7482
vn 0.2701 0.6168 0.7393
vn 0.4101 0.5697 0.7122
vn 0.3491 0.5803 0.7358
vn 0.4162 0.6151 0.6696
vn 0.2705 0.5782 0.7697
vn -0.3826 -0.6262 -0.6794
vn 0.2027 0.6861 0.6987
vn 0.3767 0.6424 0.6674
vn 0.1855 0.7273 0.6608
vn 0.6018 0.5312 0.5963
vn 0.5089 0.5921 0.6249
vn -0.5372 -0.5921 -0.6007
vn 0.4247 0.6386 0.6417
vn 0.4590 0.6080 0.6478
vn -0.0207 0.7576 0.6524
vn 0.3377 0.7119 0.6157
vn 0.6597 0.4853 0.5739
vn 0.0468 0.8720 0.4872
vn 0.9880 0.0847 0.1288
vn 0.8953 0.2800 0.3465
vn 0.8906 0.3496 0.2909
vn 0.6237 0.6009 0.5000
vn -0.3125 0.7710 0.5549
vn 0.3571 0.8284 0.4317
vn 0.0591 0.9626 0.2644
vn -0.1657 0.9765 -0.1376
vn 0.1871 0.9585 0.2150
vn -0.1638 0.9557 -0.2445
vn 0.2520 -0.3252 0.9114
vn -0.2058 -0.2283 0.9516
vn -0.2575 -0.1778 0.9498
vn 0.2093 -0.2295 0.9505
vn -0.0587 -0.0876 0.9944
vn 0.1335 0.0188 0.9909
vn 0.0352 0.0842 0.9958
vn 0.2884 0.0820 0.9540
vn 0.0375 0.1022 0.9941
vn 0.2292 0.0779 0.9703
vn 0.4957 0.1177 0.8605
vn 0.2349 0.0888 0.9680
vn 0.2869 0.1147 0.9511
vn 0.4935 -0.0295 0.8692
vn 0.4445 -0.0296 0.8953
vn 0.4637 -0.0412 0.8850
vn 0.2947 0.0136 0.9555
vn 0.2700 0.0176 0.9627
vn 0.5746 -0.0082 0.8184
vn 0.4335 0.0167 0.9010
vn 0.4287 -0.4983 0.7536
vn 0.4642 -0.4549 0.7600
vn 0.5734 -0.4437 0.6887
vn 0.2309 -0.5877 0.7754
vn -0.0449 -0.4381 0.8978
vn -0.4875 -0.2420 0.8389
vn 0.6220 -0.0134 0.7829
vn 0.1972 0.1132 0.9738
vn 0.5764 0.0413 0.8162
vn -0.1501 0.2148 0.9650
vn 0.4875 0.1777 0.8549
vn 0.0936 0.2341 0.9677
vn 0.0695 0.2745 0.9591
vn 0.5333 0.0431 0.8448
vn 0.5858 0.2255 0.7784
vn 0.4878 0.2041 0.8487
vn 0.4982 0.2544 0.8289
vn 0.0297 -0.9347 0.3542
vn 0.1122 -0.8565 0.5038
vn -0.3195 0.3802 -0.8680
vn -0.4213 0.4744 -0.7729
vn -0.3494 0.1869 -0.9182
vn -0.2215 -0.0374 -0.9744
vn -0.2901 -0.1489 -0.9453
vn -0.7006 0.1221 -0.7031
vn -0.4474 0.0007 -0.8944
vn -0.6612 0.0540 -0.7483
vn -0.0584 -0.1259 -0.9903
vn -0.4518 -0.1129 -0.8849
vn -0.6804 -0.0126 -0.7327
vn -0.2313 -0.1904 -0.9541
vn -0.3923 0.0111 -0.9198
vn 0.3359 0.3616 0.8697
vn 0.6034 0.3155 0.7324
vn 0.4810 0.3306 0.8120
vn 0.5382 0.3837 0.7504
vn 0.3165 0.4360 0.8425
vn -0.3073 -0.6795 -0.6662
vn -0.4014 -0.1491 -0.9037
vn -0.4990 0.0450 -0.8654
vn -0.5471 0.1089 -0.8299
vn -0.8075 0.0721 -0.5854
vn -0.4875 -0.2103 -0.8474
vn -0.3623 -0.2796 -0.8891
vn -0.5849 -0.2005 -0.7859
vn -0.5520 -0.1593 -0.8185
vn -0.3085 -0.3471 -0.8856
vn -0.4846 -0.2969 -0.8228
vn 0.4933 0.4095 0.7674
vn 0.2221 0.5153 0.8277
vn -0.5524 -0.2446 -0.7969
vn -0.3155 -0.3904 -0.8649
vn -0.4458 -0.3889 -0.8063
vn -0.1226 -0.4190 -0.8997
vn 0.5122 0.4463 0.7338
vn -0.3741 -0.4100 -0.8318
vn 0.5581 0.4607 0.6901
vn -0.5421 -0.4241 -0.7254
vn 0.6692 0.4392 0.5994
vn 0.3815 0.5202 0.7641
vn 0.1720 0.5709 0.8028
vn 0.1635 0.5524 0.8174
vn 0.1873 0.6163 0.7649
vn -0.5314 -0.4783 -0.6991
vn -0.3000 -0.5437 -0.7838
vn 0.4784 0.5305 0.6998
vn 0.4709 0.5588 0.6826
vn 0.5596 0.4873 0.6704
vn -0.3315 -0.5393 -0.7741
vn 0.4992 0.5329 0.6833
vn -0.3274 -0.5869 -0.7405
vn -0.5868 -0.5140 -0.6256
vn 0.4475 0.6054 0.6582
vn -0.3986 -0.6552 -0.6417
vn -0.4852 -0.6508 -0.5840
vn 0.4701 0.5759 0.6688
vn 0.5784 0.5625 0.5908
vn 0.8701 0.2693 0.4128
vn 0.8358 0.3705 0.4052
vn 0.3181 0.7109 0.6273
vn 0.2193 0.7373 0.6389
vn -0.4286 -0.6627 -0.6141
vn -0.3389 -0.6586 -0.6718
vn 0.6188 0.6482 0.4438
vn 0.2154 0.8701 0.4433
vn 0.2154 0.8100 0.5454
vn 0.3431 0.7220 0.6008
vn -0.0117 0.8879 0.4599
vn 0.2636 0.8569 0.4430
vn -0.4224 -0.6383 -0.6435
vn -0.1510 -0.6717 -0.7253
vn -0.5028 -0.5800 -0.6410
vn 0.1558 0.9141 0.3745
vn 0.2654 0.9137 0.3077
vn 0.1445 0.9790 0.1435
vn 0.4934 0.8026 0.3351
vn 0.6171 0.6981 0.3631
vn 0.2115 0.9761 0.0491
vn 0.6535 0.6016 0.4594
vn 0.4179 0.8922 0.1713
vn -0.2266 -0.6899 -0.6876
vn -0.2455 -0.6852 -0.6857
vn 0.2258 -0.5972 -0.7697
vn -0.5911 -0.3515 -0.7260
vn -0.2802 -0.5597 -0.7799
vn -0.0612 -0.5684 -0.8205
vn -0.5782 0.1474 -0.8025
vn -0.5374 -0.2660 -0.8003
vn -0.4788 0.6788 -0.5567
vn 0.6141 -0.1588 0.7731
vn 0.3668 -0.0704 0.9276
vn 0.1881 -0.2337 0.9539
vn 0.5632 0.0117 0.8263
vn 0.0806 -0.0222 0.9965
vn -0.0638 -0.1247 0.9901
vn 0.3029 0.0748 0.9501
vn 0.5518 0.1518 0.8200
vn -0.0437 0.0433 0.9981
vn 0.0961 0.1267 0.9873
vn 0.2195 -0.4986 0.8386
vn 0.6770 -0.3737 0.6341
vn 0.2846 -0.3769 0.8815
vn -0.4951 -0.1686 0.8523
vn -0.0901 -0.2876 0.9535
vn 0.5942 -0.2927 0.7491
vn 0.3920 -0.2888 0.8734
vn 0.0605 -0.2656 0.9622
vn 0.4404 -0.1658 0.8824
vn 0.7519 -0.0805 0.6543
vn 0.8577 -0.0851 0.5070
vn 0.6180 0.0782 0.7823
vn 0.7623 -0.0604 0.6444
vn 0.2299 0.0471 0.9721
vn 0.1486 0.0317 0.9884
vn 0.2969 0.1324 0.9457
vn 0.3567 0.0799 0.9308
vn 0.4761 0.1584 0.8650
vn 0.4667 0.0543 0.8828
vn 0.4871 0.0038 0.8734
vn 0.3988 -0.0030 0.9170
vn 0.4052 -0.0666 0.9118
vn 0.0381 0.0145 0.9992
vn 0.0211 -0.0237 0.9995
vn 0.1783 0.0179 0.9838
vn -0.0820 0.0271 0.9963
vn 0.3300 -0.0147 0.9439
vn 0.3348 0.1293 0.9334
vn 0.0953 0.1356 0.9862
vn 0.4835 0.0588 0.8734
vn 0.2792 0.1781 0.9436
vn 0.4506 0.1857 0.8732
vn 0.7146 0.0696 0.6960
vn -0.0368 -0.5489 0.8351
vn 0.2621 -0.6649 0.6994
vn -0.1163 -0.3954 0.9111
vn 0.4274 -0.7626 0.4855
vn 0.5495 -0.4192 0.7227
vn 0.5480 -0.5547 0.6262
vn 0.5674 -0.5766 0.5879
vn 0.1779 -0.4653 0.8671
vn -0.5152 0.2948 -0.8048
vn -0.5012 0.3902 -0.7723
vn -0.2868 0.4267 -0.8577
vn -0.2971 0.1982 -0.9341
vn -0.1023 0.2907 -0.9513
vn -0.2150 0.2466 -0.9450
vn -0.0376 0.1553 -0.9872
vn -0.4297 0.2911 -0.8548
vn -0.3454 0.1209 -0.9306
vn -0.3040 -0.0450 -0.9516
vn 0.4159 0.3059 0.8564
vn 0.6006 0.1326 0.7885
vn 0.3365 0.2183 0.9160
vn 0.2368 0.3643 0.9007
vn 0.4857 -0.8341 0.2613
vn 0.3611 -0.9279 0.0925
vn 0.0834 -0.9760 -0.2013
vn 0.1515 -0.8425 0.5169
vn 0.0711 -0.9599 0.2711
vn 0.5057 -0.7191 0.4767
vn 0.3579 -0.8996 0.2503
vn -0.4956 0.4161 -0.7624
vn -0.5462 0.4377 -0.7142
vn -0.2917 0.4663 -0.8351
vn -0.3330 0.5202 -0.7865
vn -0.6019 -0.1076 -0.7913
vn -0.5310 -0.0477 -0.8460
vn -0.7485 -0.0728 -0.6591
vn -0.7208 -0.0317 -0.6925
vn -0.7113 -0.0254 -0.7024
vn -0.5127 -0.0078 -0.8585
vn -0.3454 -0.0036 -0.9385
vn -0.6463 -0.0290 -0.7626
vn -0.5599 0.0445 -0.8274
vn -0.2663 0.0233 -0.9636
vn -0.2797 -0.0076 -0.9601
vn -0.8121 0.1088 -0.5733
vn -0.8435 0.1355 -0.5198
vn -0.1608 0.0449 -0.9860
vn -0.4099 0.0738 -0.9091
vn -0.6971 0.0978 -0.7102
vn -0.0904 -0.1324 -0.9871
vn -0.2447 0.0249 -0.9693
vn -0.6160 0.1020 -0.7811
vn -0.4500 0.0175 -0.8929
vn -0.3586 0.0690 -0.9309
vn -0.6071 0.0096 -0.7946
vn -0.1007 -0.0715 -0.9923
vn -0.2742 -0.0946 -0.9570
vn -0.2157 -0.1325 -0.9674
vn -0.6682 -0.0991 -0.7374
vn -0.3622 -0.1173 -0.9247
vn -0.5740 0.0399 -0.8179
vn -0.5401 -0.2031 -0.8168
vn -0.3838 -0.1387 -0.9129
vn -0.1029 -0.3919 -0.9142
vn -0.6893 0.0970 -0.7180
vn -0.7282 0.3952 -0.5599
vn -0.6127 0.3568 -0.7052
vn -0.9166 0.2490 -0.3128
vn -0.4112 -0.3100 -0.8572
vn 0.3176 0.4996 0.8059
vn -0.3209 -0.4728 -0.8207
vn 0.4896 0.4549 0.7439
vn 0.5020 0.4255 0.7529
vn 0.4621 0.4830 0.7437
vn -0.2749 -0.5175 -0.8103
vn 0.6522 0.4011 0.6433
vn 0.3449 0.5723 0.7440
vn 0.3040 0.6393 0.7063
vn 0.4536 0.5769 0.6793
vn -0.3629 -0.5637 -0.7420
vn 0.0257 -0.5743 -0.8182
vn -0.2051 -0.5809 -0.7877
vn -0.1151 -0.6135 -0.7813
vn -0.1440 -0.6657 -0.7322
vn -0.5964 -0.5500 -0.5846
vn -0.6892 -0.5078 -0.5168
vn -0.7614 -0.4917 -0.4226
vn 0.2845 0.6147 0.7357
vn -0.4720 -0.6193 -0.6275
vn -0.1110 -0.6550 -0.7474
vn -0.4727 -0.6276 -0.6186
vn -0.4317 -0.6498 -0.6256
vn 0.1817 0.7524 0.6332
vn 0.3843 0.6682 0.6371
vn 0.0188 0.8098 0.5865
vn 0.3592 0.6778 0.6416
vn 0.5181 0.5750 0.6332
vn -0.6652 -0.0806 -0.7423
vn 0.3706 0.8117 0.4514
vn 0.3979 0.6545 0.6428
vn 0.0489 0.9983 0.0332
vn 0.0656 0.9769 0.2035
vn -0.0289 0.9949 -0.0962
vn -0.3710 0.8615 -0.3466
vn 0.5452 -0.1780 0.8192
vn 0.1637 -0.1024 0.9812
vn 0.5121 -0.0964 0.8535
vn -0.1941 -0.0445 0.9800
vn 0.0579 -0.0053 0.9983
vn 0.5251 -0.0059 0.8510
vn -0.0801 0.0509 0.9955
vn 0.7009 0.0583 0.7109
vn 0.6034 0.0713 0.7943
vn 0.5375 0.0323 0.8426
vn 0.3508 0.0813 0.9329
vn 0.1452 -0.3880 0.9101
vn 0.4124 -0.3493 0.8414
vn 0.3009 -0.4714 0.8290
vn -0.0368 -0.2521 0.9670
vn 0.2970 -0.2850 0.9113
vn 0.5841 -0.2128 0.7833
vn 0.3528 -0.2080 0.9123
vn -0.2523 -0.2203 0.9422
vn -0.3863 -0.2424 0.8900
vn -0.2547 -0.2180 0.9421
vn -0.4524 -0.1823 0.8730
vn 0.1871 0.1320 0.9734
vn -0.0466 0.0665 0.9967
vn 0.2252 0.0302 0.9738
vn 0.3804 0.0537 0.9233
vn 0.4058 0.0253 0.9136
vn 0.5797 -0.0183 0.8146
vn 0.3185 0.0005 0.9479
vn 0.4160 -0.0147 0.9092
vn 0.3234 0.0048 0.9463
vn 0.5122 -0.0752 0.8556
vn 0.6047 -0.0161 0.7963
vn 0.5377 0.0051 0.8431
vn 0.5230 -0.0760 0.8489
vn 0.6052 -0.0121 0.7960
vn 0.3904 0.0359 0.9200
vn 0.6287 0.0836 0.7731
vn 0.7126 0.0096 0.7015
vn 0.1915 0.1757 0.9656
vn 0.1198 0.2273 0.9664
vn 0.0574 -0.8067 0.5882
vn 0.2092 -0.6325 0.7458
vn 0.5863 -0.5177 0.6232
vn 0.5228 -0.7020 0.4837
vn 0.3609 -0.6070 0.7080
vn -0.1154 -0.5732 0.8112
vn -0.0704 -0.5550 0.8289
vn -0.1476 -0.7540 0.6401
vn 0.5209 -0.4880 0.7004
vn -0.0280 0.4082 -0.9125
vn -0.2453 0.3735 -0.8946
vn -0.3041 0.1918 -0.9331
vn -0.3612 0.4029 -0.8410
vn -0.3596 0.3136 -0.8788
vn -0.2631 -0.0089 -0.9647
vn -0.2816 0.0885 -0.9554
vn -0.5878 -0.0337 -0.8083
vn -0.5677 -0.0543 -0.8214
vn -0.5282 -0.1083 -0.8422
vn -0.7351 -0.0795 -0.6732
vn -0.4813 -0.0664 -0.8741
vn -0.2863 -0.1321 -0.9490
vn 0.0799 -0.0726 -0.9942
vn -0.0199 -0.0529 -0.9984
vn -0.0764 -0.1421 -0.9869
vn 0.2484 -0.1574 -0.9558
vn 0.0868 -0.1988 -0.9762
vn -0.1492 -0.1427 -0.9785
vn -0.4459 -0.1314 -0.8854
vn -0.7786 -0.0702 -0.6236
vn -0.6930 -0.0321 -0.7202
vn -0.4088 0.0758 -0.9095
vn -0.1889 0.0348 -0.9814
vn -0.4619 -0.0161 -0.8868
vn -0.2781 -0.0108 -0.9605
vn -0.0789 -0.0604 -0.9950
vn -0.3109 -0.0944 -0.9458
vn 0.1934 0.2932 0.9363
vn 0.1901 0.4316 0.8818
vn 0.2797 0.3373 0.8989
vn 0.1416 -0.9440 0.2979
vn 0.1294 -0.9908 -0.0385
vn -0.1085 0.5401 -0.8345
vn -0.3334 0.5176 -0.7880
vn -0.3603 0.4407 -0.8221
vn 0.2494 -0.1754 -0.9524
vn 0.2395 -0.1476 -0.9596
vn -0.2223 -0.1283 -0.9665
vn 0.0779 -0.0709 -0.9944
vn -0.4687 -0.0743 -0.8802
vn -0.4464 -0.0245 -0.8945
vn 0.2291 -0.0694 -0.9709
vn -0.2162 -0.0138 -0.9762
vn -0.1828 0.0258 -0.9828
vn -0.2813 0.0627 -0.9576
vn -0.3673 -0.0140 -0.9300
vn -0.3902 -0.2447 -0.8876
vn -0.4296 -0.1768 -0.8856
vn -0.0004 0.4582 0.8889
vn 0.0521 0.4439 0.8946
vn 0.2959 0.4597 0.8374
vn 0.1181 0.4498 0.8853
vn -0.0247 -0.8574 -0.5140
vn -0.3371 -0.3917 -0.8561
vn 0.0715 0.0173 -0.9973
vn -0.4600 0.0585 -0.8860
vn -0.6147 0.1273 -0.7784
vn -0.2348 -0.2410 -0.9417
vn -0.2610 0.4204 -0.8690
vn -0.4904 0.3935 -0.7776
vn 0.5015 0.4298 0.7508
vn 0.0230 0.4946 0.8688
vn 0.4865 0.3936 0.7800
vn -0.3704 -0.3563 -0.8578
vn 0.2419 0.5183 0.8203
vn 0.3614 0.4668 0.8071
vn 0.5819 0.3897 0.7138
vn -0.6074 -0.3934 -0.6902
vn -0.2107 -0.5388 -0.8157
vn 0.4683 0.4275 0.7733
vn 0.5186 0.4657 0.7170
vn 0.6458 0.4246 0.6346
vn -0.3968 -0.5794 -0.7119
vn 0.6018 0.4719 0.6443
vn 0.4917 0.5267 0.6934
vn 0.2433 0.5938 0.7669
vn -0.2769 -0.5525 -0.7862
vn -0.6188 -0.5665 -0.5442
vn -0.5012 -0.6109 -0.6129
vn -0.4063 -0.6336 -0.6584
vn -0.6263 -0.5561 -0.5464
vn 0.3311 0.6525 0.6816
vn 0.2219 0.7095 0.6688
vn -0.4731 -0.6189 -0.6269
vn -0.4195 -0.6297 -0.6538
vn -0.6765 -0.5247 -0.5168
vn -0.5857 -0.5859 -0.5600
vn 0.1965 0.7583 0.6216
vn 0.5452 0.5893 0.5962
vn 0.6096 0.5040 0.6119
vn -0.5627 -0.5977 -0.5711
vn 0.2011 0.8310 0.5186
vn -0.0533 0.9885 0.1418
vn -0.3715 -0.3959 -0.8398
vn -0.3085 -0.5994 -0.7386
vn -0.6238 0.0029 -0.7816
vn 0.3553 -0.2939 0.8873
vn 0.2917 -0.1494 0.9448
vn 0.3389 -0.2139 0.9162
vn 0.4546 -0.2454 0.8562
vn 0.3327 -0.0926 0.9385
vn 0.3164 -0.0627 0.9466
vn 0.1782 -0.0278 0.9836
vn 0.1937 0.0562 0.9795
vn 0.2578 0.0503 0.9649
vn 0.2852 0.0734 0.9557
vn 0.4618 -0.0036 0.8870
vn 0.2859 -0.0454 0.9572
vn 0.0910 0.0279 0.9955
vn 0.0235 0.0190 0.9995
vn -0.0286 0.0825 0.9962
vn -0.3068 0.0766 0.9487
vn -0.0377 0.1533 0.9875
vn 0.0754 0.1634 0.9837
vn 0.3404 0.1468 0.9287
vn 0.3510 0.1059 0.9304
vn 0.2451 0.1073 0.9635
vn 0.3076 0.1951 0.9313
vn 0.3657 -0.4662 0.8055
vn 0.5372 -0.4861 0.6893
vn 0.1275 0.2713 0.9540
vn 0.2427 0.2968 0.9236
vn -0.0384 -0.6048 0.7954
vn 0.2755 -0.8289 0.4869
vn 0.2138 -0.7709 0.5999
vn 0.5476 -0.6562 0.5192
vn -0.1994 0.2499 -0.9475
vn -0.2096 0.2557 -0.9438
vn -0.3575 0.0919 -0.9294
vn -0.4177 0.1381 -0.8980
vn -0.6873 0.1045 -0.7188
vn -0.5053 0.0054 -0.8630
vn -0.0135 0.1102 -0.9938
vn -0.6783 -0.0441 -0.7334
vn -0.2834 -0.0490 -0.9578
vn -0.4297 -0.1694 -0.8869
vn 0.0139 -0.0792 -0.9968
vn -0.2215 -0.0183 -0.9750
vn -0.2253 -0.1415 -0.9639
vn 0.1399 -0.1704 -0.9754
vn 0.1209 -0.1214 -0.9852
vn -0.3590 -0.0627 -0.9312
vn -0.1712 0.0385 -0.9845
vn -0.2048 0.0381 -0.9781
vn -0.3339 0.0858 -0.9387
vn -0.5555 0.1009 -0.8254
vn -0.4342 0.0353 -0.9001
vn -0.3159 -0.1073 -0.9427
vn -0.3062 -0.2496 -0.9187
vn 0.1824 -0.9598 0.2132
vn 0.0328 -0.9211 -0.3879
vn 0.2551 -0.9480 0.1904
vn -0.2059 0.5033 -0.8392
vn -0.2725 0.3972 -0.8763
vn -0.3823 0.1906 -0.9042
vn -0.3117 -0.2607 -0.9137
vn -0.5449 -0.2378 -0.8041
vn -0.3411 -0.3519 -0.8717
vn 0.4502 0.3351 0.8277
vn 0.2682 0.4127 0.8705
vn 0.1741 -0.2006 -0.9641
vn 0.0044 0.3082 -0.9513
vn -0.1379 -0.4817 -0.8654
vn 0.0301 0.1372 -0.9901
vn -0.3484 0.0121 -0.9373
vn -0.4754 -0.2121 -0.8538
vn -0.3925 -0.3875 -0.8342
vn -0.3705 -0.4601 -0.8068
vn 0.6062 0.3230 0.7268
vn 0.6859 0.2855 0.6694
vn 0.7901 0.2570 0.5565
vn 0.1656 0.5887 0.7912
vn 0.4310 0.4431 0.7861
vn -0.4548 -0.4300 -0.7799
vn -0.1692 -0.5011 -0.8487
vn -0.2095 -0.5245 -0.8252
vn -0.5572 -0.4367 -0.7063
vn -0.2404 -0.5260 -0.8158
vn 0.1929 0.5229 0.8303
vn 0.2386 0.5930 0.7690
vn 0.2556 0.5031 0.8255
vn -0.7074 -0.4170 -0.5707
vn -0.0108 -0.5441 -0.8390
vn -0.5422 -0.4836 -0.6871
vn -0.4177 -0.5198 -0.7452
vn -0.0914 -0.5584 -0.8246
vn -0.0700 -0.5513 -0.8314
vn -0.2026 -0.5354 -0.8199
vn 0.1494 -0.5195 -0.8413
vn 0.1446 -0.5161 -0.8442
vn -0.1453 -0.5831 -0.7993
vn -0.0730 -0.5725 -0.8167
vn -0.5471 -0.5601 -0.6220
vn -0.3754 -0.5994 -0.7070
vn -0.3946 -0.6217 -0.6766
vn -0.3832 -0.6174 -0.6870
vn -0.3509 -0.6237 -0.6984
vn 0.3367 0.5845 0.7383
vn -0.2956 -0.6648 -0.6860
vn -0.4141 -0.6035 -0.6814
vn -0.3730 -0.6028 -0.7054
vn -0.4623 -0.6308 -0.6231
vn -0.3498 -0.6057 -0.7147
vn 0.0397 -0.6897 -0.7231
vn -0.0728 -0.6337 -0.7702
vn -0.3364 -0.6351 -0.6954
vn 0.4089 0.6449 0.6457
vn -0.6061 -0.5968 -0.5259
vn -0.5881 -0.5990 -0.5435
vn 0.3865 0.6575 0.6467
vn 0.4389 0.6674 0.6016
vn 0.1909 0.7867 0.5871
vn -0.6701 -0.5658 -0.4804
vn -0.4561 -0.6001 -0.6571
vn -0.1943 -0.6469 -0.7374
vn -0.0834 -0.5932 -0.8007
vn -0.4967 -0.5531 -0.6688
vn -0.6541 -0.5056 -0.5626
vn -0.6197 -0.5337 -0.5754
vn -0.9218 -0.3135 -0.2280
vn -0.6173 -0.4259 -0.6615
vn 0.0299 0.8884 0.4582
vn -0.1955 0.9690 -0.1514
vn -0.0053 0.9592 0.2828
vn -0.7565 -0.3567 -0.5482
vn -0.9011 -0.0696 -0.4279
vn -0.2305 -0.1590 -0.9600
vn -0.6286 0.5471 -0.5527
vn -0.5371 0.5335 -0.6534
vn -0.6703 0.3363 -0.6615
vn -0.7864 0.1693 -0.5941
vn -0.5029 0.6947 -0.5143
vn -0.3913 0.8240 -0.4098
vn 0.6207 -0.2470 0.7441
vn 0.3972 -0.3752 0.8376
vn 0.4985 -0.2446 0.8317
vn -0.0381 -0.2229 0.9741
vn -0.3399 -0.3437 0.8754
vn -0.4958 -0.1751 0.8506
vn 0.1313 -0.0688 0.9889
vn -0.2710 -0.1635 0.9486
vn 0.4821 -0.1228 0.8675
vn 0.4439 -0.1359 0.8857
vn -0.3046 -0.1847 0.9344
vn -0.3085 -0.1907 0.9319
vn -0.0730 0.0117 0.9973
vn -0.0206 -0.1178 0.9928
vn 0.4919 -0.0247 0.8703
vn 0.1182 0.0062 0.9930
vn 0.3645 0.0826 0.9275
vn -0.1334 0.0477 0.9899
vn -0.2770 0.0623 0.9588
vn -0.0576 0.0456 0.9973
vn -0.0477 0.0353 0.9982
vn 0.1393 0.1038 0.9848
vn 0.3586 0.0340 0.9329
vn 0.3655 0.0413 0.9299
vn 0.4307 -0.0539 0.9009
vn 0.3355 0.0052 0.9420
vn 0.6184 -0.0555 0.7839
vn 0.2875 -0.0024 0.9578
vn 0.3875 0.0067 0.9218
vn 0.5796 0.0004 0.8149
vn -0.0933 0.0491 0.9944
vn -0.0821 0.1282 0.9883
vn 0.0073 0.1767 0.9842
vn 0.3056 -0.6125 0.7290
vn 0.4509 -0.4754 0.7554
vn -0.2996 0.3094 -0.9025
vn -0.1931 0.0887 -0.9772
vn -0.6472 0.0957 -0.7563
vn -0.4835 0.1878 -0.8549
vn -0.1566 0.2277 -0.9610
vn -0.2583 -0.0696 -0.9636
vn 0.1808 0.2351 0.9550
vn 0.5120 -0.7139 0.4777
vn 0.3663 -0.8736 0.3204
vn 0.2610 -0.9653 0.0109
vn 0.2592 -0.7355 0.6260
vn -0.3687 0.4378 -0.8200
vn -0.4393 0.4244 -0.7918
vn -0.3706 0.2091 -0.9049
vn -0.4223 0.0960 -0.9013
vn -0.3990 0.1454 -0.9053
vn -0.4196 -0.0580 -0.9059
vn -0.3266 -0.0473 -0.9440
vn -0.4877 -0.0233 -0.8727
vn -0.4236 -0.0208 -0.9056
vn -0.3456 0.0162 -0.9382
vn -0.3825 0.0761 -0.9208
vn -0.1561 0.0366 -0.9871
vn -0.2933 0.0082 -0.9560
vn -0.2020 0.0568 -0.9777
vn -0.3635 0.0488 -0.9303
vn -0.3248 -0.2001 -0.9244
vn -0.2755 -0.1773 -0.9448
vn 0.4230 0.3638 0.8299
vn 0.3115 0.3275 0.8920
vn 0.1485 0.2951 0.9439
vn 0.3585 0.3350 0.8714
vn 0.0333 0.4311 0.9017
vn 0.1139 0.4635 0.8787
vn 0.5907 0.3595 0.7223
vn -0.1180 0.4643 0.8778
vn -0.4393 -0.2214 -0.8706
vn -0.1180 -0.4459 -0.8873
vn 0.0755 -0.8500 -0.5214
vn -0.4510 0.2083 -0.8679
vn -0.4675 0.3441 -0.8143
vn -0.0916 -0.2528 -0.9632
vn -0.0841 0.1815 -0.9798
vn -0.3332 -0.2853 -0.8987
vn -0.3459 -0.2786 -0.8960
vn -0.4692 -0.3933 -0.7907
vn 0.3085 0.4506 0.8377
vn 0.3271 0.5291 0.7830
vn 0.4922 0.4769 0.7282
vn 0.5214 0.4096 0.7486
vn 0.2383 0.5066 0.8286
vn 0.2244 0.5821 0.7815
vn -0.6256 -0.3896 -0.6759
vn 0.2813 0.5753 0.7680
vn 0.2515 0.5603 0.7892
vn -0.5271 -0.4787 -0.7022
vn -0.4441 -0.4853 -0.7532
vn -0.6348 -0.4840 -0.6023
vn -0.8114 -0.3716 -0.4511
vn -0.5036 -0.5122 -0.6957
vn -0.5490 -0.4810 -0.6836
vn -0.8287 -0.3453 -0.4405
vn -0.4957 -0.5255 -0.6915
vn -0.7545 -0.3722 -0.5406
vn -0.1877 -0.6132 -0.7673
vn -0.2764 -0.6228 -0.7319
vn -0.2004 -0.6218 -0.7572
vn -0.5335 -0.5742 -0.6210
vn -0.2589 -0.6433 -0.7205
vn -0.6130 -0.5962 -0.5184
vn -0.3066 -0.6392 -0.7053
vn -0.5092 -0.6249 -0.5918
vn 0.3059 0.6838 0.6625
vn 0.3561 0.7615 0.5416
vn -0.3344 -0.6482 -0.6841
vn -0.5279 -0.5745 -0.6256
vn -0.3304 -0.6586 -0.6761
vn -0.5230 -0.6211 -0.5836
vn -0.0800 0.8250 0.5595
vn 0.4263 0.7783 0.4610
vn 0.1963 0.8776 0.4373
vn -0.7443 -0.5213 -0.4174
vn 0.3526 0.8973 0.2655
vn 0.5833 0.7124 0.3902
vn 0.0962 0.9785 0.1827
vn -0.0568 0.9336 0.3539
vn -0.1391 0.9903 0.0009
vn -0.3548 0.8292 -0.4319
vn -0.4028 -0.5727 -0.7140
vn -0.5912 -0.0092 -0.8065
vn -0.4546 -0.4919 -0.7425
vn -0.5118 0.6782 -0.5273
vn 0.3417 -0.5153 -0.7859
vn 0.0574 -0.3608 -0.9309
vn -0.1386 -0.2845 -0.9486
vn -0.3321 0.2139 -0.9187
vn -0.5348 0.2298 -0.8132
vn 0.6081 -0.0478 0.7924
vn 0.4843 -0.1204 0.8666
vn 0.4438 -0.1504 0.8834
vn 0.2348 -0.0627 0.9700
vn 0.0822 -0.2184 0.9724
vn 0.6711 -0.0148 0.7412
vn 0.5072 0.0091 0.8618
vn 0.1384 0.0214 0.9901
vn 0.1595 0.0700 0.9847
vn -0.0591 -0.4610 0.8855
vn -0.5878 -0.2689 0.7630
vn 0.7446 -0.3293 0.5807
vn 0.7223 -0.1753 0.6690
vn 0.6318 -0.2251 0.7417
vn 0.5795 -0.4294 0.6927
vn 0.2548 -0.4826 0.8380
vn 0.2003 -0.2904 0.9357
vn -0.3340 -0.2463 0.9098
vn 0.2393 0.0199 0.9708
vn 0.3568 0.0191 0.9340
vn 0.1256 0.0511 0.9908
vn 0.0288 0.0240 0.9993
vn -0.0618 0.0562 0.9965
vn -0.2356 0.0886 0.9678
vn 0.2082 0.0188 0.9779
vn 0.3444 0.0550 0.9372
vn 0.5371 -0.0223 0.8432
vn -0.0017 0.0923 0.9957
vn 0.2490 0.1582 0.9555
vn 0.3433 0.0449 0.9381
vn 0.4526 0.2058 0.8676
vn 0.4010 0.2220 0.8888
vn -0.2302 -0.4575 0.8589
vn 0.1383 -0.6782 0.7218
vn -0.3831 -0.4344 0.8152
vn 0.2833 -0.8567 0.4311
vn 0.3324 -0.8662 0.3731
vn 0.4459 -0.6621 0.6023
vn 0.4730 -0.6218 0.6242
vn 0.3953 -0.8058 0.4409
vn 0.1996 -0.4796 0.8545
vn -0.4862 -0.3244 0.8114
vn -0.1121 0.1273 -0.9855
vn -0.3131 0.3496 -0.8830
vn -0.2839 0.1011 -0.9535
vn -0.0546 -0.0068 -0.9985
vn -0.3793 -0.0369 -0.9245
vn -0.4296 -0.0640 -0.9007
vn -0.3295 0.0030 -0.9442
vn -0.5635 0.0016 -0.8261
vn -0.2044 -0.0403 -0.9781
vn -0.2436 -0.0365 -0.9692
vn -0.4716 0.0587 -0.8798
vn -0.5558 0.0839 -0.8270
vn 0.2953 0.2941 0.9090
vn 0.1911 0.3707 0.9089
vn 0.6131 0.2015 0.7639
vn 0.4618 0.3102 0.8310
vn 0.1388 0.4371 0.8886
vn 0.0993 -0.8749 -0.4741
vn 0.2483 -0.9451 -0.2123
vn 0.3428 -0.9389 0.0302
vn -0.2839 -0.0353 -0.9582
vn -0.6049 -0.0029 -0.7963
vn -0.3149 0.0326 -0.9486
vn -0.4711 -0.1807 -0.8634
vn -0.2812 -0.2549 -0.9252
vn -0.1073 -0.3005 -0.9477
vn -0.3444 -0.3522 -0.8703
vn 0.1395 -0.3383 -0.9306
vn 0.0018 -0.3637 -0.9315
vn 0.6152 0.3203 0.7204
vn 0.3510 0.4191 0.8373
vn 0.0128 0.5028 0.8643
vn 0.2200 0.4827 0.8477
vn -0.1684 0.5452 0.8212
vn -0.1213 -0.5482 -0.8275
vn -0.3512 0.3360 -0.8739
vn -0.4490 -0.0728 -0.8906
vn -0.5059 0.0825 -0.8587
vn -0.3119 0.4312 -0.8466
vn -0.0820 -0.4606 -0.8838
vn 0.0897 -0.6950 -0.7134
vn -0.0229 0.1427 -0.9895
vn -0.1249 -0.0039 -0.9922
vn -0.1743 -0.1905 -0.9661
vn 0.0104 -0.4447 -0.8956
vn -0.0054 -0.4490 -0.8935
vn 0.3407 -0.4484 -0.8264
vn -0.5490 -0.3581 -0.7552
vn -0.4267 -0.4837 -0.7642
vn -0.0687 -0.4974 -0.8648
vn 0.1318 -0.4657 -0.8751
vn -0.1793 -0.4732 -0.8625
vn 0.3652 -0.4729 -0.8018
vn 0.1084 -0.5079 -0.8546
vn -0.1886 0.5731 0.7975
vn -0.1975 0.5413 0.8173
vn 0.1705 -0.5256 -0.8335
vn -0.2934 -0.4601 -0.8380
vn 0.0017 0.5621 0.8270
vn 0.3053 0.5248 0.7946
vn -0.3406 -0.5233 -0.7811
vn -0.1550 -0.5665 -0.8093
vn -0.8175 -0.3253 -0.4752
vn 0.0579 -0.5835 -0.8100
vn -0.4761 -0.5242 -0.7061
vn 0.0697 -0.5823 -0.8100
vn -0.1162 -0.5986 -0.7925
vn 0.3436 0.5494 0.7617
vn -0.1767 -0.6054 -0.7761
vn 0.1263 -0.5856 -0.8007
vn -0.0321 -0.6242 -0.7806
vn -0.5406 -0.5354 -0.6489
vn -0.1574 -0.6333 -0.7578
vn -0.4399 -0.6031 -0.6655
vn -0.2073 -0.6627 -0.7196
vn -0.1070 -0.6414 -0.7597
vn -0.1664 -0.6641 -0.7289
vn 0.1323 0.7249 0.6760
vn 0.2170 0.6979 0.6825
vn 0.2235 0.7556 0.6157
vn 0.6069 0.5998 0.5214
vn 0.3041 0.8022 0.5138
vn -0.1884 -0.6500 -0.7362
vn -0.3911 -0.6424 -0.6591
vn 0.3156 0.7926 0.5217
vn 0.0415 0.9370 0.3470
vn -0.3111 -0.6855 -0.6583
vn -0.3559 0.8698 -0.3417
vn -0.3206 0.9200 -0.2254
vn -0.4872 -0.5600 -0.6701
vn -0.6378 -0.6233 -0.4525
vn -0.8766 -0.4694 -0.1060
vn -0.7577 -0.0889 -0.6465
vn 0.0387 -0.5640 -0.8249
vn -0.6057 -0.3425 -0.7182
vn -0.8572 -0.4129 -0.3078
vn -0.7995 -0.4629 -0.3828
vn -0.1990 -0.1375 -0.9703
vn -0.0342 -0.4153 -0.9090
vn -0.2286 0.1897 -0.9549
vn -0.3628 -0.6887 -0.6278
vn -0.5179 -0.4063 -0.7528
vn -0.5593 0.0069 -0.8290
vn -0.5159 0.5703 -0.6392
vn -0.6117 0.1172 -0.7823
vn -0.4696 0.7352 -0.4889
vn -0.5496 0.3062 -0.7773
vn -0.4153 0.5272 -0.7413
vn 0.0888 -0.1176 0.9891
vn 0.3048 -0.0465 0.9513
vn 0.1290 0.0340 0.9911
vn 0.0626 0.0638 0.9960
vn 0.1954 0.0668 0.9784
vn 0.2530 0.0324 0.9669
vn 0.1213 -0.2998 0.9462
vn 0.1353 -0.4417 0.8869
vn 0.0945 -0.3421 0.9349
vn 0.0334 -0.4350 0.8998
vn -0.0967 -0.2059 0.9738
vn 0.2546 0.1803 0.9501
vn 0.2485 0.2127 0.9450
vn 0.1467 0.2225 0.9638
vn 0.3326 0.2895 0.8975
vn 0.1646 0.2972 0.9405
vn 0.2962 -0.7843 0.5451
vn 0.1601 -0.5880 0.7929
vn -0.3230 0.4528 -0.8311
vn -0.2058 0.3588 -0.9104
vn -0.3690 -0.0500 -0.9281
vn -0.3739 -0.0270 -0.9271
vn 0.0554 -0.0681 -0.9961
vn -0.0410 -0.0440 -0.9982
vn 0.0283 0.0285 -0.9992
vn -0.3608 0.0034 -0.9327
vn -0.2249 0.0174 -0.9742
vn 0.0272 0.0309 -0.9992
vn 0.0566 0.0316 -0.9979
vn 0.4167 0.0115 -0.9090
vn -0.3019 0.0263 -0.9530
vn -0.4880 0.1200 -0.8646
vn -0.3198 0.0829 -0.9439
vn -0.2358 -0.0265 -0.9714
vn -0.0476 -0.1388 -0.9892
vn 0.0473 -0.1214 -0.9915
vn -0.3184 -0.0534 -0.9465
vn -0.0662 -0.1614 -0.9847
vn 0.0340 -0.2582 -0.9655
vn -0.4154 -0.2216 -0.8823
vn 0.0536 0.3839 0.9218
vn -0.2002 0.4779 0.8553
vn 0.4336 -0.8972 0.0837
vn -0.4359 0.3059 -0.8464
vn -0.5456 0.3195 -0.7747
vn -0.2236 -0.2917 -0.9300
vn -0.1112 -0.3038 -0.9462
vn -0.1462 -0.4483 -0.8818
vn -0.3107 -0.3145 -0.8970
vn -0.4782 0.4988 0.7229
vn -0.3375 0.5105 0.7909
vn -0.1560 0.4439 0.8824
vn -0.0640 0.5015 0.8628
vn -0.3756 -0.4777 -0.7941
vn 0.0571 -0.3879 -0.9199
vn -0.2253 -0.4685 -0.8543
vn 0.2036 0.5189 0.8302
vn 0.4276 0.3937 0.8137
vn 0.4238 0.4607 0.7798
vn 0.1883 0.5330 0.8249
vn -0.1468 -0.5095 -0.8479
vn -0.1477 -0.4984 -0.8543
vn 0.1792 0.5301 0.8288
vn -0.3797 -0.4948 -0.7816
vn -0.4613 -0.4631 -0.7568
vn -0.2781 -0.5297 -0.8013
vn -0.0417 -0.5496 -0.8344
vn 0.2464 0.5641 0.7881
vn 0.3054 0.5141 0.8015
vn -0.1874 -0.5694 -0.8004
vn -0.1719 -0.5751 -0.7998
vn -0.3422 -0.5621 -0.7530
vn 0.3836 0.5651 0.7304
vn 0.3086 0.6252 0.7169
vn -0.4059 -0.5777 -0.7081
vn -0.2019 -0.6732 -0.7114
vn 0.1176 0.6557 0.7458
vn -0.3443 -0.6591 -0.6686
vn 0.2629 0.6970 0.6672
vn -0.0211 0.7941 0.6075
vn -0.1450 0.7934 0.5911
vn 0.1105 0.8785 0.4648
vn -0.6431 -0.5560 -0.5266
vn -0.0931 0.8590 0.5034
vn -0.0376 0.8944 0.4458
vn -0.0577 0.9903 0.1264
vn -0.5501 -0.6125 -0.5677
vn -0.4484 -0.7148 -0.5367
vn -0.5796 -0.5347 -0.6150
vn -0.1867 -0.5943 -0.7823
vn -0.3218 -0.5469 -0.7729
vn 0.4432 -0.1657 0.8810
vn 0.3423 -0.1823 0.9217
vn 0.2271 -0.1238 0.9660
vn -0.2991 -0.1016 0.9488
vn 0.3619 -0.1174 0.9248
vn 0.6041 -0.1209 0.7877
vn 0.5017 -0.0741 0.8618
vn 0.0734 -0.0522 0.9959
vn 0.4026 0.0083 0.9153
vn 0.3055 -0.0089 0.9522
vn -0.0819 0.0106 0.9966
vn -0.3745 -0.0060 0.9272
vn 0.2156 0.0530 0.9750
vn 0.3777 0.0214 0.9257
vn 0.1379 0.0326 0.9899
vn 0.3014 -0.0226 0.9532
vn -0.0498 0.0623 0.9968
vn 0.0463 0.1832 0.9820
vn -0.0645 0.2047 0.9767
vn 0.4249 -0.5120 0.7465
vn 0.4362 -0.6373 0.6352
vn 0.4456 -0.3855 0.8080
vn -0.2924 -0.3039 0.9067
vn 0.1053 -0.5662 0.8175
vn 0.5473 -0.2238 0.8064
vn 0.5003 -0.2823 0.8186
vn 0.2475 -0.3882 0.8877
vn -0.1362 0.3185 0.9381
vn -0.2801 0.2096 0.9368
vn -0.5157 0.3242 0.7931
vn -0.3969 0.4073 0.8225
vn -0.5048 0.3917 0.7692
vn 0.2724 -0.7661 0.5821
vn 0.5114 -0.8415 0.1743
vn 0.2087 -0.5724 0.7930
vn 0.4192 -0.7912 0.4453
vn 0.3796 -0.9104 0.1645
vn 0.3991 -0.8910 -0.2166
vn -0.3675 -0.0173 -0.9298
vn -0.5927 -0.0266 -0.8050
vn -0.3511 -0.0222 -0.9361
vn -0.9123 0.0321 -0.4082
vn -0.6971 0.0487 -0.7153
vn -0.7322 0.0993 -0.6739
vn -0.1944 -0.0209 -0.9807
vn 0.1113 -0.0755 -0.9909
vn -0.1463 -0.1088 -0.9832
vn -0.3060 -0.0464 -0.9509
vn -0.3815 0.0136 -0.9243
vn 0.2294 -0.1211 -0.9658
vn -0.3657 -0.1045 -0.9248
vn -0.6575 -0.0215 -0.7532
vn -0.2418 -0.1796 -0.9535
vn -0.2598 -0.1651 -0.9515
vn -0.4996 -0.0241 -0.8659
vn -0.5007 -0.2219 -0.8367
vn -0.3153 -0.2841 -0.9055
vn -0.2471 0.3702 0.8955
vn 0.2773 0.1808 0.9436
vn 0.4579 0.1835 0.8699
vn 0.3213 -0.8264 -0.4624
vn 0.0606 -0.3684 -0.9277
vn -0.0667 0.0254 -0.9974
vn -0.2948 0.2309 -0.9272
vn 0.3066 0.3668 0.8783
vn 0.4569 0.3777 0.8053
vn 0.2585 0.4027 0.8781
vn -0.2138 -0.3812 -0.8994
vn -0.0408 0.5107 0.8588
vn -0.0483 0.5143 0.8563
vn -0.1780 0.5678 0.8037
vn 0.2285 0.5180 0.8243
vn 0.3763 0.4087 0.8315
vn 0.4754 0.4147 0.7759
vn 0.4021 0.4019 0.8227
vn 0.1775 0.5256 0.8320
vn -0.1207 -0.4940 -0.8610
vn -0.0014 -0.5084 -0.8611
vn -0.4409 -0.4892 -0.7525
vn 0.1407 -0.5640 -0.8137
vn -0.2277 -0.5544 -0.8005
vn 0.2224 -0.5627 -0.7962
vn 0.1388 0.5749 0.8064
vn 0.1047 0.5687 0.8159
vn -0.4779 -0.5008 -0.7217
vn 0.0880 -0.5935 -0.8000
vn 0.2999 -0.5576 -0.7741
vn -0.1260 -0.5967 -0.7925
vn 0.4252 0.5272 0.7357
vn 0.4896 0.5212 0.6990
vn 0.0811 0.6407 0.7635
vn 0.3954 0.4853 0.7799
vn -0.2829 -0.5918 -0.7548
vn -0.1285 -0.6172 -0.7762
vn 0.0366 -0.6428 -0.7651
vn 0.1267 -0.6318 -0.7647
vn -0.3696 -0.6020 -0.7078
vn -0.2114 -0.5651 -0.7975
vn 0.1013 -0.5791 -0.8089
vn -0.3921 -0.5959 -0.7008
vn 0.0464 -0.6302 -0.7750
vn -0.1026 -0.6334 -0.7670
vn -0.0522 -0.5562 -0.8294
vn -0.6034 -0.5249 -0.6003
vn -0.8113 -0.3858 -0.4392
vn -0.8431 -0.3525 -0.4061
vn -0.6674 -0.4972 -0.5544
vn -0.3068 -0.6233 -0.7193
vn -0.5811 -0.5358 -0.6126
vn 0.0172 0.6779 0.7349
vn 0.2851 0.6280 0.7241
vn 0.3726 0.5860 0.7195
vn 0.5491 0.5515 0.6280
vn 0.9131 0.2044 0.3528
vn 0.4667 0.5526 0.6906
vn 0.8242 0.4022 0.3986
vn 0.7826 0.5372 0.3145
vn 0.2148 0.7692 0.6018
vn 0.6833 0.5015 0.5307
vn 0.2704 0.9016 0.3377
vn 0.3877 0.7167 0.5797
vn 0.7201 0.5732 0.3910
vn 0.3742 0.8532 0.3634
vn 0.8113 0.5476 0.2049
vn 0.3604 0.9170 0.1709
vn -0.2847 0.8899 0.3564
vn -0.0196 0.9995 0.0232
vn -0.0357 0.9877 0.1521
vn -0.1740 0.9839 -0.0418
vn -0.4584 -0.5571 -0.6925
vn -0.4846 -0.3112 -0.8175
vn -0.4781 0.7568 -0.4457
vn -0.5721 0.3743 -0.7298
vn -0.3339 0.9196 -0.2068
vn -0.6321 0.3401 -0.6963
vn -0.4538 -0.4269 -0.7822
vn -0.6191 0.1600 -0.7688
vn -0.2367 -0.1972 0.9513
vn -0.5814 -0.0620 0.8112
vn -0.0913 -0.0659 0.9936
vn 0.4779 -0.0635 0.8761
vn 0.5780 -0.1661 0.7990
vn 0.3706 -0.2984 0.8795
vn 0.5668 -0.0394 0.8229
vn -0.0110 -0.0021 0.9999
vn 0.3532 0.0016 0.9356
vn 0.5502 0.0014 0.8351
vn 0.2677 0.0398 0.9627
vn 0.1264 0.0302 0.9915
vn 0.0411 0.0101 0.9991
vn 0.1389 0.0698 0.9878
vn 0.2034 0.0007 0.9791
vn 0.3556 0.0204 0.9344
vn -0.1860 0.0985 0.9776
vn 0.2739 0.1520 0.9497
vn 0.1625 0.0944 0.9822
vn 0.4417 0.2003 0.8745
vn 0.4535 0.2491 0.8557
vn -0.4943 0.1133 0.8619
vn -0.2163 0.1426 0.9659
vn 0.2275 0.2148 0.9498
vn 0.2179 0.2317 0.9481
vn 0.3288 0.3466 0.8785
vn -0.2284 0.2397 0.9436
vn -0.3968 -0.3281 0.8573
vn 0.1437 -0.5987 0.7880
vn -0.1977 0.0851 -0.9766
vn -0.2315 0.2227 -0.9470
vn -0.1355 -0.0568 -0.9891
vn -0.1476 -0.0479 -0.9879
vn -0.0782 -0.0376 -0.9962
vn 0.0739 -0.0582 -0.9956
vn -0.3020 -0.0140 -0.9532
vn -0.4776 0.0414 -0.8776
vn 0.3127 -0.0204 -0.9496
vn 0.1645 -0.0342 -0.9858
vn 0.5482 -0.0314 -0.8358
vn 0.3176 -0.0839 -0.9445
vn 0.0749 -0.0203 -0.9970
vn -0.0988 -0.0333 -0.9946
vn 0.2380 -0.6689 0.7043
vn 0.3394 -0.8661 0.3671
vn -0.3053 0.2609 -0.9158
vn -0.1005 0.3814 -0.9189
vn -0.0097 0.4521 -0.8919
vn -0.2056 -0.0522 -0.9772
vn 0.1063 -0.0634 -0.9923
vn -0.4940 -0.0330 -0.8688
vn -0.0617 0.0601 -0.9963
vn -0.3555 0.0069 -0.9347
vn -0.6324 0.0710 -0.7714
vn -0.4994 0.0172 -0.8662
vn -0.4912 0.0299 -0.8705
vn -0.1090 -0.0185 -0.9939
vn 0.1678 -0.1499 -0.9744
vn 0.2237 -0.1823 -0.9574
vn 0.0345 -0.1962 -0.9800
vn 0.2193 -0.2255 -0.9492
vn -0.0366 -0.1873 -0.9816
vn 0.0880 -0.2095 -0.9738
vn -0.0112 -0.2267 -0.9739
vn -0.3037 -0.1583 -0.9395
vn 0.4619 0.2084 0.8621
vn 0.1942 0.3985 0.8964
vn 0.1233 0.3264 0.9372
vn 0.3403 -0.9372 -0.0765
vn 0.2744 -0.7541 -0.5967
vn -0.5874 0.3910 -0.7086
vn 0.0946 -0.4282 -0.8987
vn -0.0602 -0.2190 -0.9739
vn 0.2034 -0.2474 -0.9473
vn -0.0569 0.1161 -0.9916
vn -0.0971 -0.3381 -0.9361
vn -0.2543 -0.3205 -0.9125
vn -0.0400 -0.3876 -0.9210
vn -0.1066 -0.4575 -0.8828
vn 0.0391 0.5233 0.8512
vn -0.1768 -0.4948 -0.8509
vn -0.1012 -0.5226 -0.8466
vn -0.2374 -0.5117 -0.8257
vn 0.0497 0.5050 0.8617
vn -0.3299 -0.5314 -0.7802
vn -0.5291 -0.4898 -0.6929
vn 0.1759 0.5516 0.8153
vn 0.1801 0.5306 0.8283
vn 0.0566 0.5059 0.8607
vn 0.4559 0.4261 0.7814
vn 0.4412 0.4475 0.7778
vn 0.1788 0.5834 0.7923
vn -0.4170 -0.5432 -0.7287
vn -0.5654 -0.4956 -0.6592
vn -0.4480 -0.5483 -0.7062
vn 0.1765 0.5692 0.8030
vn 0.4000 0.5755 0.7133
vn -0.5048 -0.5357 -0.6769
vn 0.0251 -0.5783 -0.8154
vn -0.1418 -0.6330 -0.7610
vn 0.1029 -0.5998 -0.7935
vn 0.3058 0.5858 0.7505
vn 0.0515 -0.5974 -0.8003
vn -0.0651 -0.5765 -0.8145
vn 0.0142 0.7718 0.6357
vn 0.2469 0.6766 0.6938
vn 0.0128 0.8077 0.5895
vn -0.5849 -0.5607 -0.5861
vn -0.3456 -0.5788 -0.7386
vn -0.7425 -0.4625 -0.4845
vn -0.0349 -0.6483 -0.7606
vn -0.4822 -0.6164 -0.6225
vn 0.1787 -0.6483 -0.7401
vn 0.0033 -0.6297 -0.7768
vn -0.4570 -0.2231 -0.8610
vn -0.2300 0.8114 0.5373
vn 0.3480 0.7801 0.5199
vn -0.3175 0.9476 0.0350
vn -0.4269 0.8216 0.3778
vn -0.0899 0.9366 0.3387
vn -0.3119 0.9452 0.0966
vn -0.3146 0.9437 -0.1024
vn 0.2074 -0.2033 0.9569
vn 0.1561 -0.0324 0.9872
vn 0.1892 -0.0943 0.9774
vn -0.0400 -0.0583 0.9975
vn 0.6090 -0.0093 0.7931
vn 0.2212 0.0012 0.9752
vn 0.2087 0.0607 0.9761
vn 0.0685 -0.4731 0.8784
vn 0.2704 -0.3231 0.9069
vn 0.3198 -0.4749 0.8198
vn 0.4299 -0.2438 0.8694
vn -0.0287 -0.1719 0.9847
vn 0.5382 -0.1172 0.8346
vn 0.2404 -0.0797 0.9674
vn 0.0601 0.0783 0.9951
vn -0.0143 0.0713 0.9974
vn 0.2093 -0.0072 0.9778
vn 0.5848 -0.0945 0.8057
vn 0.1842 -0.0138 0.9828
vn 0.5298 -0.0512 0.8466
vn -0.2331 0.0866 0.9686
vn -0.0825 0.0222 0.9963
vn 0.3667 -0.0290 0.9299
vn 0.3011 0.0966 0.9487
vn 0.0204 0.0972 0.9951
vn -0.1826 0.1345 0.9739
vn -0.2351 0.1989 0.9514
vn -0.2357 0.1816 0.9547
vn -0.0110 0.2831 0.9590
vn -0.4645 0.2343 0.8540
vn 0.4035 0.0800 0.9115
vn 0.1820 0.1285 0.9749
vn 0.0033 0.3364 0.9417
vn -0.3793 0.2782 0.8824
vn -0.1874 0.3454 0.9195
vn -0.2381 0.2582 0.9363
vn -0.2227 0.2271 0.9481
vn 0.0994 0.1738 0.9798
vn 0.5357 0.0766 0.8409
vn -0.1122 0.2366 -0.9651
vn -0.1517 0.1928 -0.9694
vn -0.0543 0.1491 -0.9873
vn -0.0949 -0.0338 -0.9949
vn -0.3155 0.0020 -0.9489
vn -0.3716 0.0405 -0.9275
vn -0.2168 -0.0287 -0.9758
vn -0.2156 0.0172 -0.9763
vn -0.2238 -0.0143 -0.9745
vn -0.2655 -0.0388 -0.9633
vn 0.0027 -0.0784 -0.9969
vn -0.0698 -0.1064 -0.9919
vn 0.5204 0.1030 0.8477
vn 0.6010 0.0939 0.7938
vn 0.4492 0.1532 0.8802
vn 0.3786 0.1699 0.9098
vn 0.3945 0.2323 0.8891
vn 0.1237 -0.8488 0.5140
vn 0.0383 0.4230 -0.9053
vn -0.2615 0.4246 -0.8668
vn -0.0783 0.4490 -0.8901
vn -0.2306 0.3760 -0.8975
vn 0.3319 0.2889 -0.8980
vn 0.2655 -0.0341 -0.9635
vn 0.2431 0.4137 0.8774
vn 0.1326 0.3503 0.9272
vn 0.3304 -0.7925 -0.5127
vn 0.4657 -0.8653 -0.1852
vn 0.4410 -0.6733 -0.5935
vn 0.0384 0.1665 -0.9853
vn 0.2243 0.3863 -0.8947
vn 0.0219 0.3660 -0.9304
vn 0.1421 0.1105 -0.9837
vn -0.1120 0.4329 -0.8945
vn -0.4316 -0.2227 -0.8741
vn -0.4291 -0.2968 -0.8531
vn -0.5475 -0.1940 -0.8140
vn -0.5471 -0.3154 -0.7754
vn -0.3967 -0.3726 -0.8389
vn -0.2235 -0.4620 -0.8583
vn -0.2242 -0.5429 -0.8093
vn 0.1614 0.4963 0.8530
vn 0.1992 0.4999 0.8428
vn 0.2292 0.4608 0.8574
vn -0.1941 -0.4986 -0.8448
vn 0.4090 0.4098 0.8154
vn 0.1997 0.4935 0.8465
vn 0.4879 0.4257 0.7621
vn -0.0312 0.5874 0.8087
vn 0.4559 0.4998 0.7365
vn 0.2963 0.5552 0.7771
vn -0.0741 0.6445 0.7610
vn 0.0938 0.5655 0.8194
vn -0.1001 0.6202 0.7780
vn 0.1862 0.6929 0.6966
vn -0.2444 0.6531 0.7168
vn 0.2342 0.5618 0.7934
vn 0.2894 0.6225 0.7272
vn -0.1414 0.7238 0.6753
vn -0.0554 0.7275 0.6839
vn -0.1452 0.7708 0.6203
vn -0.1018 0.7782 0.6197
vn 0.2585 0.7072 0.6580
vn 0.1858 0.6737 0.7153
vn 0.1274 0.8148 0.5656
vn -0.0224 0.8079 0.5889
vn 0.1539 0.7780 0.6091
vn -0.2095 0.8233 0.5275
vn 0.2633 0.8156 0.5152
vn 0.2509 0.8309 0.4966
vn 0.4110 0.7589 0.5051
vn -0.0975 0.9176 0.3855
vn -0.2635 0.8853 0.3831
vn -0.0527 0.9585 0.2801
vn -0.3017 0.9531 0.0235
vn -0.0014 0.9719 0.2353
vn -0.3671 0.9111 -0.1874
vn -0.5557 0.5944 -0.5812
vn -0.2938 -0.1191 0.9484
vn -0.2090 -0.0617 0.9760
vn -0.2507 -0.1002 0.9629
vn -0.2563 -0.0599 0.9647
vn 0.0270 -0.0068 0.9996
vn 0.0234 -0.1886 0.9818
vn 0.0604 0.0285 0.9978
vn 0.0628 0.0235 0.9977
vn 0.1966 -0.0848 0.9768
vn 0.0643 0.0775 0.9949
vn -0.0396 0.0048 0.9992
vn -0.1805 0.0527 0.9822
vn -0.0941 0.0842 0.9920
vn -0.1293 -0.2842 0.9500
vn -0.0612 -0.4206 0.9052
vn -0.1630 -0.3553 0.9204
vn 0.0168 -0.2433 0.9698
vn 0.2915 -0.2821 0.9140
vn 0.2881 -0.1562 0.9448
vn -0.1377 0.0730 0.9878
vn -0.0818 0.0474 0.9955
vn -0.0180 0.0622 0.9979
vn -0.2847 0.1213 0.9509
vn 0.2944 -0.0030 0.9557
vn 0.5283 0.0265 0.8487
vn 0.4132 0.0409 0.9097
vn 0.3757 0.0953 0.9218
vn 0.4345 0.0580 0.8988
vn 0.0634 0.2292 0.9713
vn 0.1348 0.2248 0.9650
vn 0.4505 0.1323 0.8829
vn 0.1081 -0.5115 0.8525
vn -0.3276 -0.4565 0.8272
vn -0.3356 -0.5024 0.7969
vn -0.4824 -0.4547 0.7487
vn 0.2712 -0.4115 0.8701
vn -0.2029 0.2645 -0.9428
vn -0.1351 0.0261 -0.9905
vn -0.2223 -0.0191 -0.9748
vn -0.2684 -0.0143 -0.9632
vn -0.1830 0.0094 -0.9831
vn -0.4830 0.0305 -0.8751
vn -0.0711 -0.0057 -0.9975
vn -0.4520 0.0296 -0.8915
vn -0.5545 -0.0246 -0.8319
vn -0.3744 -0.0537 -0.9257
vn -0.5161 0.0179 -0.8563
vn 0.3315 -0.0568 -0.9417
vn 0.0520 -0.0744 -0.9959
vn 0.0610 -0.0646 -0.9960
vn 0.0743 -0.0997 -0.9922
vn -0.2267 -0.0875 -0.9700
vn 0.2535 -0.1194 -0.9600
vn 0.4557 -0.0729 -0.8871
vn 0.1162 -0.1372 -0.9837
vn 0.0169 -0.0787 -0.9968
vn -0.2662 -0.1041 -0.9583
vn -0.0674 -0.1611 -0.9846
vn 0.1013 -0.1800 -0.9784
vn -0.2154 -0.2118 -0.9533
vn 0.1030 0.3020 0.9477
vn 0.1739 0.3603 0.9165
vn 0.0177 0.3235 0.9460
vn 0.2676 0.2752 0.9234
vn -0.1306 -0.6702 0.7306
vn 0.0821 -0.7188 0.6903
vn -0.3054 0.5177 -0.7992
vn -0.1380 0.4855 -0.8633
vn -0.5718 0.3217 -0.7547
vn -0.7701 0.3231 -0.5500
vn -0.5167 0.4800 -0.7089
vn -0.0804 0.3390 -0.9373
vn 0.2903 0.4747 -0.8309
vn 0.2322 0.4434 -0.8657
vn 0.1607 0.3130 -0.9360
vn -0.4807 0.3656 -0.7970
vn -0.3566 0.2789 -0.8917
vn 0.0533 0.3896 -0.9194
vn -0.0620 0.3268 -0.9431
vn -0.0168 -0.2318 -0.9726
vn 0.1841 -0.2901 -0.9391
vn -0.6506 -0.1772 -0.7384
vn -0.3742 -0.2334 -0.8975
vn 0.0925 -0.2821 -0.9549
vn 0.0555 -0.3485 -0.9357
vn 0.4002 0.3391 0.8514
vn 0.3001 0.4087 0.8619
vn -0.0005 -0.8748 0.4845
vn 0.4288 -0.8972 0.1052
vn 0.5597 -0.8038 0.2015
vn 0.5935 -0.7540 -0.2815
vn 0.4819 -0.5548 -0.6782
vn 0.2298 -0.1774 -0.9569
vn -0.1299 0.2832 -0.9502
vn -0.0236 0.3262 -0.9450
vn 0.3908 0.4384 -0.8094
vn 0.0863 0.2132 -0.9732
vn 0.1654 0.4917 -0.8549
vn 0.1303 0.0771 -0.9885
vn -0.6968 0.3550 -0.6233
vn -0.4592 0.4611 -0.7593
vn -0.6629 0.2728 -0.6973
vn -0.8399 0.3295 -0.4312
vn -0.8470 0.3556 -0.3950
vn -0.9394 0.1168 -0.3223
vn 0.6790 0.3741 -0.6316
vn 0.2926 0.5125 -0.8073
vn -0.1976 -0.3109 -0.9297
vn 0.1908 -0.3978 -0.8974
vn 0.0431 -0.3812 -0.9235
vn -0.1578 -0.4148 -0.8961
vn -0.0498 -0.2973 -0.9535
vn -0.0592 -0.4098 -0.9103
vn 0.2418 -0.5160 -0.8217
vn -0.0480 -0.5660 -0.8230
vn 0.1581 0.5045 0.8488
vn 0.1821 0.5235 0.8324
vn 0.3318 0.5401 0.7734
vn 0.2024 0.6117 0.7648
vn 0.7226 0.3454 0.5987
vn 0.5445 0.4632 0.6992
vn 0.4164 0.5799 0.7002
vn 0.4574 0.5414 0.7054
vn 0.7212 0.3935 0.5702
vn 0.2279 0.6702 0.7063
vn 0.1448 0.6351 0.7588
vn 0.4995 0.5328 0.6832
vn -0.0629 0.8316 0.5518
vn 0.2968 0.7102 0.6383
vn -0.0393 0.7502 0.6600
vn 0.0461 0.7801 0.6240
vn -0.3368 0.7788 0.5292
vn -0.1904 0.9538 0.2326
vn -0.2052 0.8974 0.3906
vn -0.3670 0.9219 -0.1241
vn 0.0033 -0.1022 0.9948
vn 0.0484 -0.2276 0.9726
vn 0.0781 0.0178 0.9968
vn 0.2615 -0.1771 0.9488
vn 0.1220 0.0405 0.9917
vn 0.2364 -0.0194 0.9715
vn 0.0790 0.0949 0.9923
vn 0.1625 0.1382 0.9770
vn 0.2749 0.1093 0.9552
vn -0.1829 0.0898 0.9790
vn 0.2737 0.0278 0.9614
vn 0.1704 0.0322 0.9848
vn 0.4277 -0.0135 0.9038
vn 0.3756 -0.0108 0.9267
vn 0.0951 0.0485 0.9943
vn 0.0548 0.0204 0.9983
vn 0.0006 0.1420 0.9899
vn -0.0154 0.1072 0.9941
vn -0.1281 -0.3208 0.9384
vn 0.3210 -0.3347 0.8860
vn -0.0921 -0.2576 0.9618
vn 0.1040 -0.3133 0.9439
vn -0.1965 -0.2007 0.9597
vn 0.3009 -0.2400 0.9230
vn 0.2512 0.1826 0.9506
vn -0.1797 0.3037 0.9357
vn 0.0399 0.1934 0.9803
vn 0.0015 0.3161 0.9487
vn 0.0908 0.1923 0.9771
vn -0.0242 -0.6108 0.7914
vn 0.3324 -0.4552 0.8260
vn -0.2531 -0.6170 0.7451
vn 0.4643 -0.4249 0.7771
vn 0.7033 -0.3137 0.6380
vn 0.7273 -0.4531 0.5155
vn -0.1055 -0.5142 0.8512
vn -0.0765 0.3646 -0.9280
vn -0.2504 0.1745 -0.9523
vn -0.1382 0.0352 -0.9898
vn -0.2311 0.0608 -0.9710
vn -0.2177 -0.0286 -0.9756
vn -0.0726 -0.0147 -0.9973
vn -0.1685 0.0334 -0.9851
vn 0.0740 -0.0574 -0.9956
vn 0.0546 -0.0433 -0.9976
vn 0.1661 -0.0473 -0.9850
vn -0.5283 0.0213 -0.8488
vn -0.3632 -0.0134 -0.9316
vn -0.1568 -0.0841 -0.9840
vn -0.6526 -0.0030 -0.7577
vn -0.2768 0.0133 -0.9608
vn 0.2737 -0.0217 -0.9616
vn 0.2032 -0.0615 -0.9772
vn 0.3320 0.2625 0.9060
vn 0.1723 0.4033 0.8987
vn 0.0265 0.3002 0.9535
vn -0.0043 0.4030 0.9152
vn 0.6780 -0.5822 0.4487
vn 0.6830 -0.4039 0.6086
vn 0.3028 -0.6264 0.7183
vn -0.0092 -0.7555 0.6551
vn -0.3983 -0.5684 0.7199
vn -0.3717 -0.7452 0.5536
vn -0.3080 -0.6544 0.6905
vn -0.0590 -0.6444 0.7624
vn -0.1516 0.4807 -0.8637
vn -0.0330 0.5114 -0.8587
vn -0.0836 -0.1923 -0.9778
vn -0.0587 -0.2752 -0.9596
vn 0.1688 -0.3146 -0.9341
vn 0.1159 -0.3890 -0.9139
vn -0.0649 -0.4041 -0.9124
vn 0.0023 0.4002 0.9164
vn 0.8195 -0.5195 0.2422
vn 0.4931 -0.5486 -0.6751
vn 0.5850 -0.8013 0.1254
vn 0.5709 -0.7313 -0.3731
vn 0.4194 -0.2933 -0.8591
vn 0.1763 -0.9499 0.2580
vn 0.2952 -0.9554 -0.0008
vn 0.4921 -0.7822 -0.3820
vn -0.1330 -0.8157 0.5630
vn 0.4578 -0.8800 0.1263
vn -0.1599 0.5677 -0.8075
vn -0.0220 0.4205 -0.9070
vn 0.2246 -0.4652 -0.8562
vn 0.1834 -0.4684 -0.8643
vn -0.2820 -0.4397 -0.8527
vn -0.3911 -0.4651 -0.7942
vn -0.3343 -0.4737 -0.8148
vn -0.1920 -0.5168 -0.8343
vn -0.0830 -0.6002 -0.7955
vn 0.1627 0.5589 0.8132
vn 0.3998 0.5004 0.7679
vn 0.1846 0.5490 0.8152
vn 0.1693 0.6165 0.7690
vn -0.3429 -0.5969 -0.7253
vn -0.3178 -0.6142 -0.7224
vn 0.2463 0.6243 0.7413
vn 0.1565 0.7163 0.6800
vn 0.4657 0.5343 0.7054
vn 0.5273 0.6071 0.5945
vn 0.1894 0.8078 0.5581
vn 0.6984 0.4999 0.5122
vn 0.5339 0.6747 0.5096
vn 0.4988 0.5860 0.6386
vn 0.4215 0.7234 0.5469
vn -0.2192 -0.6046 -0.7658
vn -0.0553 0.9659 0.2528
vn 0.1719 0.9291 0.3275
vn 0.4323 0.7925 0.4302
vn 0.0701 0.9125 0.4030
vn -0.1455 0.9705 0.1924
vn -0.3660 0.9273 -0.0782
vn -0.3647 0.9020 0.2309
vn -0.5516 0.7058 -0.4444
vn -0.5884 0.3521 -0.7278
vn -0.6233 0.5507 -0.5552
vn 0.6164 -0.2301 0.7531
vn 0.2702 -0.2682 0.9247
vn 0.0376 -0.1278 0.9911
vn -0.3765 -0.2059 0.9033
vn -0.5728 -0.1019 0.8133
vn -0.1527 -0.0321 0.9878
vn -0.4767 -0.1022 0.8731
vn -0.3785 -0.2006 0.9036
vn 0.0011 0.0010 1.0000
vn -0.0838 -0.1411 0.9864
vn 0.2798 -0.0816 0.9566
vn 0.2633 -0.0179 0.9645
vn 0.2303 -0.0082 0.9731
vn 0.0490 -0.0059 0.9988
vn 0.2907 0.0035 0.9568
vn 0.2687 -0.0338 0.9626
vn 0.2315 -0.0320 0.9723
vn 0.2092 0.0041 0.9779
vn 0.2953 0.0068 0.9554
vn 0.4110 0.0327 0.9111
vn 0.2954 0.0319 0.9548
vn 0.0723 0.0120 0.9973
vn 0.1129 0.0836 0.9901
vn -0.0465 -0.2853 0.9573
vn -0.2108 -0.3902 0.8963
vn -0.1944 -0.3828 0.9032
vn -0.0273 0.1315 0.9909
vn 0.1015 0.1814 0.9781
vn -0.2178 0.2681 0.9385
vn 0.1653 0.2571 0.9522
vn 0.1646 -0.5921 0.7889
vn -0.1606 -0.4425 0.8823
vn 0.3681 -0.5657 0.7379
vn -0.2519 0.3350 -0.9079
vn -0.5792 0.1340 -0.8041
vn 0.0094 0.0137 -0.9999
vn -0.3443 -0.0125 -0.9388
vn -0.1792 -0.0052 -0.9838
vn -0.1715 -0.1377 -0.9755
vn -0.0265 -0.1418 -0.9895
vn -0.0519 -0.1958 -0.9793
vn -0.1442 -0.1916 -0.9708
vn -0.3335 0.3221 0.8860
vn -0.2150 0.3699 0.9039
vn -0.0421 0.3588 0.9325
vn 0.4199 -0.6921 0.5871
vn 0.5891 -0.5055 0.6304
vn -0.2709 -0.6163 0.7395
vn 0.4086 -0.6996 0.5862
vn -0.0311 0.5196 -0.8539
vn -0.0810 0.4783 -0.8745
vn -0.1768 0.5303 -0.8292
vn -0.0196 0.4015 0.9157
vn 0.2330 0.2938 0.9270
vn 0.5274 -0.7844 0.3265
vn 0.4078 -0.9034 0.1325
vn 0.4692 -0.7824 -0.4096
vn 0.3192 -0.8080 0.4953
vn -0.0937 -0.7613 0.6415
vn -0.0617 0.4944 -0.8670
vn -0.4047 0.3804 -0.8316
vn -0.1621 -0.3151 -0.9351
vn 0.0237 -0.4282 -0.9034
vn -0.0720 0.4942 0.8663
vn -0.2126 0.4409 0.8720
vn 0.1796 -0.2329 -0.9558
vn 0.4625 -0.8837 0.0714
vn 0.2920 0.0193 -0.9562
vn 0.1319 0.0893 -0.9872
vn -0.0015 0.2869 -0.9580
vn -0.4159 0.1588 -0.8954
vn -0.0672 -0.4306 -0.9000
vn 0.0825 -0.4294 -0.8993
vn -0.2936 -0.4679 -0.8336
vn 0.1238 -0.4799 -0.8686
vn 0.1393 0.5520 0.8221
vn 0.2885 -0.4854 -0.8253
vn 0.0862 -0.5291 -0.8441
vn -0.3653 -0.5315 -0.7642
vn -0.2616 -0.5286 -0.8075
vn -0.1614 -0.5708 -0.8051
vn 0.1759 0.5173 0.8376
vn -0.1098 -0.5736 -0.8117
vn -0.2791 -0.5817 -0.7640
vn 0.1578 0.6199 0.7687
vn -0.1352 -0.6391 -0.7571
vn -0.2474 -0.5621 -0.7892
vn 0.0571 0.6333 0.7718
vn -0.1479 0.6334 0.7596
vn -0.1226 -0.6087 -0.7839
vn 0.3030 0.5381 0.7865
vn 0.2660 0.5601 0.7845
vn -0.1735 0.6821 0.7104
vn -0.2955 0.6731 0.6779
vn -0.0978 0.7594 0.6432
vn -0.2707 0.7599 0.5910
vn -0.4845 0.7964 0.3620
vn -0.0201 0.8635 0.5040
vn 0.2972 0.6848 0.6653
vn -0.1864 0.8326 0.5215
vn -0.3865 0.9008 0.1979
vn -0.5060 0.7684 0.3918
vn -0.1684 0.9061 0.3882
vn -0.0296 0.9646 0.2619
vn 0.2084 0.8618 0.4624
vn 0.4579 0.7251 0.5144
vn -0.2969 -0.5527 -0.7787
vn -0.5281 0.8319 -0.1708
vn -0.4784 0.8557 -0.1973
vn -0.1722 0.9748 0.1421
vn -0.6996 0.2366 -0.6742
vn -0.1316 -0.1536 0.9793
vn 0.0835 -0.2633 0.9611
vn -0.0590 -0.1626 0.9849
vn 0.5401 -0.1831 0.8215
vn 0.1556 -0.1369 0.9783
vn 0.5585 -0.1901 0.8075
vn 0.0709 -0.0790 0.9943
vn 0.1304 -0.1277 0.9832
vn 0.4134 -0.0151 0.9104
vn 0.2071 0.0007 0.9783
vn 0.3551 0.0189 0.9346
vn 0.0415 0.0390 0.9984
vn 0.0655 0.0720 0.9952
vn -0.0488 0.0736 0.9961
vn 0.0701 0.1502 0.9862
vn -0.1478 0.1382 0.9793
vn 0.2775 -0.2635 0.9239
vn 0.5937 -0.2859 0.7522
vn -0.1504 -0.4027 0.9029
vn 0.3022 -0.3608 0.8823
vn 0.3534 -0.3211 0.8787
vn 0.7945 -0.2411 0.5574
vn 0.0029 0.2602 0.9656
vn 0.2185 0.1654 0.9617
vn 0.4411 0.0945 0.8925
vn 0.3310 0.2386 0.9130
vn 0.0023 0.3127 0.9498
vn 0.4392 0.2160 0.8720
vn 0.3729 0.3192 0.8712
vn -0.4369 0.2565 0.8622
vn 0.0467 0.3372 0.9403
vn -0.2012 -0.5351 0.8205
vn 0.3812 -0.4308 0.8180
vn 0.4301 -0.4496 0.7829
vn 0.5260 -0.5918 0.6108
vn -0.5343 0.2179 -0.8167
vn 0.0995 0.2518 -0.9626
vn -0.4165 0.1832 -0.8905
vn -0.0901 0.4245 -0.9010
vn 0.1801 0.2262 -0.9573
vn 0.3935 0.3714 -0.8410
vn -0.2093 0.1209 -0.9704
vn 0.1651 0.1397 -0.9763
vn 0.5609 0.2262 -0.7964
vn 0.3877 0.1069 -0.9156
vn -0.0088 0.0597 -0.9982
vn 0.1117 -0.0032 -0.9937
vn 0.0568 -0.0083 -0.9984
vn -0.1046 -0.0411 -0.9937
vn 0.1661 -0.0453 -0.9851
vn -0.1051 0.0232 -0.9942
vn 0.1427 -0.0064 -0.9898
vn -0.0198 -0.0390 -0.9990
vn 0.3597 -0.0240 -0.9328
vn -0.0541 -0.1414 -0.9885
vn -0.0603 -0.0781 -0.9951
vn -0.0202 0.3572 0.9338
vn 0.4792 0.3086 0.8217
vn 0.1949 0.2710 0.9426
vn 0.1952 0.3255 0.9252
vn 0.3649 0.3076 0.8787
vn -0.3997 -0.5868 0.7042
vn 0.2936 -0.6919 0.6596
vn 0.1637 -0.5347 0.8290
vn -0.0888 0.4876 -0.8685
vn 0.2217 0.3714 -0.9016
vn 0.1251 0.5095 -0.8513
vn -0.2369 -0.2140 -0.9477
vn 0.2043 0.3474 0.9152
vn 0.0839 0.3583 0.9298
vn 0.2883 0.3713 0.8826
vn 0.1648 -0.8777 0.4499
vn 0.4931 -0.6453 0.5834
vn -0.2400 0.5009 -0.8316
vn 0.7502 0.3254 -0.5757
vn 0.1275 -0.3433 -0.9305
vn -0.2169 -0.4399 -0.8715
vn 0.0569 -0.4218 -0.9049
vn 0.1426 0.4596 0.8766
vn 0.2487 0.4346 0.8656
vn 0.5979 -0.3210 -0.7345
vn 0.4543 -0.0018 -0.8909
vn -0.4032 0.2236 -0.8874
vn 0.2687 -0.8157 0.5122
vn 0.3628 -0.7254 0.5849
vn -0.7938 0.1797 -0.5809
vn -0.7607 0.2256 -0.6087
vn 0.5594 0.2963 -0.7741
vn 0.4975 -0.2548 -0.8292
vn 0.0221 0.2008 -0.9794
vn -0.1433 0.5230 -0.8402
vn -0.1067 -0.5018 -0.8584
vn -0.2386 0.4902 0.8383
vn 0.2499 0.5216 0.8158
vn -0.0345 0.5276 0.8488
vn -0.2578 0.5591 0.7880
vn -0.2182 0.5565 0.8017
vn 0.2830 0.5407 0.7922
vn 0.1242 0.5587 0.8200
vn -0.0059 0.5311 0.8473
vn 0.0572 0.5887 0.8063
vn -0.0655 0.5524 0.8310
vn 0.0283 0.5842 0.8111
vn -0.1693 0.6440 0.7461
vn -0.1615 0.6479 0.7444
vn -0.1789 0.6357 0.7509
vn -0.2574 0.6525 0.7127
vn -0.2192 -0.5348 -0.8160
vn 0.1901 0.5724 0.7977
vn 0.3064 0.5331 0.7886
vn 0.5598 0.4554 0.6923
vn 0.2838 0.6163 0.7346
vn 0.5909 0.5264 0.6114
vn 0.4766 0.7099 0.5186
vn 0.1371 0.7726 0.6199
vn -0.0847 0.6931 0.7159
vn 0.0919 0.9267 0.3645
vn -0.2679 0.9278 0.2595
vn -0.3720 0.8718 0.3186
vn -0.4038 0.9117 -0.0751
vn -0.6433 0.6252 -0.4419
vn 0.6610 -0.2524 0.7067
vn 0.1413 -0.3320 0.9326
vn 0.4253 -0.3517 0.8339
vn 0.6568 -0.3196 0.6829
vn 0.2358 -0.2286 0.9445
vn 0.0999 -0.2509 0.9628
vn 0.3564 -0.1568 0.9211
vn 0.2140 -0.1500 0.9652
vn 0.0670 -0.2838 0.9566
vn -0.0784 -0.2737 0.9586
vn 0.1489 -0.1251 0.9809
vn 0.0193 -0.2068 0.9782
vn -0.1144 -0.1056 0.9878
vn -0.5382 -0.1090 0.8358
vn -0.4314 0.0185 0.9020
vn -0.1009 0.0252 0.9946
vn -0.1673 0.0748 0.9831
vn -0.4474 0.1275 0.8852
vn -0.4361 0.1009 0.8942
vn -0.1570 0.0333 0.9870
vn 0.1400 -0.0653 0.9880
vn 0.1207 0.0079 0.9927
vn -0.0979 0.0735 0.9925
vn -0.2685 0.1267 0.9549
vn -0.4106 0.1232 0.9034
vn -0.2717 -0.3226 0.9067
vn -0.1861 -0.3845 0.9042
vn 0.0143 -0.3777 0.9258
vn 0.5089 -0.3007 0.8066
vn 0.4255 -0.3983 0.8126
vn 0.3493 -0.4013 0.8467
vn 0.8129 -0.2590 0.5216
vn -0.0237 -0.2988 0.9540
vn -0.3591 0.2285 0.9049
vn -0.2986 0.2503 0.9210
vn 0.1770 0.2648 0.9479
vn 0.1295 0.3237 0.9372
vn 0.0310 0.2257 0.9737
vn -0.1003 0.2818 0.9542
vn -0.1934 0.2803 0.9402
vn 0.1976 -0.5131 0.8353
vn 0.2649 -0.4351 0.8605
vn -0.3145 -0.3412 0.8858
vn 0.2269 -0.3987 0.8886
vn -0.0755 -0.3976 0.9145
vn -0.1055 0.3298 -0.9381
vn 0.1484 0.2294 -0.9619
vn 0.0550 0.2129 -0.9755
vn -0.1891 0.0857 -0.9782
vn -0.1380 0.0729 -0.9877
vn -0.1916 0.1002 -0.9764
vn -0.2211 0.0475 -0.9741
vn -0.0973 -0.0176 -0.9951
vn -0.1320 -0.0120 -0.9912
vn -0.2285 -0.0649 -0.9714
vn -0.1045 -0.0995 -0.9895
vn -0.1552 -0.1541 -0.9758
vn -0.0549 -0.2139 -0.9753
vn 0.2950 -0.3103 -0.9037
vn 0.1493 -0.2623 -0.9534
vn -0.1694 0.3425 0.9241
vn -0.0024 0.3389 0.9408
vn 0.2560 -0.6794 0.6877
vn -0.2048 -0.5513 0.8088
vn -0.1468 -0.4604 0.8755
vn -0.3779 -0.4412 0.8140
vn -0.3135 -0.5055 0.8039
vn 0.2555 -0.6394 0.7252
vn 0.5303 -0.4529 0.7167
vn 0.6208 -0.4055 0.6710
vn 0.3105 -0.4858 0.8171
vn 0.6594 -0.4030 0.6347
vn -0.1033 0.5491 -0.8294
vn -0.0126 0.3777 -0.9258
vn 0.4973 -0.2976 -0.8150
vn 0.4304 -0.3094 -0.8480
vn 0.0057 -0.3026 -0.9531
vn 0.1801 -0.3329 -0.9256
vn 0.4982 -0.3447 -0.7956
vn -0.2026 -0.3623 -0.9098
vn -0.1838 -0.3214 -0.9289
vn -0.0387 -0.3863 -0.9216
vn 0.2448 -0.4018 -0.8824
vn -0.0617 0.3618 0.9302
vn 0.1257 0.3904 0.9120
vn 0.3778 0.2824 0.8818
vn 0.3385 0.3093 0.8887
vn 0.0117 0.4297 0.9029
vn -0.1699 0.4967 0.8511
vn 0.2225 -0.6450 0.7311
vn 0.0633 -0.4590 -0.8862
vn -0.0446 -0.4811 -0.8755
vn 0.3079 -0.4388 -0.8442
vn -0.0291 0.4541 0.8905
vn 0.6415 -0.7632 -0.0774
vn 0.4903 -0.7855 0.3776
vn 0.5237 -0.5612 -0.6409
vn 0.6696 -0.5500 -0.4991
vn -0.1869 0.5547 0.8108
vn 0.6610 -0.2966 -0.6892
vn 0.5298 -0.1244 -0.8390
vn -0.4837 0.3751 -0.7908
vn -0.0997 -0.5242 -0.8457
vn 0.0405 0.5069 0.8610
vn -0.3376 0.5848 0.7376
vn -0.1340 0.5917 0.7950
vn -0.0643 0.6322 0.7721
vn 0.2126 0.5372 0.8162
vn -0.2383 -0.5242 -0.8176
vn 0.2818 0.5253 0.8029
vn 0.3856 0.4367 0.8128
vn 0.0425 0.5528 0.8322
vn -0.3092 -0.5557 -0.7718
vn 0.0831 0.6066 0.7907
vn -0.5495 -0.4740 -0.6880
vn -0.5489 -0.3139 -0.7747
vn -0.5693 -0.4419 -0.6932
vn -0.4464 -0.4209 -0.7897
vn -0.1742 -0.5890 -0.7891
vn -0.3536 0.7500 0.5590
vn -0.6399 0.7522 -0.1575
vn -0.6960 0.1655 -0.6987
vn -0.3541 -0.2482 0.9016
vn -0.8057 -0.0662 0.5886
vn -0.7549 0.0218 0.6554
vn -0.5271 -0.0141 0.8497
vn -0.0242 -0.0487 0.9985
vn 0.5835 -0.1739 0.7933
vn 0.3505 -0.2660 0.8980
vn 0.3203 -0.0866 0.9433
vn 0.3813 -0.0845 0.9206
vn -0.1063 -0.0172 0.9942
vn 0.3761 -0.0375 0.9258
vn 0.1819 0.0782 0.9802
vn 0.2283 0.0990 0.9685
vn -0.3212 0.1630 0.9329
vn 0.1471 0.1566 0.9767
vn 0.1265 0.1658 0.9780
vn 0.3606 0.1678 0.9175
vn 0.2298 0.2311 0.9454
vn -0.0798 0.1751 0.9813
vn -0.2592 0.1749 0.9498
vn -0.1194 -0.4329 0.8935
vn -0.0627 -0.4186 0.9060
vn -0.0321 -0.3728 0.9274
vn -0.0583 -0.3856 0.9208
vn -0.4732 -0.2391 0.8479
vn 0.4751 0.1748 0.8624
vn 0.4697 0.2203 0.8549
vn -0.0330 0.1839 0.9824
vn -0.1896 0.2845 0.9397
vn 0.0880 0.3683 0.9255
vn -0.2862 -0.3203 0.9030
vn -0.5104 -0.3105 0.8019
vn 0.1206 -0.4661 0.8765
vn -0.0408 -0.4585 0.8877
vn -0.1936 0.1693 -0.9664
vn 0.0400 0.0097 -0.9992
vn -0.2837 -0.0088 -0.9589
vn 0.1036 -0.0079 -0.9946
vn 0.3170 0.0081 -0.9484
vn -0.1299 0.3451 0.9295
vn -0.3022 0.3785 0.8749
vn -0.0159 0.3737 0.9274
vn 0.2774 -0.5463 0.7903
vn 0.4503 -0.5309 0.7179
vn -0.1611 -0.5017 0.8499
vn -0.3927 -0.3818 0.8367
vn 0.1653 -0.4137 0.8953
vn -0.4397 -0.3991 0.8046
vn -0.6798 -0.2960 0.6710
vn 0.0944 -0.5088 0.8557
vn 0.2168 -0.5725 0.7907
vn -0.0150 -0.2802 -0.9598
vn -0.2131 -0.1761 -0.9610
vn 0.0222 -0.3299 -0.9438
vn -0.2196 0.4791 0.8499
vn -0.1258 0.4112 0.9028
vn 0.1072 0.3528 0.9295
vn 0.2123 -0.6213 0.7543
vn 0.0713 -0.6302 0.7732
vn 0.2234 -0.6182 0.7536
vn 0.0380 0.4664 -0.8837
vn -0.1692 0.5293 -0.8314
vn -0.0728 0.4933 -0.8668
vn 0.0590 0.5455 -0.8360
vn -0.1948 0.5786 -0.7920
vn 0.0724 0.6641 -0.7441
vn -0.2706 0.4358 -0.8584
vn 0.0820 -0.3825 -0.9203
vn -0.3576 -0.3577 -0.8626
vn -0.3819 -0.3746 -0.8449
vn 0.0502 -0.4331 -0.8999
vn -0.0832 -0.4260 -0.9009
vn -0.2595 -0.3966 -0.8806
vn -0.0927 -0.3410 -0.9355
vn 0.0250 0.4890 0.8719
vn 0.4244 0.4102 0.8072
vn 0.3686 0.3959 0.8411
vn 0.2603 0.4822 0.8365
vn 0.3898 -0.6785 0.6227
vn 0.6325 -0.7081 0.3139
vn 0.2588 0.3094 -0.9150
vn -0.4364 -0.3734 -0.8186
vn -0.3140 -0.4840 -0.8168
vn 0.2696 0.4971 0.8247
vn 0.7806 -0.6186 -0.0892
vn 0.5299 0.0655 -0.8455
vn 0.4158 0.4082 -0.8127
vn 0.1600 0.3204 -0.9337
vn 0.1435 0.3208 -0.9362
vn -0.1780 0.5225 -0.8338
vn -0.0975 0.5251 -0.8454
vn 0.6745 0.4541 -0.5820
vn -0.4169 0.5794 -0.7004
vn 0.1101 0.6352 -0.7645
vn -0.0905 -0.4578 -0.8844
vn -0.5590 -0.3834 -0.7352
vn -0.6922 -0.3391 -0.6371
vn 0.0649 0.5421 0.8378
vn -0.0013 0.5153 0.8570
vn -0.3384 -0.4629 -0.8193
vn 0.0576 0.5217 0.8512
vn -0.1814 -0.5105 -0.8405
vn -0.1022 -0.5400 -0.8354
vn 0.0303 0.5455 0.8376
vn 0.0136 0.6128 0.7901
vn 0.1447 0.5194 0.8422
vn -0.0296 -0.5480 -0.8360
vn -0.3848 -0.5039 -0.7733
vn -0.2428 -0.5586 -0.7931
vn 0.1845 0.5396 0.8215
vn -0.0573 -0.5497 -0.8334
vn -0.3778 -0.4954 -0.7822
vn -0.2545 -0.4595 -0.8509
vn -0.0980 -0.5477 -0.8309
vn 0.1070 -0.5158 -0.8500
vn -0.0673 -0.5721 -0.8174
vn 0.4844 -0.4857 -0.7276
vn 0.1886 -0.5644 -0.8037
vn 0.1496 -0.5954 -0.7894
vn -0.5767 0.8166 0.0226
vn -0.5704 -0.2962 -0.7661
vn -0.5378 -0.3422 -0.7705
vn -0.4085 -0.4732 -0.7805
vn -0.6301 -0.0489 -0.7750
vn -0.2266 -0.4041 -0.8862
vn -0.4850 -0.1530 -0.8610
vn -0.7169 0.3736 -0.5886
vn -0.7573 0.0847 -0.6475
vn -0.7395 0.6077 -0.2895
vn 0.5952 -0.1765 0.7840
vn 0.4959 -0.2588 0.8289
vn 0.3081 -0.1749 0.9351
vn 0.1058 -0.2433 0.9642
vn -0.0570 -0.0871 0.9946
vn -0.1284 -0.1850 0.9743
vn -0.0643 -0.0346 0.9973
vn -0.3948 -0.0358 0.9181
vn -0.1483 -0.0040 0.9889
vn 0.2196 -0.0020 0.9756
vn -0.1149 0.0462 0.9923
vn -0.0007 0.0461 0.9989
vn -0.2808 0.0510 0.9584
vn -0.1239 0.0449 0.9913
vn -0.4145 0.0896 0.9056
vn -0.1516 0.1012 0.9833
vn 0.0973 0.0375 0.9945
vn -0.1542 0.0877 0.9841
vn 0.2193 0.0776 0.9726
vn 0.2945 0.0621 0.9536
vn -0.4917 0.1532 0.8572
vn -0.3110 0.1597 0.9369
vn 0.3178 0.0615 0.9462
vn 0.0706 0.0999 0.9925
vn 0.0293 0.0840 0.9960
vn -0.2204 0.1392 0.9654
vn -0.5165 -0.3132 0.7969
vn -0.8095 -0.1119 0.5764
vn -0.7881 -0.1633 0.5935
vn -0.5642 -0.2153 0.7971
vn -0.7765 -0.0594 0.6273
vn 0.1564 -0.3296 0.9311
vn 0.3540 -0.3203 0.8787
vn -0.2333 -0.2941 0.9269
vn -0.2183 0.0998 -0.9708
vn 0.0710 -0.0078 -0.9974
vn -0.0208 -0.0149 -0.9997
vn -0.4545 0.0075 -0.8907
vn 0.1169 -0.0243 -0.9929
vn 0.3933 -0.0013 -0.9194
vn 0.0988 -0.0297 -0.9947
vn 0.5210 -0.0261 -0.8531
vn -0.1971 0.1755 0.9646
vn -0.1433 0.1560 0.9773
vn -0.0900 0.1676 0.9817
vn -0.2394 0.2284 0.9437
vn -0.0620 0.2593 0.9638
vn 0.2045 0.1754 0.9630
vn -0.5482 -0.3414 0.7635
vn -0.3524 -0.3876 0.8518
vn -0.4146 -0.2714 0.8686
vn 0.4761 -0.3523 0.8057
vn -0.3457 0.3648 -0.8645
vn -0.6287 0.3392 -0.6998
vn -0.2856 0.3177 -0.9041
vn -0.3733 0.3059 -0.8758
vn -0.1175 0.2056 -0.9716
vn -0.4343 0.3178 -0.8428
vn 0.1457 -0.0684 -0.9870
vn 0.2359 -0.0549 -0.9702
vn -0.2060 -0.0388 -0.9778
vn 0.4314 -0.1596 -0.8879
vn 0.0796 -0.1243 -0.9890
vn -0.2151 -0.1014 -0.9713
vn 0.4148 -0.1475 -0.8979
vn -0.2052 -0.2336 -0.9504
vn -0.1165 -0.2613 -0.9582
vn 0.3437 -0.1603 -0.9253
vn -0.4597 -0.2593 -0.8494
vn -0.1869 -0.3473 -0.9189
vn 0.1548 0.2572 0.9539
vn 0.3369 0.2096 0.9179
vn 0.0524 0.3052 0.9508
vn 0.2223 0.2700 0.9368
vn 0.4450 0.2108 0.8703
vn 0.2290 0.3871 0.8931
vn -0.2153 0.4014 0.8903
vn 0.0692 0.4113 0.9089
vn -0.1077 -0.4711 0.8755
vn 0.4525 -0.4486 0.7707
vn -0.3856 -0.3878 0.8372
vn 0.2366 -0.4732 0.8486
vn -0.1904 0.3451 -0.9191
vn -0.0376 0.4479 -0.8933
vn 0.2289 0.3946 -0.8899
vn -0.0297 0.4802 -0.8767
vn -0.1502 -0.2834 -0.9472
vn -0.0127 -0.3486 -0.9372
vn 0.2821 -0.3265 -0.9021
vn 0.1749 0.3726 0.9113
vn 0.5051 0.3220 0.8007
vn 0.2280 0.3994 0.8880
vn -0.1004 0.4805 0.8712
vn 0.1103 -0.5525 0.8262
vn 0.1042 -0.5391 0.8358
vn 0.2496 -0.5790 0.7762
vn -0.3231 -0.4895 0.8099
vn 0.4042 -0.3692 -0.8368
vn 0.3598 -0.3886 -0.8482
vn 0.5250 -0.3447 -0.7782
vn 0.5880 -0.2864 -0.7565
vn 0.1024 -0.4055 -0.9083
vn -0.2313 0.4181 0.8784
vn -0.0100 0.5690 -0.8222
vn -0.4646 0.4959 -0.7337
vn 0.3509 -0.3921 -0.8504
vn 0.1394 -0.4416 -0.8863
vn 0.5207 -0.4176 -0.7446
vn 0.4960 -0.2221 -0.8394
vn -0.1421 0.4834 -0.8638
vn -0.5516 0.3872 -0.7388
vn 0.5278 -0.3668 -0.7661
vn -0.1392 -0.4574 -0.8783
vn -0.2535 0.1401 -0.9571
vn -0.0609 0.1976 -0.9784
vn -0.0737 -0.4872 -0.8702
vn -0.3874 -0.4560 -0.8013
vn 0.1457 0.4920 0.8583
vn 0.3025 0.4550 0.8375
vn 0.0612 0.5135 0.8559
vn -0.1271 0.5514 0.8245
vn -0.1852 -0.4646 -0.8659
vn -0.6567 -0.4495 -0.6056
vn -0.1998 0.6035 0.7719
vn 0.0046 -0.5066 -0.8622
vn -0.1744 -0.3408 -0.9238
vn -0.0456 -0.5058 -0.8615
vn -0.1911 -0.4193 -0.8875
vn -0.2656 -0.2546 -0.9299
vn -0.4329 0.0164 -0.9013
vn -0.7366 0.4144 -0.5344
vn -0.6470 0.5278 -0.5503
vn -0.3148 -0.2160 -0.9243
vn -0.5305 -0.0251 -0.8473
vn -0.7909 0.2946 -0.5364
vn 0.4338 -0.3146 0.8443
vn -0.1086 -0.0964 0.9894
vn 0.0008 -0.1460 0.9893
vn 0.1682 -0.0762 0.9828
vn 0.0674 -0.1170 0.9908
vn 0.1929 -0.1812 0.9643
vn -0.3618 -0.0308 0.9317
vn 0.4771 -0.1296 0.8692
vn 0.0909 -0.1244 0.9881
vn -0.0781 -0.0716 0.9944
vn 0.4178 -0.0890 0.9042
vn 0.1912 -0.0673 0.9792
vn 0.1138 -0.0045 0.9935
vn -0.2873 -0.0590 0.9560
vn -0.1422 0.0434 0.9889
vn 0.2161 0.0264 0.9760
vn 0.1087 0.0323 0.9935
vn 0.0860 0.0638 0.9942
vn 0.3348 0.0710 0.9396
vn 0.3856 0.1076 0.9164
vn 0.5382 0.1177 0.8345
vn 0.4574 0.1445 0.8775
vn 0.5063 -0.3627 0.7824
vn -0.0826 -0.3082 0.9477
vn -0.0227 -0.4017 0.9155
vn 0.7348 -0.2666 0.6237
vn -0.0455 -0.3518 0.9350
vn -0.0105 0.1833 -0.9830
vn -0.1236 0.1280 -0.9840
vn -0.0280 -0.0038 -0.9996
vn -0.0985 -0.0220 -0.9949
vn 0.0147 -0.0222 -0.9996
vn 0.1456 -0.0274 -0.9890
vn 0.2621 -0.0243 -0.9647
vn 0.1675 0.2689 0.9485
vn 0.0074 0.1871 0.9823
vn -0.3577 0.2937 0.8864
vn 0.6858 -0.3221 0.6526
vn 0.3462 -0.4197 0.8390
vn 0.3807 -0.4147 0.8265
vn -0.0587 -0.4194 0.9059
vn -0.0333 0.3700 -0.9284
vn -0.1390 0.1909 -0.9717
vn 0.0072 0.3400 -0.9404
vn -0.0157 -0.1059 -0.9943
vn -0.1511 -0.1179 -0.9815
vn -0.0821 -0.1018 -0.9914
vn -0.1060 -0.1587 -0.9816
vn -0.1131 -0.1930 -0.9747
vn 0.1557 -0.2287 -0.9610
vn -0.0478 -0.2449 -0.9684
vn 0.0062 -0.2117 -0.9773
vn 0.1013 -0.2977 -0.9493
vn -0.0400 -0.3622 -0.9312
vn -0.1490 -0.2908 -0.9451
vn -0.2441 0.2572 0.9350
vn -0.0750 0.3524 0.9328
vn -0.3788 0.3955 0.8367
vn -0.3389 0.4135 0.8451
vn -0.0740 -0.4376 0.8961
vn -0.6197 0.3054 -0.7230
vn -0.3579 0.3689 -0.8578
vn 0.3670 0.3998 -0.8399
vn 0.1461 0.4230 -0.8943
vn -0.1388 -0.2705 -0.9527
vn -0.1313 -0.3050 -0.9433
vn 0.0282 -0.4321 -0.9014
vn 0.4160 0.3170 0.8523
vn 0.0204 0.4484 0.8936
vn 0.0218 0.3513 0.9360
vn 0.5309 0.3545 0.7697
vn 0.3353 0.3655 0.8683
vn 0.3616 -0.4808 0.7988
vn -0.0200 -0.5200 0.8539
vn -0.4456 0.4294 -0.7855
vn -0.1776 0.5039 -0.8453
vn 0.3064 0.4561 -0.8355
vn -0.0227 0.4555 -0.8899
vn 0.3421 0.4905 -0.8015
vn 0.5127 0.4183 -0.7498
vn -0.3834 0.3857 -0.8392
vn -0.0976 0.4660 0.8794
vn -0.3111 0.5074 0.8036
vn 0.3356 -0.5431 0.7697
vn 0.4782 -0.6038 0.6378
vn -0.4381 0.2858 -0.8522
vn 0.0483 -0.4125 -0.9097
vn 0.2610 -0.9160 0.3047
vn 0.0307 -0.7182 -0.6952
vn 0.1762 -0.7524 0.6347
vn -0.6427 -0.7454 -0.1772
vn -0.6768 0.1716 -0.7159
vn -0.0439 -0.4570 -0.8884
vn 0.0451 -0.4427 -0.8955
vn 0.1077 0.4721 0.8749
vn -0.0613 -0.4845 -0.8727
vn -0.1568 0.4811 0.8625
vn 0.0166 0.5205 0.8537
vn 0.0468 0.5275 0.8483
vn 0.0241 0.5333 0.8456
vn -0.5628 -0.4355 -0.7025
vn -0.0621 -0.4980 -0.8649
vn -0.2407 0.5326 0.8114
vn -0.6437 -0.3815 -0.6634
vn -0.3470 -0.5283 -0.7749
vn -0.7087 -0.4047 -0.5779
vn 0.2752 -0.5101 -0.8149
vn 0.4322 -0.4561 -0.7780
vn 0.1145 0.6146 0.7805
vn 0.1532 0.6100 0.7774
vn 0.1215 0.6766 0.7263
vn -0.5283 -0.4833 -0.6981
vn -0.3392 -0.5516 -0.7620
vn 0.0955 -0.5828 -0.8070
vn -0.2570 0.7206 0.6440
vn -0.3383 0.7989 0.4973
vn -0.3415 -0.5304 -0.7759
vn -0.7201 -0.4295 -0.5449
vn -0.1481 -0.5734 -0.8058
vn -0.1147 0.9074 0.4042
vn -0.4822 0.8554 -0.1892
vn -0.3334 -0.0874 -0.9387
vn -0.2979 -0.3601 -0.8841
vn -0.5379 0.2291 -0.8113
vn -0.4697 0.0681 -0.8802
vn -0.5449 0.4556 -0.7039
vn 0.1501 -0.2982 0.9426
vn 0.4186 -0.2455 0.8743
vn 0.2644 -0.2508 0.9312
vn 0.3348 -0.3188 0.8867
vn 0.0896 -0.0759 0.9931
vn -0.0357 -0.1714 0.9846
vn -0.0611 -0.1469 0.9873
vn 0.2869 -0.0697 0.9554
vn -0.4546 -0.0573 0.8888
vn 0.2851 -0.0968 0.9536
vn -0.3585 -0.0965 0.9285
vn -0.1218 -0.1243 0.9847
vn 0.3047 -0.0403 0.9516
vn 0.6035 -0.0613 0.7950
vn 0.3053 -0.0870 0.9483
vn -0.0491 -0.0206 0.9986
vn -0.0403 0.0340 0.9986
vn 0.3152 0.0181 0.9488
vn 0.2819 -0.0015 0.9594
vn 0.3910 0.0710 0.9176
vn 0.4130 0.0832 0.9069
vn 0.1684 0.1170 0.9788
vn -0.0612 0.0601 0.9963
vn 0.3601 0.0737 0.9300
vn 0.2586 0.0468 0.9649
vn 0.2636 0.1281 0.9561
vn 0.2445 0.1845 0.9519
vn 0.0527 0.1912 0.9801
vn 0.3798 0.2252 0.8972
vn -0.0146 0.2690 0.9630
vn 0.0495 -0.3063 0.9506
vn 0.0485 -0.0167 -0.9987
vn -0.0938 -0.0062 -0.9956
vn -0.2007 -0.0026 -0.9797
vn 0.5049 0.2180 0.8352
vn 0.6283 0.1862 0.7553
vn 0.4485 0.2897 0.8455
vn 0.1888 0.2536 0.9487
vn -0.0814 0.2660 0.9605
vn -0.0391 0.3255 0.9447
vn 0.3123 0.3081 0.8986
vn -0.0445 0.0588 -0.9973
vn -0.1476 0.0008 -0.9890
vn 0.0530 -0.1376 -0.9891
vn -0.2089 -0.1345 -0.9686
vn -0.0711 -0.1647 -0.9838
vn -0.3156 -0.1890 -0.9299
vn 0.0296 -0.1982 -0.9797
vn -0.1157 -0.2933 -0.9490
vn 0.1117 0.3617 0.9256
vn -0.2048 0.3561 -0.9117
vn -0.2496 0.3275 -0.9113
vn -0.1706 -0.3869 -0.9062
vn -0.1728 0.4088 0.8961
vn 0.1692 -0.5045 0.8467
vn 0.0730 -0.4856 0.8711
vn 0.0657 -0.4539 0.8886
vn -0.5431 0.3250 -0.7742
vn -0.4013 0.3146 -0.8602
vn -0.4625 0.3872 -0.7976
vn -0.4716 0.3165 -0.8231
vn -0.3710 0.2669 -0.8894
vn -0.5127 0.3977 -0.7609
vn -0.1505 0.4321 -0.8892
vn -0.1433 0.3579 -0.9227
vn 0.0809 0.3497 -0.9334
vn -0.0040 -0.4378 -0.8991
vn -0.2966 0.5026 0.8120
vn -0.0584 0.4465 0.8929
vn 0.2758 -0.5318 0.8007
vn 0.0536 -0.7382 0.6724
vn -0.1322 -0.7348 0.6653
vn -0.3215 -0.9320 0.1672
vn -0.6915 -0.4070 -0.5968
vn 0.3227 -0.7192 0.6153
vn -0.0437 -0.4477 0.8931
vn -0.4145 -0.8990 0.1415
vn -0.4123 -0.0072 0.9110
vn -0.4402 -0.8963 0.0526
vn -0.9183 -0.0851 -0.3865
vn -0.5826 0.1970 -0.7885
vn -0.0116 -0.5902 0.8071
vn -0.2262 -0.6403 0.7340
vn -0.2751 -0.0884 0.9573
vn -0.9331 -0.2514 -0.2572
vn -0.5533 0.0870 -0.8284
vn -0.5552 0.1605 -0.8161
vn -0.5599 0.0517 -0.8270
vn -0.9787 -0.0194 -0.2043
vn -0.0092 0.4888 0.8724
vn 0.2619 -0.5978 0.7576
vn -0.5420 -0.7837 0.3034
vn -0.7874 -0.5455 -0.2870
vn -0.3682 -0.8936 0.2568
vn 0.6502 -0.7164 0.2531
vn 0.4936 -0.7366 -0.4624
vn 0.2099 -0.0167 -0.9776
vn -0.9776 -0.2089 -0.0250
vn 0.1160 -0.3735 0.9203
vn -0.8733 0.3291 -0.3593
vn -0.4055 -0.3461 0.8461
vn -0.9602 -0.0024 -0.2794
vn -0.2708 -0.9532 -0.1348
vn -0.8728 -0.2273 -0.4319
vn -0.9939 0.0607 -0.0923
vn -0.6069 -0.3421 -0.7174
vn -0.0073 -0.5260 0.8505
vn -0.7160 -0.6653 0.2113
vn -0.7801 -0.5877 -0.2145
vn 0.4448 0.3287 0.8331
vn 0.1411 0.4400 0.8868
vn 0.3509 0.3979 0.8477
vn 0.0796 0.5124 0.8550
vn 0.2890 0.4105 0.8648
vn -0.0061 0.4635 0.8861
vn 0.4542 0.3958 0.7982
vn 0.1521 0.4286 0.8906
vn 0.2558 0.4518 0.8547
vn 0.3714 0.4361 0.8197
vn 0.1812 -0.5303 -0.8282
vn 0.0181 0.7873 0.6163
vn -0.0973 0.6008 0.7935
vn -0.1760 -0.4777 -0.8607
vn 0.4200 -0.4875 -0.7655
vn 0.1124 -0.5100 -0.8528
vn 0.3647 0.7336 0.5734
vn 0.0236 0.8841 0.4666
vn -0.3735 0.8180 0.4375
vn -0.3698 0.8947 0.2507
vn -0.5785 0.8156 0.0098
vn 0.1622 -0.5136 -0.8425
vn -0.4338 -0.1441 -0.8894
vn -0.1887 -0.3365 -0.9226
vn -0.2189 -0.3854 -0.8964
vn -0.5305 0.8383 -0.1260
vn -0.6547 0.6370 -0.4070
vn -0.6840 0.4081 -0.6046
vn -0.1951 0.9620 0.1909
vn -0.5138 0.8048 -0.2972
vn -0.0948 -0.0091 0.9955
vn -0.3876 -0.2232 0.8944
vn -0.4331 -0.2464 0.8670
vn -0.4188 -0.2607 0.8699
vn 0.0548 -0.2626 0.9634
vn 0.1227 -0.2943 0.9478
vn -0.1613 -0.1702 0.9721
vn -0.0721 -0.2092 0.9752
vn 0.2365 -0.2568 0.9371
vn 0.2920 -0.1463 0.9452
vn 0.1310 -0.0851 0.9877
vn -0.1679 0.0297 0.9854
vn -0.3521 0.0591 0.9341
vn -0.0148 0.1025 0.9946
vn -0.1846 0.1949 0.9633
vn -0.1945 0.2202 0.9559
vn 0.2792 0.1372 0.9504
vn 0.1502 0.2676 0.9517
vn -0.2730 0.2905 0.9171
vn -0.1374 0.2591 0.9560
vn -0.2197 -0.4025 0.8887
vn 0.0043 -0.3956 0.9184
vn -0.3743 -0.3128 0.8730
vn -0.6589 -0.2397 0.7130
vn -0.1113 -0.0320 -0.9933
vn 0.1348 -0.0053 -0.9909
vn -0.4049 -0.0212 -0.9141
vn 0.2751 0.0156 -0.9613
vn 0.0939 0.0042 -0.9956
vn 0.1085 0.0074 -0.9941
vn -0.1069 -0.0610 -0.9924
vn -0.0425 0.3717 0.9274
vn -0.3034 0.2817 -0.9103
vn -0.1899 0.3708 -0.9091
vn -0.1332 0.2913 -0.9473
vn -0.2249 0.1986 -0.9539
vn -0.2232 0.2072 -0.9525
vn -0.2734 -0.0985 -0.9568
vn -0.2289 -0.1162 -0.9665
vn -0.4869 -0.1487 -0.8607
vn -0.4185 -0.1332 -0.8984
vn -0.3337 -0.1566 -0.9296
vn -0.0347 -0.2256 -0.9736
vn -0.1156 -0.3527 -0.9286
vn 0.0406 -0.3923 0.9189
vn 0.1402 -0.3976 0.9068
vn 0.0954 -0.3564 0.9294
vn -0.1458 0.3780 -0.9143
vn -0.2073 0.3446 -0.9156
vn 0.0657 -0.4175 -0.9063
vn 0.0436 -0.3964 -0.9171
vn -0.2789 -0.3964 -0.8747
vn -0.0250 -0.4362 -0.8995
vn -0.4557 -0.3673 -0.8109
vn -0.1362 -0.4197 -0.8974
vn -0.1532 -0.4267 -0.8913
vn 0.0947 0.3898 0.9160
vn 0.1065 0.4365 0.8934
vn -0.0339 0.4648 0.8848
vn -0.1465 0.3846 0.9114
vn -0.0019 0.3847 0.9230
vn -0.2596 0.4579 0.8503
vn 0.2635 0.3503 0.8988
vn 0.3531 0.3519 0.8669
vn -0.1198 -0.5437 0.8307
vn 0.1582 -0.5170 0.8413
vn -0.9957 -0.0176 -0.0912
vn -0.5876 -0.8064 -0.0661
vn -0.7615 -0.1619 -0.6276
vn 0.0468 -0.1945 -0.9798
vn -0.2833 -0.1535 -0.9467
vn -0.2772 0.1856 -0.9427
vn 0.0977 -0.3903 0.9155
vn 0.1594 0.4212 -0.8928
vn -0.2544 0.3110 -0.9157
vn -0.5521 0.0715 -0.8307
vn -0.0938 0.3311 -0.9389
vn -0.5564 0.1604 -0.8153
vn -0.2974 0.2484 -0.9219
vn 0.3215 0.3683 -0.8723
vn 0.0776 0.4008 0.9129
vn 0.4243 0.3341 0.8416
vn 0.2938 0.3370 0.8945
vn -0.0255 0.4497 0.8928
vn -0.0423 0.4638 0.8849
vn -0.7425 -0.6699 -0.0022
vn -0.9338 -0.3046 0.1877
vn -0.9922 0.1070 -0.0638
vn 0.1030 -0.6135 0.7829
vn -0.7135 -0.7006 -0.0012
vn -0.9408 0.2862 -0.1818
vn 0.1524 -0.8053 -0.5730
vn -0.1443 -0.8436 0.5172
vn -0.4266 -0.6748 -0.6022
vn 0.2180 -0.9716 0.0921
vn -0.2292 -0.6036 0.7637
vn -0.5885 -0.7570 -0.2838
vn -0.8373 0.0353 -0.5456
vn -0.6938 0.0312 -0.7195
vn -0.9091 -0.4160 0.0215
vn -0.9579 0.0760 -0.2767
vn -0.9027 -0.2177 -0.3712
vn -0.2442 0.1272 -0.9614
vn -0.8012 -0.0198 -0.5981
vn 0.1747 0.4535 0.8740
vn 0.0271 0.4883 0.8722
vn -0.0393 -0.4565 -0.8888
vn -0.1252 -0.4731 -0.8721
vn -0.1490 -0.5564 -0.8175
vn -0.2666 -0.5092 -0.8183
vn -0.0782 0.5061 0.8589
vn -0.1202 0.5594 0.8202
vn -0.3859 0.6215 0.6818
vn -0.2421 -0.5502 -0.7992
vn -0.4332 0.7133 0.5509
vn -0.2467 -0.5249 -0.8146
vn -0.6191 0.7567 0.2101
vn -0.7092 0.6824 -0.1768
vn -0.2811 -0.3919 -0.8760
vn 0.1897 -0.1014 0.9766
vn -0.1722 -0.1127 0.9786
vn -0.1592 -0.0576 0.9856
vn 0.5238 -0.2441 0.8161
vn 0.3193 -0.2902 0.9021
vn 0.1285 -0.2343 0.9636
vn -0.0820 -0.2042 0.9755
vn -0.0476 -0.3374 0.9401
vn -0.0286 -0.3134 0.9492
vn -0.0211 -0.2237 0.9744
vn 0.3038 0.0531 0.9513
vn 0.0982 0.0618 0.9932
vn 0.2352 0.0819 0.9685
vn 0.3175 0.0954 0.9434
vn 0.1437 0.1988 0.9695
vn 0.1662 0.2591 0.9515
vn -0.2283 0.2631 0.9374
vn -0.2889 0.3080 0.9065
vn 0.0156 0.3676 0.9299
vn -0.2740 0.3547 0.8939
vn -0.0255 -0.4141 0.9099
vn 0.4708 -0.3156 0.8239
vn 0.3605 -0.3281 0.8731
vn 0.2556 -0.3478 0.9021
vn -0.3010 -0.3347 0.8930
vn -0.1771 -0.4133 0.8932
vn -0.1464 -0.3374 0.9299
vn 0.0574 -0.3602 0.9311
vn -0.3496 -0.3545 0.8672
vn 0.4262 -0.3085 0.8504
vn 0.1420 -0.3476 0.9268
vn -0.2153 -0.3113 0.9256
vn -0.0459 0.1538 -0.9870
vn 0.0659 0.2184 -0.9736
vn 0.0209 0.0881 -0.9959
vn -0.1901 0.0420 -0.9809
vn -0.4458 0.0007 -0.8951
vn 0.0451 0.0314 -0.9985
vn -0.3020 0.0155 -0.9532
vn 0.1467 -0.0027 -0.9892
vn -0.0681 -0.0278 -0.9973
vn 0.1561 -0.0110 -0.9877
vn -0.5671 0.0078 -0.8236
vn -0.0634 -0.0346 -0.9974
vn 0.0485 0.3472 0.9365
vn 0.0130 0.3172 0.9483
vn 0.1944 0.2796 0.9402
vn -0.0514 -0.3585 0.9321
vn 0.2104 -0.4158 0.8848
vn -0.1600 -0.4032 0.9010
vn 0.0615 -0.3161 0.9467
vn 0.1501 0.3604 -0.9207
vn 0.1953 0.2918 -0.9363
vn 0.0978 0.2506 -0.9631
vn -0.2902 -0.1531 -0.9447
vn 0.0314 -0.2457 -0.9688
vn -0.3130 -0.2284 -0.9219
vn -0.1583 -0.0872 -0.9835
vn -0.2583 -0.1148 -0.9592
vn -0.1101 -0.1937 -0.9749
vn -0.2950 -0.2838 -0.9124
vn -0.1848 -0.2598 -0.9478
vn 0.0768 0.3148 0.9460
vn 0.0308 0.4053 0.9137
vn -0.2099 0.2836 -0.9357
vn -0.1363 0.1861 -0.9730
vn -0.1166 -0.3703 -0.9216
vn 0.0717 -0.4506 -0.8899
vn -0.0735 0.4333 0.8983
vn -0.4524 -0.0377 -0.8910
vn -0.2193 -0.0253 -0.9753
vn -0.5101 -0.2577 0.8206
vn -0.3933 -0.0062 -0.9194
vn -0.8362 -0.5414 0.0872
vn -0.6920 -0.0155 -0.7218
vn 0.2351 -0.5125 0.8259
vn -0.1886 -0.9710 -0.1471
vn 0.1343 -0.3500 0.9271
vn 0.7359 -0.3557 -0.5761
vn -0.4662 -0.3212 -0.8243
vn -0.9553 0.1956 0.2218
vn 0.2188 -0.3831 0.8974
vn 0.1177 -0.7523 0.6483
vn -0.8813 0.2370 0.4088
vn 0.0980 0.3661 -0.9254
vn 0.8198 0.0891 0.5656
vn 0.3414 -0.3288 -0.8805
vn -0.3066 0.0406 -0.9510
vn -0.9891 0.0923 -0.1145
vn -0.2517 -0.2488 0.9353
vn -0.4490 -0.6823 -0.5769
vn 0.2057 -0.9770 -0.0568
vn -0.4302 -0.7218 0.5422
vn 0.2074 -0.3386 0.9178
vn 0.8961 -0.4047 -0.1824
vn -0.9650 0.2081 -0.1594
vn -0.5463 -0.4339 0.7165
vn -0.6438 0.1158 -0.7563
vn -0.7067 0.0941 -0.7013
vn -0.5249 0.1454 -0.8386
vn 0.0269 0.2504 -0.9678
vn -0.4756 -0.0675 -0.8771
vn -0.8814 -0.2556 -0.3973
vn -0.2387 -0.5663 0.7889
vn 0.1946 -0.4258 0.8836
vn 0.0607 -0.4436 0.8942
vn -0.3309 -0.9423 0.0504
vn -0.3819 -0.0960 -0.9192
vn 0.1322 -0.2720 0.9532
vn 0.1525 -0.2768 0.9487
vn 0.2022 -0.1773 0.9632
vn -0.3599 0.0005 -0.9330
vn -0.9659 -0.2515 -0.0610
vn -0.0965 -0.4797 0.8721
vn 0.0778 -0.4262 0.9013
vn -0.2250 0.1296 -0.9657
vn -0.3034 0.1397 -0.9426
vn -0.0309 0.4555 0.8897
vn -0.1882 0.4511 0.8724
vn 0.0675 0.4084 0.9103
vn -0.2693 -0.3881 -0.8814
vn 0.2133 0.4730 0.8548
vn 0.0402 0.5095 0.8595
vn 0.2094 0.4952 0.8432
vn 0.1091 -0.4522 -0.8852
vn -0.2590 -0.4674 -0.8453
vn -0.3168 -0.4091 -0.8557
vn -0.5124 -0.4015 -0.7591
vn -0.0777 -0.4926 -0.8668
vn 0.3183 0.5331 0.7839
vn -0.4826 0.5847 0.6521
vn -0.4093 0.5908 0.6953
vn -0.0083 0.6591 0.7520
vn 0.1167 -0.4827 -0.8680
vn -0.1459 0.6771 0.7212
vn 0.0042 0.7428 0.6695
vn 0.3192 0.6150 0.7210
vn 0.4327 -0.4843 -0.7605
vn -0.0169 -0.5462 -0.8375
vn 0.0575 -0.5567 -0.8287
vn -0.0733 -0.4766 -0.8761
vn -0.3143 0.6695 0.6730
vn -0.4499 0.7137 0.5369
vn -0.7390 0.6692 0.0777
vn -0.4421 0.7886 0.4275
vn -0.4269 -0.2158 -0.8782
vn -0.5422 -0.1205 -0.8316
vn -0.8043 0.4678 -0.3664
vn -0.6882 0.1619 -0.7072
vn -0.7743 0.2462 -0.5829
vn -0.8158 0.5582 -0.1509
vn -0.1241 -0.2957 0.9472
vn 0.1870 -0.2387 0.9529
vn 0.0740 -0.3548 0.9320
vn -0.0608 -0.3650 0.9290
vn 0.1954 -0.1329 0.9717
vn 0.2119 -0.0416 0.9764
vn 0.1447 -0.0765 0.9865
vn 0.0455 -0.0690 0.9966
vn -0.0964 -0.0163 0.9952
vn -0.0852 -0.0079 0.9963
vn -0.2709 0.0780 0.9594
vn -0.0692 0.0643 0.9955
vn -0.0742 0.1003 0.9922
vn -0.0354 0.0520 0.9980
vn -0.4027 0.1215 0.9072
vn 0.4032 0.0726 0.9122
vn -0.2619 0.1511 0.9532
vn -0.2057 0.2119 0.9554
vn -0.1462 0.2686 0.9521
vn 0.3483 0.1891 0.9181
vn 0.0443 -0.3580 0.9327
vn 0.2333 -0.3939 0.8890
vn 0.1999 -0.3761 0.9048
vn 0.1739 -0.3709 0.9122
vn 0.0953 -0.3719 0.9234
vn -0.0042 -0.0073 -1.0000
vn 0.0055 -0.1591 -0.9873
vn 0.3089 0.2178 0.9258
vn 0.3917 0.0774 0.9168
vn -0.0105 -0.3748 0.9270
vn 0.2370 -0.3409 0.9098
vn 0.3101 -0.1929 -0.9309
vn -0.0212 -0.2666 -0.9636
vn 0.0985 -0.2857 -0.9532
vn -0.0839 -0.3413 -0.9362
vn 0.0990 -0.2964 -0.9499
vn 0.3046 -0.3797 -0.8735
vn -0.0968 0.2876 -0.9529
vn -0.1092 -0.3850 -0.9164
vn 0.1920 -0.3856 -0.9025
vn -0.1819 -0.4367 -0.8810
vn 0.0672 0.4061 0.9113
vn 0.1694 0.4268 0.8883
vn -0.1845 -0.3956 0.8997
vn -0.4536 0.1858 0.8716
vn -0.1860 -0.9818 0.0388
vn -0.1093 -0.2833 0.9528
vn -0.2459 -0.1638 -0.9553
vn 0.1463 -0.9855 0.0857
vn -0.0295 -0.2025 -0.9788
vn -0.9566 0.2913 -0.0042
vn -0.0694 -0.4485 -0.8911
vn 0.3826 0.3723 0.8456
vn 0.3989 0.3597 0.8435
vn 0.2259 0.3886 0.8933
vn 0.4848 0.3279 0.8109
vn 0.3846 0.3571 0.8512
vn 0.3542 0.3558 0.8648
vn 0.3698 0.3544 0.8589
vn 0.2617 0.4575 0.8499
vn 0.0240 0.4300 0.9025
vn -0.0776 0.4597 0.8847
vn -0.0900 0.4987 0.8621
vn 0.0190 -0.4670 -0.8841
vn -0.1347 -0.4504 -0.8826
vn -0.0531 -0.3784 -0.9241
vn 0.2698 0.5212 0.8097
vn -0.3062 -0.3488 -0.8858
vn 0.1597 -0.2700 -0.9495
vn 0.2355 -0.3959 -0.8876
vn 0.1746 -0.3440 -0.9226
vn 0.4005 -0.4496 -0.7984
vn 0.0672 -0.5179 -0.8528
vn -0.7103 0.1385 -0.6901
vn 0.1756 -0.2532 0.9513
vn -0.2513 -0.2536 0.9341
vn -0.2405 -0.3518 0.9047
vn 0.0001 -0.2642 0.9645
vn -0.0195 -0.2098 0.9776
vn -0.1007 -0.1735 0.9797
vn 0.0876 -0.2615 0.9612
vn -0.3900 -0.1013 0.9152
vn -0.5750 0.0078 0.8182
vn -0.1729 -0.1041 0.9794
vn -0.6834 0.1100 0.7217
vn -0.8828 0.0998 0.4590
vn -0.3386 0.0379 0.9402
vn -0.6899 0.0791 0.7196
vn -0.3973 -0.0295 0.9172
vn -0.5535 -0.0339 0.8322
vn -0.8113 0.1037 0.5754
vn 0.1754 -0.0683 0.9821
vn 0.1940 0.0034 0.9810
vn 0.5689 -0.0206 0.8221
vn 0.6361 -0.0137 0.7715
vn 0.2464 -0.0025 0.9692
vn 0.0905 0.0072 0.9959
vn 0.6704 -0.0174 0.7418
vn 0.0013 0.0515 0.9987
vn -0.4401 0.1093 0.8913
vn -0.2485 0.1724 0.9532
vn -0.2025 0.1596 0.9662
vn 0.1746 0.1872 0.9667
vn 0.0229 0.3183 0.9477
vn -0.1971 -0.3963 0.8967
vn -0.0429 -0.0102 -0.9990
vn 0.0608 0.2789 0.9584
vn 0.0136 0.3602 0.9328
vn -0.0766 0.3855 0.9195
vn 0.2671 0.2911 0.9187
vn 0.1551 0.2908 0.9441
vn 0.0709 -0.0970 0.9928
vn -0.0020 0.2368 -0.9716
vn -0.0316 0.2652 -0.9637
vn -0.0015 0.1515 -0.9885
vn 0.0153 -0.3009 -0.9535
vn -0.0644 0.3803 0.9226
vn 0.4886 0.3229 0.8106
vn 0.0731 0.3816 0.9214
vn -0.1996 0.3814 0.9026
vn 0.0016 -0.1888 0.9820
vn 0.1232 -0.0783 0.9893
vn 0.1319 -0.2850 0.9494
vn 0.0089 -0.3030 0.9530
vn -0.0152 -0.2442 0.9696
vn -0.1764 0.0932 -0.9799
vn -0.1736 0.1879 -0.9667
vn -0.0542 -0.4272 -0.9025
vn 0.1559 0.4218 0.8932
vn 0.2101 0.4066 0.8891
vn 0.3141 0.3316 0.8896
vn -0.0557 0.4562 0.8881
vn -0.6442 -0.7648 0.0046
vn -0.1927 0.0888 -0.9772
vn -0.0436 -0.3959 -0.9173
vn 0.0250 -0.0815 -0.9964
vn -0.1727 0.2269 -0.9585
vn 0.0227 -0.4679 -0.8835
vn -0.0613 0.5690 0.8201
vn -0.8450 0.0258 0.5342
vn -0.8734 -0.0176 0.4867
vn -0.9021 -0.0376 0.4298
vn -0.4308 -0.2522 0.8665
vn -0.9189 0.0821 0.3858
vn -0.9850 0.1404 0.1001
vn -0.9199 0.1536 0.3609
vn -0.0288 -0.1981 0.9798
vn 0.2637 -0.1960 0.9445
vn 0.5812 -0.2271 0.7814
vn -0.2818 -0.1053 0.9537
vn 0.4247 -0.1297 0.8960
vn 0.4207 -0.2013 0.8846
vn 0.6085 -0.1615 0.7769
vn 0.4158 -0.1113 0.9026
vn -0.0749 -0.1249 0.9893
vn -0.4019 -0.0777 0.9124
vn -0.0945 -0.1236 0.9878
vn 0.6286 -0.0851 0.7731
vn 0.6016 -0.0890 0.7938
vn 0.2784 -0.0985 0.9554
vn -0.3954 -0.0602 0.9165
vn -0.3476 -0.0403 0.9368
vn -0.0601 -0.0176 0.9980
vn -0.6398 0.0253 0.7681
vn -0.5855 0.0542 0.8089
vn -0.6557 0.0212 0.7548
vn -0.4543 0.0390 0.8900
vn -0.7406 0.0644 0.6689
vn -0.5321 0.1024 0.8405
vn -0.8550 0.1875 0.4835
vn -0.7196 0.0916 0.6883
vn -0.0045 0.0345 0.9994
vn -0.0749 0.0143 0.9971
vn 0.3336 -0.0355 0.9421
vn 0.6190 -0.0386 0.7845
vn 0.3270 0.0502 0.9437
vn 0.2881 0.0940 0.9530
vn 0.1774 0.1949 0.9646
vn -0.0060 0.1351 0.9908
vn -0.2318 0.2189 0.9478
vn -0.5624 -0.2311 0.7939
vn -0.3334 -0.3128 0.8894
vn -0.4045 -0.2196 0.8878
vn -0.1619 -0.2866 0.9443
vn -0.4186 -0.1546 0.8949
vn -0.1111 0.1422 -0.9836
vn 0.1400 -0.2179 0.9659
vn 0.0861 0.0491 -0.9951
vn -0.0059 0.0064 -1.0000
vn 0.0487 0.0388 -0.9981
vn 0.0631 0.0441 -0.9970
vn -0.0324 0.0145 -0.9994
vn 0.0620 -0.0339 -0.9975
vn 0.0257 -0.1360 -0.9904
vn -0.1433 0.2497 0.9577
vn -0.5112 0.2692 0.8162
vn -0.2426 0.3310 0.9119
vn -0.6775 0.3069 0.6685
vn -0.4405 0.3607 0.8221
vn 0.0600 0.2217 -0.9733
vn 0.0285 0.1992 -0.9795
vn 0.1925 0.1674 -0.9669
vn 0.2092 0.1343 -0.9686
vn -0.7895 0.3089 0.5304
vn -0.5887 0.3390 0.7338
vn -0.4231 0.4040 0.8110
vn -0.7929 0.3270 0.5143
vn -0.5044 0.3930 0.7689
vn 0.1254 -0.2760 0.9529
vn -0.7156 -0.6886 0.1171
vn -0.3434 -0.2316 0.9102
vn -0.2566 -0.2522 0.9330
vn -0.9969 0.0569 -0.0541
vn 0.0587 0.1794 -0.9820
vn 0.1641 0.2333 -0.9585
vn 0.1285 0.2033 -0.9706
vn -0.3347 0.0967 -0.9374
vn -0.4878 -0.8686 0.0878
vn -0.3202 -0.1321 -0.9381
vn 0.6486 0.2484 0.7195
vn -0.7670 -0.6089 -0.2025
vn 0.2069 0.2318 -0.9505
vn -0.1927 0.2091 -0.9587
vn -0.6253 0.3606 0.6921
vn -0.3564 -0.2523 0.8996
vn -0.1148 -0.1412 0.9833
vn 0.0785 -0.0946 0.9924
vn 0.0875 -0.1238 0.9884
vn 0.2179 -0.0663 0.9737
vn -0.6547 -0.0108 0.7558
vn -0.1726 0.0006 0.9850
vn 0.3345 -0.0628 0.9403
vn 0.4648 -0.0312 0.8849
vn -0.1864 -0.0297 0.9820
vn 0.4859 -0.0651 0.8716
vn -0.0411 0.0290 0.9987
vn -0.0971 -0.0021 0.9953
vn -0.2432 0.0519 0.9686
vn -0.1295 0.0347 0.9910
vn -0.0925 0.2005 0.9753
vn -0.1884 0.1257 0.9740
vn -0.1907 -0.2319 0.9539
vn -0.4932 -0.2749 0.8253
vn 0.3584 -0.2542 0.8983
vn -0.4586 -0.1158 0.8811
vn 0.3475 -0.2173 0.9121
vn 0.1371 0.0216 -0.9903
vn 0.1228 0.0718 -0.9898
vn -0.4015 0.3166 0.8594
vn -0.0467 0.2960 0.9541
vn -0.3032 0.2250 0.9260
vn 0.1505 0.3123 0.9380
vn -0.3356 -0.3099 0.8896
vn -0.9040 -0.3784 0.1989
vn -0.6042 -0.3125 0.7330
vn -0.9589 -0.2234 0.1751
vn -0.0778 0.2262 -0.9710
vn -0.0726 0.2396 -0.9682
vn -0.2144 0.2237 -0.9508
vn -0.8958 -0.4056 0.1817
vn -0.4387 0.2255 -0.8699
vn 0.3934 0.2164 -0.8935
vn 0.1532 0.2331 -0.9603
vn -0.0526 -0.1974 -0.9789
vn -0.0729 -0.1408 -0.9874
vn -0.2043 -0.2744 -0.9397
vn 0.3470 0.3248 0.8798
vn -0.1925 -0.3057 0.9325
vn -0.5987 -0.5832 0.5491
vn -0.4747 0.0815 -0.8764
vn -0.1723 0.0230 -0.9848
vn -0.3341 -0.3763 -0.8642
vn 0.2548 -0.2359 0.9378
vn -0.4065 -0.1310 0.9042
vn -0.5807 -0.0429 0.8130
vn -0.9318 -0.0387 0.3608
vn -0.8337 -0.1208 0.5389
vn -0.1412 -0.0815 0.9866
vn -0.9496 -0.0211 0.3127
vn -0.6198 -0.0090 0.7847
vn -0.9322 0.0233 0.3611
vn -0.9828 0.0094 -0.1842
vn -0.2805 -0.0019 0.9599
vn -0.5904 0.0203 0.8069
vn -0.1298 0.0567 0.9899
vn -0.9975 0.0080 0.0698
vn -0.3406 0.0800 0.9368
vn -0.5944 0.1192 0.7953
vn -0.9222 0.0663 0.3810
vn -0.7462 0.1681 0.6442
vn -0.3336 -0.2774 0.9010
vn -0.9859 -0.0839 0.1448
vn -0.9765 0.0036 -0.2156
vn -0.9528 -0.0096 -0.3036
vn -0.8231 -0.1860 0.5365
vn -0.4028 -0.3007 0.8645
vn -0.5475 0.0677 -0.8341
vn -0.4845 0.0201 -0.8746
vn -0.0818 0.0119 -0.9966
vn -0.3933 -0.0187 -0.9192
vn -0.8073 -0.0569 -0.5874
vn -0.2397 -0.0366 -0.9702
vn -0.9842 -0.0097 -0.1766
vn -0.9709 -0.0420 -0.2356
vn -0.5689 -0.0818 -0.8184
vn -0.6162 -0.1917 -0.7639
vn -0.9795 0.0552 0.1940
vn -0.0909 -0.4160 0.9048
vn -0.7938 -0.5284 0.3012
vn -0.7372 -0.2764 0.6166
vn -0.9968 -0.0465 0.0644
vn 0.1934 0.1940 -0.9617
vn 0.3354 0.2374 -0.9117
vn -0.1276 0.0562 -0.9902
vn -0.9248 0.0948 -0.3684
vn -0.4259 0.2032 -0.8817
vn -0.4742 0.2598 -0.8412
vn -0.5732 0.2255 -0.7877
vn -0.9773 0.0722 -0.1992
vn -0.9987 -0.0381 0.0337
vn -0.3534 0.1985 -0.9142
vn -0.8486 0.1821 -0.4966
vn -0.5266 0.0984 -0.8444
vn -0.7418 -0.2254 -0.6316
vn -0.9240 -0.1914 -0.3311
vn -0.5792 0.1788 -0.7953
vn -0.0462 0.2164 -0.9752
vn -0.6531 0.2133 -0.7266
vn -0.5445 -0.5862 0.6000
vn -0.6680 0.3143 -0.6745
vn 0.4175 -0.4910 0.7646
vn 0.5007 -0.7732 -0.3892
vn -0.0489 0.7205 0.6918
vn -0.2301 0.5597 0.7961
vn -0.1580 0.6068 0.7790
vn -0.4672 0.6201 0.6302
vn -0.7640 0.4575 0.4549
vn -0.5900 0.5649 0.5768
vn -0.4000 0.7664 0.5026
vn -0.7430 0.5385 0.3975
vn -0.6602 0.7227 0.2045
vn -0.9524 0.2506 0.1737
vn -0.7696 0.6245 0.1334
vn -0.8176 0.5516 -0.1648
vn -0.3906 0.5862 0.7098
vn -0.1325 0.6243 0.7699
vn -0.1152 0.6234 0.7734
vn 0.0910 0.6738 0.7333
vn -0.2465 -0.4416 -0.8627
vn -0.0447 0.7112 0.7016
vn -0.5402 0.6984 0.4696
vn -0.3306 0.7201 0.6100
vn -0.5688 0.7293 0.3802
vn -0.5469 -0.3098 -0.7778
vn -0.7002 0.6958 0.1596
vn -0.8754 0.4229 -0.2344
vn -0.8381 0.3092 -0.4494
vn -0.1909 0.4134 0.8903
vn 0.4751 0.3072 0.8246
vn -0.0132 0.4921 0.8704
vn 0.1450 -0.3388 -0.9296
vn -0.0492 -0.4670 -0.8829
vn -0.2902 0.6345 0.7164
vn -0.5994 0.6044 0.5248
vn -0.6029 0.6834 0.4116
vn -0.7027 0.5774 0.4156
vn -0.2390 -0.4005 -0.8846
vn 0.1706 -0.3720 -0.9124
vn -0.5893 -0.2880 -0.7548
vn -0.8751 -0.0017 -0.4839
vn -0.8596 -0.2029 -0.4689
vn -0.4721 -0.0792 -0.8780
vn 0.0605 -0.1957 -0.9788
vn -0.5586 0.1201 -0.8207
vn -0.4022 -0.1576 -0.9019
vn -0.8312 0.5560 0.0085
vn -0.8335 0.2031 -0.5138
vn -0.7811 -0.0160 -0.6243
vn -0.1462 0.3103 0.9393
vn 0.0722 0.3899 0.9180
vn -0.2401 0.6051 0.7591
vn -0.3999 0.3544 0.8453
vn -0.1650 0.4552 0.8750
vn -0.0915 -0.4383 -0.8941
vn -0.4092 0.4969 0.7653
vn -0.7419 0.5239 0.4185
vn -0.4452 0.7535 0.4838
vn -0.5310 0.6969 0.4820
vn -0.8410 0.5219 0.1425
vn -0.3332 -0.3744 -0.8654
vn -0.8648 0.4944 0.0870
vn -0.9051 0.2595 -0.3367
vn -0.8201 -0.0956 -0.5642
vn -0.4727 0.2752 0.8372
vn -0.9325 0.1200 0.3407
vn -0.1383 0.3459 0.9280
vn -0.9812 -0.0565 -0.1846
vn -0.9971 -0.0257 -0.0721
vn -0.8595 -0.1861 -0.4761
vn -0.9929 0.0482 0.1091
vn -0.9674 -0.1043 -0.2307
vn -0.7526 0.2588 0.6055
vn -0.9125 0.1802 0.3673
vn -0.6983 0.3488 0.6251
vn -0.6685 -0.2966 -0.6820
vn -0.9732 0.1212 0.1954
vn -0.9233 0.2663 0.2768
vn -0.7161 0.4560 0.5285
vn -0.9897 0.0438 -0.1362
vn -0.9557 0.2916 -0.0388
s 1
usemtl Muscles.002
f 1//1 3//2 2//3
f 2//3 5//4 4//5
f 5//4 6//6 4//5
f 6//6 5//4 7//7
f 8//8 9//9 6//6
f 9//9 1//1 6//6
f 10//10 1//1 9//9
f 6//6 7//7 8//8
f 3//2 1//1 10//10
f 4//5 1//1 2//3
f 4//5 6//6 1//1
f 10//10 12//11 11//12
f 11//12 13//13 10//10
f 10//10 14//14 12//11
f 10//10 9//9 14//14
f 9//9 8//8 14//14
f 8//8 7//7 14//14
f 15//15 5//4 16//16
f 15//15 7//7 5//4
f 7//7 17//17 14//14
f 14//14 17//17 18//18
f 7//7 18//18 17//17
f 7//7 15//15 18//18
f 12//11 14//14 18//18
f 12//11 18//18 19//19
f 12//11 19//19 20//20
f 11//12 12//11 20//20
f 21//21 22//22 15//15
f 22//22 18//18 15//15
f 22//22 23//23 18//18
f 24//24 23//23 22//22
f 19//19 18//18 23//23
f 19//19 23//23 25//25
f 23//23 24//24 26//26
f 27//27 29//28 28//29
f 30//30 32//31 31//32
f 30//30 27//27 32//31
f 32//31 27//27 28//29
f 33//33 34//34 27//27
f 35//35 37//36 36//37
f 36//37 38//38 35//35
f 34//34 29//28 27//27
f 29//28 34//34 39//39
f 40//40 41//41 32//31
f 32//31 42//42 40//40
f 28//29 42//42 32//31
f 28//29 3//2 42//42
f 40//40 42//42 43//43
f 37//36 44//44 36//37
f 44//44 46//45 45//46
f 38//38 36//37 44//44
f 44//44 47//47 38//38
f 38//38 47//47 48//48
f 48//48 49//49 38//38
f 49//49 50//50 38//38
f 49//49 48//48 51//51
f 52//52 54//53 53//54
f 28//29 29//28 55//55
f 29//28 39//39 55//55
f 56//56 55//55 39//39
f 2//3 55//55 56//56
f 3//2 28//29 2//3
f 28//29 55//55 2//3
f 42//42 3//2 10//10
f 42//42 10//10 57//57
f 57//57 43//43 42//42
f 13//13 43//43 57//57
f 13//13 57//57 10//10
f 45//46 58//58 44//44
f 46//45 43//43 58//58
f 46//45 58//58 45//46
f 58//58 47//47 44//44
f 43//43 13//13 58//58
f 47//47 58//58 59//59
f 2//3 56//56 5//4
f 13//13 59//59 58//58
f 60//60 47//47 59//59
f 59//59 13//13 61//61
f 48//48 47//47 62//62
f 51//51 48//48 63//63
f 54//53 51//51 64//64
f 16//16 5//4 56//56
f 56//56 65//65 16//16
f 69//66 65//65 56//56
f 66//67 178//68 69//66
f 11//12 61//61 13//13
f 47//47 60//60 62//62
f 60//60 67//69 62//62
f 63//63 48//48 62//62
f 63//63 68//70 64//64
f 63//63 62//62 68//70
f 64//64 51//51 63//63
f 178//68 65//65 69//66
f 178//68 86//71 65//65
f 20//20 61//61 11//12
f 62//62 67//69 70//72
f 64//64 68//70 71//73
f 70//72 68//70 62//62
f 71//73 68//70 72//74
f 71//73 72//74 64//64
f 54//53 64//64 72//74
f 21//21 15//15 16//16
f 65//65 21//21 16//16
f 67//69 60//60 73//75
f 60//60 59//59 73//75
f 70//72 67//69 74//76
f 68//70 70//72 75//77
f 72//74 68//70 76//78
f 76//78 68//70 77//79
f 65//65 78//80 21//21
f 61//61 20//20 79//81
f 61//61 79//81 59//59
f 79//81 20//20 80//82
f 79//81 80//82 73//75
f 73//75 59//59 79//81
f 20//20 19//19 80//82
f 67//69 81//83 74//76
f 67//69 82//84 81//83
f 67//69 73//75 82//84
f 73//75 80//82 83//85
f 73//75 83//85 82//84
f 82//84 83//85 84//86
f 82//84 84//86 81//83
f 75//77 70//72 74//76
f 77//79 68//70 75//77
f 77//79 75//77 74//76
f 74//76 81//83 85//87
f 74//76 85//87 77//79
f 78//80 24//24 21//21
f 24//24 22//22 21//21
f 65//65 86//71 78//80
f 80//82 19//19 25//25
f 80//82 87//88 83//85
f 81//83 84//86 85//87
f 77//79 85//87 88//89
f 77//79 88//89 76//78
f 80//82 25//25 89//90
f 80//82 89//90 87//88
f 84//86 83//85 87//88
f 88//89 85//87 90//91
f 85//87 84//86 90//91
f 84//86 87//88 90//91
f 76//78 88//89 72//74
f 72//74 88//89 90//91
f 24//24 78//80 91//92
f 24//24 92//93 26//26
f 92//93 24//24 91//92
f 23//23 26//26 93//94
f 25//25 23//23 93//94
f 25//25 93//94 89//90
f 89//90 93//94 94//95
f 89//90 94//95 95//96
f 89//90 95//96 96//97
f 89//90 96//97 87//88
f 87//88 96//97 90//91
f 97//98 78//80 86//71
f 78//80 97//98 98//99
f 92//93 91//92 99//100
f 94//95 93//94 100//101
f 26//26 101//102 93//94
f 93//94 101//102 100//101
f 26//26 92//93 101//102
f 101//102 92//93 102//103
f 95//96 94//95 100//101
f 96//97 95//96 103//104
f 103//104 104//105 96//97
f 103//104 95//96 109//106
f 104//105 103//104 105//107
f 96//97 104//105 106//108
f 105//107 103//104 109//106
f 90//91 96//97 107//109
f 108//110 96//97 106//108
f 107//109 96//97 108//110
f 78//80 99//100 91//92
f 78//80 98//99 99//100
f 92//93 99//100 102//103
f 102//103 100//101 101//102
f 100//101 102//103 109//106
f 110//111 102//103 99//100
f 102//103 110//111 109//106
f 95//96 100//101 109//106
f 105//107 106//108 104//105
f 108//110 111//112 107//109
f 108//110 106//108 112//113
f 111//112 108//110 112//113
f 111//112 113//114 107//109
f 105//107 114//115 106//108
f 107//109 113//114 90//91
f 115//116 37//36 116//117
f 117//118 33//33 30//30
f 33//33 27//27 30//30
f 118//119 30//30 31//32
f 41//41 119//120 118//119
f 41//41 37//36 120//121
f 120//121 37//36 115//116
f 121//122 37//36 122//123
f 121//122 122//123 123//124
f 123//124 122//123 124//125
f 37//36 35//35 122//123
f 122//123 35//35 124//125
f 52//52 124//125 50//50
f 125//126 124//125 52//52
f 126//127 128//128 127//129
f 127//129 130//130 129//131
f 130//130 127//129 128//128
f 131//132 132//133 33//33
f 131//132 133//134 132//133
f 41//41 31//32 32//31
f 41//41 118//119 31//32
f 40//40 43//43 41//41
f 119//120 41//41 120//121
f 41//41 44//44 37//36
f 41//41 43//43 46//45
f 46//45 44//44 41//41
f 50//50 124//125 35//35
f 50//50 35//35 38//38
f 52//52 50//50 49//49
f 52//52 49//49 134//135
f 130//130 128//128 135//136
f 130//130 135//136 136//137
f 136//137 135//136 137//138
f 138//139 135//136 128//128
f 130//130 136//137 129//131
f 136//137 137//138 139//140
f 132//133 34//34 33//33
f 132//133 39//39 34//34
f 133//134 140//141 132//133
f 132//133 140//141 39//39
f 133//134 141//142 140//141
f 134//135 49//49 51//51
f 134//135 51//51 54//53
f 134//135 54//53 52//52
f 52//52 142//143 135//136
f 138//139 52//52 135//136
f 142//143 52//52 53//54
f 137//138 135//136 143//144
f 144//145 137//138 145//146
f 56//56 39//39 140//141
f 146//147 147//148 141//142
f 140//141 148//149 56//56
f 141//142 148//149 140//141
f 147//148 148//149 141//142
f 147//148 146//147 149//150
f 149//150 151//151 150//152
f 149//150 152//153 151//151
f 153//154 155//155 154//156
f 152//153 149//150 153//154
f 152//153 153//154 154//156
f 155//155 156//157 154//156
f 155//155 157//158 156//157
f 158//159 142//143 53//54
f 135//136 142//143 158//159
f 135//136 158//159 143//144
f 137//138 143//144 159//160
f 145//146 137//138 159//160
f 145//146 159//160 160//161
f 148//149 69//66 56//56
f 148//149 147//148 69//66
f 66//67 69//66 147//148
f 149//150 66//67 147//148
f 149//150 150//152 66//67
f 161//162 152//153 154//156
f 154//156 156//157 161//162
f 156//157 163//163 162//164
f 53//54 54//53 158//159
f 143//144 158//159 164//165
f 159//160 143//144 165//166
f 160//161 159//160 166//167
f 160//161 166//167 167//168
f 166//167 159//160 165//166
f 166//167 168//169 167//168
f 166//167 165//166 168//169
f 150//152 169//170 66//67
f 150//152 151//151 169//170
f 151//151 171//171 170//172
f 169//170 151//151 170//172
f 152//153 171//171 151//151
f 170//172 181//173 169//170
f 170//172 172//174 181//173
f 171//171 172//174 170//172
f 171//171 152//153 172//174
f 161//162 172//174 152//153
f 156//157 173//175 161//162
f 156//157 162//164 173//175
f 163//163 175//176 174//177
f 163//163 174//177 162//164
f 175//176 176//178 174//177
f 158//159 54//53 164//165
f 143//144 164//165 165//166
f 66//67 177//179 178//68
f 66//67 169//170 177//179
f 178//68 177//179 181//173
f 181//173 179//180 178//68
f 169//170 181//173 177//179
f 181//173 172//174 180//181
f 181//173 182//182 179//180
f 181//173 180//181 182//182
f 183//183 180//181 172//174
f 183//183 172//174 161//162
f 161//162 184//184 183//183
f 173//175 184//184 161//162
f 176//178 185//185 174//177
f 174//177 185//185 162//164
f 162//164 185//185 173//175
f 165//166 164//165 186//186
f 165//166 186//186 168//169
f 164//165 187//187 186//186
f 179//180 188//188 178//68
f 182//182 188//188 179//180
f 188//188 189//189 178//68
f 184//184 190//190 183//183
f 173//175 185//185 191//191
f 176//178 192//192 185//185
f 192//192 191//191 185//185
f 72//74 164//165 54//53
f 72//74 187//187 164//165
f 168//169 186//186 187//187
f 189//189 86//71 178//68
f 182//182 193//193 188//188
f 182//182 180//181 193//193
f 180//181 194//194 193//193
f 193//193 194//194 188//188
f 194//194 195//195 188//188
f 195//195 189//189 188//188
f 183//183 190//190 196//196
f 180//181 183//183 196//196
f 196//196 194//194 180//181
f 191//191 184//184 173//175
f 184//184 191//191 190//190
f 72//74 90//91 187//187
f 189//189 197//197 86//71
f 198//198 191//191 192//192
f 195//195 194//194 189//189
f 194//194 199//199 189//189
f 196//196 199//199 194//194
f 197//197 97//98 86//71
f 199//199 200//200 189//189
f 189//189 200//200 197//197
f 190//190 191//191 287//201
f 200//200 201//202 197//197
f 197//197 213//203 97//98
f 201//202 200//200 199//199
f 197//197 201//202 213//203
f 199//199 196//196 202//204
f 199//199 202//204 201//202
f 196//196 286//205 202//204
f 203//206 204//207 90//91
f 97//98 205//208 98//99
f 98//99 205//208 99//100
f 201//202 206//209 213//203
f 202//204 206//209 201//202
f 105//107 109//106 207//210
f 112//113 113//114 111//112
f 112//113 106//108 208//211
f 114//115 105//107 207//210
f 106//108 114//115 208//211
f 207//210 109//106 209//212
f 207//210 209//212 114//115
f 203//206 90//91 113//114
f 203//206 211//213 210//214
f 203//206 113//114 211//213
f 203//206 210//214 204//207
f 212//215 210//214 211//213
f 213//203 205//208 97//98
f 205//208 110//111 99//100
f 110//111 214//216 109//106
f 205//208 214//216 110//111
f 213//203 214//216 205//208
f 206//209 214//216 213//203
f 109//106 214//216 209//212
f 209//212 208//211 114//115
f 215//217 208//211 209//212
f 208//211 215//217 112//113
f 215//217 209//212 214//216
f 215//217 113//114 112//113
f 216//218 113//114 215//217
f 214//216 216//218 215//217
f 217//219 216//218 214//216
f 214//216 219//220 217//219
f 219//220 214//216 206//209
f 218//221 220//222 219//220
f 219//220 220//222 217//219
f 221//223 222//224 126//127
f 223//225 118//119 119//120
f 118//119 117//118 30//30
f 223//225 120//121 224//226
f 119//120 120//121 223//225
f 224//226 120//121 115//116
f 121//122 116//117 37//36
f 225//227 116//117 121//122
f 225//227 121//122 125//126
f 222//224 226//228 126//127
f 222//224 227//229 226//228
f 125//126 227//229 225//227
f 225//227 227//229 222//224
f 226//228 128//128 126//127
f 129//131 126//127 127//129
f 33//33 228//230 131//132
f 125//126 121//122 123//124
f 124//125 125//126 123//124
f 226//228 227//229 128//128
f 138//139 128//128 227//229
f 125//126 138//139 227//229
f 52//52 138//139 125//126
f 129//131 136//137 139//140
f 229//231 129//131 230//232
f 129//131 139//140 144//145
f 129//131 231//233 230//232
f 230//232 232//234 229//231
f 232//234 230//232 233//235
f 232//234 234//236 229//231
f 235//237 234//236 232//234
f 236//238 133//134 131//132
f 146//147 238//239 237//240
f 137//138 144//145 139//140
f 129//131 144//145 231//233
f 239//241 231//233 144//145
f 230//232 231//233 233//235
f 231//233 239//241 240//242
f 241//243 233//235 240//242
f 240//242 233//235 231//233
f 232//234 233//235 241//243
f 232//234 241//243 242//244
f 242//244 235//237 232//234
f 243//245 235//237 242//244
f 236//238 244//246 133//134
f 244//246 245//247 133//134
f 245//247 244//246 246//248
f 146//147 245//247 246//248
f 133//134 245//247 141//142
f 146//147 141//142 245//247
f 247//249 146//147 237//240
f 248//250 249//251 247//249
f 239//241 144//145 145//146
f 240//242 239//241 145//146
f 146//147 153//154 149//150
f 146//147 247//249 153//154
f 247//249 155//155 153//154
f 155//155 247//249 157//158
f 247//249 249//251 157//158
f 249//251 156//157 157//158
f 163//163 249//251 250//252
f 240//242 145//146 160//161
f 167//168 240//242 160//161
f 240//242 251//253 241//243
f 252//254 243//245 242//244
f 249//251 163//163 156//157
f 250//252 175//176 163//163
f 250//252 253//255 175//176
f 250//252 254//256 253//255
f 175//176 253//255 255//257
f 253//255 256//258 255//257
f 253//255 254//256 256//258
f 250//252 257//259 254//256
f 251//253 240//242 167//168
f 242//244 241//243 251//253
f 242//244 251//253 258//260
f 242//244 258//260 259//261
f 260//262 242//244 259//261
f 175//176 255//257 176//178
f 251//253 167//168 261//263
f 251//253 261//263 258//260
f 255//257 256//258 262//264
f 254//256 263//265 256//258
f 254//256 264//266 263//265
f 264//266 265//267 263//265
f 168//169 261//263 167//168
f 259//261 258//260 266//268
f 255//257 262//264 176//178
f 256//258 263//265 262//264
f 168//169 187//187 267//269
f 267//269 261//263 168//169
f 268//270 267//269 187//187
f 267//269 268//270 261//263
f 268//270 187//187 269//271
f 261//263 268//270 258//260
f 258//260 268//270 266//268
f 266//268 268//270 270//272
f 263//265 265//267 262//264
f 265//267 271//273 262//264
f 272//274 176//178 262//264
f 269//271 270//272 268//270
f 266//268 270//272 259//261
f 176//178 198//198 192//192
f 176//178 272//274 198//198
f 271//273 272//274 262//264
f 271//273 265//267 272//274
f 269//271 187//187 90//91
f 269//271 90//91 273//275
f 269//271 273//275 270//272
f 270//272 274//276 259//261
f 198//198 275//277 191//191
f 198//198 272//274 275//277
f 275//277 272//274 276//278
f 272//274 265//267 277//279
f 265//267 278//280 277//279
f 265//267 279//281 278//280
f 278//280 280//282 277//279
f 272//274 277//279 276//278
f 277//279 280//282 276//278
f 280//282 281//283 276//278
f 282//284 278//280 279//281
f 90//91 283//285 273//275
f 273//275 285//286 284//287
f 270//272 273//275 284//287
f 196//196 190//190 286//205
f 287//201 286//205 190//190
f 275//277 286//205 287//201
f 191//191 275//277 287//201
f 281//283 275//277 276//278
f 281//283 280//282 395//288
f 395//288 288//289 281//283
f 278//280 289//290 280//282
f 280//282 289//290 395//288
f 278//280 290//291 289//290
f 290//291 395//288 289//290
f 204//207 283//285 90//91
f 273//275 283//285 285//286
f 283//285 204//207 285//286
f 285//286 204//207 291//292
f 291//292 292//293 285//286
f 281//283 288//289 275//277
f 210//214 291//292 204//207
f 292//293 291//292 293//294
f 293//294 291//292 210//214
f 293//294 212//215 294//295
f 295//296 206//209 202//204
f 296//297 202//204 286//205
f 202//204 296//297 295//296
f 295//296 218//221 206//209
f 295//296 297//298 218//221
f 295//296 296//297 297//298
f 296//297 298//299 297//298
f 296//297 286//205 298//299
f 297//298 220//222 218//221
f 298//299 220//222 297//298
f 217//219 220//222 298//299
f 299//300 217//219 298//299
f 299//300 298//299 286//205
f 299//300 286//205 275//277
f 211//213 113//114 216//218
f 288//289 300//301 275//277
f 211//213 216//218 301//302
f 301//302 216//218 217//219
f 301//302 302//303 211//213
f 301//302 217//219 303//304
f 303//304 302//303 301//302
f 275//277 300//301 299//300
f 300//301 303//304 299//300
f 303//304 217//219 299//300
f 303//304 300//301 395//288
f 395//288 300//301 288//289
f 212//215 211//213 302//303
f 304//305 212//215 302//303
f 210//214 212//215 293//294
f 223//225 306//306 305//307
f 307//308 115//116 116//117
f 115//116 307//308 308//309
f 224//226 306//306 223//225
f 308//309 306//306 224//226
f 224//226 115//116 308//309
f 307//308 116//117 309//310
f 310//311 225//227 222//224
f 310//311 222//224 221//223
f 311//312 126//127 312//313
f 305//307 118//119 223//225
f 117//118 118//119 305//307
f 225//227 309//310 116//117
f 310//311 309//310 225//227
f 312//313 126//127 313//314
f 313//314 126//127 129//131
f 314//315 312//313 229//231
f 315//316 228//230 316//317
f 117//118 228//230 33//33
f 313//314 129//131 229//231
f 313//314 229//231 312//313
f 317//318 319//319 318//320
f 315//316 131//132 228//230
f 320//321 131//132 315//316
f 321//322 244//246 320//321
f 323//323 322//324 325//325
f 323//323 325//325 324//326
f 324//326 327//327 326//328
f 325//325 327//327 324//326
f 327//327 325//325 328//329
f 329//330 331//331 330//332
f 328//329 325//325 329//330
f 329//330 330//332 328//329
f 332//333 334//334 333//335
f 333//335 335//336 331//331
f 331//331 335//336 330//332
f 333//335 248//250 336//337
f 335//336 336//337 330//332
f 336//337 335//336 333//335
f 337//338 248//250 333//335
f 248//250 337//338 338//339
f 338//339 333//335 334//334
f 333//335 338//339 337//338
f 248//250 247//249 336//337
f 248//250 338//339 339//340
f 314//315 229//231 234//236
f 340//341 234//236 235//237
f 340//341 314//315 234//236
f 340//341 341//342 314//315
f 314//315 342//343 317//318
f 342//343 314//315 341//342
f 317//318 342//343 319//319
f 342//343 341//342 319//319
f 319//319 341//342 343//344
f 320//321 236//238 131//132
f 244//246 236//238 320//321
f 246//248 321//322 326//328
f 244//246 321//322 246//248
f 327//327 246//248 326//328
f 146//147 344//345 238//239
f 327//327 238//239 344//345
f 344//345 246//248 327//327
f 146//147 246//248 344//345
f 238//239 327//327 237//240
f 328//329 237//240 327//327
f 328//329 330//332 237//240
f 330//332 336//337 237//240
f 237//240 336//337 247//249
f 249//251 248//250 339//340
f 345//346 346//347 250//252
f 250//252 347//348 345//346
f 347//348 348//349 345//346
f 235//237 252//254 340//341
f 252//254 235//237 243//245
f 340//341 252//254 349//350
f 319//319 343//344 350//351
f 349//350 341//342 340//341
f 341//342 349//350 343//344
f 319//319 350//351 351//352
f 351//352 318//320 319//319
f 250//252 346//347 257//259
f 352//353 254//256 345//346
f 343//344 353//354 350//351
f 354//355 350//351 353//354
f 350//351 354//355 351//352
f 346//347 345//346 257//259
f 345//346 254//256 257//259
f 345//346 355//356 352//353
f 352//353 357//357 356//358
f 355//356 357//357 352//353
f 356//358 357//357 358//359
f 343//344 349//350 353//354
f 353//354 349//350 252//254
f 354//355 353//354 359//360
f 362//361 359//360 353//354
f 351//352 354//355 360//362
f 361//363 360//362 354//355
f 242//244 260//262 252//254
f 353//354 363//364 362//361
f 252//254 363//364 353//354
f 359//360 362//361 354//355
f 354//355 362//361 364//365
f 354//355 364//365 365//366
f 362//361 366//367 364//365
f 364//365 366//367 365//366
f 365//366 361//363 354//355
f 254//256 265//267 264//266
f 352//353 265//267 254//256
f 260//262 363//364 252//254
f 260//262 259//261 367//368
f 368//369 260//262 367//368
f 368//369 363//364 260//262
f 368//369 362//361 363//364
f 362//361 368//369 366//367
f 365//366 366//367 369//370
f 365//366 369//370 370//371
f 369//370 366//367 370//371
f 352//353 371//372 265//267
f 367//368 259//261 372//373
f 368//369 367//368 372//373
f 372//373 373//374 366//367
f 372//373 259//261 373//374
f 366//367 368//369 372//373
f 366//367 373//374 374//375
f 366//367 374//375 375//376
f 375//376 374//375 373//374
f 376//377 279//281 265//267
f 265//267 371//372 376//377
f 259//261 274//276 377//378
f 373//374 259//261 377//378
f 375//376 373//374 378//379
f 378//379 373//374 377//378
f 376//377 371//372 279//281
f 379//380 380//381 371//372
f 377//378 382//382 381//383
f 378//379 377//378 381//383
f 371//372 383//384 279//281
f 384//385 383//384 371//372
f 371//372 385//386 384//385
f 380//381 385//386 371//372
f 274//276 270//272 386//387
f 284//287 386//387 270//272
f 386//387 284//287 387//388
f 386//387 387//388 274//276
f 274//276 387//388 388//389
f 377//378 274//276 388//389
f 377//378 388//389 382//382
f 278//280 282//284 290//291
f 282//284 279//281 383//384
f 383//384 389//390 282//284
f 282//284 389//390 390//391
f 383//384 384//385 389//390
f 285//286 391//392 284//287
f 391//392 387//388 284//287
f 387//388 391//392 392//393
f 392//393 388//389 387//388
f 382//382 388//389 393//394
f 391//392 394//395 392//393
f 285//286 394//395 391//392
f 290//291 282//284 395//288
f 282//284 390//391 395//288
f 389//390 396//396 390//391
f 212//215 304//305 294//295
f 285//286 292//293 397//397
f 293//294 294//295 292//293
f 397//397 292//293 294//295
f 294//295 398//398 397//397
f 285//286 397//397 399//399
f 394//395 285//286 399//399
f 400//400 303//304 395//288
f 400//400 302//303 303//304
f 400//400 401//401 302//303
f 401//401 304//305 302//303
f 396//396 400//400 395//288
f 401//401 400//400 396//396
f 401//401 402//402 304//305
f 401//401 396//396 403//403
f 401//401 403//403 402//402
f 390//391 396//396 395//288
f 389//390 403//403 396//396
f 402//402 398//398 304//305
f 294//295 304//305 398//398
f 403//403 404//404 402//402
f 402//402 404//404 398//398
f 405//405 221//223 406//406
f 407//407 221//223 405//405
f 311//312 406//406 221//223
f 228//230 306//306 408//408
f 409//409 411//410 410//411
f 412//412 411//410 413//413
f 309//310 412//412 413//413
f 411//410 308//309 413//413
f 411//410 409//409 308//309
f 414//414 412//412 309//310
f 309//310 415//415 414//414
f 221//223 415//415 309//310
f 310//311 221//223 309//310
f 406//406 311//312 416//416
f 417//417 419//418 418//419
f 228//230 420//420 316//317
f 228//230 117//118 306//306
f 117//118 305//307 306//306
f 413//413 307//308 309//310
f 413//413 308//309 307//308
f 308//309 409//409 306//306
f 126//127 311//312 221//223
f 416//416 311//312 312//313
f 421//421 422//422 417//417
f 312//313 422//422 421//421
f 317//318 312//313 314//315
f 422//422 312//313 317//318
f 422//422 317//318 417//417
f 417//417 317//318 423//423
f 424//424 417//417 423//423
f 318//320 423//423 317//318
f 423//423 318//320 424//424
f 316//317 425//425 315//316
f 425//425 316//317 426//426
f 446//427 427//428 326//328
f 571//429 428//430 560//431
f 429//432 323//323 571//429
f 430//433 429//432 571//429
f 323//323 429//432 322//324
f 431//434 323//323 432//435
f 429//432 329//330 322//324
f 323//323 431//434 571//429
f 571//429 431//434 428//430
f 431//434 432//435 428//430
f 433//436 434//437 332//333
f 434//437 435//438 332//333
f 333//335 436//439 332//333
f 332//333 435//438 338//339
f 436//439 433//436 332//333
f 435//438 437//440 338//339
f 438//441 440//442 439//443
f 338//339 440//442 339//340
f 249//251 438//441 439//443
f 441//444 442//445 347//348
f 424//424 318//320 351//352
f 424//424 351//352 443//446
f 444//447 443//446 445//448
f 446//427 321//322 425//425
f 326//328 321//322 446//427
f 425//425 320//321 315//316
f 321//322 320//321 425//425
f 560//431 428//430 427//428
f 326//328 427//428 428//430
f 323//323 324//326 432//435
f 322//324 329//330 325//325
f 428//430 432//435 326//328
f 326//328 432//435 324//326
f 331//331 436//439 333//335
f 329//330 433//436 331//331
f 433//436 436//439 331//331
f 332//333 338//339 334//334
f 438//441 249//251 339//340
f 339//340 440//442 438//441
f 447//449 347//348 249//251
f 347//348 250//252 249//251
f 447//449 441//444 347//348
f 348//349 347//348 448//450
f 449//451 443//446 351//352
f 355//356 345//346 348//349
f 348//349 358//359 355//356
f 348//349 356//358 358//359
f 450//452 452//453 451//454
f 450//452 348//349 452//453
f 452//453 454//455 453//456
f 452//453 453//456 451//454
f 360//362 449//451 351//352
f 449//451 455//457 443//446
f 443//446 455//457 445//448
f 358//359 357//357 355//356
f 451//454 453//456 456//458
f 451//454 457//459 450//452
f 457//459 451//454 458//460
f 456//458 458//460 451//454
f 348//349 450//452 457//459
f 458//460 456//458 459//461
f 456//458 460//462 459//461
f 360//362 361//363 461//463
f 360//362 461//463 449//451
f 449//451 461//463 455//457
f 445//448 455//457 462//464
f 348//349 457//459 379//380
f 459//461 463//465 458//460
f 458//460 464//466 457//459
f 458//460 463//465 464//466
f 463//465 465//467 464//466
f 457//459 464//466 379//380
f 465//467 379//380 464//466
f 460//462 465//467 459//461
f 463//465 459//461 465//467
f 455//457 461//463 466//468
f 455//457 466//468 467//469
f 462//464 455//457 467//469
f 356//358 348//349 379//380
f 461//463 361//363 468//470
f 361//363 365//366 468//470
f 356//358 371//372 352//353
f 468//470 365//366 370//371
f 461//463 468//470 469//471
f 467//469 466//468 470//472
f 461//463 471//473 466//468
f 466//468 472//474 470//472
f 356//358 379//380 371//372
f 469//471 468//470 370//371
f 461//463 469//471 473//475
f 473//475 471//473 461//463
f 466//468 471//473 472//474
f 472//474 471//473 474//476
f 472//474 474//476 475//477
f 471//473 473//475 474//476
f 474//476 473//475 476//478
f 474//476 476//478 475//477
f 366//367 375//376 370//371
f 375//376 477//479 370//371
f 469//471 370//371 477//479
f 473//475 469//471 478//480
f 473//475 478//480 476//478
f 378//379 381//383 375//376
f 381//383 477//479 375//376
f 469//471 477//479 478//480
f 478//480 477//479 479//481
f 381//383 480//482 477//479
f 478//480 479//481 481//483
f 381//383 482//484 480//482
f 480//482 482//484 483//485
f 491//486 482//484 381//383
f 482//484 491//486 483//485
f 479//481 477//479 480//482
f 480//482 483//485 484//487
f 484//487 479//481 480//482
f 485//488 479//481 484//487
f 483//485 485//488 484//487
f 380//381 486//489 385//386
f 380//381 487//490 486//489
f 380//381 379//380 488//491
f 388//389 392//393 489//492
f 388//389 489//492 393//394
f 489//492 392//393 394//395
f 393//394 381//383 382//382
f 393//394 490//493 381//383
f 491//486 490//493 393//394
f 393//394 489//492 492//494
f 393//394 492//494 491//486
f 490//493 491//486 381//383
f 492//494 489//492 394//395
f 385//386 493//495 384//385
f 384//385 495//496 494//497
f 384//385 496//498 389//390
f 384//385 494//497 496//498
f 496//498 497//499 389//390
f 486//489 493//495 385//386
f 493//495 495//496 384//385
f 495//496 493//495 494//497
f 486//489 487//490 493//495
f 496//498 494//497 497//499
f 487//490 380//381 498//500
f 380//381 488//491 498//500
f 498//500 488//491 487//490
f 399//399 397//397 499//501
f 499//501 397//397 398//398
f 499//501 398//398 501//502
f 394//395 399//399 499//501
f 394//395 499//501 500//503
f 500//503 499//501 501//502
f 501//502 398//398 502//504
f 394//395 500//503 492//494
f 492//494 500//503 501//502
f 398//398 503//505 502//504
f 488//491 504//506 487//490
f 504//506 611//507 503//505
f 505//508 492//494 501//502
f 501//502 502//504 505//508
f 492//494 505//508 491//486
f 506//509 403//403 389//390
f 506//509 404//404 403//403
f 389//390 497//499 506//509
f 506//509 507//510 404//404
f 404//404 507//510 398//398
f 508//511 497//499 494//497
f 508//511 506//509 497//499
f 508//511 507//510 506//509
f 508//511 509//512 507//510
f 503//505 398//398 507//510
f 509//512 508//511 494//497
f 507//510 509//512 503//505
f 509//512 494//497 493//495
f 503//505 509//512 504//506
f 487//490 509//512 493//495
f 509//512 487//490 504//506
f 510//513 511//514 518//515
f 512//516 513//517 511//514
f 512//516 514//518 513//517
f 511//514 516//519 515//520
f 511//514 515//520 518//515
f 515//520 516//519 517//521
f 513//517 517//521 516//519
f 516//519 511//514 513//517
f 518//515 515//520 517//521
f 621//522 517//521 407//407
f 621//522 407//407 519//523
f 519//523 407//407 416//416
f 520//524 519//523 416//416
f 416//416 312//313 421//421
f 521//525 522//526 419//418
f 523//527 525//528 524//529
f 526//530 410//411 525//528
f 523//527 524//529 527//531
f 528//532 525//528 410//411
f 528//532 410//411 411//410
f 527//531 524//529 529//533
f 524//529 528//532 529//533
f 525//528 528//532 524//529
f 527//531 529//533 514//518
f 411//410 412//412 528//532
f 529//533 414//414 514//518
f 529//533 412//412 414//414
f 412//412 529//533 528//532
f 414//414 513//517 514//518
f 517//521 513//517 415//415
f 513//517 414//414 415//415
f 517//521 415//415 407//407
f 221//223 407//407 415//415
f 407//407 405//405 406//406
f 407//407 406//406 416//416
f 521//525 419//418 530//534
f 530//534 531//535 521//525
f 531//535 530//534 424//424
f 532//536 533//537 531//535
f 531//535 533//537 521//525
f 532//536 531//535 424//424
f 420//420 408//408 661//538
f 410//411 526//530 408//408
f 408//408 306//306 409//409
f 228//230 408//408 420//420
f 408//408 409//409 410//411
f 534//539 417//417 418//419
f 534//539 418//419 522//526
f 417//417 534//539 421//421
f 418//419 419//418 522//526
f 424//424 530//534 417//417
f 530//534 419//418 417//417
f 532//536 424//424 535//540
f 532//536 535//540 536//541
f 537//542 535//540 538//543
f 420//420 540//544 539//545
f 658//546 541//547 539//545
f 540//544 658//546 539//545
f 437//440 543//548 542//549
f 439//443 440//442 437//440
f 440//442 338//339 437//440
f 441//444 545//550 544//551
f 546//552 442//445 441//444
f 547//553 448//450 548//554
f 535//540 550//555 549//556
f 551//557 535//540 549//556
f 538//543 535//540 551//557
f 552//558 551//557 553//559
f 551//557 554//560 553//559
f 551//557 549//556 554//560
f 561//561 541//547 659//562
f 420//420 539//545 316//317
f 539//545 555//563 316//317
f 541//547 555//563 539//545
f 561//561 556//564 541//547
f 556//564 561//561 557//565
f 558//566 560//431 559//567
f 561//561 558//566 557//565
f 559//567 557//565 558//566
f 557//565 568//568 556//564
f 570//569 560//431 562//570
f 560//431 558//566 562//570
f 563//571 562//570 542//549
f 562//570 558//566 542//549
f 564//572 563//571 542//549
f 564//572 430//433 563//571
f 564//572 542//549 543//548
f 543//548 437//440 435//438
f 435//438 434//437 543//548
f 544//551 447//449 439//443
f 447//449 544//551 545//550
f 439//443 447//449 249//251
f 545//550 441//444 447//449
f 442//445 546//552 565//573
f 565//573 548//554 566//574
f 565//573 566//574 442//445
f 548//554 448//450 566//574
f 424//424 443//446 444//447
f 444//447 550//555 424//424
f 550//555 535//540 424//424
f 549//556 550//555 554//560
f 554//560 550//555 567//575
f 555//563 426//426 316//317
f 556//564 446//427 425//425
f 556//564 426//426 541//547
f 541//547 426//426 555//563
f 426//426 556//564 425//425
f 559//567 568//568 557//565
f 556//564 568//568 427//428
f 560//431 569//576 559//567
f 560//431 427//428 569//576
f 427//428 446//427 556//564
f 559//567 569//576 568//568
f 569//576 427//428 568//568
f 570//569 562//570 563//571
f 430//433 571//429 570//569
f 429//432 430//433 572//577
f 572//577 329//330 429//432
f 572//577 430//433 564//572
f 572//577 564//572 543//548
f 430//433 570//569 563//571
f 543//548 329//330 572//577
f 329//330 543//548 433//436
f 543//548 434//437 433//436
f 347//348 442//445 566//574
f 573//578 574//579 448//450
f 566//574 448//450 347//348
f 348//349 448//450 452//453
f 448//450 575//580 452//453
f 567//575 550//555 576//581
f 550//555 577//582 576//581
f 550//555 578//583 577//582
f 579//584 554//560 580//585
f 554//560 567//575 580//585
f 576//581 580//585 567//575
f 580//585 576//581 581//586
f 582//587 583//588 452//453
f 575//580 582//587 452//453
f 448//450 584//589 575//580
f 584//589 585//590 575//580
f 578//583 550//555 444//447
f 445//448 578//583 444//447
f 577//582 578//583 592//591
f 580//585 581//586 579//584
f 579//584 581//586 586//592
f 576//581 577//582 587//593
f 576//581 587//593 581//586
f 581//586 587//593 586//592
f 577//582 592//591 587//593
f 454//455 452//453 583//588
f 575//580 585//590 582//587
f 585//590 588//594 582//587
f 585//590 584//589 588//594
f 589//595 578//583 445//448
f 589//595 445//448 462//464
f 586//592 587//593 590//596
f 454//455 456//458 453//456
f 454//455 460//462 456//458
f 454//455 583//588 460//462
f 582//587 591//597 583//588
f 582//587 588//594 591//597
f 578//583 589//595 592//591
f 462//464 467//469 470//472
f 470//472 589//595 462//464
f 583//588 591//597 460//462
f 591//597 593//598 460//462
f 588//594 593//598 591//597
f 470//472 592//591 589//595
f 594//599 592//591 470//472
f 592//591 594//599 587//593
f 465//467 593//598 379//380
f 593//598 465//467 460//462
f 470//472 472//474 595//600
f 595//600 596//601 470//472
f 594//599 470//472 596//601
f 472//474 475//477 595//600
f 595//600 475//477 597//602
f 594//599 596//601 598//603
f 595//600 597//602 599//604
f 595//600 599//604 596//601
f 600//605 379//380 593//598
f 475//477 476//478 597//602
f 596//601 599//604 598//603
f 599//604 597//602 601//606
f 601//606 597//602 602//607
f 478//480 597//602 476//478
f 478//480 603//608 597//602
f 603//608 478//480 481//483
f 600//605 488//491 379//380
f 481//483 479//481 604//609
f 481//483 604//609 603//608
f 485//488 604//609 479//481
f 483//485 605//610 485//488
f 597//602 603//608 485//488
f 597//602 485//488 606//611
f 603//608 604//609 485//488
f 605//610 606//611 485//488
f 597//602 606//611 607//612
f 606//611 605//610 608//613
f 491//486 605//610 483//485
f 491//486 505//508 605//610
f 505//508 609//614 605//610
f 488//491 610//615 504//506
f 611//507 504//506 610//615
f 502//504 503//505 701//616
f 502//504 701//616 505//508
f 611//507 701//616 503//505
f 701//616 611//507 610//615
f 612//617 505//508 701//616
f 609//614 505//508 612//617
f 613//618 614//619 519//523
f 520//524 416//416 615//620
f 736//621 617//622 616//623
f 510//513 616//623 617//622
f 616//623 618//624 736//621
f 736//621 618//624 619//625
f 510//513 518//515 616//623
f 618//624 614//619 619//625
f 614//619 613//618 619//625
f 620//626 621//522 614//619
f 621//522 618//624 616//623
f 518//515 621//522 616//623
f 614//619 618//624 620//626
f 620//626 618//624 621//522
f 518//515 517//521 621//522
f 614//619 621//522 519//523
f 615//620 416//416 622//627
f 534//539 624//628 623//629
f 625//630 624//628 534//539
f 626//631 628//632 627//633
f 629//634 627//633 628//632
f 628//632 630//635 629//634
f 512//516 511//514 617//622
f 630//635 628//632 514//518
f 630//635 512//516 629//634
f 617//622 511//514 510//513
f 630//635 514//518 512//516
f 421//421 622//627 416//416
f 623//629 622//627 421//421
f 534//539 623//629 421//421
f 534//539 631//636 625//630
f 631//636 534//539 522//526
f 521//525 631//636 522//526
f 632//637 634//638 633//639
f 635//640 633//639 636//641
f 633//639 634//638 537//542
f 636//641 633//639 537//542
f 637//642 636//641 537//542
f 538//543 637//642 537//542
f 643//643 638//644 642//645
f 778//646 638//644 526//530
f 638//644 778//646 642//645
f 626//631 523//527 628//632
f 523//527 514//518 628//632
f 527//531 514//518 523//527
f 525//528 523//527 526//530
f 532//536 536//541 533//537
f 632//637 521//525 533//537
f 632//637 533//537 634//638
f 634//638 533//537 536//541
f 634//638 536//541 537//542
f 537//542 536//541 535//540
f 639//647 641//648 640//649
f 646//650 643//643 642//645
f 644//651 643//643 646//650
f 642//645 778//646 777//652
f 645//653 644//651 646//650
f 638//644 643//643 408//408
f 643//643 661//538 408//408
f 526//530 638//644 408//408
f 647//654 544//551 648//655
f 648//655 544//551 439//443
f 647//654 649//656 441//444
f 649//656 650//657 441//444
f 544//551 647//654 441//444
f 651//658 652//659 546//552
f 565//573 546//552 653//660
f 538//543 552//558 654//661
f 538//543 551//557 552//558
f 654//661 552//558 553//559
f 641//648 654//661 655//662
f 655//662 654//661 553//559
f 655//662 640//649 641//648
f 656//663 655//662 553//559
f 640//649 655//662 656//663
f 639//647 640//649 657//664
f 540//544 420//420 661//538
f 662//665 540//544 661//538
f 540//544 660//666 658//546
f 659//562 658//546 660//666
f 660//666 540//544 662//665
f 660//666 662//665 661//538
f 659//562 660//666 661//538
f 542//549 659//562 661//538
f 659//562 558//566 561//561
f 542//549 558//566 659//562
f 650//657 546//552 441//444
f 546//552 650//657 651//658
f 548//554 565//573 547//553
f 653//660 547//553 565//573
f 663//667 573//578 448//450
f 656//663 553//559 664//668
f 554//560 664//668 553//559
f 665//669 656//663 664//668
f 640//649 656//663 666//670
f 666//670 667//671 640//649
f 657//664 640//649 667//671
f 668//672 657//664 667//671
f 665//669 666//670 656//663
f 667//671 666//670 669//673
f 670//674 574//579 671//675
f 579//584 664//668 554//560
f 664//668 579//584 665//669
f 579//584 666//670 665//669
f 667//671 669//673 668//672
f 574//579 584//589 448//450
f 670//674 584//589 574//579
f 672//676 671//675 673//677
f 672//676 670//674 671//675
f 674//678 666//670 579//584
f 666//670 674//678 675//679
f 666//670 677//680 676//681
f 669//673 666//670 676//681
f 677//680 666//670 675//679
f 675//679 676//681 677//680
f 668//672 669//673 678//682
f 670//674 679//683 584//589
f 579//584 586//592 674//678
f 586//592 680//684 674//678
f 675//679 674//678 680//684
f 675//679 680//684 681//685
f 675//679 682//686 676//681
f 675//679 681//685 682//686
f 676//681 683//687 669//673
f 669//673 683//687 678//682
f 683//687 676//681 682//686
f 670//674 672//676 673//677
f 673//677 679//683 670//674
f 673//677 684//688 679//683
f 586//592 590//596 680//684
f 681//685 680//684 590//596
f 588//594 584//589 679//683
f 679//683 684//688 588//594
f 673//677 685//689 684//688
f 681//685 590//596 587//593
f 683//687 682//686 686//690
f 686//690 682//686 687//691
f 593//598 588//594 684//688
f 681//685 587//593 690//692
f 681//685 690//692 688//693
f 681//685 689//694 682//686
f 689//694 681//685 688//693
f 594//599 690//692 587//593
f 594//599 598//603 690//692
f 689//694 688//693 691//695
f 691//695 688//693 602//607
f 690//692 598//603 688//693
f 688//693 598//603 602//607
f 692//696 602//607 598//603
f 599//604 692//696 598//603
f 684//688 600//605 593//598
f 692//696 599//604 601//606
f 692//696 601//606 602//607
f 602//607 693//697 691//695
f 693//697 694//698 691//695
f 597//602 607//612 602//607
f 607//612 608//613 696//699
f 602//607 607//612 696//699
f 693//697 602//607 696//699
f 694//698 693//697 696//699
f 606//611 608//613 607//612
f 608//613 605//610 695//700
f 695//700 696//699 608//613
f 695//700 697//701 696//699
f 610//615 488//491 600//605
f 600//605 698//702 610//615
f 600//605 699//703 698//702
f 605//610 609//614 695//700
f 610//615 700//704 701//616
f 612//617 701//616 700//704
f 698//702 699//703 610//615
f 699//703 700//704 610//615
f 702//705 520//524 703//706
f 615//620 704//707 703//706
f 705//708 623//629 706//709
f 623//629 625//630 706//709
f 707//710 709//711 708//712
f 613//618 710//713 707//710
f 736//621 619//625 711//714
f 711//714 712//715 707//710
f 707//710 712//715 613//618
f 619//625 712//715 711//714
f 619//625 613//618 712//715
f 713//716 702//705 710//713
f 713//716 710//713 613//618
f 613//618 519//523 713//716
f 520//524 713//716 519//523
f 713//716 520//524 702//705
f 520//524 615//620 703//706
f 704//707 615//620 714//717
f 714//717 705//708 704//707
f 623//629 705//708 714//717
f 714//717 615//620 622//627
f 714//717 622//627 623//629
f 625//630 623//629 624//628
f 715//718 716//719 625//630
f 715//718 521//525 717//720
f 718//721 720//722 719//723
f 721//724 722//725 718//721
f 722//725 724//726 723//727
f 724//726 725//728 723//727
f 722//725 723//727 718//721
f 723//727 725//728 718//721
f 720//722 718//721 725//728
f 725//728 727//729 726//730
f 725//728 724//726 727//729
f 726//730 720//722 725//728
f 727//729 728//731 726//730
f 727//729 729//732 728//731
f 720//722 726//730 730//733
f 726//730 728//731 730//733
f 729//732 731//734 728//731
f 731//734 720//722 730//733
f 728//731 731//734 730//733
f 734//735 738//736 732//737
f 733//738 734//735 732//737
f 735//739 734//735 875//740
f 738//736 734//735 735//739
f 736//621 738//736 737//741
f 739//742 708//712 709//711
f 736//621 708//712 739//742
f 732//737 739//742 733//738
f 732//737 740//743 739//742
f 739//742 740//743 736//621
f 732//737 738//736 740//743
f 740//743 738//736 736//621
f 733//738 739//742 741//744
f 741//744 739//742 709//711
f 736//621 711//714 708//712
f 708//712 711//714 707//710
f 631//636 715//718 625//630
f 631//636 521//525 715//718
f 717//720 521//525 632//637
f 742//745 722//725 635//640
f 724//726 722//725 742//745
f 633//639 635//640 632//637
f 729//732 727//729 724//726
f 731//734 729//732 743//746
f 636//641 742//745 635//640
f 729//732 742//745 743//746
f 729//732 724//726 742//745
f 743//746 742//745 636//641
f 744//747 743//746 745//748
f 746//749 745//748 641//648
f 747//750 745//748 746//749
f 746//749 748//751 747//750
f 749//752 748//751 746//749
f 750//753 626//631 751//754
f 750//753 752//755 626//631
f 753//756 750//753 751//754
f 753//756 752//755 750//753
f 754//757 755//758 737//741
f 755//758 756//759 737//741
f 755//758 754//757 757//760
f 757//760 753//756 751//754
f 757//760 752//755 753//756
f 757//760 751//754 755//758
f 754//757 760//761 757//760
f 737//741 760//761 754//757
f 760//761 752//755 757//760
f 895//762 645//653 758//763
f 759//764 735//739 875//740
f 735//739 759//764 738//736
f 617//622 755//758 512//516
f 629//634 755//758 751//754
f 755//758 629//634 512//516
f 751//754 627//633 629//634
f 627//633 751//754 626//631
f 617//622 736//621 756//759
f 617//622 756//759 755//758
f 756//759 736//621 737//741
f 738//736 759//764 737//741
f 759//764 760//761 737//741
f 761//765 895//762 762//766
f 645//653 895//762 761//765
f 648//655 437//440 542//549
f 763//767 652//659 764//768
f 763//767 546//552 652//659
f 763//767 765//769 546//552
f 636//641 637//642 743//746
f 538//543 743//746 637//642
f 743//746 538//543 654//661
f 766//770 654//661 745//748
f 743//746 654//661 766//770
f 745//748 743//746 766//770
f 745//748 654//661 641//648
f 746//749 641//648 749//752
f 749//752 641//648 639//647
f 657//664 749//752 639//647
f 767//771 769//772 768//773
f 657//664 769//772 749//752
f 768//773 769//772 657//664
f 626//631 770//774 523//527
f 523//527 770//774 526//530
f 526//530 770//774 771//775
f 626//631 752//755 770//774
f 752//755 772//776 770//774
f 771//775 772//776 758//763
f 526//530 771//775 778//646
f 773//777 758//763 646//650
f 758//763 773//777 774//778
f 646//650 758//763 645//653
f 645//653 661//538 644//651
f 648//655 439//443 437//440
f 648//655 649//656 647//654
f 648//655 651//658 649//656
f 653//660 776//779 775//780
f 776//779 663//667 775//780
f 777//652 778//646 774//778
f 777//652 774//778 773//777
f 646//650 777//652 773//777
f 758//763 774//778 771//775
f 649//656 651//658 650//657
f 775//780 547//553 653//660
f 448//450 547//553 775//780
f 448//450 775//780 663//667
f 657//664 780//781 779//782
f 780//781 657//664 781//783
f 668//672 781//783 657//664
f 574//579 782//784 671//675
f 668//672 678//682 781//783
f 781//783 678//682 783//785
f 784//786 785//787 671//675
f 671//675 786//788 784//786
f 671//675 788//789 787//790
f 671//675 787//790 786//788
f 782//784 789//791 788//789
f 788//789 671//675 782//784
f 788//789 789//791 787//790
f 789//791 790//792 787//790
f 790//792 786//788 787//790
f 791//793 789//791 782//784
f 786//788 790//792 792//794
f 790//792 789//791 792//794
f 791//793 792//794 789//791
f 780//781 781//783 793//795
f 780//781 793//795 794//796
f 795//797 780//781 794//796
f 671//675 785//787 673//677
f 786//788 792//794 784//786
f 784//786 792//794 796//798
f 783//785 678//682 797//799
f 798//800 783//785 797//799
f 781//783 783//785 793//795
f 793//795 783//785 799//801
f 798//800 799//801 783//785
f 793//795 800//802 794//796
f 793//795 799//801 800//802
f 794//796 800//802 801//803
f 785//787 784//786 802//804
f 803//805 784//786 796//798
f 803//805 796//798 804//806
f 678//682 683//687 686//690
f 797//799 678//682 686//690
f 798//800 797//799 686//690
f 799//801 798//800 800//802
f 686//690 800//802 798//800
f 686//690 687//691 800//802
f 673//677 785//787 685//689
f 685//689 805//807 684//688
f 685//689 785//787 805//807
f 785//787 802//804 805//807
f 784//786 803//805 802//804
f 802//804 803//805 805//807
f 805//807 806//808 684//688
f 687//691 682//686 689//694
f 807//809 689//694 691//695
f 808//810 687//691 809//811
f 689//694 807//809 687//691
f 807//809 691//695 810//812
f 811//813 810//812 691//695
f 687//691 807//809 809//811
f 806//808 600//605 684//688
f 806//808 812//814 600//605
f 694//698 811//813 691//695
f 810//812 811//813 813//815
f 811//813 818//816 813//815
f 807//809 810//812 814//817
f 814//817 810//812 815//818
f 807//809 814//817 816//819
f 817//820 816//819 814//817
f 811//813 694//698 818//816
f 696//699 697//701 819//821
f 820//822 694//698 821//823
f 696//699 821//823 694//698
f 696//699 819//821 821//823
f 813//815 818//816 822//824
f 813//815 822//824 823//825
f 813//815 823//825 810//812
f 694//698 820//822 818//816
f 818//816 820//822 822//824
f 823//825 815//818 810//812
f 815//818 823//825 824//826
f 824//826 823//825 825//827
f 823//825 822//824 826//828
f 823//825 826//828 825//827
f 820//822 825//827 826//828
f 822//824 820//822 826//828
f 820//822 827//829 825//827
f 824//826 825//827 828//830
f 815//818 824//826 817//820
f 815//818 817//820 814//817
f 824//826 828//830 817//820
f 825//827 827//829 828//830
f 695//700 827//829 820//822
f 829//831 830//832 828//830
f 829//831 828//830 827//829
f 819//821 697//701 695//700
f 819//821 695//700 820//822
f 821//823 819//821 820//822
f 609//614 612//617 695//700
f 600//605 812//814 699//703
f 612//617 700//704 1064//833
f 812//814 700//704 699//703
f 831//834 832//835 836//836
f 833//837 836//836 832//835
f 833//837 834//838 836//836
f 835//839 836//836 834//838
f 702//705 833//837 837//840
f 702//705 703//706 833//837
f 706//709 834//838 833//837
f 706//709 833//837 705//708
f 834//838 706//709 838//841
f 834//838 838//841 839//842
f 839//842 838//841 716//719
f 716//719 841//843 840//844
f 715//718 841//843 716//719
f 717//720 841//843 715//718
f 833//837 703//706 704//707
f 705//708 833//837 704//707
f 706//709 625//630 838//841
f 716//719 838//841 625//630
f 717//720 632//637 842//845
f 632//637 635//640 843//846
f 843//846 722//725 844//847
f 722//725 843//846 635//640
f 845//848 722//725 846//849
f 847//850 845//848 846//849
f 844//847 722//725 845//848
f 847//850 846//849 848//851
f 845//848 847//850 844//847
f 846//849 722//725 849//852
f 848//851 846//849 850//853
f 850//853 846//849 719//723
f 719//723 848//851 850//853
f 851//854 848//851 719//723
f 852//855 721//724 719//723
f 852//855 722//725 721//724
f 722//725 852//855 849//852
f 849//852 852//855 846//849
f 846//849 852//855 719//723
f 851//854 744//747 853//856
f 851//854 743//746 744//747
f 731//734 851//854 719//723
f 743//746 851//854 731//734
f 851//854 853//856 854//857
f 853//856 855//858 854//857
f 858//859 855//858 853//856
f 853//856 856//860 858//859
f 855//858 858//859 857//861
f 859//862 856//860 747//750
f 857//861 858//859 856//860
f 859//862 857//861 856//860
f 859//862 747//750 860//863
f 860//863 857//861 859//862
f 860//863 861//864 857//861
f 862//865 864//866 863//867
f 862//865 863//867 993//868
f 862//865 993//868 887//869
f 709//711 710//713 865//870
f 864//866 865//870 710//713
f 864//866 710//713 702//705
f 863//867 702//705 866//871
f 864//866 702//705 863//867
f 707//710 710//713 709//711
f 702//705 867//872 866//871
f 718//721 719//723 721//724
f 719//723 720//722 731//734
f 853//856 868//873 856//860
f 856//860 868//873 747//750
f 853//856 744//747 868//873
f 868//873 744//747 745//748
f 747//750 868//873 745//748
f 860//863 870//874 869//875
f 871//876 870//874 767//771
f 869//875 870//874 871//876
f 869//875 871//876 872//877
f 872//877 871//876 767//771
f 872//877 767//771 873//878
f 872//877 873//878 874//879
f 880//880 875//740 734//735
f 733//738 880//880 734//735
f 880//880 894//881 875//740
f 733//738 876//882 880//880
f 741//744 876//882 733//738
f 880//880 877//883 894//881
f 895//762 894//881 877//883
f 762//766 895//762 877//883
f 876//882 878//884 886//885
f 879//886 881//887 880//880
f 881//887 762//766 877//883
f 882//888 886//885 883//889
f 878//884 883//889 886//885
f 884//890 879//886 885//891
f 881//887 879//886 884//890
f 881//887 884//890 762//766
f 885//891 886//885 887//869
f 887//869 882//888 862//865
f 885//891 887//869 888//892
f 887//869 993//868 888//892
f 741//744 709//711 865//870
f 876//882 741//744 865//870
f 865//870 878//884 876//882
f 862//865 889//893 864//866
f 883//889 890//894 889//893
f 889//893 890//894 864//866
f 864//866 890//894 865//870
f 890//894 883//889 878//884
f 865//870 890//894 878//884
f 862//865 882//888 889//893
f 882//888 883//889 889//893
f 762//766 884//890 761//765
f 645//653 761//765 542//549
f 645//653 542//549 661//538
f 651//658 648//655 764//768
f 891//895 892//896 764//768
f 763//767 764//768 892//896
f 891//895 765//769 892//896
f 893//897 776//779 653//660
f 860//863 747//750 748//751
f 860//863 748//751 769//772
f 749//752 769//772 748//751
f 769//772 870//874 860//863
f 767//771 870//874 769//772
f 767//771 768//773 873//878
f 875//740 894//881 759//764
f 894//881 760//761 759//764
f 760//761 895//762 752//755
f 895//762 760//761 894//881
f 892//896 765//769 763//767
f 652//659 651//658 764//768
f 765//769 896//898 546//552
f 873//878 768//773 897//899
f 897//899 779//782 898//900
f 899//901 898//900 779//782
f 896//898 653//660 546//552
f 776//779 573//578 663//667
f 779//782 897//899 768//773
f 768//773 657//664 779//782
f 779//782 780//781 795//797
f 900//902 779//782 901//903
f 901//903 902//904 900//902
f 779//782 900//902 903//905
f 900//902 902//904 903//905
f 901//903 779//782 904//906
f 795//797 794//796 801//803
f 904//906 779//782 795//797
f 904//906 795//797 905//907
f 905//907 795//797 801//803
f 905//907 801//803 906//908
f 792//794 791//793 907//909
f 801//803 800//802 906//908
f 906//908 908//910 905//907
f 909//911 908//910 906//908
f 905//907 908//910 904//906
f 908//910 909//911 910//912
f 904//906 908//910 910//912
f 901//903 904//906 910//912
f 792//794 804//806 796//798
f 907//909 804//806 792//794
f 906//908 800//802 687//691
f 909//911 906//908 687//691
f 911//913 909//911 912//914
f 803//805 914//915 913//916
f 913//916 805//807 803//805
f 804//806 914//915 803//805
f 687//691 808//810 912//914
f 909//911 687//691 912//914
f 912//914 808//810 915//917
f 806//808 805//807 913//916
f 808//810 916//918 915//917
f 912//914 915//917 917//919
f 916//918 808//810 809//811
f 916//918 918//920 915//917
f 918//920 916//918 919//921
f 807//809 816//819 920//922
f 807//809 920//922 809//811
f 809//811 920//922 921//923
f 916//918 809//811 919//921
f 809//811 921//923 922//924
f 816//819 923//925 920//922
f 921//923 920//922 924//926
f 817//820 828//830 816//819
f 923//925 816//819 934//927
f 922//924 921//923 925//928
f 921//923 924//926 925//928
f 925//928 924//926 926//929
f 922//924 925//928 927//930
f 923//925 928//931 920//922
f 920//922 928//931 924//926
f 924//926 928//931 926//929
f 927//930 925//928 926//929
f 922//924 927//930 929//932
f 929//932 927//930 930//933
f 922//924 919//921 809//811
f 919//921 929//932 930//933
f 922//924 929//932 919//921
f 919//921 930//933 931//934
f 828//830 830//832 932//935
f 829//831 827//829 933//936
f 827//829 695//700 933//936
f 932//935 934//927 816//819
f 828//830 932//935 816//819
f 932//935 830//832 934//927
f 934//927 830//832 935//937
f 935//937 830//832 829//831
f 933//936 935//937 829//831
f 933//936 936//938 935//937
f 923//925 934//927 935//937
f 923//925 935//937 936//938
f 923//925 937//939 928//931
f 926//929 928//931 937//939
f 927//930 938//940 930//933
f 927//930 926//929 938//940
f 939//941 926//929 937//939
f 938//940 926//929 939//941
f 938//940 939//941 940//942
f 938//940 940//942 930//933
f 933//936 695//700 612//617
f 612//617 1064//833 933//936
f 923//925 936//938 941//943
f 936//938 933//936 941//943
f 942//944 944//945 943//946
f 945//947 946//948 953//949
f 942//944 953//949 946//948
f 947//950 949//951 948//952
f 948//952 832//835 947//950
f 950//953 949//951 951//954
f 947//950 832//835 831//834
f 952//955 945//947 953//949
f 949//951 947//950 952//955
f 951//954 952//955 943//946
f 943//946 952//955 953//949
f 942//944 943//946 953//949
f 951//954 949//951 952//955
f 951//954 943//946 944//945
f 835//839 831//834 836//836
f 947//950 831//834 835//839
f 946//948 945//947 840//844
f 945//947 952//955 947//950
f 835//839 839//842 840//844
f 834//838 839//842 835//839
f 840//844 945//947 835//839
f 835//839 945//947 947//950
f 839//842 716//719 840//844
f 946//948 841//843 954//956
f 841//843 946//948 840//844
f 842//845 841//843 717//720
f 841//843 842//845 955//957
f 956//958 958//959 957//960
f 867//872 837//840 959//961
f 948//952 959//961 837//840
f 949//951 950//953 960//962
f 948//952 949//951 960//962
f 961//963 959//961 948//952
f 702//705 962//964 867//872
f 962//964 702//705 837//840
f 867//872 962//964 837//840
f 948//952 837//840 832//835
f 837//840 833//837 832//835
f 955//957 842//845 963//965
f 842//845 632//637 843//846
f 843//846 844//847 842//845
f 963//965 842//845 964//966
f 964//966 842//845 844//847
f 963//965 964//966 847//850
f 964//966 844//847 847//850
f 847//850 848//851 963//965
f 963//965 848//851 965//967
f 851//854 965//967 848//851
f 851//854 956//958 965//967
f 854//857 956//958 851//854
f 958//959 956//958 854//857
f 958//959 966//968 957//960
f 957//960 966//968 967//969
f 968//970 967//969 966//968
f 969//971 970//972 967//969
f 969//971 967//969 971//973
f 971//973 967//969 968//970
f 959//961 972//974 867//872
f 855//858 857//861 854//857
f 861//864 958//959 854//857
f 854//857 857//861 861//864
f 958//959 861//864 968//970
f 968//970 861//864 860//863
f 966//968 958//959 968//970
f 971//973 968//970 860//863
f 860//863 973//975 971//973
f 971//973 973//975 974//976
f 975//977 974//976 976//978
f 977//979 974//976 975//977
f 977//979 975//977 978//980
f 974//976 973//975 869//875
f 976//978 869//875 874//879
f 974//976 869//875 976//978
f 979//981 980//982 976//978
f 980//982 982//983 981//984
f 976//978 980//982 975//977
f 976//978 874//879 979//981
f 983//985 981//984 982//983
f 983//985 982//983 1021//986
f 984//987 983//985 985//988
f 981//984 983//985 984//987
f 983//985 986//989 985//988
f 985//988 986//989 987//990
f 988//991 985//988 987//990
f 888//892 993//868 989//992
f 993//868 990//993 1030//994
f 884//890 990//993 991//995
f 990//993 993//868 991//995
f 863//867 866//871 992//996
f 992//996 993//868 863//867
f 992//996 866//871 991//995
f 993//868 992//996 991//995
f 884//890 991//995 761//765
f 994//997 866//871 867//872
f 991//995 866//871 994//997
f 997//998 994//997 1002//999
f 761//765 991//995 995//1000
f 996//1001 994//997 867//872
f 994//997 997//998 991//995
f 995//1000 997//998 1002//999
f 995//1000 999//1002 998//1003
f 995//1000 991//995 997//998
f 998//1003 761//765 995//1000
f 1000//1004 1001//1005 867//872
f 1001//1005 996//1001 867//872
f 999//1002 1002//999 1008//1006
f 867//872 1003//1007 1000//1004
f 1000//1004 1010//1008 1001//1005
f 1001//1005 1004//1009 996//1001
f 999//1002 1008//1006 1005//1010
f 998//1003 999//1002 1005//1010
f 1006//1011 1004//1012 1007//1013
f 1008//1014 1006//1011 1007//1013
f 972//974 1003//1007 867//872
f 1003//1007 1012//1015 1000//1004
f 1009//1016 1008//1006 1010//1008
f 1005//1010 1008//1006 1009//1016
f 972//974 1124//1017 1003//1007
f 1124//1017 1005//1010 1011//1018
f 1011//1018 1009//1016 1012//1015
f 1005//1010 1009//1016 1011//1018
f 998//1003 542//549 761//765
f 1013//1019 998//1003 1005//1010
f 1013//1019 542//549 998//1003
f 542//549 1014//1020 648//655
f 1013//1019 1014//1020 542//549
f 648//655 1014//1020 1013//1019
f 648//655 1013//1019 1015//1021
f 1005//1010 1015//1021 1013//1019
f 648//655 891//895 764//768
f 1016//1022 1018//1023 1017//1024
f 1017//1024 893//897 1016//1022
f 1018//1023 1019//1025 1017//1024
f 1157//1026 1020//1027 1018//1023
f 1020//1027 1019//1025 1018//1023
f 860//863 869//875 973//975
f 869//875 872//877 874//879
f 979//981 874//879 873//878
f 1021//986 982//983 980//982
f 979//981 873//878 1021//986
f 1021//986 980//982 979//981
f 1022//1028 983//985 1021//986
f 986//989 983//985 1022//1028
f 987//990 986//989 1023//1029
f 1024//1030 987//990 1023//1029
f 899//901 1024//1030 1023//1029
f 899//901 1025//1031 1024//1030
f 1026//1032 1027//1033 987//990
f 1024//1030 1026//1032 987//990
f 1028//1034 1026//1032 1024//1030
f 1028//1034 1024//1030 1025//1031
f 884//890 885//891 1029//1035
f 990//993 884//890 1029//1035
f 1029//1035 989//992 1030//994
f 990//993 1029//1035 1030//994
f 653//660 896//898 893//897
f 893//897 1017//1024 776//779
f 1019//1025 776//779 1017//1024
f 1019//1025 573//578 776//779
f 1021//986 873//878 897//899
f 1022//1028 898//900 1031//1036
f 1031//1036 898//900 899//901
f 1021//986 898//900 1022//1028
f 897//899 898//900 1021//986
f 986//989 1022//1028 1031//1036
f 986//989 1031//1036 1023//1029
f 1023//1029 1031//1036 899//901
f 1032//1037 1025//1031 899//901
f 1033//1038 573//578 1034//1039
f 1035//1040 1032//1037 899//901
f 1035//1040 899//901 903//905
f 573//578 1036//1041 574//579
f 1037//1042 1036//1041 573//578
f 574//579 1036//1041 782//784
f 573//578 1033//1038 1037//1042
f 1034//1039 1038//1043 1033//1038
f 1038//1043 1037//1042 1033//1038
f 1039//1044 1038//1043 1034//1039
f 899//901 779//782 903//905
f 1036//1041 1037//1042 782//784
f 1040//1045 782//784 1037//1042
f 1037//1042 1038//1043 1040//1045
f 1041//1046 1038//1043 1039//1044
f 782//784 1042//1047 791//793
f 782//784 1040//1045 1042//1047
f 1038//1043 1042//1047 1040//1045
f 1042//1047 1038//1043 1041//1046
f 902//904 1035//1040 903//905
f 1035//1040 902//904 1043//1048
f 1044//1049 1043//1048 910//912
f 902//904 901//903 910//912
f 902//904 910//912 1043//1048
f 1044//1049 910//912 1045//1050
f 907//909 791//793 804//806
f 911//913 910//912 909//911
f 791//793 1047//1051 1046//1052
f 804//806 791//793 1048//1053
f 791//793 1046//1052 1048//1053
f 1048//1053 914//915 804//806
f 1048//1053 1046//1052 914//915
f 911//913 1049//1054 910//912
f 1049//1054 1045//1050 910//912
f 914//915 1046//1052 1050//1055
f 914//915 1051//1056 913//916
f 914//915 1052//1057 1051//1056
f 914//915 1050//1055 1052//1057
f 912//914 917//919 911//913
f 917//919 1053//1058 911//913
f 1049//1054 911//913 1053//1058
f 1054//1059 806//808 913//916
f 1051//1056 1055//1060 913//916
f 915//917 918//920 917//919
f 917//919 918//920 1053//1058
f 913//916 1055//1060 1054//1059
f 1053//1058 918//920 1056//1061
f 1057//1062 1053//1058 1056//1061
f 1056//1061 918//920 931//934
f 931//934 1058//1063 1056//1061
f 1057//1062 1056//1061 1058//1063
f 1058//1063 1059//1064 1057//1062
f 1058//1063 931//934 1059//1064
f 931//934 918//920 919//921
f 1060//1065 1061//1066 930//933
f 930//933 1061//1066 931//934
f 931//934 1061//1066 1059//1064
f 1062//1067 812//814 806//808
f 1062//1067 806//808 1054//1059
f 939//941 941//943 940//942
f 941//943 939//941 937//939
f 1060//1065 930//933 940//942
f 941//943 1060//1065 940//942
f 1060//1065 941//943 1063//1068
f 1064//833 1063//1068 941//943
f 941//943 937//939 923//925
f 1064//833 941//943 933//936
f 1064//833 700//704 812//814
f 1064//833 812//814 1062//1067
f 1065//1069 1064//833 1062//1067
f 1066//1070 1068//1071 1067//1072
f 1068//1071 1066//1070 1269//1073
f 1069//1074 1067//1072 1068//1071
f 1070//1075 1067//1072 1069//1074
f 1066//1070 1067//1072 1070//1075
f 1071//1076 1269//1073 944//945
f 1071//1076 1072//1077 1269//1073
f 1269//1073 1072//1077 1068//1071
f 1069//1074 1068//1071 1072//1077
f 942//944 1073//1078 944//945
f 944//945 1073//1078 1071//1076
f 1072//1077 1071//1076 1074//1079
f 946//948 1073//1078 942//944
f 1071//1076 1073//1078 1075//1080
f 1071//1076 1075//1080 1074//1079
f 1076//1081 1075//1080 1077//1082
f 1074//1079 1075//1080 1076//1081
f 1078//1083 1073//1078 954//956
f 1073//1078 1078//1083 1075//1080
f 1079//1084 1075//1080 1078//1083
f 1077//1082 1075//1080 1079//1084
f 1080//1085 1078//1083 1081//1086
f 1080//1085 1081//1086 841//843
f 1082//1087 1077//1082 1079//1084
f 1083//1088 1082//1087 1079//1084
f 955//957 1080//1085 841//843
f 1080//1085 1084//1089 1078//1083
f 1084//1089 1080//1085 1085//1090
f 1078//1083 1084//1089 1079//1084
f 1084//1089 1083//1088 1079//1084
f 1080//1085 1086//1091 1085//1090
f 1085//1090 1086//1091 1087//1092
f 1086//1091 1080//1085 955//957
f 1088//1093 1083//1088 1084//1089
f 1088//1093 1089//1094 1083//1088
f 1090//1095 1089//1094 1088//1093
f 1086//1091 963//965 1087//1092
f 1084//1089 1085//1090 1091//1096
f 1085//1090 1087//1092 1091//1096
f 1084//1089 1091//1096 1088//1093
f 1091//1096 1090//1095 1088//1093
f 1090//1095 1093//1097 1092//1098
f 1091//1096 1095//1099 1094//1100
f 1096//1101 1094//1100 1095//1099
f 1094//1100 1090//1095 1091//1096
f 1093//1097 1090//1095 1094//1100
f 1096//1101 1093//1097 1094//1100
f 1097//1102 1098//1103 944//945
f 1099//1104 1100//1105 1102//1106
f 1098//1103 960//962 950//953
f 944//945 1098//1103 950//953
f 1101//1107 944//945 1269//1073
f 1097//1102 944//945 1101//1107
f 1269//1073 1100//1105 1101//1107
f 1100//1105 1097//1102 1101//1107
f 1102//1106 1269//1073 1066//1070
f 1070//1075 1102//1106 1066//1070
f 951//954 944//945 950//953
f 954//956 1073//1078 946//948
f 1081//1086 1078//1083 954//956
f 841//843 1081//1086 954//956
f 1086//1091 955//957 963//965
f 965//967 1087//1092 963//965
f 1087//1092 1095//1099 1091//1096
f 1095//1099 1087//1092 1103//1108
f 1096//1101 1095//1099 1103//1108
f 965//967 1096//1101 1103//1108
f 1103//1108 1087//1092 965//967
f 965//967 1104//1109 1096//1101
f 965//967 956//958 1104//1109
f 957//960 1104//1109 956//958
f 957//960 1105//1110 1104//1109
f 970//972 1105//1110 957//960
f 1106//1111 1108//1112 1107//1113
f 1108//1112 1109//1114 970//972
f 1108//1112 1106//1111 1109//1114
f 1106//1111 1107//1113 1109//1114
f 1110//1115 1109//1114 1107//1113
f 1111//1116 1110//1115 1107//1113
f 1112//1117 1110//1115 977//979
f 1112//1117 977//979 978//980
f 978//980 1114//1118 1113//1119
f 1115//1120 1117//1121 1116//1122
f 960//962 961//963 1118//1123
f 1115//1120 960//962 1097//1102
f 1117//1121 1115//1120 1097//1102
f 1118//1123 948//952 960//962
f 1118//1123 961//963 948//952
f 960//962 1098//1103 1097//1102
f 1099//1104 1097//1102 1100//1105
f 891//895 1120//1124 1119//1125
f 957//960 967//969 970//972
f 969//971 1108//1112 970//972
f 969//971 1107//1113 1108//1112
f 1107//1113 969//971 971//973
f 1107//1113 971//973 1111//1116
f 971//973 974//976 1111//1116
f 1111//1116 977//979 1110//1115
f 974//976 977//979 1111//1116
f 978//980 984//987 1114//1118
f 988//991 984//987 985//988
f 988//991 1114//1118 984//987
f 1121//1126 1114//1118 988//991
f 959//961 1122//1127 972//974
f 1123//1128 1005//1010 1124//1017
f 1005//1010 1123//1128 1125//1129
f 959//961 1126//1130 1122//1127
f 1126//1130 1128//1131 1122//1127
f 1127//1132 1123//1128 1128//1131
f 1126//1130 961//963 1129//1133
f 1126//1130 959//961 961//963
f 1123//1128 1127//1132 1125//1129
f 1116//1122 960//962 1115//1120
f 1130//1134 961//963 960//962
f 1131//1135 1125//1129 961//963
f 960//962 1116//1122 1130//1134
f 1130//1134 1133//1136 1132//1137
f 1134//1138 1131//1135 1135//1139
f 1125//1129 1131//1135 1134//1138
f 1125//1129 1136//1140 1005//1010
f 1136//1140 1125//1129 1134//1138
f 1137//1141 891//895 1015//1021
f 1005//1010 1137//1141 1015//1021
f 1015//1021 891//895 648//655
f 765//769 891//895 1138//1142
f 1138//1142 1139//1143 765//769
f 1140//1144 1139//1143 1138//1142
f 1140//1144 1138//1142 891//895
f 1119//1125 1120//1124 1141//1145
f 1141//1145 1140//1144 1119//1125
f 1119//1125 1140//1144 891//895
f 1140//1144 1141//1145 1142//1146
f 1140//1144 1142//1146 1139//1143
f 896//898 1139//1143 1142//1146
f 1143//1147 1144//1148 1141//1145
f 1141//1145 1144//1148 1142//1146
f 896//898 1142//1146 1144//1148
f 1016//1022 1144//1148 1145//1149
f 1144//1148 1146//1150 1145//1149
f 1144//1148 1147//1151 1146//1150
f 1146//1150 1148//1152 1145//1149
f 1147//1151 1149//1153 1148//1152
f 1147//1151 1148//1152 1146//1150
f 1148//1152 1149//1153 1150//1154
f 1149//1153 1152//1155 1151//1156
f 1151//1156 1152//1155 1019//1025
f 1149//1153 1153//1157 1152//1155
f 984//987 978//980 981//984
f 981//984 978//980 975//977
f 980//982 981//984 975//977
f 1027//1033 988//991 987//990
f 1027//1033 1154//1158 988//991
f 1121//1126 988//991 1154//1158
f 1155//1159 1154//1158 1027//1033
f 1154//1158 1156//1160 1121//1126
f 1156//1160 1154//1158 1155//1159
f 1122//1127 1124//1017 972//974
f 765//769 1139//1143 896//898
f 1016//1022 896//898 1144//1148
f 893//897 896//898 1016//1022
f 1145//1149 1148//1152 1157//1026
f 1150//1154 1157//1026 1148//1152
f 1018//1023 1016//1022 1145//1149
f 1145//1149 1157//1026 1018//1023
f 1020//1027 1157//1026 1158//1161
f 1158//1161 1151//1156 1020//1027
f 1020//1027 1151//1156 1019//1025
f 1157//1026 1150//1154 1158//1161
f 1151//1156 1158//1161 1150//1154
f 1151//1156 1150//1154 1149//1153
f 1159//1162 1160//1163 1152//1155
f 1152//1155 1160//1163 1019//1025
f 1026//1032 1028//1034 1027//1033
f 1155//1159 1027//1033 1028//1034
f 1161//1164 1155//1159 1025//1031
f 1019//1025 1160//1163 1162//1165
f 1163//1166 1019//1025 1162//1165
f 1019//1025 1163//1166 1164//1167
f 1165//1168 1163//1166 1162//1165
f 1165//1168 1164//1167 1163//1166
f 1162//1165 1160//1163 1165//1168
f 1160//1163 1164//1167 1165//1168
f 1160//1163 1166//1169 1164//1167
f 1159//1162 1166//1169 1160//1163
f 1025//1031 1155//1159 1028//1034
f 573//578 1164//1167 1034//1039
f 1019//1025 1164//1167 573//578
f 1161//1164 1025//1031 1032//1037
f 1164//1167 1167//1170 1039//1044
f 1034//1039 1164//1167 1039//1044
f 1039//1044 1167//1170 1168//1171
f 1167//1170 1169//1172 1168//1171
f 1032//1037 1035//1040 1170//1173
f 1171//1174 1039//1044 1172//1175
f 1039//1044 1168//1171 1172//1175
f 1168//1171 1169//1172 1172//1175
f 1032//1037 1170//1173 1173//1176
f 1170//1173 1035//1040 1174//1177
f 1171//1174 1041//1046 1039//1044
f 1172//1175 1175//1178 1171//1174
f 1171//1174 1175//1178 1041//1046
f 1169//1172 1175//1178 1172//1175
f 1176//1179 1035//1040 1043//1048
f 1174//1177 1035//1040 1176//1179
f 1177//1180 1173//1176 1170//1173
f 1170//1173 1174//1177 1177//1180
f 1174//1177 1176//1179 1044//1049
f 1176//1179 1043//1048 1044//1049
f 1174//1177 1044//1049 1177//1180
f 1178//1181 1177//1180 1044//1049
f 1179//1182 1178//1181 1044//1049
f 1045//1050 1179//1182 1044//1049
f 1042//1047 1180//1183 791//793
f 1041//1046 1180//1183 1042//1047
f 1045//1050 1181//1184 1179//1182
f 1180//1183 1182//1185 791//793
f 1045//1050 1183//1186 1181//1184
f 1047//1051 1184//1187 1046//1052
f 791//793 1182//1185 1047//1051
f 1047//1051 1182//1185 1185//1188
f 1049//1054 1183//1186 1045//1050
f 1181//1184 1183//1186 1186//1189
f 1046//1052 1184//1187 1050//1055
f 1052//1057 1050//1055 1187//1190
f 1050//1055 1184//1187 1187//1190
f 1187//1190 1188//1191 1052//1057
f 1184//1187 1047//1051 1187//1190
f 1187//1190 1189//1192 1188//1191
f 1188//1191 1189//1192 1052//1057
f 1187//1190 1047//1051 1190//1193
f 1187//1190 1190//1193 1189//1192
f 1191//1194 1047//1051 1185//1188
f 1190//1193 1047//1051 1191//1194
f 1183//1186 1049//1054 1192//1195
f 1186//1189 1183//1186 1193//1196
f 1052//1057 1189//1192 1194//1197
f 1190//1193 1194//1197 1189//1192
f 1049//1054 1053//1058 1195//1198
f 1049//1054 1195//1198 1192//1195
f 1195//1198 1053//1058 1057//1062
f 1195//1198 1057//1062 1196//1199
f 1195//1198 1196//1199 1192//1195
f 1183//1186 1192//1195 1193//1196
f 1197//1200 1198//1201 1192//1195
f 1193//1196 1192//1195 1198//1201
f 1197//1200 1199//1202 1198//1201
f 1198//1201 1200//1203 1193//1196
f 1198//1201 1199//1202 1200//1203
f 1201//1204 1199//1202 1197//1200
f 1055//1060 1202//1205 1054//1059
f 1052//1057 1055//1060 1051//1056
f 1202//1205 1203//1206 1054//1059
f 1194//1197 1055//1060 1052//1057
f 1194//1197 1202//1205 1055//1060
f 1196//1199 1057//1062 1204//1207
f 1057//1062 1059//1064 1204//1207
f 1192//1195 1196//1199 1205//1208
f 1205//1208 1196//1199 1206//1209
f 1196//1199 1204//1207 1206//1209
f 1206//1209 1207//1210 1205//1208
f 1206//1209 1204//1207 1208//1211
f 1206//1209 1208//1211 1207//1210
f 1192//1195 1205//1208 1209//1212
f 1207//1210 1211//1213 1210//1214
f 1192//1195 1209//1212 1197//1200
f 1209//1212 1205//1208 1210//1214
f 1205//1208 1207//1210 1210//1214
f 1197//1200 1209//1212 1212//1215
f 1209//1212 1210//1214 1212//1215
f 1212//1215 1210//1214 1213//1216
f 1201//1204 1197//1200 1212//1215
f 1202//1205 1403//1217 1203//1206
f 1214//1218 1203//1206 1403//1217
f 1403//1217 1404//1219 1214//1218
f 1403//1217 1202//1205 1194//1197
f 1204//1207 1059//1064 1208//1211
f 1208//1211 1059//1064 1215//1220
f 1061//1066 1215//1220 1059//1064
f 1060//1065 1215//1220 1061//1066
f 1216//1221 1215//1220 1060//1065
f 1208//1211 1215//1220 1211//1213
f 1208//1211 1211//1213 1207//1210
f 1213//1216 1210//1214 1211//1213
f 1211//1213 1215//1220 1213//1216
f 1054//1059 1203//1206 1062//1067
f 1219//1222 1217//1223 1062//1067
f 1062//1067 1203//1206 1218//1224
f 1203//1206 1214//1218 1218//1224
f 1214//1218 1404//1219 1218//1224
f 1218//1224 1219//1222 1062//1067
f 1404//1219 1219//1222 1218//1224
f 1064//833 1065//1069 1063//1068
f 1063//1068 1220//1225 1216//1221
f 1216//1221 1060//1065 1063//1068
f 1065//1069 1220//1225 1063//1068
f 1065//1069 1217//1223 1220//1225
f 1065//1069 1062//1067 1217//1223
f 1221//1226 1223//1227 1222//1228
f 1224//1229 1226//1230 1225//1231
f 1226//1230 1228//1232 1227//1233
f 1227//1233 1230//1234 1229//1235
f 1227//1233 1077//1082 1082//1087
f 1227//1233 1082//1087 1230//1234
f 1225//1231 1226//1230 1229//1235
f 1227//1233 1229//1235 1226//1230
f 1223//1227 1225//1231 1229//1235
f 1223//1227 1229//1235 1222//1228
f 1229//1235 1230//1234 1231//1236
f 1229//1235 1231//1236 1232//1237
f 1222//1228 1232//1237 1233//1238
f 1232//1237 1222//1228 1229//1235
f 1222//1228 1234//1239 1221//1226
f 1232//1237 1231//1236 1235//1240
f 1233//1238 1232//1237 1235//1240
f 1233//1238 1236//1241 1222//1228
f 1236//1241 1234//1239 1222//1228
f 1231//1236 1237//1242 1235//1240
f 1235//1240 1237//1242 1233//1238
f 1238//1243 1233//1238 1237//1242
f 1236//1241 1233//1238 1239//1244
f 1233//1238 1238//1243 1239//1244
f 1240//1245 1239//1244 1238//1243
f 1236//1241 1239//1244 1240//1245
f 1234//1239 1236//1241 1240//1245
f 1221//1226 1234//1239 1240//1245
f 1241//1246 1240//1245 1238//1243
f 1241//1246 1242//1247 1240//1245
f 1069//1074 1072//1077 1243//1248
f 1070//1075 1069//1074 1246//1249
f 1243//1248 1072//1077 1244//1250
f 1245//1251 1246//1249 1243//1248
f 1246//1249 1069//1074 1243//1248
f 1244//1250 1245//1251 1243//1248
f 1247//1252 1249//1253 1248//1254
f 1247//1252 1245//1251 1249//1253
f 1247//1252 1248//1254 1250//1255
f 1268//1256 1245//1251 1247//1252
f 1244//1250 1251//1257 1245//1251
f 1251//1257 1249//1253 1245//1251
f 1251//1257 1248//1254 1249//1253
f 1226//1230 1248//1254 1228//1232
f 1250//1255 1248//1254 1226//1230
f 1244//1250 1072//1077 1074//1079
f 1074//1079 1076//1081 1244//1250
f 1244//1250 1076//1081 1251//1257
f 1228//1232 1248//1254 1251//1257
f 1227//1233 1076//1081 1077//1082
f 1076//1081 1227//1233 1251//1257
f 1227//1233 1228//1232 1251//1257
f 1230//1234 1082//1087 1083//1088
f 1230//1234 1083//1088 1231//1236
f 1231//1236 1083//1088 1089//1094
f 1231//1236 1089//1094 1237//1242
f 1237//1242 1089//1094 1092//1098
f 1092//1098 1089//1094 1090//1095
f 1252//1258 1092//1098 1093//1097
f 1252//1258 1237//1242 1092//1098
f 1252//1258 1238//1243 1237//1242
f 1096//1101 1252//1258 1093//1097
f 1252//1258 1096//1101 1104//1109
f 1252//1258 1104//1109 1253//1259
f 1241//1246 1238//1243 1253//1259
f 1253//1259 1238//1243 1252//1258
f 1105//1110 1253//1259 1104//1109
f 1253//1259 1105//1110 1241//1246
f 1254//1260 1241//1246 1105//1110
f 1109//1114 1255//1261 1241//1246
f 1254//1260 1109//1114 1241//1246
f 1256//1262 1255//1261 1109//1114
f 1256//1262 1109//1114 1257//1263
f 1257//1263 1258//1264 1256//1262
f 1257//1263 1112//1117 1113//1119
f 1257//1263 1113//1119 1259//1265
f 1260//1266 1257//1263 1259//1265
f 1260//1266 1259//1265 1113//1119
f 1261//1267 1113//1119 1114//1118
f 1262//1268 1264//1269 1263//1270
f 1265//1271 1262//1268 1266//1272
f 1267//1273 1099//1104 1102//1106
f 1070//1075 1267//1273 1102//1106
f 1265//1271 1070//1075 1246//1249
f 1265//1271 1267//1273 1070//1075
f 1262//1268 1265//1271 1246//1249
f 1246//1249 1245//1251 1264//1269
f 1262//1268 1246//1249 1264//1269
f 1245//1251 1268//1256 1263//1270
f 1264//1269 1245//1251 1263//1270
f 1269//1073 1102//1106 1100//1105
f 1270//1274 1272//1275 1271//1276
f 1271//1276 1501//1277 891//895
f 970//972 1254//1260 1105//1110
f 1109//1114 1254//1260 970//972
f 1109//1114 1110//1115 1257//1263
f 1110//1115 1112//1117 1257//1263
f 1112//1117 978//980 1113//1119
f 1156//1160 1273//1278 1121//1126
f 1274//1279 1273//1278 1156//1160
f 1117//1121 1278//1280 1116//1122
f 1134//1138 1276//1281 1275//1282
f 1277//1283 1278//1280 1117//1121
f 1277//1283 1275//1282 1276//1281
f 1278//1280 1276//1281 1279//1284
f 1280//1285 1278//1280 1281//1286
f 1278//1280 1282//1287 1281//1286
f 1282//1287 1278//1280 1279//1284
f 1279//1284 1324//1288 1282//1287
f 1283//1289 1284//1290 1099//1104
f 1099//1104 1284//1290 1117//1121
f 1284//1290 1286//1291 1117//1121
f 1267//1273 1285//1292 1283//1289
f 1284//1290 1283//1289 1286//1291
f 1277//1283 1117//1121 1286//1291
f 1136//1140 1134//1138 1286//1291
f 1134//1138 1275//1282 1286//1291
f 1514//1293 1283//1289 1285//1292
f 1136//1140 1514//1293 1287//1294
f 1275//1282 1277//1283 1286//1291
f 1288//1295 1265//1271 1266//1272
f 1513//1296 1267//1273 1265//1271
f 1267//1273 1283//1289 1099//1104
f 1136//1140 1289//1297 1005//1010
f 1136//1140 1287//1294 1289//1297
f 1137//1141 1291//1298 1290//1299
f 1137//1141 1005//1010 1291//1298
f 1289//1297 1291//1298 1005//1010
f 1292//1300 1270//1274 1290//1299
f 1292//1300 1291//1298 1289//1297
f 1290//1299 1291//1298 1292//1300
f 1137//1141 1290//1299 891//895
f 1290//1299 1270//1274 891//895
f 891//895 1270//1274 1271//1276
f 1501//1277 1293//1301 891//895
f 891//895 1294//1302 1120//1124
f 1143//1147 1120//1124 1294//1302
f 891//895 1293//1301 1294//1302
f 1294//1302 1293//1301 1295//1303
f 1143//1147 1294//1302 1295//1303
f 1296//1304 1295//1303 1293//1301
f 1297//1305 1153//1157 1295//1303
f 1298//1306 1299//1307 1152//1155
f 1121//1126 1273//1278 1114//1118
f 1274//1279 1301//1308 1300//1309
f 1156//1160 1301//1308 1274//1279
f 1156//1160 1161//1164 1301//1308
f 1116//1122 1132//1137 1133//1136
f 1302//1310 1132//1137 1116//1122
f 1135//1139 1131//1135 1303//1311
f 1303//1311 1305//1312 1304//1313
f 1305//1312 1131//1135 1302//1310
f 1305//1312 1303//1311 1131//1135
f 1306//1314 1302//1310 1312//1315
f 1312//1315 1302//1310 1116//1122
f 1302//1310 1307//1316 1305//1312
f 1308//1317 1304//1313 1307//1316
f 1304//1313 1305//1312 1307//1316
f 1308//1317 1134//1138 1304//1313
f 1312//1315 1116//1122 1278//1280
f 1280//1285 1312//1315 1278//1280
f 1276//1281 1134//1138 1308//1317
f 1308//1317 1307//1316 1309//1318
f 1276//1281 1308//1317 1310//1319
f 1280//1285 1311//1320 1306//1314
f 1312//1315 1280//1285 1308//1317
f 1313//1321 1308//1317 1280//1285
f 1308//1317 1313//1321 1314//1322
f 1311//1320 1307//1316 1306//1314
f 1311//1320 1315//1323 1307//1316
f 1315//1323 1309//1318 1307//1316
f 1310//1319 1308//1317 1314//1322
f 1311//1320 1316//1324 1320//1325
f 1315//1323 1316//1324 1313//1321
f 1313//1321 1316//1324 1317//1326
f 1317//1326 1314//1322 1313//1321
f 1323//1327 1320//1325 1316//1324
f 1316//1324 1315//1323 1323//1327
f 1280//1285 1281//1286 1326//1328
f 1311//1320 1319//1329 1318//1330
f 1322//1331 1319//1329 1311//1320
f 1322//1331 1311//1320 1320//1325
f 1321//1332 1317//1326 1316//1324
f 1321//1332 1314//1322 1317//1326
f 1322//1331 1320//1325 1323//1327
f 1324//1288 1310//1319 1314//1322
f 1319//1329 1325//1333 1318//1330
f 1319//1329 1322//1331 1325//1333
f 1326//1328 1321//1332 1316//1324
f 1325//1333 1322//1331 1323//1327
f 1141//1145 1120//1124 1143//1147
f 1144//1148 1143//1147 1295//1303
f 1327//1334 1144//1148 1295//1303
f 1295//1303 1153//1157 1327//1334
f 1153//1157 1147//1151 1327//1334
f 1147//1151 1144//1148 1327//1334
f 1149//1153 1147//1151 1153//1157
f 1153//1157 1297//1305 1152//1155
f 1299//1307 1159//1162 1152//1155
f 1299//1307 1328//1335 1159//1162
f 1329//1336 1328//1335 1299//1307
f 1156//1160 1155//1159 1161//1164
f 1301//1308 1161//1164 1330//1337
f 1300//1309 1301//1308 1331//1338
f 1161//1164 1032//1037 1330//1337
f 1301//1308 1330//1337 1331//1338
f 1330//1337 1332//1339 1331//1338
f 1159//1162 1333//1340 1166//1169
f 1333//1340 1159//1162 1328//1335
f 1328//1335 1329//1336 1333//1340
f 1334//1341 1333//1340 1329//1336
f 1334//1341 1335//1342 1333//1340
f 1335//1342 1334//1341 1329//1336
f 1166//1169 1333//1340 1336//1343
f 1333//1340 1337//1344 1336//1343
f 1337//1344 1338//1345 1336//1343
f 1336//1343 1338//1345 1339//1346
f 1340//1347 1337//1344 1335//1342
f 1333//1340 1335//1342 1337//1344
f 1341//1348 1340//1347 1335//1342
f 1335//1342 1329//1336 1341//1348
f 1330//1337 1032//1037 1342//1349
f 1342//1349 1332//1339 1330//1337
f 1342//1349 1343//1350 1332//1339
f 1336//1343 1339//1346 1166//1169
f 1166//1169 1339//1346 1164//1167
f 1338//1345 1340//1347 1339//1346
f 1164//1167 1339//1346 1340//1347
f 1340//1347 1338//1345 1337//1344
f 1342//1349 1345//1351 1344//1352
f 1342//1349 1346//1353 1343//1350
f 1346//1353 1342//1349 1344//1352
f 1344//1352 1343//1350 1346//1353
f 1164//1167 1340//1347 1167//1170
f 1341//1348 1167//1170 1340//1347
f 1342//1349 1032//1037 1345//1351
f 1032//1037 1173//1176 1345//1351
f 1345//1351 1173//1176 1347//1354
f 1345//1351 1347//1354 1344//1352
f 1344//1352 1347//1354 1348//1355
f 1349//1356 1344//1352 1348//1355
f 1347//1354 1350//1357 1348//1355
f 1351//1358 1349//1356 1348//1355
f 1351//1358 1348//1355 1352//1359
f 1353//1360 1167//1170 1354//1361
f 1167//1170 1353//1360 1169//1172
f 1355//1362 1173//1176 1177//1180
f 1356//1363 1355//1362 1177//1180
f 1347//1354 1173//1176 1355//1362
f 1356//1363 1347//1354 1355//1362
f 1347//1354 1356//1363 1350//1357
f 1353//1360 1354//1361 1169//1172
f 1179//1182 1356//1363 1178//1181
f 1356//1363 1177//1180 1178//1181
f 1350//1357 1356//1363 1179//1182
f 1348//1355 1350//1357 1357//1364
f 1350//1357 1358//1365 1357//1364
f 1357//1364 1358//1365 1359//1366
f 1348//1355 1357//1364 1352//1359
f 1357//1364 1359//1366 1352//1359
f 1352//1359 1359//1366 1360//1367
f 1350//1357 1361//1368 1358//1365
f 1359//1366 1358//1365 1362//1369
f 1175//1178 1169//1172 1363//1370
f 1175//1178 1363//1370 1364//1371
f 1361//1368 1350//1357 1179//1182
f 1362//1369 1358//1365 1361//1368
f 1359//1366 1362//1369 1360//1367
f 1180//1183 1175//1178 1364//1371
f 1361//1368 1179//1182 1181//1184
f 1181//1184 1362//1369 1361//1368
f 1181//1184 1186//1189 1362//1369
f 1362//1369 1186//1189 1360//1367
f 1041//1046 1175//1178 1180//1183
f 1180//1183 1365//1372 1182//1185
f 1180//1183 1366//1373 1365//1372
f 1367//1374 1186//1189 1368//1375
f 1186//1189 1367//1374 1360//1367
f 1360//1367 1367//1374 1368//1375
f 1369//1376 1360//1367 1368//1375
f 1182//1185 1370//1377 1185//1188
f 1370//1377 1182//1185 1365//1372
f 1365//1372 1371//1378 1370//1377
f 1186//1189 1193//1196 1372//1379
f 1373//1380 1186//1189 1372//1379
f 1368//1375 1186//1189 1373//1380
f 1373//1380 1372//1379 1374//1381
f 1374//1381 1372//1379 1375//1382
f 1375//1382 1376//1383 1374//1381
f 1368//1375 1373//1380 1374//1381
f 1374//1381 1376//1383 1377//1384
f 1374//1381 1377//1384 1368//1375
f 1378//1385 1368//1375 1377//1384
f 1190//1193 1191//1194 1194//1197
f 1370//1377 1191//1194 1185//1188
f 1193//1196 1200//1203 1372//1379
f 1200//1203 1199//1202 1372//1379
f 1380//1386 1199//1202 1201//1204
f 1199//1202 1379//1387 1372//1379
f 1379//1387 1375//1382 1372//1379
f 1375//1382 1379//1387 1376//1383
f 1380//1386 1379//1387 1199//1202
f 1376//1383 1379//1387 1381//1388
f 1376//1383 1381//1388 1382//1389
f 1382//1389 1381//1388 1383//1390
f 1383//1390 1384//1391 1382//1389
f 1376//1383 1385//1392 1377//1384
f 1385//1392 1382//1389 1386//1393
f 1376//1383 1382//1389 1385//1392
f 1386//1393 1384//1391 1387//1394
f 1382//1389 1384//1391 1386//1393
f 1388//1395 1377//1384 1385//1392
f 1388//1395 1385//1392 1389//1396
f 1389//1396 1385//1392 1386//1393
f 1377//1384 1390//1397 1378//1385
f 1388//1395 1390//1397 1377//1384
f 1388//1395 1391//1398 1390//1397
f 1388//1395 1389//1396 1391//1398
f 1389//1396 1386//1393 1387//1394
f 1201//1204 1212//1215 1392//1399
f 1212//1215 1213//1216 1392//1399
f 1392//1399 1380//1386 1201//1204
f 1380//1386 1393//1400 1379//1387
f 1392//1399 1393//1400 1380//1386
f 1393//1400 1392//1399 1213//1216
f 1381//1388 1379//1387 1394//1401
f 1393//1400 1395//1402 1379//1387
f 1394//1401 1379//1387 1395//1402
f 1396//1403 1393//1400 1397//1404
f 1397//1404 1393//1400 1213//1216
f 1381//1388 1394//1401 1383//1390
f 1383//1390 1394//1401 1398//1405
f 1383//1390 1398//1405 1384//1391
f 1394//1401 1395//1402 1398//1405
f 1398//1405 1395//1402 1396//1403
f 1396//1403 1395//1402 1393//1400
f 1399//1406 1396//1403 1397//1404
f 1400//1407 1387//1394 1384//1391
f 1398//1405 1400//1407 1384//1391
f 1400//1407 1398//1405 1396//1403
f 1400//1407 1396//1403 1399//1406
f 1401//1408 1400//1407 1399//1406
f 1399//1406 1402//1409 1401//1408
f 1406//1410 1404//1219 1403//1217
f 1403//1217 1194//1197 1405//1411
f 1405//1411 1406//1410 1403//1217
f 1194//1197 1191//1194 1407//1412
f 1405//1411 1194//1197 1407//1412
f 1405//1411 1408//1413 1406//1410
f 1409//1414 1408//1413 1405//1411
f 1410//1415 1408//1413 1409//1414
f 1407//1412 1409//1414 1405//1411
f 1411//1416 1409//1414 1407//1412
f 1411//1416 1410//1415 1409//1414
f 1412//1417 1411//1416 1407//1412
f 1411//1416 1412//1417 1413//1418
f 1413//1418 1414//1419 1427//1420
f 1402//1409 1215//1220 1216//1221
f 1415//1421 1216//1221 1220//1225
f 1397//1404 1213//1216 1402//1409
f 1402//1409 1213//1216 1215//1220
f 1399//1406 1397//1404 1402//1409
f 1415//1421 1402//1409 1216//1221
f 1416//1422 1402//1409 1415//1421
f 1417//1423 1416//1422 1415//1421
f 1417//1423 1415//1421 1414//1419
f 1404//1219 1418//1424 1219//1222
f 1406//1410 1418//1424 1404//1219
f 1418//1424 1420//1425 1219//1222
f 1220//1225 1217//1223 1419//1426
f 1217//1223 1219//1222 1420//1425
f 1421//1427 1418//1424 1406//1410
f 1421//1427 1420//1425 1418//1424
f 1421//1427 1424//1428 1420//1425
f 1424//1428 1217//1223 1420//1425
f 1421//1427 1406//1410 1422//1429
f 1406//1410 1408//1413 1422//1429
f 1220//1225 1419//1426 1423//1430
f 1415//1421 1220//1225 1423//1430
f 1424//1428 1421//1427 1422//1429
f 1408//1413 1424//1428 1422//1429
f 1424//1428 1419//1426 1217//1223
f 1410//1415 1425//1431 1408//1413
f 1419//1426 1408//1413 1425//1431
f 1419//1426 1425//1431 1423//1430
f 1423//1430 1425//1431 1426//1432
f 1426//1432 1415//1421 1423//1430
f 1411//1416 1427//1420 1410//1415
f 1410//1415 1427//1420 1425//1431
f 1427//1420 1426//1432 1425//1431
f 1414//1419 1415//1421 1426//1432
f 1413//1418 1427//1420 1411//1416
f 1427//1420 1414//1419 1426//1432
f 1428//1433 1430//1434 1429//1435
f 1431//1436 1429//1435 1432//1437
f 1432//1437 1433//1438 1431//1436
f 1223//1227 1434//1439 1428//1433
f 1435//1440 1434//1439 1223//1227
f 1223//1227 1428//1433 1225//1231
f 1435//1440 1436//1441 1434//1439
f 1428//1433 1434//1439 1430//1434
f 1430//1434 1434//1439 1436//1441
f 1432//1437 1430//1434 1436//1441
f 1429//1435 1430//1434 1432//1437
f 1437//1442 1433//1438 1432//1437
f 1433//1438 1437//1442 1438//1443
f 1223//1227 1221//1226 1435//1440
f 1221//1226 1439//1444 1435//1440
f 1437//1442 1436//1441 1440//1445
f 1436//1441 1435//1440 1440//1445
f 1437//1442 1432//1437 1436//1441
f 1440//1445 1439//1444 1441//1446
f 1439//1444 1440//1445 1435//1440
f 1442//1447 1439//1444 1221//1226
f 1441//1446 1439//1444 1442//1447
f 1441//1446 1442//1447 1443//1448
f 1242//1247 1443//1448 1442//1447
f 1443//1448 1255//1261 1444//1449
f 1445//1450 1446//1451 1224//1229
f 1447//1452 1448//1453 1445//1450
f 1445//1450 1448//1453 1446//1451
f 1448//1453 1449//1454 1446//1451
f 1447//1452 1450//1455 1448//1453
f 1451//1456 1448//1453 1450//1455
f 1449//1454 1448//1453 1451//1456
f 1250//1255 1226//1230 1224//1229
f 1445//1450 1224//1229 1452//1457
f 1452//1457 1447//1452 1445//1450
f 1447//1452 1452//1457 1428//1433
f 1429//1435 1447//1452 1428//1433
f 1447//1452 1429//1435 1450//1455
f 1452//1457 1224//1229 1225//1231
f 1225//1231 1428//1433 1452//1457
f 1221//1226 1242//1247 1442//1447
f 1240//1245 1242//1247 1221//1226
f 1255//1261 1443//1448 1242//1247
f 1241//1246 1255//1261 1242//1247
f 1255//1261 1258//1264 1444//1449
f 1255//1261 1256//1262 1258//1264
f 1453//1458 1258//1264 1260//1266
f 1257//1263 1260//1266 1258//1264
f 1260//1266 1455//1459 1454//1460
f 1454//1460 1457//1461 1456//1462
f 1454//1460 1458//1463 1457//1461
f 1261//1267 1459//1464 1455//1459
f 1454//1460 1455//1459 1459//1464
f 1460//1465 1454//1460 1459//1464
f 1454//1460 1460//1465 1461//1466
f 1458//1463 1461//1466 1462//1467
f 1461//1466 1458//1463 1454//1460
f 1463//1468 1462//1467 1461//1466
f 1458//1463 1462//1467 1457//1461
f 1462//1467 1463//1468 1464//1469
f 1268//1256 1247//1252 1465//1470
f 1465//1470 1467//1471 1466//1472
f 1466//1472 1468//1473 1465//1470
f 1446//1451 1466//1472 1467//1471
f 1468//1473 1466//1472 1488//1474
f 1446//1451 1470//1475 1466//1472
f 1467//1471 1250//1255 1224//1229
f 1465//1470 1250//1255 1467//1471
f 1247//1252 1250//1255 1465//1470
f 1467//1471 1224//1229 1446//1451
f 1469//1476 1470//1475 1449//1454
f 1470//1475 1446//1451 1449//1454
f 1469//1476 1449//1454 1451//1456
f 1471//1477 1501//1277 1472//1478
f 1472//1478 1501//1277 1504//1479
f 1293//1301 1501//1277 1471//1477
f 1293//1301 1473//1480 1481//1481
f 1471//1477 1475//1482 1474//1483
f 1474//1483 1475//1482 1476//1484
f 1293//1301 1471//1477 1474//1483
f 1473//1480 1293//1301 1474//1483
f 1473//1480 1476//1484 1478//1485
f 1477//1486 1479//1487 1478//1485
f 1476//1484 1473//1480 1474//1483
f 1476//1484 1475//1482 1478//1485
f 1475//1482 1477//1486 1478//1485
f 1478//1485 1480//1488 1473//1480
f 1478//1485 1479//1487 1480//1488
f 1480//1488 1481//1481 1473//1480
f 1481//1481 1480//1488 1296//1304
f 1455//1459 1260//1266 1261//1267
f 1113//1119 1261//1267 1260//1266
f 1459//1464 1261//1267 1114//1118
f 1459//1464 1114//1118 1273//1278
f 1273//1278 1460//1465 1459//1464
f 1460//1465 1273//1278 1274//1279
f 1461//1466 1460//1465 1482//1489
f 1460//1465 1274//1279 1482//1489
f 1463//1468 1461//1466 1483//1490
f 1262//1268 1263//1270 1266//1272
f 1263//1270 1484//1491 1266//1272
f 1489//1492 1485//1493 1526//1494
f 1487//1495 1526//1494 1485//1493
f 1287//1294 1515//1496 1486//1497
f 1488//1474 1487//1495 1485//1493
f 1515//1496 1526//1494 1487//1495
f 1515//1496 1487//1495 1488//1474
f 1268//1256 1465//1470 1468//1473
f 1263//1270 1268//1256 1489//1492
f 1468//1473 1485//1493 1268//1256
f 1489//1492 1268//1256 1485//1493
f 1287//1294 1486//1497 1289//1297
f 1488//1474 1485//1493 1468//1473
f 1490//1498 1488//1474 1466//1472
f 1491//1499 1492//1500 1486//1497
f 1495//1501 1493//1502 1494//1503
f 1494//1503 1292//1300 1289//1297
f 1494//1503 1270//1274 1292//1300
f 1494//1503 1496//1504 1495//1501
f 1494//1503 1289//1297 1486//1497
f 1494//1503 1497//1505 1496//1504
f 1494//1503 1486//1497 1497//1505
f 1486//1497 1499//1506 1497//1505
f 1497//1505 1499//1506 1496//1504
f 1496//1504 1499//1506 1498//1507
f 1492//1500 1499//1506 1486//1497
f 1493//1502 1272//1275 1500//1508
f 1272//1275 1270//1274 1500//1508
f 1495//1501 1501//1277 1493//1502
f 1493//1502 1500//1508 1494//1503
f 1494//1503 1500//1508 1270//1274
f 1495//1501 1502//1509 1501//1277
f 1496//1504 1502//1509 1495//1501
f 1502//1509 1503//1510 1501//1277
f 1496//1504 1498//1507 1502//1509
f 1502//1509 1498//1507 1503//1510
f 1498//1507 1499//1506 1503//1510
f 1504//1479 1503//1510 1499//1506
f 1504//1479 1499//1506 1505//1511
f 1505//1511 1499//1506 1492//1500
f 1493//1502 1501//1277 1271//1276
f 1272//1275 1493//1502 1271//1276
f 1501//1277 1503//1510 1504//1479
f 1293//1301 1481//1481 1296//1304
f 1480//1488 1479//1487 1296//1304
f 1295//1303 1296//1304 1479//1487
f 1483//1490 1461//1466 1482//1489
f 1483//1490 1482//1489 1506//1512
f 1463//1468 1483//1490 1507//1513
f 1274//1279 1300//1309 1482//1489
f 1463//1468 1507//1513 1508//1514
f 1509//1515 1510//1516 1511//1517
f 1266//1272 1484//1491 1288//1295
f 1288//1295 1511//1517 1265//1271
f 1512//1518 1514//1293 1513//1296
f 1511//1517 1513//1296 1265//1271
f 1263//1270 1518//1519 1484//1491
f 1517//1520 1484//1491 1518//1519
f 1288//1295 1517//1520 1509//1515
f 1288//1295 1484//1491 1517//1520
f 1519//1521 1512//1518 1513//1296
f 1514//1293 1512//1518 1515//1496
f 1517//1520 1516//1522 1509//1515
f 1516//1522 1517//1520 1519//1521
f 1516//1522 1519//1521 1521//1523
f 1520//1524 1519//1521 1518//1519
f 1517//1520 1518//1519 1519//1521
f 1519//1521 1520//1524 1512//1518
f 1519//1521 1510//1516 1521//1523
f 1519//1521 1513//1296 1510//1516
f 1263//1270 1489//1492 1522//1525
f 1523//1526 1518//1519 1522//1525
f 1522//1525 1518//1519 1263//1270
f 1523//1526 1509//1515 1516//1522
f 1518//1519 1523//1526 1520//1524
f 1524//1527 1512//1518 1520//1524
f 1525//1528 1521//1523 1510//1516
f 1489//1492 1526//1494 1522//1525
f 1523//1526 1522//1525 1526//1494
f 1524//1527 1515//1496 1512//1518
f 1509//1515 1523//1526 1526//1494
f 1525//1528 1509//1515 1526//1494
f 1520//1524 1526//1494 1524//1527
f 1509//1515 1525//1528 1510//1516
f 1526//1494 1515//1496 1524//1527
f 1515//1496 1287//1294 1514//1293
f 1527//1529 1297//1305 1295//1303
f 1527//1529 1528//1530 1297//1305
f 1528//1530 1527//1529 1298//1306
f 1298//1306 1527//1529 1529//1531
f 1298//1306 1152//1155 1528//1530
f 1529//1531 1299//1307 1298//1306
f 1152//1155 1297//1305 1528//1530
f 1529//1531 1530//1532 1299//1307
f 1329//1336 1299//1307 1531//1533
f 1506//1512 1482//1489 1300//1309
f 1507//1513 1483//1490 1506//1512
f 1343//1350 1507//1513 1506//1512
f 1507//1513 1532//1534 1508//1514
f 1533//1535 1508//1514 1534//1536
f 1531//1533 1535//1537 1329//1336
f 1535//1537 1536//1538 1329//1336
f 1341//1348 1535//1537 1531//1533
f 1331//1338 1506//1512 1300//1309
f 1332//1339 1506//1512 1331//1338
f 1343//1350 1506//1512 1332//1339
f 1507//1513 1343//1350 1532//1534
f 1508//1514 1532//1534 1534//1536
f 1532//1534 1537//1539 1534//1536
f 1536//1538 1535//1537 1341//1348
f 1341//1348 1329//1336 1536//1538
f 1167//1170 1341//1348 1538//1540
f 1531//1533 1539//1541 1341//1348
f 1341//1348 1540//1542 1538//1540
f 1539//1541 1540//1542 1341//1348
f 1539//1541 1541//1543 1540//1542
f 1540//1542 1541//1543 1542//1544
f 1542//1544 1538//1540 1540//1542
f 1541//1543 1539//1541 1543//1545
f 1539//1541 1531//1533 1544//1546
f 1543//1545 1539//1541 1544//1546
f 1537//1539 1532//1534 1343//1350
f 1538//1540 1545//1547 1167//1170
f 1541//1543 1543//1545 1542//1544
f 1537//1539 1343//1350 1546//1548
f 1546//1548 1343//1350 1344//1352
f 1546//1548 1351//1358 1547//1549
f 1542//1544 1543//1545 1538//1540
f 1545//1547 1538//1540 1354//1361
f 1545//1547 1354//1361 1167//1170
f 1538//1540 1548//1550 1354//1361
f 1546//1548 1344//1352 1349//1356
f 1351//1358 1546//1548 1349//1356
f 1547//1549 1351//1358 1352//1359
f 1547//1549 1352//1359 1549//1551
f 1550//1552 1547//1549 1549//1551
f 1547//1549 1550//1552 1551//1553
f 1549//1551 1352//1359 1360//1367
f 1550//1552 1549//1551 1552//1554
f 1354//1361 1363//1370 1169//1172
f 1553//1555 1549//1551 1360//1367
f 1553//1555 1552//1554 1549//1551
f 1363//1370 1180//1183 1364//1371
f 1553//1555 1360//1367 1369//1376
f 1553//1555 1369//1376 1554//1556
f 1369//1376 1368//1375 1554//1556
f 1553//1555 1554//1556 1555//1557
f 1368//1375 1556//1558 1554//1556
f 1557//1559 1555//1557 1554//1556
f 1557//1559 1554//1556 1558//1560
f 1559//1561 1371//1378 1365//1372
f 1559//1561 1365//1372 1366//1373
f 1378//1385 1556//1558 1368//1375
f 1556//1558 1560//1562 1554//1556
f 1558//1560 1554//1556 1560//1562
f 1561//1563 1562//1564 1560//1562
f 1558//1560 1560//1562 1562//1564
f 1558//1560 1562//1564 1757//1565
f 1558//1560 1757//1565 1557//1559
f 1559//1561 1370//1377 1371//1378
f 1563//1566 1390//1397 1391//1398
f 1563//1566 1391//1398 1564//1567
f 1391//1398 1389//1396 1564//1567
f 1556//1558 1378//1385 1565//1568
f 1565//1568 1378//1385 1390//1397
f 1565//1568 1390//1397 1563//1566
f 1565//1568 1566//1569 1556//1558
f 1567//1570 1563//1566 1564//1567
f 1560//1562 1556//1558 1566//1569
f 1560//1562 1566//1569 1561//1563
f 1567//1570 1566//1569 1565//1568
f 1563//1566 1567//1570 1565//1568
f 1568//1571 1566//1569 1567//1570
f 1561//1563 1566//1569 1569//1572
f 1566//1569 1568//1571 1569//1572
f 1567//1570 1570//1573 1568//1571
f 1568//1571 1570//1573 1571//1574
f 1571//1574 1572//1575 1568//1571
f 1569//1572 1568//1571 1561//1563
f 1561//1563 1568//1571 1572//1575
f 1370//1377 1573//1576 1191//1194
f 1573//1576 1582//1577 1191//1194
f 1559//1561 1573//1576 1370//1377
f 1389//1396 1387//1394 1564//1567
f 1401//1408 1387//1394 1400//1407
f 1564//1567 1387//1394 1401//1408
f 1574//1578 1567//1570 1564//1567
f 1564//1567 1575//1579 1574//1578
f 1575//1579 1564//1567 1401//1408
f 1570//1573 1567//1570 1574//1578
f 1574//1578 1576//1580 1570//1573
f 1575//1579 1576//1580 1574//1578
f 1576//1580 1575//1579 1577//1581
f 1577//1581 1575//1579 1401//1408
f 1402//1409 1416//1422 1401//1408
f 1570//1573 1576//1580 1571//1574
f 1578//1582 1571//1574 1576//1580
f 1578//1582 1576//1580 1577//1581
f 1416//1422 1577//1581 1401//1408
f 1416//1422 1578//1582 1577//1581
f 1572//1575 1571//1574 1578//1582
f 1407//1412 1191//1194 1579//1583
f 1579//1583 1412//1417 1407//1412
f 1412//1417 1579//1583 1413//1418
f 1413//1418 1579//1583 1580//1584
f 1579//1583 1191//1194 1581//1585
f 1582//1577 1583//1586 1581//1585
f 1582//1577 1581//1585 1191//1194
f 1581//1585 1584//1587 1579//1583
f 1583//1586 1584//1587 1581//1585
f 1579//1583 1584//1587 1580//1584
f 1584//1587 1586//1588 1585//1589
f 1584//1587 1585//1589 1580//1584
f 1413//1418 1580//1584 1585//1589
f 1587//1590 1582//1577 1573//1576
f 1587//1590 1583//1586 1582//1577
f 1583//1586 1586//1588 1584//1587
f 1559//1561 1587//1590 1573//1576
f 1588//1591 1416//1422 1417//1423
f 1586//1588 1589//1592 1585//1589
f 1585//1589 1589//1592 1417//1423
f 1417//1423 1589//1592 1590//1593
f 1588//1591 1417//1423 1590//1593
f 1414//1419 1413//1418 1585//1589
f 1417//1423 1414//1419 1585//1589
f 1583//1586 1587//1590 1590//1593
f 1583//1586 1590//1593 1586//1588
f 1590//1593 1589//1592 1586//1588
f 1559//1561 1590//1593 1587//1590
f 1588//1591 1590//1593 1591//1594
f 1590//1593 1559//1561 1591//1594
f 1592//1595 1594//1596 1593//1597
f 1592//1595 1438//1443 1595//1598
f 1592//1595 1595//1598 1594//1596
f 1438//1443 1441//1446 1595//1598
f 1441//1446 1596//1599 1595//1598
f 1596//1599 1444//1449 1453//1458
f 1597//1600 1596//1599 1453//1458
f 1598//1601 1601//1602 1599//1603
f 1600//1604 1599//1603 1601//1602
f 1431//1436 1433//1438 1602//1605
f 1601//1602 1602//1605 1592//1595
f 1601//1602 1598//1601 1602//1605
f 1603//1606 1602//1605 1598//1601
f 1592//1595 1593//1597 1601//1602
f 1433//1438 1438//1443 1592//1595
f 1602//1605 1433//1438 1592//1595
f 1440//1445 1441//1446 1437//1442
f 1441//1446 1438//1443 1437//1442
f 1444//1449 1596//1599 1441//1446
f 1443//1448 1444//1449 1441//1446
f 1258//1264 1453//1458 1444//1449
f 1597//1600 1453//1458 1604//1607
f 1604//1607 1605//1608 1260//1266
f 1605//1608 1604//1607 1453//1458
f 1260//1266 1605//1608 1453//1458
f 1606//1609 1607//1610 1260//1266
f 1607//1610 1606//1609 1608//1611
f 1609//1612 1608//1611 1610//1613
f 1606//1609 1260//1266 1454//1460
f 1454//1460 1456//1462 1606//1609
f 1610//1613 1606//1609 1456//1462
f 1610//1613 1608//1611 1606//1609
f 1611//1614 1610//1613 1456//1462
f 1611//1614 1456//1462 1612//1615
f 1456//1462 1457//1461 1612//1615
f 1613//1616 1614//1617 1612//1615
f 1615//1618 1613//1616 1612//1615
f 1616//1619 1613//1616 1615//1618
f 1617//1620 1619//1621 1618//1622
f 1450//1455 1620//1623 1451//1456
f 1450//1455 1622//1624 1621//1625
f 1450//1455 1623//1626 1622//1624
f 1622//1624 1623//1626 1624//1627
f 1621//1625 1622//1624 1618//1622
f 1618//1622 1622//1624 1603//1606
f 1620//1623 1450//1455 1621//1625
f 1621//1625 1618//1622 1620//1623
f 1603//1606 1617//1620 1618//1622
f 1617//1620 1599//1603 1619//1621
f 1598//1601 1599//1603 1617//1620
f 1429//1435 1624//1627 1623//1626
f 1624//1627 1429//1435 1431//1436
f 1450//1455 1429//1435 1623//1626
f 1431//1436 1625//1628 1624//1627
f 1622//1624 1624//1627 1625//1628
f 1625//1628 1603//1606 1622//1624
f 1603//1606 1598//1601 1617//1620
f 1431//1436 1603//1606 1625//1628
f 1431//1436 1602//1605 1603//1606
f 1649//1629 1627//1630 1626//1631
f 1457//1461 1462//1467 1612//1615
f 1462//1467 1464//1469 1628//1632
f 1612//1615 1462//1467 1628//1632
f 1628//1632 1464//1469 1615//1618
f 1628//1632 1615//1618 1612//1615
f 1629//1633 1615//1618 1464//1469
f 1508//1514 1464//1469 1463//1468
f 1630//1634 1464//1469 1508//1514
f 1464//1469 1630//1634 1629//1633
f 1630//1634 1631//1635 1629//1633
f 1632//1636 1631//1635 1630//1634
f 1470//1475 1469//1476 1620//1623
f 1620//1623 1469//1476 1451//1456
f 1470//1475 1633//1637 1490//1498
f 1618//1622 1470//1475 1620//1623
f 1634//1638 1490//1498 1633//1637
f 1633//1637 1470//1475 1618//1622
f 1491//1499 1636//1639 1635//1640
f 1636//1639 1486//1497 1637//1641
f 1636//1639 1637//1641 1638//1642
f 1635//1640 1636//1639 1639//1643
f 1639//1643 1640//1644 1635//1640
f 1641//1645 1635//1640 1640//1644
f 1641//1645 1640//1644 1644//1646
f 1644//1646 1640//1644 1642//1647
f 1636//1639 1642//1647 1639//1643
f 1639//1643 1642//1647 1640//1644
f 1638//1642 1642//1647 1636//1639
f 1643//1648 1642//1647 1638//1642
f 1472//1478 1644//1646 1646//1649
f 1644//1646 1472//1478 1645//1650
f 1644//1646 1642//1647 1646//1649
f 1647//1651 1642//1647 1643//1648
f 1647//1651 1643//1648 1648//1652
f 1471//1477 1472//1478 1649//1629
f 1646//1649 1647//1651 1649//1629
f 1646//1649 1642//1647 1647//1651
f 1472//1478 1646//1649 1649//1629
f 1649//1629 1647//1651 1648//1652
f 1649//1629 1648//1652 1627//1630
f 1649//1629 1650//1653 1471//1477
f 1471//1477 1650//1653 1475//1482
f 1649//1629 1626//1631 1650//1653
f 1650//1653 1651//1654 1475//1482
f 1651//1654 1477//1486 1475//1482
f 1477//1486 1652//1655 1479//1487
f 1651//1654 1652//1655 1477//1486
f 1650//1653 1652//1655 1651//1654
f 1652//1655 1650//1653 1653//1656
f 1652//1655 1653//1656 1479//1487
f 1626//1631 1653//1656 1650//1653
f 1626//1631 1654//1657 1653//1656
f 1527//1529 1295//1303 1479//1487
f 1653//1656 1527//1529 1479//1487
f 1626//1631 1655//1658 1654//1657
f 1654//1657 1656//1659 1653//1656
f 1527//1529 1653//1656 1656//1659
f 1655//1658 1657//1660 1654//1657
f 1654//1657 1657//1660 1658//1661
f 1654//1657 1658//1661 1656//1659
f 1658//1661 1657//1660 1659//1662
f 1660//1663 1661//1664 1657//1660
f 1660//1663 1662//1665 1661//1664
f 1665//1666 1659//1662 1663//1667
f 1658//1661 1665//1666 1664//1668
f 1665//1666 1666//1669 1664//1668
f 1665//1666 1663//1667 1666//1669
f 1665//1666 1658//1661 1659//1662
f 1658//1661 1667//1670 1656//1659
f 1664//1668 1667//1670 1658//1661
f 1656//1659 1667//1670 1527//1529
f 1666//1669 1667//1670 1664//1668
f 1661//1664 1659//1662 1657//1660
f 1668//1671 1662//1665 1659//1662
f 1659//1662 1669//1672 1663//1667
f 1659//1662 1662//1665 1669//1672
f 1659//1662 1661//1664 1668//1671
f 1661//1664 1662//1665 1668//1671
f 1663//1667 1670//1673 1666//1669
f 1669//1672 1671//1674 1663//1667
f 1663//1667 1671//1674 1670//1673
f 1669//1672 1662//1665 1671//1674
f 1662//1665 1672//1675 1671//1674
f 1662//1665 1673//1676 1672//1675
f 1670//1673 1529//1531 1666//1669
f 1672//1675 1670//1673 1671//1674
f 1530//1532 1670//1673 1672//1675
f 1530//1532 1529//1531 1670//1673
f 1530//1532 1675//1677 1674//1678
f 1676//1679 1678//1680 1677//1681
f 1675//1677 1679//1682 1674//1678
f 1676//1679 1677//1681 1679//1682
f 1630//1634 1508//1514 1632//1636
f 1533//1535 1632//1636 1508//1514
f 1680//1683 1632//1636 1681//1684
f 1515//1496 1488//1474 1683//1685
f 1515//1496 1683//1685 1682//1686
f 1684//1687 1490//1498 1634//1638
f 1683//1685 1685//1688 1682//1686
f 1470//1475 1490//1498 1466//1472
f 1486//1497 1515//1496 1682//1686
f 1486//1497 1682//1686 1637//1641
f 1636//1639 1491//1499 1486//1497
f 1641//1645 1644//1646 1492//1500
f 1641//1645 1492//1500 1635//1640
f 1492//1500 1491//1499 1635//1640
f 1472//1478 1504//1479 1505//1511
f 1644//1646 1645//1650 1492//1500
f 1645//1650 1505//1511 1492//1500
f 1645//1650 1472//1478 1505//1511
f 1529//1531 1527//1529 1667//1670
f 1666//1669 1529//1531 1667//1670
f 1530//1532 1674//1678 1299//1307
f 1686//1689 1299//1307 1674//1678
f 1679//1682 1677//1681 1687//1690
f 1674//1678 1688//1691 1686//1689
f 1688//1691 1674//1678 1689//1692
f 1679//1682 1687//1690 1689//1692
f 1679//1682 1689//1692 1674//1678
f 1690//1693 1687//1690 1691//1694
f 1687//1690 1677//1681 1691//1694
f 1691//1694 1692//1695 1690//1693
f 1693//1696 1681//1684 1632//1636
f 1299//1307 1686//1689 1531//1533
f 1531//1533 1688//1691 1689//1692
f 1531//1533 1686//1689 1688//1691
f 1694//1697 1689//1692 1687//1690
f 1689//1692 1694//1697 1531//1533
f 1690//1693 1694//1697 1687//1690
f 1692//1695 1695//1698 1690//1693
f 1693//1696 1710//1699 1681//1684
f 1533//1535 1696//1700 1632//1636
f 1696//1700 1693//1696 1632//1636
f 1697//1701 1693//1696 1696//1700
f 1698//1702 1693//1696 1697//1701
f 1694//1697 1699//1703 1531//1533
f 1694//1697 1700//1704 1699//1703
f 1701//1705 1700//1704 1694//1697
f 1701//1705 1694//1697 1690//1693
f 1690//1693 1703//1706 1702//1707
f 1703//1706 1690//1693 1695//1698
f 1700//1704 1701//1705 1699//1703
f 1701//1705 1704//1708 1699//1703
f 1701//1705 1705//1709 1704//1708
f 1706//1710 1699//1703 1704//1708
f 1704//1708 1705//1709 1706//1710
f 1701//1705 1690//1693 1705//1709
f 1690//1693 1702//1707 1705//1709
f 1533//1535 1534//1536 1537//1539
f 1533//1535 1537//1539 1696//1700
f 1696//1700 1537//1539 1697//1701
f 1697//1701 1707//1711 1698//1702
f 1710//1699 1693//1696 1698//1702
f 1710//1699 1698//1702 1707//1711
f 1708//1712 1710//1699 1709//1713
f 1710//1699 1711//1714 1709//1713
f 1710//1699 1707//1711 1711//1714
f 1544//1546 1531//1533 1699//1703
f 1699//1703 1706//1710 1544//1546
f 1537//1539 1707//1711 1697//1701
f 1537//1539 1546//1548 1712//1715
f 1537//1539 1712//1715 1713//1716
f 1713//1716 1707//1711 1537//1539
f 1707//1711 1713//1716 1712//1715
f 1714//1717 1543//1545 1544//1546
f 1715//1718 1714//1717 1544//1546
f 1544//1546 1706//1710 1715//1718
f 1705//1709 1716//1719 1706//1710
f 1702//1707 1716//1719 1705//1709
f 1707//1711 1712//1715 1717//1720
f 1717//1720 1711//1714 1707//1711
f 1543//1545 1548//1550 1538//1540
f 1543//1545 1714//1717 1718//1721
f 1718//1721 1548//1550 1543//1545
f 1354//1361 1548//1550 1718//1721
f 1715//1718 1718//1721 1714//1717
f 1719//1722 1718//1721 1715//1718
f 1547//1549 1712//1715 1546//1548
f 1712//1715 1547//1549 1720//1723
f 1720//1723 1717//1720 1712//1715
f 1711//1714 1717//1720 1720//1723
f 1721//1724 1711//1714 1551//1553
f 1354//1361 1718//1721 1722//1725
f 1719//1722 1722//1725 1718//1721
f 1715//1718 1723//1726 1719//1722
f 1723//1726 1722//1725 1719//1722
f 1724//1727 1722//1725 1723//1726
f 1722//1725 1724//1727 1726//1728
f 1723//1726 1715//1718 1706//1710
f 1725//1729 1724//1727 1723//1726
f 1726//1728 1724//1727 1725//1729
f 1726//1728 1354//1361 1722//1725
f 1720//1723 1547//1549 1551//1553
f 1711//1714 1720//1723 1551//1553
f 1721//1724 1551//1553 1727//1730
f 1363//1370 1354//1361 1726//1728
f 1725//1729 1728//1731 1726//1728
f 1726//1728 1728//1731 1729//1732
f 1726//1728 1729//1732 1363//1370
f 1727//1730 1551//1553 1730//1733
f 1550//1552 1730//1733 1551//1553
f 1363//1370 1732//1734 1731//1735
f 1730//1733 1550//1552 1552//1554
f 1552//1554 1553//1555 1730//1733
f 1733//1736 1730//1733 1734//1737
f 1363//1370 1735//1738 1180//1183
f 1730//1733 1736//1739 1734//1737
f 1180//1183 1735//1738 1737//1740
f 1730//1733 1738//1741 1736//1739
f 1736//1739 1739//1742 1734//1737
f 1739//1742 1736//1739 1740//1743
f 1555//1557 1741//1744 1553//1555
f 1553//1555 1741//1744 1730//1733
f 1730//1733 1741//1744 1738//1741
f 1736//1739 1738//1741 1740//1743
f 1738//1741 1743//1745 1742//1746
f 1740//1743 1738//1741 1742//1746
f 1744//1747 1740//1743 1742//1746
f 1745//1748 1746//1749 1742//1746
f 1747//1750 1366//1373 1180//1183
f 1747//1750 1748//1751 1366//1373
f 1737//1740 1747//1750 1180//1183
f 1557//1559 1749//1752 1555//1557
f 1749//1752 1557//1559 1758//1753
f 1749//1752 1741//1744 1555//1557
f 1749//1752 1750//1754 1741//1744
f 1741//1744 1743//1745 1738//1741
f 1741//1744 1751//1755 1743//1745
f 1742//1746 1743//1745 1752//1756
f 1742//1746 1753//1757 1745//1748
f 1764//1758 1753//1757 1742//1746
f 1559//1561 1366//1373 1754//1759
f 1748//1751 1747//1750 1755//1760
f 1754//1759 1366//1373 1748//1751
f 1747//1750 1737//1740 1755//1760
f 1756//1761 1749//1752 1758//1753
f 1757//1565 1756//1761 1758//1753
f 1749//1752 1756//1761 1750//1754
f 1750//1754 1756//1761 1759//1762
f 1759//1762 1779//1763 1750//1754
f 1741//1744 1750//1754 1751//1755
f 1757//1565 1758//1753 1557//1559
f 1562//1564 1760//1764 1757//1565
f 1562//1564 1561//1563 1760//1764
f 1761//1765 1756//1761 1757//1565
f 1757//1565 1760//1764 1761//1765
f 1742//1746 1752//1756 1764//1758
f 1764//1758 1752//1756 1766//1766
f 1743//1745 1762//1767 1752//1756
f 1752//1756 1762//1767 1766//1766
f 1743//1745 1751//1755 1762//1767
f 1763//1768 1753//1757 1764//1758
f 1764//1758 1765//1769 1763//1768
f 1765//1769 1764//1758 1766//1766
f 1765//1769 1766//1766 1767//1770
f 1766//1766 1762//1767 1767//1770
f 1767//1770 1762//1767 1768//1771
f 1748//1751 1769//1772 1754//1759
f 1755//1760 1770//1773 1748//1751
f 1771//1774 1769//1772 1748//1751
f 1748//1751 1770//1773 1771//1774
f 1770//1773 1755//1760 1772//1775
f 1770//1773 1772//1775 1775//1776
f 1737//1740 1773//1777 1755//1760
f 1774//1778 1775//1776 1772//1775
f 1760//1764 1561//1563 1776//1779
f 1776//1779 1561//1563 1572//1575
f 1780//1780 1759//1762 1572//1575
f 1780//1780 1572//1575 1578//1582
f 1761//1765 1760//1764 1777//1781
f 1777//1781 1760//1764 1759//1762
f 1759//1762 1760//1764 1776//1779
f 1759//1762 1776//1779 1572//1575
f 1416//1422 1780//1780 1578//1582
f 1759//1762 1761//1765 1777//1781
f 1759//1762 1756//1761 1761//1765
f 1779//1763 1759//1762 1780//1780
f 1778//1782 1750//1754 1779//1763
f 1778//1782 1779//1763 1780//1780
f 1751//1755 1750//1754 1778//1782
f 1782//1783 1778//1782 1781//1784
f 1781//1784 1778//1782 1780//1780
f 1751//1755 1778//1782 1762//1767
f 1762//1767 1778//1782 1782//1783
f 1768//1771 1782//1783 1781//1784
f 1768//1771 1781//1784 1416//1422
f 1416//1422 1781//1784 1780//1780
f 1768//1771 1762//1767 1782//1783
f 1559//1561 1784//1785 1591//1594
f 1754//1759 1769//1772 1783//1786
f 1771//1774 1783//1786 1769//1772
f 1783//1786 1559//1561 1754//1759
f 1783//1786 1784//1785 1559//1561
f 1947//1787 1588//1591 1591//1594
f 1770//1773 1784//1785 1771//1774
f 1783//1786 1771//1774 1784//1785
f 1591//1594 1784//1785 1785//1788
f 1786//1789 1770//1773 1775//1776
f 1784//1785 1770//1773 1786//1789
f 1785//1788 1784//1785 1786//1789
f 1774//1778 1786//1789 1775//1776
f 1774//1778 1785//1788 1786//1789
f 1787//1790 1596//1599 1788//1791
f 1596//1599 1790//1792 1789//1793
f 1596//1599 1789//1793 1788//1791
f 1597//1600 1790//1792 1596//1599
f 1597//1600 1791//1794 1790//1792
f 1791//1794 1789//1793 1790//1792
f 1593//1597 1600//1604 1792//1795
f 1793//1796 1794//1797 1823//1798
f 1795//1799 1823//1798 1794//1797
f 1594//1596 1796//1800 1593//1597
f 1797//1801 1593//1597 1796//1800
f 1600//1604 1593//1597 1797//1801
f 1600//1604 1797//1801 1798//1802
f 1797//1801 1796//1800 1798//1802
f 1793//1796 1796//1800 1794//1797
f 1793//1796 1798//1802 1796//1800
f 1796//1800 1594//1596 1799//1803
f 1799//1803 1794//1797 1796//1800
f 1800//1804 1794//1797 1799//1803
f 1794//1797 1800//1804 1795//1799
f 1800//1804 1801//1805 1795//1799
f 1594//1596 1595//1598 1787//1790
f 1594//1596 1787//1790 1799//1803
f 1799//1803 1787//1790 1788//1791
f 1788//1791 1800//1804 1799//1803
f 1787//1790 1595//1598 1596//1599
f 1597//1600 1802//1806 1791//1794
f 1802//1806 1597//1600 1604//1607
f 1802//1806 1604//1607 1803//1807
f 1803//1807 1604//1607 1260//1266
f 1607//1610 1803//1807 1260//1266
f 1803//1807 1607//1610 1802//1806
f 1609//1612 1607//1610 1608//1611
f 1804//1808 1607//1610 1609//1612
f 1804//1808 1806//1809 1805//1810
f 1806//1809 1804//1808 1807//1811
f 1807//1811 1809//1812 1808//1813
f 1810//1814 1806//1809 1811//1815
f 1811//1815 1806//1809 1807//1811
f 1807//1811 1808//1813 1811//1815
f 1811//1815 1808//1813 1812//1816
f 1811//1815 1812//1816 1810//1814
f 1812//1816 1808//1813 1614//1617
f 1813//1817 1814//1818 1812//1816
f 1814//1818 1810//1814 1812//1816
f 1614//1617 1813//1817 1812//1816
f 1815//1819 1814//1818 1813//1817
f 1815//1819 1813//1817 1816//1820
f 1817//1821 1815//1819 1818//1822
f 1819//1823 1818//1822 1820//1824
f 1821//1825 1619//1621 1599//1603
f 1821//1825 1823//1798 1822//1826
f 1822//1826 1619//1621 1821//1825
f 1600//1604 1601//1602 1792//1795
f 1593//1597 1792//1795 1601//1602
f 1821//1825 1599//1603 1600//1604
f 1821//1825 1600//1604 1824//1827
f 1600//1604 1798//1802 1824//1827
f 1824//1827 1825//1828 1821//1825
f 1825//1828 1824//1827 1798//1802
f 1821//1825 1825//1828 1823//1798
f 1825//1828 1798//1802 1823//1798
f 1823//1798 1798//1802 1793//1796
f 1826//1829 1827//1830 1626//1631
f 1827//1830 1828//1831 1626//1631
f 1829//1832 1626//1631 1828//1831
f 1609//1612 1610//1613 1830//1833
f 1830//1833 1804//1808 1609//1612
f 1830//1833 1807//1811 1804//1808
f 1830//1833 1809//1812 1807//1811
f 1611//1614 1830//1833 1610//1613
f 1611//1614 1809//1812 1830//1833
f 1808//1813 1809//1812 1614//1617
f 1612//1615 1809//1812 1611//1614
f 1614//1617 1809//1812 1612//1615
f 1831//1834 1614//1617 1613//1616
f 1813//1817 1614//1617 1831//1834
f 1831//1834 1613//1616 1616//1619
f 1813//1817 1831//1834 1832//1835
f 1832//1835 1616//1619 1816//1820
f 1616//1619 1832//1835 1831//1834
f 1813//1817 1832//1835 1816//1820
f 1629//1633 1833//1836 1616//1619
f 1815//1819 1816//1820 1818//1822
f 1816//1820 1833//1836 1818//1822
f 1833//1836 1816//1820 1616//1619
f 1616//1619 1615//1618 1629//1633
f 1631//1635 1834//1837 1833//1836
f 1818//1822 1833//1836 1835//1838
f 1835//1838 1833//1836 1834//1837
f 1818//1822 1835//1838 1820//1824
f 1631//1635 1833//1836 1629//1633
f 1820//1824 1835//1838 1836//1839
f 1819//1823 1820//1824 1836//1839
f 1836//1839 1835//1838 1837//1840
f 1836//1839 1837//1840 1838//1841
f 1619//1621 1633//1637 1618//1622
f 1839//1842 1633//1637 1822//1826
f 1840//1843 1839//1842 1822//1826
f 1633//1637 1619//1621 1822//1826
f 1841//1844 1840//1843 1822//1826
f 1842//1845 1826//1829 1843//1846
f 1842//1845 1843//1846 1844//1847
f 1845//1848 1844//1847 1843//1846
f 1848//1849 1847//1850 1846//1851
f 1848//1849 1846//1851 1626//1631
f 1626//1631 1846//1851 1826//1829
f 1847//1850 1849//1852 1846//1851
f 1826//1829 1846//1851 1849//1852
f 1829//1832 1850//1853 1626//1631
f 1626//1631 1850//1853 1851//1854
f 1850//1853 1852//1855 1851//1854
f 1850//1853 1853//1856 1852//1855
f 1852//1855 1853//1856 1655//1658
f 1854//1857 1655//1658 1853//1856
f 1655//1658 1855//1858 1673//1676
f 1655//1658 1854//1857 1855//1858
f 1856//1859 1855//1858 1854//1857
f 1857//1860 1856//1859 1854//1857
f 1856//1859 1858//1861 1855//1858
f 1858//1861 1859//1862 1855//1858
f 1858//1861 1861//1863 1860//1864
f 1858//1861 1860//1864 1859//1862
f 1858//1861 1862//1865 1861//1863
f 1862//1865 1863//1866 1861//1863
f 1861//1863 1865//1867 1864//1868
f 1860//1864 1861//1863 1864//1868
f 1865//1867 1676//1679 1864//1868
f 1866//1869 1676//1679 1865//1867
f 1859//1862 1860//1864 1864//1868
f 1863//1866 1867//1870 1861//1863
f 1861//1863 1867//1870 1865//1867
f 1865//1867 1867//1870 1866//1869
f 1867//1870 1868//1871 1866//1869
f 1866//1869 1868//1871 1676//1679
f 1631//1635 1632//1636 1680//1683
f 1631//1635 1680//1683 1834//1837
f 1869//1872 1834//1837 1680//1683
f 1837//1840 1835//1838 1869//1872
f 1835//1838 1834//1837 1869//1872
f 1869//1872 1680//1683 1837//1840
f 1681//1684 1837//1840 1680//1683
f 1837//1840 1871//1873 1870//1874
f 1681//1684 1871//1873 1837//1840
f 1838//1841 1837//1840 1870//1874
f 1838//1841 1870//1874 1872//1875
f 1873//1876 1872//1875 1870//1874
f 1634//1638 1876//1877 1877//1878
f 1877//1878 1684//1687 1634//1638
f 1684//1687 1637//1641 1682//1686
f 1874//1879 1634//1638 1633//1637
f 1875//1880 1876//1877 1874//1879
f 1876//1877 1634//1638 1874//1879
f 1876//1877 1875//1880 1877//1878
f 1684//1687 1877//1878 1875//1880
f 1684//1687 1875//1880 1637//1641
f 1880//1881 1875//1880 1874//1879
f 1880//1881 1637//1641 1875//1880
f 1839//1842 1874//1879 1633//1637
f 1878//1882 1880//1881 1874//1879
f 1880//1881 1843//1846 1637//1641
f 1879//1883 1881//1884 1880//1881
f 1843//1846 1881//1884 1882//1885
f 1843//1846 1880//1881 1881//1884
f 1638//1642 1848//1849 1643//1648
f 1882//1885 1845//1848 1843//1846
f 1883//1886 1848//1849 1627//1630
f 1848//1849 1883//1886 1643//1648
f 1883//1886 1648//1652 1643//1648
f 1883//1886 1627//1630 1648//1652
f 1848//1849 1638//1642 1847//1850
f 1847//1850 1843//1846 1849//1852
f 1843//1846 1847//1850 1638//1642
f 1849//1852 1843//1846 1826//1829
f 1638//1642 1637//1641 1843//1846
f 1848//1849 1626//1631 1627//1630
f 1655//1658 1626//1631 1851//1854
f 1852//1855 1655//1658 1851//1854
f 1660//1663 1657//1660 1655//1658
f 1673//1676 1662//1665 1660//1663
f 1673//1676 1660//1663 1655//1658
f 1855//1858 1672//1675 1673//1676
f 1855//1858 1884//1887 1672//1675
f 1530//1532 1672//1675 1884//1887
f 1884//1887 1855//1858 1859//1862
f 1859//1862 1864//1868 1530//1532
f 1884//1887 1859//1862 1530//1532
f 1676//1679 1530//1532 1864//1868
f 1676//1679 1679//1682 1675//1677
f 1676//1679 1675//1677 1530//1532
f 1885//1888 1676//1679 1868//1871
f 1886//1889 1677//1681 1678//1680
f 1885//1888 1678//1680 1676//1679
f 1886//1889 1678//1680 1885//1888
f 1887//1890 1885//1888 1888//1891
f 1885//1888 1868//1871 1888//1891
f 1886//1889 1887//1890 1677//1681
f 1886//1889 1885//1888 1887//1890
f 1887//1890 1888//1891 1691//1694
f 1889//1892 1871//1873 1681//1684
f 1870//1874 1871//1873 1873//1876
f 1871//1873 1889//1892 1890//1893
f 1871//1873 1890//1893 1873//1876
f 1873//1876 1892//1894 1891//1895
f 1892//1894 1873//1876 1893//1896
f 1677//1681 1887//1890 1691//1694
f 1691//1694 1894//1897 1692//1695
f 1894//1897 1691//1694 1888//1891
f 1890//1893 1889//1892 1895//1898
f 1889//1892 1681//1684 1895//1898
f 1873//1876 1896//1899 1893//1896
f 1708//1712 1896//1899 1873//1876
f 1894//1897 1695//1698 1692//1695
f 1695//1698 1894//1897 1703//1706
f 1897//1900 1894//1897 1898//1901
f 1899//1902 1897//1900 1898//1901
f 1894//1897 1900//1903 1898//1901
f 1898//1901 1900//1903 1899//1902
f 1895//1898 1681//1684 1710//1699
f 1895//1898 1710//1699 1708//1712
f 1873//1876 1890//1893 1708//1712
f 1890//1893 1895//1898 1708//1712
f 1894//1897 1897//1900 1703//1706
f 1897//1900 1702//1707 1703//1706
f 1708//1712 1709//1713 1711//1714
f 1708//1712 1711//1714 1901//1904
f 1902//1905 1708//1712 1901//1904
f 1897//1900 1899//1902 1903//1906
f 1897//1900 1903//1906 1702//1707
f 1903//1906 1899//1902 1904//1907
f 1904//1907 1899//1902 1905//1908
f 1904//1907 1702//1707 1903//1906
f 1904//1907 1906//1909 1702//1707
f 1905//1908 1906//1909 1904//1907
f 1900//1903 1907//1910 1899//1902
f 1906//1909 1908//1911 1702//1707
f 1909//1912 1905//1908 1899//1902
f 1907//1910 1909//1912 1899//1902
f 1905//1908 1910//1913 1906//1909
f 1910//1913 1908//1911 1906//1909
f 1911//1914 1910//1913 1905//1908
f 1905//1908 1909//1912 1907//1910
f 1711//1714 1912//1915 1901//1904
f 1912//1915 1711//1714 1721//1724
f 1901//1904 1912//1915 1902//1905
f 1912//1915 1721//1724 1727//1730
f 1912//1915 1913//1916 1902//1905
f 1702//1707 1908//1911 1716//1719
f 1725//1729 1706//1710 1716//1719
f 1725//1729 1716//1719 1908//1911
f 1911//1914 1905//1908 1914//1917
f 1907//1910 1914//1917 1905//1908
f 1913//1916 1912//1915 1727//1730
f 1913//1916 1727//1730 1915//1918
f 1727//1730 1916//1919 1915//1918
f 1706//1710 1725//1729 1723//1726
f 1910//1913 1917//1920 1908//1911
f 1910//1913 1911//1914 1917//1920
f 1918//1921 1911//1914 1914//1917
f 1908//1911 1917//1920 1725//1729
f 1918//1921 1917//1920 1911//1914
f 1918//1921 1919//1922 1917//1920
f 1729//1732 1728//1731 1725//1729
f 1725//1729 1917//1920 1919//1922
f 1916//1919 1727//1730 1920//1923
f 1916//1919 1920//1923 1733//1736
f 1915//1918 1916//1919 1733//1736
f 1725//1729 1919//1922 1729//1732
f 1732//1734 1729//1732 1919//1922
f 1920//1923 1727//1730 1730//1733
f 1733//1736 1920//1923 1730//1733
f 1733//1736 1734//1737 1921//1924
f 1729//1732 1732//1734 1363//1370
f 1921//1924 1734//1737 1922//1925
f 1731//1735 1732//1734 1923//1926
f 1924//1927 1923//1926 1732//1734
f 1731//1735 1925//1928 1363//1370
f 1923//1926 1926//1929 1731//1735
f 1731//1735 1927//1930 1925//1928
f 1926//1929 1927//1930 1731//1735
f 1927//1930 1926//1929 1923//1926
f 1925//1928 1928//1931 1363//1370
f 1735//1738 1363//1370 1928//1931
f 1925//1928 1927//1930 1928//1931
f 1927//1930 1929//1932 1928//1931
f 1930//1933 1927//1930 1923//1926
f 1927//1930 1931//1934 1929//1932
f 1927//1930 1930//1933 1931//1934
f 1931//1934 1932//1935 1929//1932
f 1933//1936 1930//1933 1923//1926
f 1931//1934 1930//1933 1933//1936
f 1934//1937 1734//1737 1739//1742
f 1934//1937 1935//1938 1734//1737
f 1936//1939 1934//1937 1744//1747
f 1934//1937 1936//1939 1935//1938
f 1929//1932 1932//1935 1928//1931
f 1739//1742 1744//1747 1934//1937
f 1744//1747 1739//1742 1740//1743
f 1928//1931 1937//1940 1735//1738
f 1744//1747 1742//1746 1746//1749
f 1938//1941 1936//1939 1746//1749
f 1744//1747 1746//1749 1936//1939
f 1937//1940 1939//1942 1735//1738
f 1737//1740 1735//1738 1939//1942
f 1745//1748 1753//1757 1940//1943
f 1745//1748 1941//1944 1938//1941
f 1941//1944 1745//1748 1940//1943
f 1938//1941 1746//1749 1745//1748
f 1942//1945 1763//1768 1765//1769
f 1942//1945 1753//1757 1763//1768
f 1940//1943 1753//1757 1942//1945
f 1942//1945 1765//1769 1767//1770
f 1768//1771 1942//1945 1767//1770
f 1941//1944 1940//1943 1942//1945
f 1938//1941 1941//1944 1943//1946
f 1941//1944 1942//1945 1943//1946
f 1943//1946 1942//1945 1768//1771
f 1944//1947 1938//1941 1943//1946
f 1943//1946 1768//1771 1945//1948
f 1773//1777 1946//1949 1755//1760
f 1773//1777 1947//1787 1946//1949
f 1946//1949 1774//1778 1755//1760
f 1946//1949 1947//1787 1774//1778
f 1772//1775 1755//1760 1774//1778
f 1947//1787 1785//1788 1774//1778
f 1737//1740 1948//1950 1773//1777
f 1947//1787 1773//1777 1948//1950
f 1737//1740 1939//1942 1948//1950
f 1768//1771 1416//1422 1949//1951
f 1949//1951 1416//1422 1588//1591
f 1950//1952 1949//1951 1947//1787
f 1950//1952 1768//1771 1949//1951
f 1947//1787 1949//1951 1588//1591
f 1951//1953 1947//1787 1948//1950
f 1950//1952 1947//1787 1951//1953
f 1945//1948 1768//1771 1950//1952
f 1948//1950 1939//1942 1951//1953
f 1950//1952 1951//1953 1952//1954
f 1947//1787 1591//1594 1785//1788
f 1953//1955 1801//1805 1954//1956
f 1953//1955 1954//1956 1955//1957
f 1955//1957 1957//1958 1956//1959
f 1800//1804 1788//1791 1801//1805
f 1958//1960 1801//1805 1788//1791
f 1954//1956 1958//1960 1955//1957
f 1801//1805 1958//1960 1954//1956
f 1958//1960 1959//1961 1955//1957
f 1955//1957 1959//1961 1957//1958
f 1958//1960 1788//1791 1960//1962
f 1958//1960 1960//1962 1959//1961
f 1960//1962 1788//1791 1961//1963
f 1789//1793 1962//1964 1961//1963
f 1960//1962 1961//1963 1963//1965
f 1961//1963 1962//1964 1963//1965
f 1960//1962 1963//1965 1964//1966
f 1789//1793 1961//1963 1788//1791
f 1962//1964 1965//1967 1963//1965
f 1963//1965 1965//1967 1966//1968
f 1963//1965 1966//1968 1967//1969
f 1962//1964 1789//1793 1791//1794
f 1965//1967 1962//1964 1791//1794
f 1802//1806 1965//1967 1791//1794
f 1965//1967 1802//1806 1966//1968
f 1968//1970 1966//1968 1969//1971
f 1966//1968 1802//1806 1969//1971
f 1970//1972 1968//1970 1971//1973
f 1968//1970 1810//1814 1971//1973
f 1972//1974 1971//1973 1973//1975
f 1971//1973 1817//1821 1973//1975
f 1974//1976 1973//1975 1817//1821
f 1975//1977 1974//1976 1976//1978
f 1976//1978 1977//1979 1975//1977
f 1978//1980 1979//1981 1795//1799
f 1978//1980 1953//1955 1980//1982
f 1978//1980 1980//1982 1979//1981
f 1980//1982 1981//1983 1979//1981
f 1980//1982 1953//1955 1982//1984
f 1978//1980 1795//1799 1801//1805
f 1801//1805 1953//1955 1978//1980
f 1983//1985 1968//1970 1969//1971
f 1607//1610 1804//1808 1802//1806
f 1802//1806 1804//1808 1969//1971
f 1983//1985 1984//1986 1968//1970
f 1804//1808 1805//1810 1985//1987
f 1983//1985 1969//1971 1804//1808
f 1985//1987 1983//1985 1804//1808
f 1984//1986 1983//1985 1985//1987
f 1984//1986 1985//1987 1810//1814
f 1810//1814 1968//1970 1984//1986
f 1985//1987 1805//1810 1986//1988
f 1986//1988 1805//1810 1806//1809
f 1985//1987 1986//1988 1810//1814
f 1806//1809 1810//1814 1986//1988
f 1810//1814 1815//1819 1971//1973
f 1810//1814 1814//1818 1815//1819
f 1817//1821 1971//1973 1815//1819
f 1974//1976 1817//1821 1976//1978
f 1819//1823 1817//1821 1818//1822
f 1976//1978 1817//1821 1819//1823
f 1976//1978 1819//1823 1836//1839
f 1836//1839 1987//1989 1976//1978
f 1977//1979 1976//1978 1987//1989
f 1975//1977 1977//1979 1988//1990
f 1795//1799 1989//1991 1823//1798
f 1989//1991 1822//1826 1823//1798
f 1989//1991 1841//1844 1822//1826
f 1795//1799 1990//1992 1989//1991
f 1989//1991 1991//1993 1841//1844
f 1991//1993 1989//1991 1990//1992
f 1979//1981 1990//1992 1795//1799
f 1979//1981 1992//1994 1990//1992
f 1992//1994 1991//1993 1990//1992
f 1980//1982 1993//1995 1981//1983
f 1994//1996 1992//1994 1981//1983
f 1992//1994 1979//1981 1981//1983
f 1994//1996 1991//1993 1992//1994
f 1995//1997 1996//1998 1829//1832
f 1829//1832 1997//1999 1995//1997
f 1995//1997 1998//2000 1996//1998
f 1997//1999 1998//2000 1995//1997
f 1998//2000 1997//1999 1999//2001
f 2000//2002 2001//2003 1868//1871
f 2002//2004 1987//1989 1836//1839
f 1977//1979 1987//1989 2002//2004
f 1838//1841 2002//2004 1836//1839
f 1977//1979 2003//2005 1988//1990
f 2003//2005 1977//1979 2002//2004
f 1988//1990 2003//2005 2004//2006
f 2005//2007 1839//1842 1840//1843
f 2005//2007 1840//1843 1841//1844
f 1991//1993 2005//2007 1841//1844
f 2006//2008 2005//2007 1991//1993
f 2007//2009 2006//2008 1991//1993
f 1882//1885 2008//2010 1845//1848
f 1842//1845 1844//1847 2009//2011
f 1845//1848 2010//2012 1844//1847
f 2009//2011 1844//1847 2010//2012
f 2009//2011 2010//2012 2008//2010
f 2008//2010 2010//2012 1845//1848
f 2009//2011 2008//2010 2011//2013
f 2011//2013 2008//2010 2012//2014
f 1826//1829 1842//1845 1827//1830
f 1827//1830 1842//1845 2009//2011
f 1827//1830 2009//2011 2011//2013
f 1829//1832 1996//1998 1850//1853
f 1850//1853 1996//1998 1998//2000
f 1850//1853 1998//2000 1853//1856
f 1853//1856 1857//1860 1854//1857
f 1998//2000 1857//1860 1853//1856
f 1856//1859 1857//1860 1998//2000
f 1856//1859 1998//2000 1862//1865
f 1862//1865 1998//2000 2013//2015
f 2014//2016 1998//2000 1999//2001
f 1862//1865 1858//1861 1856//1859
f 1862//1865 2015//2017 1863//1866
f 2015//2017 1862//1865 2013//2015
f 2014//2016 2013//2015 1998//2000
f 2015//2017 1867//1870 1863//1866
f 1867//1870 2015//2017 1868//1871
f 1868//1871 2015//2017 2013//2015
f 2014//2016 1868//1871 2013//2015
f 2001//2003 1888//1891 1868//1871
f 2001//2003 2016//2018 1888//1891
f 2000//2002 2016//2018 2001//2003
f 2017//2019 2018//2020 2016//2018
f 1888//1891 2016//2018 2018//2020
f 2017//2019 1888//1891 2018//2020
f 2002//2004 1838//1841 1872//1875
f 1873//1876 1891//1895 1872//1875
f 2002//2004 1872//1875 1891//1895
f 2003//2005 2002//2004 1892//1894
f 2003//2005 1892//1894 2019//2021
f 2003//2005 2019//2021 2004//2006
f 2019//2021 2020//2022 2004//2006
f 1878//1882 1839//1842 2005//2007
f 1874//1879 1839//1842 1878//1882
f 2006//2008 1878//1882 2005//2007
f 2006//2008 2022//2023 2021//2024
f 1882//1885 1881//1884 2021//2024
f 1881//1884 1879//1883 2021//2024
f 2021//2024 2022//2023 1882//1885
f 2017//2019 1894//1897 1888//1891
f 1894//1897 2017//2019 2023//2025
f 1891//1895 1892//1894 2002//2004
f 2019//2021 1892//1894 2024//2026
f 2019//2021 2024//2026 2025//2027
f 1892//1894 1893//1896 2024//2026
f 2025//2027 2020//2022 2019//2021
f 2024//2026 2026//2028 2025//2027
f 2024//2026 1893//1896 2026//2028
f 2020//2022 2025//2027 2027//2029
f 2028//2030 2020//2022 2027//2029
f 1902//1905 1893//1896 1896//1899
f 1902//1905 1896//1899 1708//1712
f 1902//1905 2026//2028 1893//1896
f 2026//2028 1902//1905 2027//2029
f 2025//2027 2026//2028 2027//2029
f 2029//2031 1900//1903 2030//2032
f 2030//2032 1900//1903 1894//1897
f 1900//1903 2029//2031 2031//2033
f 2027//2029 1902//1905 1913//1916
f 2031//2033 2032//2034 1900//1903
f 2027//2029 1913//1916 2033//2035
f 2034//2036 2027//2029 2033//2035
f 1900//1903 2032//2034 1907//1910
f 2029//2031 2036//2037 2035//2038
f 2032//2034 2031//2033 2037//2039
f 2037//2039 2040//2040 2032//2034
f 2040//2040 2038//2041 2032//2034
f 2031//2033 2040//2040 2037//2039
f 2031//2033 2029//2031 2039//2042
f 2029//2031 2035//2038 2039//2042
f 2031//2033 2039//2042 2040//2040
f 1915//1918 2033//2035 1913//1916
f 2033//2035 1915//1918 1921//1924
f 2033//2035 1921//1924 2041//2043
f 2038//2041 1907//1910 2032//2034
f 1914//1917 1907//1910 1918//1921
f 1907//1910 2038//2041 1918//1921
f 2040//2040 2042//2044 2038//2041
f 2040//2040 2044//2045 2043//2046
f 2044//2045 2040//2040 2039//2042
f 2035//2038 2044//2045 2039//2042
f 2040//2040 2045//2047 2042//2044
f 2045//2047 2038//2041 2042//2044
f 2043//2046 2045//2047 2040//2040
f 1921//1924 2046//2048 2041//2043
f 2038//2041 2045//2047 1918//1921
f 1918//1921 2045//2047 1919//1922
f 2043//2046 1919//1922 2045//2047
f 1921//1924 1915//1918 1733//1736
f 2053//2049 2046//2048 1921//1924
f 2043//2046 2047//2050 1919//1922
f 1732//1734 1919//1922 2047//2050
f 2047//2050 2043//2046 2048//2051
f 2053//2049 1921//1924 1922//1925
f 2048//2051 1732//1734 2047//2050
f 2043//2046 2049//2052 2048//2051
f 2050//2053 2049//2052 2043//2046
f 2050//2053 2051//2054 2049//2052
f 2052//2055 2053//2049 1935//1938
f 1935//1938 2054//2056 2052//2055
f 1732//1734 2055//2057 1924//1927
f 2048//2051 2055//2057 1732//1734
f 2048//2051 2056//2058 2055//2057
f 2048//2051 2049//2052 2056//2058
f 2051//2054 2057//2059 2049//2052
f 2057//2059 2056//2058 2049//2052
f 1935//1938 1922//1925 1734//1737
f 1922//1925 1935//1938 2053//2049
f 2057//2059 2055//2057 2056//2058
f 2058//2060 2057//2059 2051//2054
f 2054//2056 1935//1938 2059//2061
f 1924//1927 2060//2062 1923//1926
f 2061//2063 2060//2062 1924//1927
f 1924//1927 2055//2057 2062//2064
f 2063//2065 1924//1927 2062//2064
f 2061//2063 1924//1927 2063//2065
f 2060//2062 1933//1936 1923//1926
f 2060//2062 2061//2063 1933//1936
f 2062//2064 2061//2063 2063//2065
f 2062//2064 2064//2066 2061//2063
f 2062//2064 2055//2057 2065//2067
f 2064//2066 2062//2064 2065//2067
f 2055//2057 2066//2068 2065//2067
f 2057//2059 2066//2068 2055//2057
f 2066//2068 2067//2069 2065//2067
f 2068//2070 2064//2066 2065//2067
f 1935//1938 1936//1939 2059//2061
f 2064//2066 2068//2070 2061//2063
f 1933//1936 2061//2063 2068//2070
f 2059//2061 2069//2071 2054//2056
f 2069//2071 2059//2061 2070//2072
f 1928//1931 1932//1935 1937//1940
f 1931//1934 2071//2073 1932//1935
f 1931//1934 1933//1936 2072//2074
f 2071//2073 1931//1934 2072//2074
f 2071//2073 2072//2074 2073//2075
f 2072//2074 1933//1936 2073//2075
f 1938//1941 2059//2061 1936//1939
f 2074//2076 2070//2072 1938//1941
f 2070//2072 2059//2061 1938//1941
f 1944//1947 1945//1948 2075//2077
f 1945//1948 2076//2078 2075//2077
f 1944//1947 1943//1946 1945//1948
f 1945//1948 1950//1952 2077//2079
f 2078//2080 1951//1953 1937//1940
f 1952//1954 1951//1953 2078//2080
f 2077//2079 1950//1952 1952//1954
f 1937//1940 1932//1935 2078//2080
f 2076//2078 1945//1948 2077//2079
f 1932//1935 2079//2081 2078//2080
f 2079//2081 1952//1954 2078//2080
f 1952//1954 2079//2081 2077//2079
f 2071//2073 2242//2082 1932//1935
f 2242//2082 2079//2081 1932//1935
f 2077//2079 2079//2081 2242//2082
f 2242//2082 2076//2078 2077//2079
f 1939//1942 1937//1940 1951//1953
f 2080//2083 2082//2084 2081//2085
f 2080//2083 2084//2086 2083//2087
f 2250//2088 2080//2083 2083//2087
f 1964//1966 2085//2089 2087//2090
f 2086//2091 2088//2092 2087//2090
f 2085//2089 2086//2091 2087//2090
f 2084//2086 2088//2092 2086//2091
f 2083//2087 2090//2093 2089//2094
f 2090//2093 2083//2087 2084//2086
f 2086//2091 2090//2093 2084//2086
f 2083//2087 2089//2094 2250//2088
f 2085//2089 1963//1965 2086//2091
f 1964//1966 1963//1965 2085//2089
f 2086//2091 1963//1965 1967//1969
f 2090//2093 2086//2091 2091//2095
f 2090//2093 2091//2095 2089//2094
f 2091//2095 2092//2096 2089//2094
f 2089//2094 2092//2096 2250//2088
f 2250//2088 2092//2096 2093//2097
f 2091//2095 2095//2098 2094//2099
f 2086//2091 2095//2098 2091//2095
f 2095//2098 2096//2100 2094//2099
f 2086//2091 1967//1969 2095//2098
f 2095//2098 1967//1969 2096//2100
f 2091//2095 2094//2099 2092//2096
f 2092//2096 2094//2099 2097//2101
f 2098//2102 2097//2101 2094//2099
f 2096//2100 2098//2102 2094//2099
f 2092//2096 2097//2101 2093//2097
f 2093//2097 2097//2101 2099//2103
f 2097//2101 2098//2102 2099//2103
f 1967//1969 1968//1970 2096//2100
f 2096//2100 1968//1970 2100//2104
f 2098//2102 2096//2100 2099//2103
f 2096//2100 2100//2104 2099//2103
f 2099//2103 2100//2104 1970//1972
f 1968//1970 1970//1972 2100//2104
f 1970//1972 2102//2105 2101//2106
f 2103//2107 2101//2106 2102//2105
f 2103//2107 2105//2108 2104//2109
f 2104//2109 2101//2106 2103//2107
f 2106//2110 2087//2090 2107//2111
f 2106//2110 2107//2111 2108//2112
f 2108//2112 2109//2113 2106//2110
f 2087//2090 2106//2110 1957//1958
f 2087//2090 1957//1958 1959//1961
f 2107//2111 2084//2086 2081//2085
f 2107//2111 2087//2090 2084//2086
f 2084//2086 2080//2083 2081//2085
f 2107//2111 2081//2085 2108//2112
f 2087//2090 2088//2092 2084//2086
f 1959//1961 1960//1962 1964//1966
f 1959//1961 1964//1966 2087//2090
f 2110//2114 2111//2115 2142//2116
f 2142//2116 2113//2117 2112//2118
f 2142//2116 2112//2118 2110//2114
f 1966//1968 1968//1970 1967//1969
f 1970//1972 1971//1973 1972//1974
f 1972//1974 2102//2105 1970//1972
f 1972//1974 2114//2119 2102//2105
f 2114//2119 2103//2107 2102//2105
f 1972//1974 1973//1975 2114//2119
f 2103//2107 2114//2119 2105//2108
f 2114//2119 1973//1975 2105//2108
f 2105//2108 1973//1975 2104//2109
f 2104//2109 1973//1975 1974//1976
f 2115//2120 2104//2109 1974//1976
f 2115//2120 2116//2121 2104//2109
f 2104//2109 2116//2121 2117//2122
f 1975//1977 2115//2120 1974//1976
f 2115//2120 2118//2123 2116//2121
f 2118//2123 2115//2120 1975//1977
f 2117//2122 2116//2121 2119//2124
f 2117//2122 2119//2124 2120//2125
f 2120//2125 2119//2124 2121//2126
f 2118//2123 1975//1977 2122//2127
f 2118//2123 2122//2127 2116//2121
f 2123//2128 2124//2129 2121//2126
f 2125//2130 2119//2124 2116//2121
f 2119//2124 2123//2128 2121//2126
f 2123//2128 2119//2124 2126//2131
f 2126//2131 2119//2124 2125//2130
f 2126//2131 2125//2130 2123//2128
f 2123//2128 2125//2130 2127//2132
f 2123//2128 2127//2132 2128//2133
f 2128//2133 2124//2129 2123//2128
f 2129//2134 2128//2133 2127//2132
f 2130//2135 2132//2136 2131//2137
f 2133//2138 2132//2136 2130//2135
f 2134//2139 2132//2136 2133//2138
f 2106//2110 2135//2140 2133//2138
f 2133//2138 2135//2140 2134//2139
f 1953//1955 1956//1959 2106//2110
f 1956//1959 1953//1955 1955//1957
f 2106//2110 1982//1984 1953//1955
f 2106//2110 2130//2135 1982//1984
f 2130//2135 2131//2137 1982//1984
f 2131//2137 1980//1982 1982//1984
f 2133//2138 2130//2135 2106//2110
f 2136//2141 2135//2140 2106//2110
f 2109//2113 2136//2141 2106//2110
f 1957//1958 2106//2110 1956//1959
f 2012//2014 2137//2142 1827//1830
f 1828//1831 1827//1830 2137//2142
f 1829//1832 2110//2114 2112//2118
f 1828//1831 2110//2114 1829//1832
f 1997//1999 1829//1832 2112//2118
f 2112//2118 2138//2143 1997//1999
f 2112//2118 2113//2117 2138//2143
f 2139//2144 1999//2001 1997//1999
f 2139//2144 1997//1999 2138//2143
f 2113//2117 2139//2144 2138//2143
f 2113//2117 2143//2145 2139//2144
f 2113//2117 2142//2116 2143//2145
f 2143//2145 2140//2146 2139//2144
f 1999//2001 2139//2144 2140//2146
f 2141//2147 1999//2001 2140//2146
f 2142//2116 2144//2148 2143//2145
f 2144//2148 2140//2146 2143//2145
f 2144//2148 2141//2147 2140//2146
f 2122//2127 2145//2149 2116//2121
f 2145//2149 2125//2130 2116//2121
f 1975//1977 1988//1990 2122//2127
f 2146//2150 2122//2127 1988//1990
f 2145//2149 2122//2127 2146//2150
f 2145//2149 2146//2150 2125//2130
f 2129//2134 2127//2132 2125//2130
f 2146//2150 1988//1990 2147//2151
f 2125//2130 2148//2152 2129//2134
f 2148//2152 2149//2153 2129//2134
f 2148//2152 2125//2130 2150//2154
f 2151//2155 2149//2153 2148//2152
f 2131//2137 1993//1995 1980//1982
f 1994//1996 1981//1983 1993//1995
f 2131//2137 2132//2136 1993//1995
f 1993//1995 2132//2136 2152//2156
f 2153//2157 1994//1996 1993//1995
f 2153//2157 1991//1993 1994//1996
f 2132//2136 2134//2139 2152//2156
f 2135//2140 2152//2156 2134//2139
f 2154//2158 1993//1995 2152//2156
f 2154//2158 2153//2157 1993//1995
f 2135//2140 2154//2158 2152//2156
f 2144//2148 2155//2159 2141//2147
f 2014//2016 1999//2001 2141//2147
f 2141//2147 2156//2160 2014//2016
f 2141//2147 2155//2159 2156//2160
f 2156//2160 2155//2159 2157//2161
f 1868//1871 2014//2016 2000//2002
f 2156//2160 2000//2002 2014//2016
f 2158//2162 2000//2002 2156//2160
f 2158//2162 2310//2163 2159//2164
f 2000//2002 2160//2165 2016//2018
f 2000//2002 2158//2162 2160//2165
f 2158//2162 2161//2166 2160//2165
f 2160//2165 2017//2019 2016//2018
f 2161//2166 2017//2019 2160//2165
f 2158//2162 2023//2025 2161//2166
f 2161//2166 2023//2025 2017//2019
f 2158//2162 2159//2164 2023//2025
f 2159//2164 2162//2167 2023//2025
f 2162//2167 2159//2164 2163//2168
f 2164//2169 2023//2025 2162//2167
f 2147//2151 1988//1990 2004//2006
f 2150//2154 2125//2130 2146//2150
f 2020//2022 2147//2151 2004//2006
f 2020//2022 2146//2150 2147//2151
f 2020//2022 2150//2154 2146//2150
f 2150//2154 2028//2030 2148//2152
f 2165//2170 2148//2152 2028//2030
f 2151//2155 2148//2152 2165//2170
f 2150//2154 2020//2022 2028//2030
f 2007//2009 2166//2171 2006//2008
f 2166//2171 2022//2023 2006//2008
f 2166//2171 1882//1885 2022//2023
f 2168//2172 1882//1885 2166//2171
f 2167//2173 2166//2171 2007//2009
f 2167//2173 2168//2172 2166//2171
f 2153//2157 2007//2009 1991//1993
f 1882//1885 2169//2174 2008//2010
f 1882//1885 2170//2175 2169//2174
f 2012//2014 2169//2174 2170//2175
f 2170//2175 1882//1885 2168//2172
f 2008//2010 2169//2174 2012//2014
f 2012//2014 1827//1830 2011//2013
f 1894//1897 2023//2025 2164//2169
f 2165//2170 2028//2030 2171//2176
f 2165//2170 2171//2176 2172//2177
f 2173//2178 2172//2177 2171//2176
f 2173//2178 2171//2176 2027//2029
f 2027//2029 2171//2176 2028//2030
f 2173//2178 2027//2029 2034//2036
f 2034//2036 2033//2035 2173//2178
f 2173//2178 2033//2035 2174//2179
f 2029//2031 2175//2180 2036//2037
f 2029//2031 2176//2181 2175//2180
f 2174//2179 2033//2035 2041//2043
f 2041//2043 2177//2182 2174//2179
f 2174//2179 2177//2182 2178//2183
f 2178//2183 2179//2184 2174//2179
f 2180//2185 2174//2179 2179//2184
f 2180//2185 2179//2184 2181//2186
f 2182//2187 2035//2038 2036//2037
f 2036//2037 2175//2180 2182//2187
f 2182//2187 2175//2180 2176//2181
f 2183//2188 2182//2187 2176//2181
f 2184//2189 2182//2187 2183//2188
f 2185//2190 2183//2188 2176//2181
f 2184//2189 2183//2188 2185//2190
f 2046//2048 2177//2182 2041//2043
f 2178//2183 2177//2182 2046//2048
f 2035//2038 2186//2191 2044//2045
f 2035//2038 2182//2187 2186//2191
f 2187//2192 2044//2045 2186//2191
f 2184//2189 2186//2191 2182//2187
f 2185//2190 2186//2191 2184//2189
f 2185//2190 2187//2192 2186//2191
f 2178//2183 2046//2048 2053//2049
f 2188//2193 2179//2184 2178//2183
f 2188//2193 2178//2183 2189//2194
f 2190//2195 2188//2193 2191//2196
f 2187//2192 2192//2197 2044//2045
f 2193//2198 2044//2045 2192//2197
f 2194//2199 2192//2197 2187//2192
f 2053//2049 2189//2194 2178//2183
f 2188//2193 2189//2194 2191//2196
f 2189//2194 2053//2049 2191//2196
f 2043//2046 2044//2045 2193//2198
f 2193//2198 2192//2197 2195//2200
f 2192//2197 2194//2199 2195//2200
f 2191//2196 2053//2049 2052//2055
f 2193//2198 2050//2053 2043//2046
f 2193//2198 2197//2201 2196//2202
f 2198//2203 2193//2198 2195//2200
f 2058//2060 2050//2053 2193//2198
f 2058//2060 2051//2054 2050//2053
f 2196//2202 2058//2060 2193//2198
f 2197//2201 2193//2198 2198//2203
f 2054//2056 2199//2204 2052//2055
f 2200//2205 2191//2196 2052//2055
f 2052//2055 2201//2206 2200//2205
f 2199//2204 2054//2056 2069//2071
f 2199//2204 2201//2206 2052//2055
f 2202//2207 2057//2059 2058//2060
f 2057//2059 2202//2207 2203//2208
f 2204//2209 2199//2204 2069//2071
f 2201//2206 2205//2210 2200//2205
f 2200//2205 2205//2210 2206//2211
f 2203//2208 2066//2068 2057//2059
f 2058//2060 2207//2212 2202//2207
f 2204//2209 2208//2213 2199//2204
f 2199//2204 2208//2213 2201//2206
f 2201//2206 2208//2213 2209//2214
f 2208//2213 2210//2215 2209//2214
f 2205//2210 2201//2206 2209//2214
f 2205//2210 2209//2214 2210//2215
f 2206//2211 2205//2210 2218//2216
f 2211//2217 2200//2205 2206//2211
f 2065//2067 2067//2069 2068//2070
f 2203//2208 2202//2207 2212//2218
f 2207//2212 2212//2218 2202//2207
f 2066//2068 2203//2208 2213//2219
f 2212//2218 2213//2219 2203//2208
f 2214//2220 2204//2209 2069//2071
f 2214//2220 2069//2071 2070//2072
f 2215//2221 2214//2220 2070//2072
f 2216//2222 2204//2209 2214//2220
f 2215//2221 2216//2222 2214//2220
f 2208//2213 2204//2209 2216//2222
f 2216//2222 2217//2223 2208//2213
f 2216//2222 2215//2221 2217//2223
f 2217//2223 2210//2215 2208//2213
f 2205//2210 2210//2215 2218//2216
f 2074//2076 2215//2221 2070//2072
f 2210//2215 2217//2223 2219//2224
f 2219//2224 2217//2223 2220//2225
f 2219//2224 2220//2225 2224//2226
f 2215//2221 2221//2227 2217//2223
f 2217//2223 2221//2227 2220//2225
f 2220//2225 2221//2227 2224//2226
f 2215//2221 2222//2228 2221//2227
f 2221//2227 2222//2228 2224//2226
f 2218//2216 2210//2215 2219//2224
f 2218//2216 2219//2224 2223//2229
f 2223//2229 2219//2224 2224//2226
f 2224//2226 2222//2228 2223//2229
f 2218//2216 2223//2229 2206//2211
f 2066//2068 2213//2219 2067//2069
f 2067//2069 2213//2219 2225//2230
f 2225//2230 2226//2231 2067//2069
f 2213//2219 2212//2218 2225//2230
f 2227//2232 2226//2231 2225//2230
f 2228//2233 2212//2218 2207//2212
f 2225//2230 2212//2218 2228//2233
f 2227//2232 2225//2230 2228//2233
f 2229//2234 2228//2233 2207//2212
f 2074//2076 2230//2235 2215//2221
f 2230//2235 2074//2076 1938//1941
f 2230//2235 1938//1941 1944//1947
f 2222//2228 2215//2221 2230//2235
f 2223//2229 2222//2228 2230//2235
f 2231//2236 2230//2235 1944//1947
f 2231//2236 2223//2229 2230//2235
f 2232//2237 1944//1947 2075//2077
f 2068//2070 2073//2075 1933//1936
f 2076//2078 2233//2238 2075//2077
f 2234//2239 2235//2240 2242//2082
f 2068//2070 2067//2069 2237//2241
f 2226//2231 2237//2241 2067//2069
f 2075//2077 2233//2238 2232//2237
f 2226//2231 2236//2242 2237//2241
f 2236//2242 2234//2239 2237//2241
f 2238//2243 2232//2237 2233//2238
f 2237//2241 2234//2239 2068//2070
f 2233//2238 2234//2239 2238//2243
f 2233//2238 2235//2240 2234//2239
f 2227//2232 2239//2244 2226//2231
f 2239//2244 2236//2242 2226//2231
f 2240//2245 2239//2244 2241//2246
f 2240//2245 2236//2242 2239//2244
f 2234//2239 2236//2242 2240//2245
f 2240//2245 2238//2243 2234//2239
f 2242//2082 2071//2073 2073//2075
f 2242//2082 2073//2075 2243//2247
f 2235//2240 2233//2238 2076//2078
f 2076//2078 2242//2082 2235//2240
f 2243//2247 2073//2075 2068//2070
f 2068//2070 2234//2239 2243//2247
f 2242//2082 2243//2247 2234//2239
f 2244//2248 2246//2249 2245//2250
f 2247//2251 2246//2249 2244//2248
f 2248//2252 2250//2088 2249//2253
f 2250//2088 2248//2252 2245//2250
f 2245//2250 2248//2252 2251//2254
f 2252//2255 2251//2254 2248//2252
f 2244//2248 2245//2250 2251//2254
f 2251//2254 2252//2255 2244//2248
f 2244//2248 2252//2255 2253//2256
f 2093//2097 2099//2103 2250//2088
f 2250//2088 2099//2103 2249//2253
f 2249//2253 2254//2257 2248//2252
f 2249//2253 2099//2103 1970//1972
f 2249//2253 1970//1972 2254//2257
f 2248//2252 2254//2257 2255//2258
f 2248//2252 2255//2258 2252//2255
f 2252//2255 2255//2258 2256//2259
f 2252//2255 2256//2259 2253//2256
f 2253//2256 2256//2259 2257//2260
f 2255//2258 2254//2257 2258//2261
f 2255//2258 2258//2261 2256//2259
f 2259//2262 2256//2259 2258//2261
f 2257//2260 2256//2259 2259//2262
f 2260//2263 2262//2264 2261//2265
f 2082//2084 2080//2083 2250//2088
f 2250//2088 2245//2250 2263//2266
f 2263//2266 2082//2084 2250//2088
f 2263//2266 2245//2250 2246//2249
f 2254//2257 1970//1972 2258//2261
f 2258//2261 1970//1972 2101//2106
f 2258//2261 2101//2106 2259//2262
f 2262//2264 2257//2260 2259//2262
f 2262//2264 2259//2262 2261//2265
f 2101//2106 2104//2109 2259//2262
f 2259//2262 2104//2109 2117//2122
f 2261//2265 2259//2262 2117//2122
f 2120//2125 2261//2265 2117//2122
f 2261//2265 2120//2125 2264//2267
f 2265//2268 2264//2267 2266//2269
f 2267//2270 2265//2268 2266//2269
f 2266//2269 2264//2267 2124//2129
f 2264//2267 2120//2125 2121//2126
f 2121//2126 2124//2129 2264//2267
f 2268//2271 2266//2269 2124//2129
f 2268//2271 2129//2134 2149//2153
f 2109//2113 2108//2112 2269//2272
f 2108//2112 2270//2273 2269//2272
f 2270//2273 2108//2112 2081//2085
f 2082//2084 2263//2266 2081//2085
f 2137//2142 2272//2274 2271//2275
f 2272//2274 2274//2276 2273//2277
f 2275//2278 2274//2276 2272//2274
f 2271//2275 2111//2115 2110//2114
f 2271//2275 2110//2114 1828//1831
f 2271//2275 2272//2274 2276//2279
f 2271//2275 2276//2279 2111//2115
f 2273//2277 2277//2280 2276//2279
f 2276//2279 2277//2280 2111//2115
f 2273//2277 2278//2281 2277//2280
f 2272//2274 2273//2277 2276//2279
f 2278//2281 2273//2277 2279//2282
f 2111//2115 2277//2280 2142//2116
f 2277//2280 2281//2283 2280//2284
f 2142//2116 2277//2280 2280//2284
f 2282//2285 2280//2284 2281//2283
f 2129//2134 2124//2129 2128//2133
f 2124//2129 2129//2134 2268//2271
f 2165//2170 2149//2153 2151//2155
f 2109//2113 2283//2286 2136//2141
f 2283//2286 2135//2140 2136//2141
f 2269//2272 2283//2286 2109//2113
f 2269//2272 2284//2287 2283//2286
f 2284//2287 2285//2288 2283//2286
f 2285//2288 2135//2140 2283//2286
f 2285//2288 2286//2289 2135//2140
f 2284//2287 2287//2290 2285//2288
f 2287//2290 2286//2289 2285//2288
f 2269//2272 2270//2273 2284//2287
f 2288//2291 2284//2287 2270//2273
f 2288//2291 2287//2290 2284//2287
f 2289//2292 2287//2290 2288//2291
f 2137//2142 2170//2175 2275//2278
f 2272//2274 2137//2142 2275//2278
f 2274//2276 2275//2278 2290//2293
f 1828//1831 2137//2142 2271//2275
f 2280//2284 2291//2294 2142//2116
f 2291//2294 2144//2148 2142//2116
f 2155//2159 2144//2148 2291//2294
f 2292//2295 2291//2294 2280//2284
f 2293//2296 2155//2159 2291//2294
f 2292//2295 2294//2297 2291//2294
f 2293//2296 2291//2294 2294//2297
f 2292//2295 2295//2298 2294//2297
f 2280//2284 2295//2298 2292//2295
f 2280//2284 2282//2285 2295//2298
f 2282//2285 2296//2299 2295//2298
f 2297//2300 2157//2161 2293//2296
f 2297//2300 2293//2296 2294//2297
f 2295//2298 2298//2301 2294//2297
f 2296//2299 2298//2301 2295//2298
f 2157//2161 2299//2302 2156//2160
f 2297//2300 2299//2302 2157//2161
f 2297//2300 2300//2303 2299//2302
f 2156//2160 2299//2302 2300//2303
f 2298//2301 2297//2300 2294//2297
f 2300//2303 2297//2300 2298//2301
f 2300//2303 2296//2299 2301//2304
f 2296//2299 2300//2303 2298//2301
f 2302//2305 2296//2299 2303//2306
f 2300//2303 2304//2307 2156//2160
f 2304//2307 2300//2303 2301//2304
f 2296//2299 2302//2305 2301//2304
f 2304//2307 2305//2308 2156//2160
f 2306//2309 2307//2310 2305//2308
f 2306//2309 2304//2307 2308//2311
f 2304//2307 2306//2309 2305//2308
f 2304//2307 2301//2304 2308//2311
f 2301//2304 2302//2305 2308//2311
f 2308//2311 2302//2305 2309//2312
f 2308//2311 2310//2163 2306//2309
f 2306//2309 2310//2163 2307//2310
f 2308//2311 2309//2312 2310//2163
f 2309//2312 2302//2305 2163//2168
f 2311//2313 2312//2314 2163//2168
f 2163//2168 2302//2305 2311//2313
f 2312//2314 2313//2315 2164//2169
f 2314//2316 2165//2170 2315//2317
f 2135//2140 2286//2289 2154//2158
f 2154//2158 2286//2289 2289//2292
f 2289//2292 2153//2157 2154//2158
f 2153//2157 2316//2318 2007//2009
f 2289//2292 2286//2289 2287//2290
f 2316//2318 2153//2157 2289//2292
f 2317//2319 2170//2175 2168//2172
f 2137//2142 2012//2014 2170//2175
f 2157//2161 2155//2159 2293//2296
f 2305//2308 2158//2162 2156//2160
f 2305//2308 2307//2310 2158//2162
f 2307//2310 2310//2163 2158//2162
f 2309//2312 2159//2164 2310//2163
f 2309//2312 2163//2168 2159//2164
f 2162//2167 2163//2168 2312//2314
f 2162//2167 2312//2314 2164//2169
f 2318//2320 2319//2321 2164//2169
f 2320//2322 2314//2316 2315//2317
f 2315//2317 2321//2323 2320//2322
f 2167//2173 2007//2009 2316//2318
f 2317//2319 2167//2173 2316//2318
f 2317//2319 2168//2172 2167//2173
f 2164//2169 2319//2321 2322//2324
f 2165//2170 2172//2177 2323//2325
f 2323//2325 2315//2317 2165//2170
f 2323//2325 2321//2323 2315//2317
f 2323//2325 2172//2177 2173//2178
f 2164//2169 2322//2324 1894//1897
f 2322//2324 2030//2032 1894//1897
f 2319//2321 2324//2326 2322//2324
f 2322//2324 2324//2326 2030//2032
f 2323//2325 2173//2178 2180//2185
f 2180//2185 2321//2323 2323//2325
f 2330//2327 2321//2323 2180//2185
f 2325//2328 2321//2323 2330//2327
f 2326//2329 2030//2032 2324//2326
f 2030//2032 2326//2329 2327//2330
f 2324//2326 2328//2331 2326//2329
f 2327//2330 2326//2329 2328//2331
f 2329//2332 2325//2328 2330//2327
f 2180//2185 2329//2332 2330//2327
f 2030//2032 2327//2330 2029//2031
f 2327//2330 2185//2190 2029//2031
f 2173//2178 2174//2179 2180//2185
f 2185//2190 2327//2330 2331//2333
f 2331//2333 2327//2330 2332//2334
f 2332//2334 2327//2330 2328//2331
f 2181//2186 2179//2184 2333//2335
f 2333//2335 2334//2336 2181//2186
f 2029//2031 2185//2190 2176//2181
f 2333//2335 2188//2193 2190//2195
f 2333//2335 2179//2184 2188//2193
f 2334//2336 2333//2335 2191//2196
f 2190//2195 2191//2196 2333//2335
f 2187//2192 2185//2190 2194//2199
f 2331//2333 2194//2199 2185//2190
f 2331//2333 2198//2203 2194//2199
f 2335//2337 2191//2196 2336//2338
f 2191//2196 2337//2339 2336//2338
f 2195//2200 2194//2199 2198//2203
f 2337//2339 2191//2196 2338//2340
f 2198//2203 2339//2341 2197//2201
f 2191//2196 2200//2205 2338//2340
f 2337//2339 2338//2340 2340//2342
f 2337//2339 2340//2342 2341//2343
f 2341//2343 2340//2342 2342//2344
f 2339//2341 2343//2345 2197//2201
f 2200//2205 2349//2346 2338//2340
f 2338//2340 2349//2346 2352//2347
f 2338//2340 2352//2347 2340//2342
f 2344//2348 2342//2344 2340//2342
f 2339//2341 2345//2349 2343//2345
f 2346//2350 2197//2201 2343//2345
f 2346//2350 2343//2345 2345//2349
f 2340//2342 2352//2347 2344//2348
f 2347//2351 2344//2348 2352//2347
f 2196//2202 2197//2201 2348//2352
f 2349//2346 2200//2205 2211//2217
f 2352//2347 2349//2346 2350//2353
f 2347//2351 2352//2347 2351//2354
f 2352//2347 2350//2353 2351//2354
f 2353//2355 2347//2351 2351//2354
f 2344//2348 2347//2351 2354//2356
f 2353//2355 2354//2356 2347//2351
f 2354//2356 2353//2355 2355//2357
f 2354//2356 2356//2358 2344//2348
f 2356//2358 2354//2356 2357//2359
f 2357//2359 2354//2356 2355//2357
f 2196//2202 2358//2360 2058//2060
f 2196//2202 2348//2352 2358//2360
f 2058//2060 2358//2360 2359//2361
f 2197//2201 2360//2362 2348//2352
f 2358//2360 2348//2352 2359//2361
f 2206//2211 2223//2229 2211//2217
f 2349//2346 2211//2217 2361//2363
f 2361//2363 2362//2364 2349//2346
f 2351//2354 2350//2353 2363//2365
f 2351//2354 2363//2365 2353//2355
f 2350//2353 2349//2346 2363//2365
f 2362//2364 2363//2365 2349//2346
f 2353//2355 2363//2365 2364//2366
f 2362//2364 2364//2366 2363//2365
f 2362//2364 2365//2367 2364//2366
f 2355//2357 2353//2355 2366//2368
f 2364//2366 2366//2368 2353//2355
f 2367//2369 2364//2366 2365//2367
f 2357//2359 2355//2357 2366//2368
f 2368//2370 2357//2359 2366//2368
f 2366//2368 2364//2366 2368//2370
f 2368//2370 2364//2366 2367//2369
f 2207//2212 2058//2060 2229//2234
f 2058//2060 2359//2361 2229//2234
f 2228//2233 2229//2234 2241//2246
f 2227//2232 2228//2233 2241//2246
f 2241//2246 2229//2234 2359//2361
f 2240//2245 2359//2361 2238//2243
f 2359//2361 2369//2371 2238//2243
f 2359//2361 2348//2352 2369//2371
f 2211//2217 2223//2229 2361//2363
f 2223//2229 2231//2236 2361//2363
f 2361//2363 2231//2236 2370//2372
f 1944//1947 2232//2237 2370//2372
f 2231//2236 1944//1947 2370//2372
f 2361//2363 2365//2367 2362//2364
f 2365//2367 2361//2363 2370//2372
f 2370//2372 2232//2237 2365//2367
f 2232//2237 2238//2243 2371//2373
f 2367//2369 2365//2367 2232//2237
f 2369//2371 2371//2373 2238//2243
f 2371//2373 2367//2369 2232//2237
f 2369//2371 2372//2374 2371//2373
f 2239//2244 2227//2232 2241//2246
f 2240//2245 2241//2246 2359//2361
f 2373//2375 2375//2376 2374//2377
f 2376//2378 2374//2377 2375//2376
f 2376//2378 2378//2379 2377//2380
f 2374//2377 2376//2378 2377//2380
f 2377//2380 2378//2379 2260//2263
f 2374//2377 2377//2380 2379//2381
f 2377//2380 2260//2263 2379//2381
f 2380//2382 2381//2383 2375//2376
f 2382//2384 2380//2382 2383//2385
f 2382//2384 2381//2383 2380//2382
f 2383//2385 2380//2382 2384//2386
f 2375//2376 2384//2386 2380//2382
f 2384//2386 2385//2387 2383//2385
f 2385//2387 2384//2386 2375//2376
f 2386//2388 2246//2249 2247//2251
f 2386//2388 2247//2251 2381//2383
f 2401//2389 2386//2388 2381//2383
f 2375//2376 2373//2375 2385//2387
f 2387//2390 2381//2383 2388//2391
f 2387//2390 2375//2376 2381//2383
f 2388//2391 2381//2383 2244//2248
f 2247//2251 2244//2248 2381//2383
f 2388//2391 2375//2376 2387//2390
f 2376//2378 2375//2376 2388//2391
f 2244//2248 2253//2256 2389//2392
f 2388//2391 2389//2392 2376//2378
f 2389//2392 2388//2391 2244//2248
f 2378//2379 2376//2378 2389//2392
f 2257//2260 2389//2392 2253//2256
f 2257//2260 2378//2379 2389//2392
f 2378//2379 2257//2260 2262//2264
f 2262//2264 2260//2263 2378//2379
f 2390//2393 2260//2263 2265//2268
f 2391//2394 2390//2393 2265//2268
f 2265//2268 2260//2263 2261//2265
f 2392//2395 2265//2268 2393//2396
f 2393//2396 2394//2397 2392//2395
f 2392//2395 2396//2398 2395//2399
f 2396//2398 2392//2395 2394//2397
f 2396//2398 2394//2397 2395//2399
f 2397//2400 2268//2271 2398//2401
f 2399//2402 2081//2085 2263//2266
f 2399//2402 2263//2266 2400//2403
f 2400//2403 2401//2389 2399//2402
f 2402//2404 2401//2389 2382//2384
f 2401//2389 2402//2404 2399//2402
f 2402//2404 2403//2405 2399//2402
f 2383//2385 2404//2406 2382//2384
f 2382//2384 2404//2406 2402//2404
f 2263//2266 2405//2407 2400//2403
f 2382//2384 2401//2389 2381//2383
f 2263//2266 2246//2249 2405//2407
f 2405//2407 2246//2249 2400//2403
f 2386//2388 2400//2403 2246//2249
f 2401//2389 2400//2403 2386//2388
f 2406//2408 2407//2409 2279//2282
f 2279//2282 2408//2410 2278//2281
f 2407//2409 2408//2410 2279//2282
f 2261//2265 2264//2267 2265//2268
f 2393//2396 2267//2270 2394//2397
f 2393//2396 2265//2268 2267//2270
f 2266//2269 2394//2397 2267//2270
f 2268//2271 2394//2397 2266//2269
f 2395//2399 2394//2397 2268//2271
f 2268//2271 2397//2400 2395//2399
f 2268//2271 2409//2411 2398//2401
f 2410//2412 2409//2411 2268//2271
f 2149//2153 2410//2412 2268//2271
f 2411//2413 2410//2412 2149//2153
f 2412//2414 2270//2273 2081//2085
f 2412//2414 2288//2291 2270//2273
f 2288//2291 2412//2414 2413//2415
f 2414//2416 2413//2415 2412//2414
f 2414//2416 2415//2417 2413//2415
f 2403//2405 2414//2416 2412//2414
f 2412//2414 2081//2085 2399//2402
f 2399//2402 2403//2405 2412//2414
f 2416//2418 2418//2419 2417//2420
f 2419//2421 2418//2419 2290//2293
f 2420//2422 2419//2421 2290//2293
f 2420//2422 2417//2420 2419//2421
f 2417//2420 2418//2419 2419//2421
f 2418//2419 2416//2418 2421//2423
f 2406//2408 2418//2419 2421//2423
f 2279//2282 2274//2276 2290//2293
f 2273//2277 2274//2276 2279//2282
f 2290//2293 2418//2419 2279//2282
f 2279//2282 2418//2419 2406//2408
f 2278//2281 2281//2283 2277//2280
f 2281//2283 2278//2281 2408//2410
f 2281//2283 2422//2424 2282//2285
f 2422//2424 2423//2425 2303//2306
f 2422//2424 2424//2426 2423//2425
f 2425//2427 2303//2306 2423//2425
f 2424//2426 2425//2427 2423//2425
f 2426//2428 2427//2429 2302//2305
f 2427//2429 2428//2430 2313//2315
f 2429//2431 2428//2430 2427//2429
f 2428//2430 2431//2432 2430//2433
f 2428//2430 2430//2433 2313//2315
f 2428//2430 2432//2434 2431//2432
f 2428//2430 2429//2431 2432//2434
f 2432//2434 2433//2435 2431//2432
f 2434//2436 2411//2413 2320//2322
f 2411//2413 2149//2153 2165//2170
f 2320//2322 2411//2413 2314//2316
f 2411//2413 2165//2170 2314//2316
f 2320//2322 2435//2437 2434//2436
f 2434//2436 2435//2437 2436//2438
f 2434//2436 2436//2438 2437//2439
f 2438//2440 2437//2439 2436//2438
f 2413//2415 2289//2292 2288//2291
f 2439//2441 2316//2318 2289//2292
f 2316//2318 2439//2441 2440//2442
f 2289//2292 2413//2415 2415//2417
f 2441//2443 2442//2444 2170//2175
f 2441//2443 2420//2422 2442//2444
f 2443//2445 2420//2422 2441//2443
f 2443//2445 2441//2443 2444//2446
f 2445//2447 2443//2445 2444//2446
f 2444//2446 2441//2443 2446//2448
f 2275//2278 2170//2175 2290//2293
f 2442//2444 2290//2293 2170//2175
f 2442//2444 2420//2422 2290//2293
f 2420//2422 2443//2445 2445//2447
f 2445//2447 2417//2420 2420//2422
f 2445//2447 2416//2418 2417//2420
f 2303//2306 2296//2299 2282//2285
f 2422//2424 2303//2306 2282//2285
f 2425//2427 2302//2305 2303//2306
f 2447//2449 2302//2305 2427//2429
f 2311//2313 2302//2305 2447//2449
f 2312//2314 2311//2313 2447//2449
f 2313//2315 2312//2314 2447//2449
f 2313//2315 2447//2449 2427//2429
f 2430//2433 2448//2450 2313//2315
f 2448//2450 2430//2433 2431//2432
f 2448//2450 2164//2169 2313//2315
f 2431//2432 2433//2435 2448//2450
f 2449//2451 2433//2435 2450//2452
f 2433//2435 2449//2451 2448//2450
f 2318//2320 2448//2450 2449//2451
f 2451//2453 2438//2440 2452//2454
f 2440//2442 2317//2319 2316//2318
f 2441//2443 2170//2175 2446//2448
f 2317//2319 2453//2455 2170//2175
f 2453//2455 2317//2319 2440//2442
f 2170//2175 2453//2455 2446//2448
f 2318//2320 2164//2169 2448//2450
f 2321//2323 2435//2437 2320//2322
f 2435//2437 2321//2323 2325//2328
f 2438//2440 2436//2438 2325//2328
f 2436//2438 2435//2437 2325//2328
f 2452//2454 2438//2440 2325//2328
f 2454//2456 2319//2321 2318//2320
f 2454//2456 2455//2457 2319//2321
f 2319//2321 2455//2457 2324//2326
f 2452//2454 2325//2328 2329//2332
f 2456//2458 2452//2454 2329//2332
f 2454//2456 2457//2459 2455//2457
f 2455//2457 2457//2459 2458//2460
f 2181//2186 2329//2332 2180//2185
f 2456//2458 2329//2332 2459//2461
f 2460//2462 2456//2458 2459//2461
f 2461//2463 2456//2458 2460//2462
f 2460//2462 2462//2464 2461//2463
f 2455//2457 2458//2460 2463//2465
f 2455//2457 2463//2465 2324//2326
f 2459//2461 2329//2332 2181//2186
f 2459//2461 2335//2337 2460//2462
f 2463//2465 2328//2331 2324//2326
f 2463//2465 2458//2460 2464//2466
f 2465//2467 2458//2460 2457//2459
f 2465//2467 2464//2466 2458//2460
f 2457//2459 2466//2468 2465//2467
f 2460//2462 2335//2337 2467//2469
f 2462//2464 2460//2462 2467//2469
f 2467//2469 2468//2470 2462//2464
f 2469//2471 2328//2331 2463//2465
f 2464//2466 2470//2472 2463//2465
f 2463//2465 2470//2472 2469//2471
f 2465//2467 2472//2473 2464//2466
f 2471//2474 2472//2473 2465//2467
f 2464//2466 2472//2473 2470//2472
f 2469//2471 2470//2472 2472//2473
f 2459//2461 2181//2186 2335//2337
f 2181//2186 2334//2336 2335//2337
f 2469//2471 2332//2334 2328//2331
f 2469//2471 2473//2475 2332//2334
f 2472//2473 2473//2475 2469//2471
f 2334//2336 2191//2196 2335//2337
f 2468//2470 2467//2469 2475//2476
f 2332//2334 2474//2477 2331//2333
f 2335//2337 2336//2338 2467//2469
f 2475//2476 2467//2469 2336//2338
f 2468//2470 2475//2476 2476//2478
f 2475//2476 2477//2479 2476//2478
f 2336//2338 2337//2339 2341//2343
f 2341//2343 2475//2476 2336//2338
f 2341//2343 2478//2480 2475//2476
f 2477//2479 2475//2476 2478//2480
f 2479//2481 2477//2479 2480//2482
f 2341//2343 2481//2483 2478//2480
f 2477//2479 2478//2480 2480//2482
f 2342//2344 2481//2483 2341//2343
f 2478//2480 2481//2483 2482//2484
f 2480//2482 2478//2480 2482//2484
f 2342//2344 2482//2484 2481//2483
f 2342//2344 2483//2485 2482//2484
f 2331//2333 2484//2486 2198//2203
f 2344//2348 2483//2485 2342//2344
f 2482//2484 2486//2487 2485//2488
f 2482//2484 2485//2488 2487//2489
f 2488//2490 2487//2489 2485//2488
f 2344//2348 2356//2358 2483//2485
f 2356//2358 2486//2487 2483//2485
f 2486//2487 2356//2358 2489//2491
f 2356//2358 2357//2359 2489//2491
f 2486//2487 2482//2484 2483//2485
f 2486//2487 2489//2491 2490//2492
f 2485//2488 2486//2487 2490//2492
f 2485//2488 2490//2492 2491//2493
f 2489//2491 2491//2493 2490//2492
f 2491//2493 2488//2490 2485//2488
f 2491//2493 2492//2494 2488//2490
f 2492//2494 2491//2493 2493//2495
f 2498//2496 2345//2349 2339//2341
f 2339//2341 2198//2203 2484//2486
f 2357//2359 2491//2493 2489//2491
f 2491//2493 2357//2359 2368//2370
f 2493//2495 2491//2493 2368//2370
f 2493//2495 2368//2370 2367//2369
f 2197//2201 2346//2350 2360//2362
f 2484//2486 2494//2497 2339//2341
f 2498//2496 2339//2341 2494//2497
f 2484//2486 2495//2498 2494//2497
f 2494//2497 2495//2498 2498//2496
f 2495//2498 2496//2499 2498//2496
f 2495//2498 2497//2500 2496//2499
f 2345//2349 2498//2496 2496//2499
f 2499//2501 2345//2349 2496//2499
f 2499//2501 2371//2373 2372//2374
f 2500//2502 2367//2369 2371//2373
f 2500//2502 2371//2373 2499//2501
f 2484//2486 2501//2503 2495//2498
f 2497//2500 2500//2502 2496//2499
f 2496//2499 2500//2502 2499//2501
f 2346//2350 2348//2352 2360//2362
f 2369//2371 2346//2350 2345//2349
f 2369//2371 2348//2352 2346//2350
f 2369//2371 2345//2349 2372//2374
f 2345//2349 2499//2501 2372//2374
f 2502//2504 2504//2505 2503//2506
f 2505//2507 2506//2508 2373//2375
f 2507//2509 2506//2508 2505//2507
f 2505//2507 2503//2506 2507//2509
f 2508//2510 2503//2506 2505//2507
f 2507//2509 2503//2506 2504//2505
f 2373//2375 2374//2377 2505//2507
f 2509//2511 2508//2510 2505//2507
f 2505//2507 2374//2377 2379//2381
f 2505//2507 2379//2381 2510//2512
f 2509//2511 2505//2507 2511//2513
f 2505//2507 2510//2512 2511//2513
f 2509//2511 2511//2513 2512//2514
f 2512//2514 2511//2513 2513//2515
f 2260//2263 2514//2516 2379//2381
f 2514//2516 2260//2263 2390//2393
f 2510//2512 2379//2381 2514//2516
f 2511//2513 2514//2516 2513//2515
f 2514//2516 2511//2513 2510//2512
f 2513//2515 2514//2516 2390//2393
f 2513//2515 2390//2393 2515//2517
f 2515//2517 2390//2393 2516//2518
f 2383//2385 2385//2387 2517//2519
f 2518//2520 2517//2519 2519//2521
f 2385//2387 2520//2522 2517//2519
f 2520//2522 2519//2521 2517//2519
f 2520//2522 2521//2523 2519//2521
f 2677//2524 2519//2521 2522//2525
f 2519//2521 2521//2523 2522//2525
f 2523//2526 2518//2520 2519//2521
f 2519//2521 2677//2524 2523//2526
f 2520//2522 2385//2387 2506//2508
f 2521//2523 2520//2522 2522//2525
f 2524//2527 2677//2524 2522//2525
f 2385//2387 2373//2375 2506//2508
f 2507//2509 2520//2522 2506//2508
f 2522//2525 2520//2522 2507//2509
f 2522//2525 2507//2509 2504//2505
f 2504//2505 2524//2527 2522//2525
f 2516//2518 2390//2393 2391//2394
f 2392//2395 2391//2394 2265//2268
f 2525//2528 2391//2394 2392//2395
f 2392//2395 2395//2399 2525//2528
f 2526//2529 2525//2528 2527//2530
f 2395//2399 2397//2400 2525//2528
f 2525//2528 2397//2400 2527//2530
f 2526//2529 2527//2530 2528//2531
f 2528//2531 2527//2530 2529//2532
f 2529//2532 2527//2530 2397//2400
f 2397//2400 2398//2401 2529//2532
f 2529//2532 2398//2401 2530//2533
f 2531//2534 2530//2533 2398//2401
f 2530//2533 2531//2534 2532//2535
f 2410//2412 2398//2401 2409//2411
f 2398//2401 2410//2412 2531//2534
f 2533//2536 2532//2535 2531//2534
f 2531//2534 2411//2413 2434//2436
f 2531//2534 2534//2537 2533//2536
f 2533//2536 2536//2538 2535//2539
f 2531//2534 2434//2436 2534//2537
f 2536//2538 2533//2536 2534//2537
f 2537//2540 2539//2541 2538//2542
f 2539//2541 2541//2543 2540//2544
f 2518//2520 2404//2406 2383//2385
f 2404//2406 2518//2520 2542//2545
f 2542//2545 2543//2546 2404//2406
f 2518//2520 2544//2547 2542//2545
f 2542//2545 2537//2540 2543//2546
f 2537//2540 2545//2548 2543//2546
f 2523//2526 2544//2547 2518//2520
f 2539//2541 2542//2545 2544//2547
f 2523//2526 2539//2541 2544//2547
f 2539//2541 2537//2540 2542//2545
f 2383//2385 2517//2519 2518//2520
f 2407//2409 2547//2549 2546//2550
f 2548//2551 2547//2549 2549//2552
f 2548//2551 2546//2550 2547//2549
f 2548//2551 2550//2553 2546//2550
f 2406//2408 2547//2549 2407//2409
f 2406//2408 2421//2423 2547//2549
f 2551//2554 2408//2410 2552//2555
f 2408//2410 2551//2554 2553//2556
f 2552//2555 2408//2410 2407//2409
f 2553//2556 2281//2283 2408//2410
f 2552//2555 2553//2556 2551//2554
f 2554//2557 2555//2558 2553//2556
f 2553//2556 2555//2558 2556//2559
f 2557//2560 2559//2561 2558//2562
f 2531//2534 2410//2412 2411//2413
f 2560//2563 2534//2537 2437//2439
f 2534//2537 2560//2563 2536//2538
f 2561//2564 2536//2538 2560//2563
f 2536//2538 2561//2564 2562//2565
f 2437//2439 2534//2537 2434//2436
f 2562//2565 2561//2564 2563//2566
f 2564//2567 2415//2417 2414//2416
f 2545//2548 2414//2416 2403//2405
f 2538//2542 2414//2416 2545//2548
f 2538//2542 2564//2567 2414//2416
f 2540//2544 2564//2567 2538//2542
f 2540//2544 2596//2568 2564//2567
f 2540//2544 2538//2542 2539//2541
f 2545//2548 2402//2404 2404//2406
f 2402//2404 2545//2548 2403//2405
f 2543//2546 2545//2548 2404//2406
f 2537//2540 2538//2542 2545//2548
f 2566//2569 2565//2570 2549//2552
f 2421//2423 2416//2418 2444//2446
f 2566//2569 2549//2552 2421//2423
f 2444//2446 2566//2569 2421//2423
f 2421//2423 2549//2552 2547//2549
f 2556//2559 2422//2424 2281//2283
f 2556//2559 2281//2283 2553//2556
f 2422//2424 2556//2559 2567//2571
f 2424//2426 2422//2424 2567//2571
f 2425//2427 2567//2571 2556//2559
f 2567//2571 2425//2427 2424//2426
f 2556//2559 2568//2572 2425//2427
f 2426//2428 2425//2427 2569//2573
f 2570//2574 2569//2573 2425//2427
f 2425//2427 2426//2428 2302//2305
f 2569//2573 2571//2575 2426//2428
f 2569//2573 2570//2574 2571//2575
f 2571//2575 2570//2574 2572//2576
f 2573//2577 2427//2429 2571//2575
f 2571//2575 2427//2429 2426//2428
f 2572//2576 2573//2577 2571//2575
f 2572//2576 2574//2578 2573//2577
f 2574//2578 2575//2579 2573//2577
f 2572//2576 2570//2574 2574//2578
f 2574//2578 2570//2574 2575//2579
f 2573//2577 2576//2580 2429//2431
f 2429//2431 2427//2429 2573//2577
f 2576//2580 2575//2579 2429//2431
f 2576//2580 2573//2577 2575//2579
f 2577//2581 2575//2579 2570//2574
f 2570//2574 2558//2562 2577//2581
f 2432//2434 2577//2581 2433//2435
f 2577//2581 2578//2582 2433//2435
f 2429//2431 2575//2579 2432//2434
f 2575//2579 2577//2581 2432//2434
f 2579//2583 2450//2452 2578//2582
f 2558//2562 2580//2584 2578//2582
f 2581//2585 2582//2586 2580//2584
f 2580//2584 2582//2586 2583//2587
f 2578//2582 2580//2584 2579//2583
f 2580//2584 2583//2587 2579//2583
f 2578//2582 2577//2581 2558//2562
f 2580//2584 2558//2562 2581//2585
f 2581//2585 2558//2562 2559//2561
f 2585//2588 2581//2585 2559//2561
f 2581//2585 2585//2588 2582//2586
f 2584//2589 2585//2588 2559//2561
f 2578//2582 2450//2452 2433//2435
f 2582//2586 2586//2590 2583//2587
f 2582//2586 2587//2591 2586//2590
f 2585//2588 2588//2592 2582//2586
f 2588//2592 2587//2591 2582//2586
f 2585//2588 2584//2589 2588//2592
f 2583//2587 2586//2590 2589//2593
f 2583//2587 2449//2451 2579//2583
f 2583//2587 2589//2593 2449//2451
f 2589//2593 2586//2590 2318//2320
f 2590//2594 2587//2591 2588//2592
f 2437//2439 2438//2440 2591//2595
f 2451//2453 2437//2439 2591//2595
f 2451//2453 2591//2595 2438//2440
f 2451//2453 2560//2563 2437//2439
f 2592//2596 2561//2564 2560//2563
f 2592//2596 2560//2563 2451//2453
f 2593//2597 2561//2564 2592//2596
f 2594//2598 2561//2564 2593//2597
f 2594//2598 2563//2566 2561//2564
f 2451//2453 2595//2599 2592//2596
f 2595//2599 2593//2597 2592//2596
f 2564//2567 2289//2292 2415//2417
f 2289//2292 2564//2567 2439//2441
f 2564//2567 2596//2568 2439//2441
f 2440//2442 2439//2441 2596//2568
f 2596//2568 2597//2600 2440//2442
f 2597//2600 2453//2455 2440//2442
f 2446//2448 2566//2569 2444//2446
f 2598//2601 2453//2455 2597//2600
f 2446//2448 2453//2455 2598//2601
f 2446//2448 2598//2601 2566//2569
f 2444//2446 2416//2418 2445//2447
f 2449//2451 2450//2452 2579//2583
f 2589//2593 2318//2320 2449//2451
f 2587//2591 2318//2320 2586//2590
f 2590//2594 2454//2456 2318//2320
f 2590//2594 2318//2320 2587//2591
f 2595//2599 2451//2453 2452//2454
f 2599//2602 2593//2597 2595//2599
f 2594//2598 2593//2597 2600//2603
f 2600//2603 2593//2597 2601//2604
f 2602//2605 2595//2599 2452//2454
f 2595//2599 2602//2605 2599//2602
f 2452//2454 2599//2602 2602//2605
f 2601//2604 2593//2597 2599//2602
f 2603//2606 2599//2602 2452//2454
f 2599//2602 2603//2606 2601//2604
f 2452//2454 2604//2607 2603//2606
f 2456//2458 2604//2607 2452//2454
f 2603//2606 2604//2607 2605//2608
f 2456//2458 2461//2463 2604//2607
f 2462//2464 2604//2607 2461//2463
f 2468//2470 2604//2607 2462//2464
f 2468//2470 2605//2608 2604//2607
f 2606//2609 2605//2608 2607//2610
f 2605//2608 2468//2470 2607//2610
f 2466//2468 2471//2474 2465//2467
f 2608//2611 2472//2473 2471//2474
f 2609//2612 2472//2473 2608//2611
f 2608//2611 2471//2474 2466//2468
f 2609//2612 2610//2613 2472//2473
f 2610//2613 2609//2612 2608//2611
f 2607//2610 2612//2614 2611//2615
f 2472//2473 2610//2613 2473//2475
f 2610//2613 2608//2611 2613//2616
f 2476//2478 2607//2610 2468//2470
f 2476//2478 2612//2614 2607//2610
f 2612//2614 2615//2617 2614//2618
f 2616//2619 2612//2614 2614//2618
f 2473//2475 2474//2477 2332//2334
f 2613//2616 2473//2475 2610//2613
f 2617//2620 2473//2475 2613//2616
f 2612//2614 2476//2478 2618//2621
f 2612//2614 2618//2621 2615//2617
f 2618//2621 2476//2478 2477//2479
f 2618//2621 2619//2622 2615//2617
f 2614//2618 2615//2617 2619//2622
f 2618//2621 2477//2479 2619//2622
f 2620//2623 2619//2622 2477//2479
f 2614//2618 2619//2622 2620//2623
f 2614//2618 2620//2623 2479//2481
f 2479//2481 2621//2624 2614//2618
f 2474//2477 2473//2475 2617//2620
f 2477//2479 2479//2481 2620//2623
f 2479//2481 2622//2625 2621//2624
f 2623//2626 2624//2627 2331//2333
f 2474//2477 2623//2626 2331//2333
f 2622//2625 2479//2481 2480//2482
f 2331//2333 2624//2627 2625//2628
f 2624//2627 2623//2626 2626//2629
f 2623//2626 2474//2477 2626//2629
f 2482//2484 2622//2625 2480//2482
f 2624//2627 2626//2629 2625//2628
f 2487//2489 2622//2625 2482//2484
f 2622//2625 2628//2630 2627//2631
f 2629//2632 2627//2631 2630//2633
f 2631//2634 2629//2632 2630//2633
f 2627//2631 2628//2630 2630//2633
f 2331//2333 2625//2628 2484//2486
f 2625//2628 2626//2629 2484//2486
f 2632//2635 2622//2625 2487//2489
f 2488//2490 2632//2635 2487//2489
f 2633//2636 2622//2625 2632//2635
f 2628//2630 2622//2625 2633//2636
f 2628//2630 2633//2636 2630//2633
f 2630//2633 2633//2636 2634//2637
f 2631//2634 2630//2633 2634//2637
f 2634//2637 2635//2638 2631//2634
f 2488//2490 2492//2494 2632//2635
f 2633//2636 2632//2635 2492//2494
f 2636//2639 2492//2494 2493//2495
f 2492//2494 2636//2639 2633//2636
f 2633//2636 2636//2639 2634//2637
f 2635//2638 2634//2637 2636//2639
f 2636//2639 2493//2495 2367//2369
f 2367//2369 2637//2640 2636//2639
f 2641//2641 2638//2642 2640//2643
f 2501//2503 2367//2369 2500//2502
f 2639//2644 2501//2503 2484//2486
f 2640//2643 2501//2503 2639//2644
f 2640//2643 2367//2369 2501//2503
f 2640//2643 2638//2642 2367//2369
f 2638//2642 2637//2640 2367//2369
f 2641//2641 2639//2644 2484//2486
f 2640//2643 2639//2644 2641//2641
f 2484//2486 2626//2629 2641//2641
f 2642//2645 2644//2646 2643//2647
f 2502//2504 2645//2648 2642//2645
f 2642//2645 2645//2648 2646//2649
f 2645//2648 2647//2650 2646//2649
f 2648//2651 2647//2650 2645//2648
f 2646//2649 2644//2646 2642//2645
f 2646//2649 2647//2650 2644//2646
f 2649//2652 2651//2653 2650//2654
f 2652//2655 2654//2656 2653//2657
f 2655//2658 2653//2657 2524//2527
f 2656//2659 2652//2655 2653//2657
f 2656//2659 2642//2645 2652//2655
f 2643//2647 2654//2656 2652//2655
f 2655//2658 2524//2527 2502//2504
f 2504//2505 2502//2504 2524//2527
f 2653//2657 2655//2658 2656//2659
f 2656//2659 2655//2658 2502//2504
f 2642//2645 2643//2647 2652//2655
f 2502//2504 2508//2510 2657//2660
f 2508//2510 2502//2504 2503//2506
f 2656//2659 2502//2504 2642//2645
f 2645//2648 2502//2504 2657//2660
f 2658//2661 2508//2510 2509//2511
f 2645//2648 2657//2660 2658//2661
f 2657//2660 2508//2510 2658//2661
f 2648//2651 2645//2648 2658//2661
f 2659//2662 2658//2661 2509//2511
f 2651//2653 2647//2650 2648//2651
f 2658//2661 2651//2653 2648//2651
f 2509//2511 2512//2514 2659//2662
f 2659//2662 2512//2514 2660//2663
f 2659//2662 2662//2664 2661//2665
f 2662//2664 2659//2662 2660//2663
f 2661//2665 2663//2666 2659//2662
f 2663//2666 2658//2661 2659//2662
f 2651//2653 2663//2666 2664//2667
f 2663//2666 2651//2653 2658//2661
f 2661//2665 2664//2667 2663//2666
f 2513//2515 2665//2668 2512//2514
f 2665//2668 2513//2515 2515//2517
f 2512//2514 2665//2668 2660//2663
f 2665//2668 2515//2517 2660//2663
f 2515//2517 2662//2664 2660//2663
f 2664//2667 2661//2665 2666//2669
f 2664//2667 2666//2669 2667//2670
f 2664//2667 2667//2670 2650//2654
f 2666//2669 2661//2665 2662//2664
f 2666//2669 2662//2664 2667//2670
f 2651//2653 2664//2667 2650//2654
f 2667//2670 2516//2518 2526//2529
f 2662//2664 2516//2518 2667//2670
f 2515//2517 2516//2518 2662//2664
f 2667//2670 2526//2529 2650//2654
f 2649//2652 2650//2654 2526//2529
f 2391//2394 2526//2529 2516//2518
f 2526//2529 2528//2531 2668//2671
f 2528//2531 2530//2533 2669//2672
f 2668//2671 2528//2531 2669//2672
f 2530//2533 2528//2531 2529//2532
f 2532//2535 2669//2672 2530//2533
f 2669//2672 2532//2535 2670//2673
f 2669//2672 2670//2673 2671//2674
f 2672//2675 2671//2674 2673//2676
f 2674//2677 2671//2674 2675//2678
f 2677//2524 2653//2657 2676//2679
f 2654//2656 2676//2679 2653//2657
f 2654//2656 2771//2680 2676//2679
f 2524//2527 2653//2657 2677//2524
f 2546//2550 2678//2681 2407//2409
f 2679//2682 2680//2683 2678//2681
f 2678//2681 2681//2684 2679//2682
f 2682//2685 2680//2683 2679//2682
f 2681//2684 2682//2685 2679//2682
f 2682//2685 2683//2686 2680//2683
f 2682//2685 2681//2684 2684//2687
f 2678//2681 2680//2683 2407//2409
f 2407//2409 2680//2683 2552//2555
f 2683//2686 2685//2688 2552//2555
f 2680//2683 2683//2686 2552//2555
f 2552//2555 2685//2688 2553//2556
f 2554//2557 2553//2556 2685//2688
f 2525//2528 2526//2529 2391//2394
f 2532//2535 2535//2539 2670//2673
f 2535//2539 2532//2535 2533//2536
f 2686//2689 2670//2673 2535//2539
f 2671//2674 2670//2673 2675//2678
f 2562//2565 2535//2539 2536//2538
f 2562//2565 2686//2689 2535//2539
f 2686//2689 2562//2565 2563//2566
f 2670//2673 2688//2690 2687//2691
f 2688//2690 2670//2673 2686//2689
f 2688//2690 2686//2689 2687//2691
f 2687//2691 2686//2689 2689//2692
f 2687//2691 2675//2678 2670//2673
f 2690//2693 2675//2678 2687//2691
f 2690//2693 2674//2677 2675//2678
f 2674//2677 2690//2693 2691//2694
f 2692//2695 2523//2526 2676//2679
f 2677//2524 2676//2679 2523//2526
f 2692//2695 2539//2541 2523//2526
f 2541//2543 2539//2541 2692//2695
f 2676//2679 2541//2543 2692//2695
f 2693//2696 2546//2550 2550//2553
f 2681//2684 2546//2550 2693//2696
f 2684//2687 2681//2684 2693//2696
f 2681//2684 2678//2681 2546//2550
f 2554//2557 2694//2697 2555//2558
f 2555//2558 2694//2697 2556//2559
f 2558//2562 2570//2574 2695//2698
f 2689//2692 2686//2689 2563//2566
f 2687//2691 2696//2699 2690//2693
f 2689//2692 2696//2699 2687//2691
f 2697//2700 2690//2693 2696//2699
f 2696//2699 2689//2692 2698//2701
f 2696//2699 2698//2701 2699//2702
f 2689//2692 2563//2566 2698//2701
f 2699//2702 2698//2701 2563//2566
f 2700//2703 2697//2700 2696//2699
f 2596//2568 2540//2544 2701//2704
f 2701//2704 2702//2705 2596//2568
f 2549//2552 2565//2570 2703//2706
f 2704//2707 2549//2552 2703//2706
f 2693//2696 2550//2553 2704//2707
f 2708//2708 2693//2696 2705//2709
f 2705//2709 2693//2696 2707//2710
f 2693//2696 2704//2707 2707//2710
f 2705//2709 2706//2711 2708//2708
f 2703//2706 2706//2711 2707//2710
f 2706//2711 2705//2709 2707//2710
f 2704//2707 2703//2706 2707//2710
f 2702//2705 2708//2708 2596//2568
f 2702//2705 2693//2696 2708//2708
f 2548//2551 2549//2552 2704//2707
f 2704//2707 2550//2553 2548//2551
f 2694//2697 2568//2572 2556//2559
f 2568//2572 2570//2574 2425//2427
f 2694//2697 2570//2574 2568//2572
f 2584//2589 2559//2561 2557//2560
f 2584//2589 2590//2594 2588//2592
f 2709//2712 2711//2713 2710//2714
f 2699//2702 2563//2566 2594//2598
f 2696//2699 2699//2702 2600//2603
f 2594//2598 2600//2603 2699//2702
f 2712//2715 2696//2699 2600//2603
f 2712//2715 2700//2703 2696//2699
f 2713//2716 2597//2600 2596//2568
f 2713//2716 2703//2706 2566//2569
f 2566//2569 2703//2706 2565//2570
f 2713//2716 2598//2601 2597//2600
f 2566//2569 2598//2601 2713//2716
f 2708//2708 2713//2716 2596//2568
f 2708//2708 2706//2711 2713//2716
f 2703//2706 2713//2716 2706//2711
f 2454//2456 2590//2594 2709//2712
f 2710//2714 2454//2456 2709//2712
f 2714//2717 2712//2715 2600//2603
f 2715//2718 2714//2717 2600//2603
f 2714//2717 2715//2718 2716//2719
f 2600//2603 2601//2604 2715//2718
f 2710//2714 2717//2720 2454//2456
f 2715//2718 2601//2604 2603//2606
f 2715//2718 2718//2721 2716//2719
f 2717//2720 2719//2722 2454//2456
f 2720//2723 2719//2722 2717//2720
f 2603//2606 2721//2724 2715//2718
f 2721//2724 2718//2721 2715//2718
f 2457//2459 2454//2456 2719//2722
f 2719//2722 2466//2468 2457//2459
f 2719//2722 2722//2725 2466//2468
f 2722//2725 2719//2722 2720//2723
f 2718//2721 2721//2724 2723//2726
f 2721//2724 2605//2608 2606//2609
f 2605//2608 2721//2724 2603//2606
f 2724//2727 2723//2726 2721//2724
f 2724//2727 2721//2724 2606//2609
f 2606//2609 2725//2728 2724//2727
f 2607//2610 2725//2728 2606//2609
f 2725//2728 2726//2729 2724//2727
f 2725//2728 2727//2730 2726//2729
f 2722//2725 2613//2616 2466//2468
f 2611//2615 2725//2728 2607//2610
f 2727//2730 2725//2728 2611//2615
f 2613//2616 2608//2611 2466//2468
f 2722//2725 2728//2731 2613//2616
f 2611//2615 2612//2614 2616//2619
f 2729//2732 2611//2615 2616//2619
f 2727//2730 2611//2615 2729//2732
f 2729//2732 2730//2733 2727//2730
f 2616//2619 2731//2734 2729//2732
f 2730//2733 2729//2732 2731//2734
f 2730//2733 2731//2734 2732//2735
f 2730//2733 2732//2735 2733//2736
f 2617//2620 2613//2616 2728//2731
f 2616//2619 2614//2618 2621//2624
f 2621//2624 2731//2734 2616//2619
f 2731//2734 2621//2624 2622//2625
f 2731//2734 2622//2625 2732//2735
f 2627//2631 2733//2736 2732//2735
f 2617//2620 2734//2737 2474//2477
f 2627//2631 2732//2735 2622//2625
f 2617//2620 2728//2731 2734//2737
f 2733//2736 2627//2631 2735//2738
f 2736//2739 2733//2736 2735//2738
f 2735//2738 2737//2740 2736//2739
f 2736//2739 2737//2740 2739//2741
f 2738//2742 2736//2739 2739//2741
f 2629//2632 2737//2740 2735//2738
f 2739//2741 2737//2740 2740//2743
f 2741//2744 2743//2745 2742//2746
f 2742//2746 2743//2745 2744//2747
f 2735//2738 2627//2631 2629//2632
f 2740//2743 2745//2748 2629//2632
f 2629//2632 2745//2748 2737//2740
f 2740//2743 2737//2740 2745//2748
f 2746//2749 2744//2747 2740//2743
f 2739//2741 2740//2743 2744//2747
f 2739//2741 2744//2747 2743//2745
f 2631//2634 2740//2743 2629//2632
f 2747//2750 2740//2743 2631//2634
f 2747//2750 2631//2634 2748//2751
f 2740//2743 2747//2750 2746//2749
f 2747//2750 2749//2752 2746//2749
f 2635//2638 2748//2751 2631//2634
f 2748//2751 2635//2638 2636//2639
f 2748//2751 2749//2752 2747//2750
f 2750//2753 2748//2751 2637//2640
f 2749//2752 2748//2751 2750//2753
f 2748//2751 2636//2639 2637//2640
f 2638//2642 2641//2641 2626//2629
f 2643//2647 2644//2646 2751//2754
f 2644//2646 2752//2755 2751//2754
f 2753//2756 2644//2646 2754//2757
f 2644//2646 2753//2756 2752//2755
f 2644//2646 2755//2758 2754//2757
f 2755//2758 2644//2646 2756//2759
f 2756//2759 2644//2646 2757//2760
f 2644//2646 2647//2650 2758//2761
f 2644//2646 2758//2761 2757//2760
f 2647//2650 2651//2653 2758//2761
f 2758//2761 2649//2652 2757//2760
f 2757//2760 2649//2652 2759//2762
f 2756//2759 2757//2760 2759//2762
f 2759//2762 2761//2763 2760//2764
f 2651//2653 2649//2652 2758//2761
f 2759//2762 2649//2652 2761//2763
f 2762//2765 2649//2652 2526//2529
f 2761//2763 2649//2652 2762//2765
f 2763//2766 2762//2765 2526//2529
f 2764//2767 2766//2768 2765//2769
f 2766//2768 2768//2770 2767//2771
f 2766//2768 2767//2771 2765//2769
f 2769//2772 2767//2771 2770//2773
f 2771//2680 2773//2774 2772//2775
f 2774//2776 2772//2775 2773//2774
f 2772//2775 2775//2777 2771//2680
f 2776//2778 2775//2777 2772//2775
f 2654//2656 2643//2647 2773//2774
f 2751//2754 2774//2776 2643//2647
f 2774//2776 2773//2774 2643//2647
f 2751//2754 2772//2775 2774//2776
f 2751//2754 2752//2755 2776//2778
f 2776//2778 2772//2775 2751//2754
f 2776//2778 2752//2755 2777//2779
f 2668//2671 2763//2766 2526//2529
f 2668//2671 2764//2767 2765//2769
f 2669//2672 2764//2767 2668//2671
f 2766//2768 2764//2767 2669//2672
f 2766//2768 2778//2780 2768//2770
f 2778//2780 2766//2768 2669//2672
f 2768//2770 2779//2781 2767//2771
f 2770//2773 2767//2771 2779//2781
f 2669//2672 2671//2674 2778//2780
f 2778//2780 2671//2674 2672//2675
f 2778//2780 2672//2675 2768//2770
f 2768//2770 2672//2675 2779//2781
f 2770//2773 2779//2781 2780//2782
f 2779//2781 2672//2675 2781//2783
f 2779//2781 2782//2784 2780//2782
f 2783//2785 2672//2675 2673//2676
f 2673//2676 2671//2674 2783//2785
f 2783//2785 2671//2674 2674//2677
f 2781//2783 2672//2675 2783//2785
f 2781//2783 2783//2785 2784//2786
f 2781//2783 2784//2786 2779//2781
f 2779//2781 2784//2786 2782//2784
f 2780//2782 2782//2784 2785//2787
f 2674//2677 2784//2786 2783//2785
f 2782//2784 2787//2788 2786//2789
f 2674//2677 2691//2694 2784//2786
f 2782//2784 2784//2786 2691//2694
f 2788//2790 2786//2789 2787//2788
f 2773//2774 2771//2680 2654//2656
f 2771//2680 2789//2791 2676//2679
f 2775//2777 2790//2792 2771//2680
f 2790//2792 2789//2791 2771//2680
f 2791//2793 2684//2687 2792//2794
f 2684//2687 2683//2686 2682//2685
f 2793//2795 2683//2686 2791//2793
f 2684//2687 2791//2793 2683//2686
f 2793//2795 2685//2688 2683//2686
f 2793//2795 2794//2796 2685//2688
f 2795//2797 2685//2688 2794//2796
f 2685//2688 2795//2797 2554//2557
f 2965//2798 2796//2799 2809//2800
f 2797//2801 2811//2802 2796//2799
f 2798//2803 2800//2804 2799//2805
f 2787//2788 2782//2784 2691//2694
f 2691//2694 2690//2693 2697//2700
f 2801//2806 2787//2788 2691//2694
f 2691//2694 2697//2700 2801//2806
f 2801//2806 2802//2807 2787//2788
f 2803//2808 2787//2788 2802//2807
f 2788//2790 2787//2788 2803//2808
f 2804//2809 2803//2808 2802//2807
f 2805//2810 2803//2808 2804//2809
f 2789//2791 2540//2544 2541//2543
f 2985//2811 2701//2704 2540//2544
f 2789//2791 2541//2543 2676//2679
f 2694//2697 2554//2557 2806//2812
f 2570//2574 2694//2697 2695//2698
f 2695//2698 2807//2813 2557//2560
f 2807//2813 2808//2814 2557//2560
f 2557//2560 2558//2562 2695//2698
f 2557//2560 2808//2814 2809//2800
f 2809//2800 2808//2814 2965//2798
f 2584//2589 2557//2560 2809//2800
f 2809//2800 2810//2815 2584//2589
f 2810//2815 2809//2800 2796//2799
f 2811//2802 2810//2815 2796//2799
f 2810//2815 2811//2802 2584//2589
f 2811//2802 2800//2804 2812//2816
f 2797//2801 2800//2804 2811//2802
f 2811//2802 2812//2816 2590//2594
f 2590//2594 2584//2589 2811//2802
f 2813//2817 2800//2804 2814//2818
f 2800//2804 2815//2819 2814//2818
f 2812//2816 2816//2820 2590//2594
f 2812//2816 2813//2817 2816//2820
f 2800//2804 2813//2817 2812//2816
f 2814//2818 2817//2821 2813//2817
f 2700//2703 2801//2806 2697//2700
f 2818//2822 2801//2806 2700//2703
f 2802//2807 2801//2806 2818//2822
f 2818//2822 2804//2809 2802//2807
f 2819//2823 2805//2810 2804//2809
f 2701//2704 2991//2824 2702//2705
f 2813//2817 2817//2821 2820//2825
f 2711//2713 2709//2712 2590//2594
f 2816//2820 2711//2713 2590//2594
f 2816//2820 2821//2826 2711//2713
f 2821//2826 2816//2820 2822//2827
f 2813//2817 2820//2825 2816//2820
f 2820//2825 2822//2827 2816//2820
f 2700//2703 2712//2715 2714//2717
f 2804//2809 2818//2822 2823//2828
f 2819//2823 2804//2809 2823//2828
f 2710//2714 2711//2713 2821//2826
f 2717//2720 2710//2714 2821//2826
f 2822//2827 2824//2829 2821//2826
f 2824//2829 2822//2827 2820//2825
f 2700//2703 2714//2717 2716//2719
f 2700//2703 2716//2719 2818//2822
f 2823//2828 2818//2822 2716//2719
f 2825//2830 2819//2823 2823//2828
f 2826//2831 2717//2720 2821//2826
f 2821//2826 2824//2829 2826//2831
f 2718//2721 2723//2726 2716//2719
f 2716//2719 2723//2726 2823//2828
f 2827//2832 2823//2828 2723//2726
f 2823//2828 2827//2832 2825//2830
f 2825//2830 2828//2833 2819//2823
f 2829//2834 2830//2835 2825//2830
f 2831//2836 2830//2835 2829//2834
f 2832//2837 2720//2723 2717//2720
f 2832//2837 2717//2720 2826//2831
f 2832//2837 2826//2831 2833//2838
f 2827//2832 2835//2839 2834//2840
f 2825//2830 2834//2840 2829//2834
f 2825//2830 2827//2832 2834//2840
f 2829//2834 2834//2840 2831//2836
f 2831//2836 2834//2840 2836//2841
f 2828//2833 2831//2836 2836//2841
f 2832//2837 2837//2842 2720//2723
f 2723//2726 2835//2839 2827//2832
f 2835//2839 2836//2841 2834//2840
f 2836//2841 2835//2839 2838//2843
f 2837//2842 2722//2725 2720//2723
f 2837//2842 2839//2844 2722//2725
f 2724//2727 2835//2839 2723//2726
f 2839//2844 2837//2842 2840//2845
f 2837//2842 2832//2837 2840//2845
f 2835//2839 2724//2727 2838//2843
f 2726//2729 2838//2843 2724//2727
f 2727//2730 2730//2733 2726//2729
f 2728//2731 2722//2725 2839//2844
f 2726//2729 2730//2733 2733//2736
f 2841//2846 2726//2729 2733//2736
f 2728//2731 2843//2847 2842//2848
f 2733//2736 2736//2739 2841//2846
f 2736//2739 2738//2742 2841//2846
f 2844//2849 2841//2846 2738//2742
f 2845//2850 2844//2849 2738//2742
f 2845//2850 2847//2851 2846//2852
f 2738//2742 2847//2851 2845//2850
f 2847//2851 2738//2742 2743//2745
f 2846//2852 2848//2853 2845//2850
f 2848//2853 2849//2854 2845//2850
f 2728//2731 2851//2855 2850//2856
f 2850//2856 2734//2737 2728//2731
f 2743//2745 2846//2852 2847//2851
f 2738//2742 2739//2741 2743//2745
f 2846//2852 2741//2744 2742//2746
f 2846//2852 2742//2746 2852//2857
f 2846//2852 2743//2745 2741//2744
f 2852//2857 2746//2749 2853//2858
f 2852//2857 2742//2746 2746//2749
f 2742//2746 2744//2747 2746//2749
f 2846//2852 2852//2857 2848//2853
f 2852//2857 2854//2859 2848//2853
f 2852//2857 2853//2858 2854//2859
f 2848//2853 2854//2859 2849//2854
f 2849//2854 2854//2859 2855//2860
f 2853//2858 2856//2861 2854//2859
f 2856//2861 2853//2858 2857//2862
f 2854//2859 2856//2861 2855//2860
f 2855//2860 2856//2861 2857//2862
f 2850//2856 2858//2863 2734//2737
f 2858//2863 2850//2856 2859//2864
f 2858//2863 2859//2864 2860//2865
f 2859//2864 2850//2856 2851//2855
f 2853//2858 2746//2749 2861//2866
f 2857//2862 2853//2858 2861//2866
f 2862//2867 2857//2862 2861//2866
f 2862//2867 2861//2866 2746//2749
f 2863//2868 2862//2867 2746//2749
f 2857//2862 2862//2867 2864//2869
f 2865//2870 2857//2862 2864//2869
f 2862//2867 2866//2871 2864//2869
f 2862//2867 2863//2868 2866//2871
f 2857//2862 2865//2870 2855//2860
f 2855//2860 2865//2870 2867//2872
f 2864//2869 2868//2873 2865//2870
f 2864//2869 2866//2871 2868//2873
f 2474//2477 2734//2737 2869//2874
f 2734//2737 2870//2875 2869//2874
f 2871//2876 2869//2874 2870//2875
f 2858//2863 2872//2877 2734//2737
f 2734//2737 2872//2877 2870//2875
f 2863//2868 2746//2749 2749//2752
f 2863//2868 2749//2752 2750//2753
f 2866//2871 2863//2868 2750//2753
f 2871//2876 2873//2878 2869//2874
f 2869//2874 2873//2878 2474//2477
f 2874//2879 2871//2876 2870//2875
f 2874//2879 2873//2878 2871//2876
f 2638//2642 2750//2753 2637//2640
f 2626//2629 2474//2477 2873//2878
f 2875//2880 2626//2629 2873//2878
f 2638//2642 2626//2629 2875//2880
f 2874//2879 2875//2880 2873//2878
f 2876//2881 2875//2880 2874//2879
f 2638//2642 2875//2880 2877//2882
f 2878//2883 2880//2884 2879//2885
f 2880//2884 2882//2886 2881//2887
f 2879//2885 2880//2884 2883//2888
f 2883//2888 2880//2884 2881//2887
f 2881//2887 2882//2886 2884//2889
f 2882//2886 2885//2890 2884//2889
f 2881//2887 2884//2889 2886//2891
f 2884//2889 2885//2890 2887//2892
f 2888//2893 2890//2894 2889//2895
f 2753//2756 2891//2896 2752//2755
f 2892//2897 2891//2896 2753//2756
f 2777//2779 2752//2755 2891//2896
f 2891//2896 2892//2897 2777//2779
f 2893//2898 2894//2899 2889//2895
f 2895//2900 2889//2895 2894//2899
f 2753//2756 2754//2757 2892//2897
f 2894//2899 2754//2757 2896//2901
f 2754//2757 2894//2899 2893//2898
f 2755//2758 2756//2759 2896//2901
f 2755//2758 2896//2901 2754//2757
f 2896//2901 2756//2759 2897//2902
f 2896//2901 2898//2903 2878//2883
f 2894//2899 2878//2883 2879//2885
f 2878//2883 2894//2899 2896//2901
f 2896//2901 2897//2902 2898//2903
f 2756//2759 2899//2904 2897//2902
f 2878//2883 2900//2905 2880//2884
f 2880//2884 2900//2905 2882//2886
f 2900//2905 2899//2904 2882//2886
f 2900//2905 2878//2883 2898//2903
f 2897//2902 2900//2905 2898//2903
f 2899//2904 2900//2905 2897//2902
f 2885//2890 2882//2886 2899//2904
f 2759//2762 2760//2764 2756//2759
f 2756//2759 2760//2764 2899//2904
f 2761//2763 2901//2906 2760//2764
f 2760//2764 2885//2890 2899//2904
f 2901//2906 2761//2763 2902//2907
f 2761//2763 2762//2765 2902//2907
f 2902//2907 2762//2765 2903//2908
f 2760//2764 2901//2906 2904//2909
f 2901//2906 2902//2907 2904//2909
f 2904//2909 2902//2907 2903//2908
f 2760//2764 2905//2910 2885//2890
f 2905//2910 2760//2764 2904//2909
f 2903//2908 2905//2910 2904//2909
f 2905//2910 2887//2892 2885//2890
f 2762//2765 2763//2766 2903//2908
f 2905//2910 2903//2908 2906//2911
f 2763//2766 2668//2671 2903//2908
f 2907//2912 2906//2911 2903//2908
f 2668//2671 2765//2769 2908//2913
f 2909//2914 2907//2912 2908//2913
f 2909//2914 2910//2915 2907//2912
f 2909//2914 2908//2913 2765//2769
f 2910//2915 2909//2914 2911//2916
f 2909//2914 2765//2769 2769//2772
f 2909//2914 2912//2917 2911//2916
f 2911//2916 2912//2917 2913//2918
f 2767//2771 2769//2772 2765//2769
f 2785//2787 2909//2914 2769//2772
f 2785//2787 2912//2917 2909//2914
f 3059//2919 2913//2918 2912//2917
f 2769//2772 2780//2782 2785//2787
f 2770//2773 2780//2782 2769//2772
f 2912//2917 2785//2787 2914//2920
f 2912//2917 2914//2920 2915//2921
f 3059//2919 2912//2917 2915//2921
f 3059//2919 2915//2921 2918//2922
f 2914//2920 2785//2787 2786//2789
f 2786//2789 2916//2923 2914//2920
f 2916//2923 2915//2921 2914//2920
f 2915//2921 2916//2923 2917//2924
f 2918//2922 2915//2921 2917//2924
f 2918//2922 2917//2924 2919//2925
f 2775//2777 2921//2926 2920//2927
f 2921//2926 2923//2928 2922//2929
f 2921//2926 2922//2929 2920//2927
f 2924//2930 2925//2931 2922//2929
f 2926//2932 2888//2893 2927//2933
f 2926//2932 2890//2894 2888//2893
f 2776//2778 2777//2779 2923//2928
f 2775//2777 2776//2778 2921//2926
f 2921//2926 2776//2778 2923//2928
f 2922//2929 2923//2928 2924//2930
f 2890//2894 2924//2930 2893//2898
f 2893//2898 2889//2895 2890//2894
f 2890//2894 2926//2932 2925//2931
f 2924//2930 2890//2894 2925//2931
f 2777//2779 2892//2897 2923//2928
f 2924//2930 2892//2897 2754//2757
f 2923//2928 2892//2897 2924//2930
f 2893//2898 2924//2930 2754//2757
f 2928//2934 2930//2935 2929//2936
f 2928//2934 2929//2936 2931//2937
f 2931//2937 2933//2938 2932//2939
f 2932//2939 2934//2940 2931//2937
f 2929//2936 2933//2938 2931//2937
f 2793//2795 2936//2941 2935//2942
f 2935//2942 2931//2937 2794//2796
f 2935//2942 2936//2941 2931//2937
f 2793//2795 2935//2942 2794//2796
f 2937//2943 2795//2797 2794//2796
f 2908//2913 2907//2912 2903//2908
f 2908//2913 2903//2908 2668//2671
f 2782//2784 2786//2789 2785//2787
f 2916//2923 2786//2789 2917//2924
f 2788//2790 2917//2924 2786//2789
f 2917//2924 2788//2790 2938//2944
f 2939//2945 2919//2925 2917//2924
f 2938//2944 2939//2945 2917//2924
f 2940//2946 2939//2945 2938//2944
f 2941//2947 2940//2946 2938//2944
f 2942//2948 2922//2929 2943//2949
f 2943//2949 2944//2950 2942//2948
f 2922//2929 2945//2951 2943//2949
f 2920//2927 2790//2792 2775//2777
f 2946//2952 2789//2791 2790//2792
f 2922//2929 2947//2953 2920//2927
f 2947//2953 2790//2792 2920//2927
f 2947//2953 2948//2954 2790//2792
f 2948//2954 2944//2950 2790//2792
f 2944//2950 2946//2952 2790//2792
f 2922//2929 2942//2948 2947//2953
f 2942//2948 2948//2954 2947//2953
f 2948//2954 2942//2948 2944//2950
f 2945//2951 2925//2931 2926//2932
f 2922//2929 2925//2931 2945//2951
f 2930//2935 2791//2793 2792//2794
f 2792//2794 2949//2955 2930//2935
f 2950//2956 2929//2936 2930//2935
f 2949//2955 2950//2956 2930//2935
f 2950//2956 2949//2955 2951//2957
f 2929//2936 2950//2956 2952//2958
f 2952//2958 2950//2956 2951//2957
f 2930//2935 2793//2795 2791//2793
f 2936//2941 2793//2795 2930//2935
f 2928//2934 2936//2941 2930//2935
f 2931//2937 2936//2941 2928//2934
f 2806//2812 2554//2557 2795//2797
f 2806//2812 2795//2797 3092//2959
f 2953//2960 2806//2812 2954//2961
f 2806//2812 2953//2960 2694//2697
f 2955//2962 2953//2960 2954//2961
f 2953//2960 2955//2962 2956//2963
f 2953//2960 2957//2964 2694//2697
f 2953//2960 2956//2963 2957//2964
f 2694//2697 2957//2964 2695//2698
f 2956//2963 2959//2965 2957//2964
f 2956//2963 2958//2966 2959//2965
f 2957//2964 2807//2813 2695//2698
f 2962//2967 2807//2813 2957//2964
f 2962//2967 2957//2964 2960//2968
f 2957//2964 2959//2965 2960//2968
f 2959//2965 2961//2969 2960//2968
f 2959//2965 2958//2966 2961//2969
f 2962//2967 2963//2970 2966//2971
f 2960//2968 2968//2972 2962//2967
f 2968//2972 2963//2970 2962//2967
f 2960//2968 2961//2969 2968//2972
f 2961//2969 2970//2973 2968//2972
f 2961//2969 2964//2974 2970//2973
f 2964//2974 2961//2969 2958//2966
f 2807//2813 2962//2967 2808//2814
f 2963//2970 2968//2972 2965//2798
f 2963//2970 2965//2798 2966//2971
f 2808//2814 2962//2967 2966//2971
f 2965//2798 2808//2814 2966//2971
f 2967//2975 2969//2976 2968//2972
f 2967//2975 2970//2973 2969//2976
f 2968//2972 2970//2973 2967//2975
f 2970//2973 2964//2974 2971//2977
f 2965//2798 2969//2976 2796//2799
f 2968//2972 2969//2976 2965//2798
f 2796//2799 2969//2976 2797//2801
f 2969//2976 2970//2973 2799//2805
f 2970//2973 2971//2977 2799//2805
f 2797//2801 2969//2976 2799//2805
f 2971//2977 2972//2978 2799//2805
f 2972//2978 2971//2977 2973//2979
f 2800//2804 2797//2801 2799//2805
f 2972//2978 2974//2980 2799//2805
f 2799//2805 2974//2980 2798//2803
f 2974//2980 2972//2978 2975//2981
f 2972//2978 2976//2982 2975//2981
f 2976//2982 2977//2983 2975//2981
f 2798//2803 2974//2980 2978//2984
f 2974//2980 2979//2985 2978//2984
f 2979//2985 2974//2980 2975//2981
f 2975//2981 2977//2983 2979//2985
f 2976//2982 2980//2986 2977//2983
f 2815//2819 2978//2984 2814//2818
f 2798//2803 2978//2984 2815//2819
f 2981//2987 2814//2818 2978//2984
f 2981//2987 2978//2984 2979//2985
f 2979//2985 2977//2983 2981//2987
f 2981//2987 2977//2983 2982//2988
f 2788//2790 2803//2808 2805//2810
f 2938//2944 2788//2790 2805//2810
f 2805//2810 2941//2947 2938//2944
f 2789//2791 2946//2952 2540//2544
f 2944//2950 2540//2544 2946//2952
f 2944//2950 2985//2811 2540//2544
f 2983//2989 2985//2811 2944//2950
f 2983//2989 2951//2957 2984//2990
f 2984//2990 2985//2811 2983//2989
f 2792//2794 2702//2705 2986//2991
f 2702//2705 2792//2794 2693//2696
f 2984//2990 2987//2992 2986//2991
f 2984//2990 2986//2991 2988//2993
f 2986//2991 2702//2705 2988//2993
f 2985//2811 2984//2990 2991//2824
f 2988//2993 2702//2705 2984//2990
f 2702//2705 2991//2824 2984//2990
f 2987//2992 2984//2990 2951//2957
f 2792//2794 2684//2687 2693//2696
f 2986//2991 2949//2955 2792//2794
f 2951//2957 2949//2955 2987//2992
f 2949//2955 2986//2991 2987//2992
f 2798//2803 2815//2819 2800//2804
f 2981//2987 2817//2821 2814//2818
f 2989//2994 2817//2821 2981//2987
f 2989//2994 2981//2987 2982//2988
f 2805//2810 2819//2823 2990//2995
f 2991//2824 2701//2704 2985//2811
f 2820//2825 2817//2821 2989//2994
f 2820//2825 2989//2994 2992//2996
f 2819//2823 2993//2997 2990//2995
f 2820//2825 2992//2996 2824//2829
f 2819//2823 2828//2833 2993//2997
f 2826//2831 2824//2829 2992//2996
f 2994//2998 2993//2997 2828//2833
f 2828//2833 2825//2830 2830//2835
f 2828//2833 2830//2835 2831//2836
f 2995//2999 2994//2998 2828//2833
f 2826//2831 2996//3000 2833//2838
f 2992//2996 2996//3000 2826//2831
f 2828//2833 2998//3001 2997//3002
f 2995//2999 2828//2833 2997//3002
f 2998//3001 2828//2833 2836//2841
f 2999//3003 2997//3002 2838//2843
f 2998//3001 2836//2841 2838//2843
f 2997//3002 2998//3001 2838//2843
f 3000//3004 2999//3003 2838//2843
f 2832//2837 2833//2838 2840//2845
f 2833//2838 3001//3005 2840//2845
f 2996//3000 3002//3006 2833//2838
f 3002//3006 2996//3000 3003//3007
f 3004//3008 3002//3006 3003//3007
f 3002//3006 3001//3005 2833//2838
f 3004//3008 3005//3009 3002//3006
f 3001//3005 3002//3006 3005//3009
f 2838//2843 2726//2729 3000//3004
f 2840//2845 3006//3010 2839//2844
f 3001//3005 3007//3011 2840//2845
f 2840//2845 3008//3012 3006//3010
f 3007//3011 3008//3012 2840//2845
f 3005//3009 3007//3011 3001//3005
f 3005//3009 3008//3012 3007//3011
f 3000//3004 2726//2729 2841//2846
f 3009//3013 3000//3004 2844//2849
f 3008//3012 3010//3014 3006//3010
f 3004//3008 3011//3015 3005//3009
f 3006//3010 3010//3014 2839//2844
f 3008//3012 3005//3009 3010//3014
f 3000//3004 2841//2846 2844//2849
f 2843//2847 2728//2731 2839//2844
f 3010//3014 2843//2847 2839//2844
f 3010//3014 3012//3016 2843//2847
f 3005//3009 3013//3017 3010//3014
f 3010//3014 3013//3017 3012//3016
f 2845//2850 3014//3018 2844//2849
f 2842//2848 2843//2847 3012//3016
f 3012//3016 2851//2855 2842//2848
f 2845//2850 2849//2854 3015//3019
f 3015//3019 3014//3018 2845//2850
f 3014//3018 3015//3019 3016//3020
f 2728//2731 2842//2848 2851//2855
f 3017//3021 3016//3020 3015//3019
f 3015//3019 3018//3022 3017//3021
f 2851//2855 3012//3016 3019//3023
f 2855//2860 3015//3019 2849//2854
f 3018//3022 3015//3019 2855//2860
f 2855//2860 3020//3024 3018//3022
f 2855//2860 2867//2872 3020//3024
f 3021//3025 3018//3022 3020//3024
f 2868//2873 3022//3026 3020//3024
f 3023//3027 3020//3024 3022//3026
f 2860//2865 2859//2864 2851//2855
f 2851//2855 3019//3023 2860//2865
f 2868//2873 3020//3024 2867//2872
f 2865//2870 2868//2873 2867//2872
f 3024//3028 2868//2873 2866//2871
f 3024//3028 2866//2871 2750//2753
f 3025//3029 3024//3028 2750//2753
f 3022//3026 2868//2873 3024//3028
f 3022//3026 3024//3028 3025//3029
f 2872//2877 2858//2863 2860//2865
f 2872//2877 2874//2879 2870//2875
f 2860//2865 3019//3023 2872//2877
f 2877//2882 2750//2753 2638//2642
f 2872//2877 2876//2881 2874//2879
f 2875//2880 2876//2881 2872//2877
f 2875//2880 2872//2877 3019//3023
f 2877//2882 2875//2880 3019//3023
f 3026//3030 3028//3031 3027//3032
f 2883//2888 2881//2887 3029//3033
f 2883//2888 3029//3033 3030//3034
f 2886//2891 2884//2889 2887//2892
f 2881//2887 2886//2891 3029//3033
f 3029//3033 2886//2891 3030//3034
f 3027//3032 3028//3031 3031//3035
f 3028//3031 3030//3034 3031//3035
f 2886//2891 3032//3036 3030//3034
f 2887//2892 3032//3036 2886//2891
f 3031//3035 3030//3034 3033//3037
f 3034//3038 3031//3035 3033//3037
f 3034//3038 3033//3037 3035//3039
f 3034//3038 3035//3039 3036//3040
f 2889//2895 3073//3041 2888//2893
f 3037//3042 3038//3043 3073//3041
f 2895//2900 3073//3041 2889//2895
f 2895//2900 3040//3044 3039//3045
f 2895//2900 3039//3045 3073//3041
f 3039//3045 3037//3042 3073//3041
f 3039//3045 3042//3046 3041//3047
f 3037//3042 3039//3045 3041//3047
f 2895//2900 2879//2885 3043//3048
f 2894//2899 2879//2885 2895//2900
f 2895//2900 3043//3048 3044//3049
f 3044//3049 3043//3048 3045//3050
f 2895//2900 3044//3049 3040//3044
f 3040//3044 3044//3049 3045//3050
f 3040//3044 3045//3050 3039//3045
f 3039//3045 3045//3050 3028//3031
f 3042//3046 3039//3045 3026//3030
f 2879//2885 2883//2888 3043//3048
f 3043//3048 2883//2888 3046//3051
f 3043//3048 3046//3051 3045//3050
f 2883//2888 3028//3031 3046//3051
f 3045//3050 3046//3051 3028//3031
f 3028//3031 3026//3030 3039//3045
f 2883//2888 3030//3034 3028//3031
f 2887//2892 3048//3052 3047//3053
f 3032//3036 2887//2892 3047//3053
f 3032//3036 3047//3053 3049//3054
f 3032//3036 3050//3055 3030//3034
f 3032//3036 3049//3054 3050//3055
f 3050//3055 3049//3054 3035//3039
f 3050//3055 3033//3037 3030//3034
f 3035//3039 3033//3037 3050//3055
f 3048//3052 2887//2892 2905//2910
f 3048//3052 2905//2910 2906//2911
f 3047//3053 3048//3052 3049//3054
f 3048//3052 2906//2911 3049//3054
f 3036//3040 3035//3039 3049//3054
f 2906//2911 3036//3040 3049//3054
f 2906//2911 2907//2912 3051//3056
f 2907//2912 3052//3057 3051//3056
f 2907//2912 2910//2915 3053//3058
f 3053//3058 3052//3057 2907//2912
f 2910//2915 2913//2918 3053//3058
f 3052//3057 3053//3058 3054//3059
f 3052//3057 3054//3059 3051//3056
f 3051//3056 3054//3059 3055//3060
f 3055//3060 3054//3059 3056//3061
f 2910//2915 2911//2916 2913//2918
f 3057//3062 3058//3063 3054//3059
f 3054//3059 3053//3058 3057//3062
f 3056//3061 3054//3059 3058//3063
f 3053//3058 2913//2918 3059//2919
f 3057//3062 3053//3058 3059//2919
f 3057//3062 3059//2919 3058//3063
f 3060//3064 3058//3063 3059//2919
f 3059//2919 3061//3065 3060//3064
f 3060//3064 3061//3065 3062//3066
f 3061//3065 3063//3067 3062//3066
f 3064//3068 2919//2925 3063//3067
f 3064//3068 3059//2919 2918//2922
f 2919//2925 3064//3068 2918//2922
f 3059//2919 3064//3068 3061//3065
f 3061//3065 3064//3068 3063//3067
f 3063//3067 3065//3069 3062//3066
f 3063//3067 2919//2925 2939//2945
f 2940//2946 3063//3067 2939//2945
f 3065//3069 3063//3067 2940//2946
f 3066//3070 3065//3069 2940//2946
f 3110//3071 3068//3072 3067//3073
f 3069//3074 3067//3073 3070//3075
f 3067//3073 3069//3074 3110//3071
f 2888//2893 3073//3041 2927//2933
f 2927//2933 3071//3076 2926//2932
f 3073//3041 3071//3076 2927//2933
f 3071//3076 2945//2951 2926//2932
f 3072//3077 3071//3076 3073//3041
f 2945//2951 3071//3076 3074//3078
f 3074//3078 3071//3076 3072//3077
f 3075//3079 3072//3077 3073//3041
f 3068//3072 3072//3077 3075//3079
f 3068//3072 3074//3078 3072//3077
f 3073//3041 3038//3043 3075//3079
f 3070//3075 3067//3073 3075//3079
f 3067//3073 3068//3072 3075//3079
f 3076//3080 2932//2939 2933//2938
f 3077//3081 2932//2939 3076//3080
f 3077//3081 3078//3082 2932//2939
f 3077//3081 3079//3083 3078//3082
f 3080//3084 3078//3082 3079//3083
f 3080//3084 3081//3085 3078//3082
f 2932//2939 3082//3086 2934//2940
f 2934//2940 3082//3086 2931//2937
f 2932//2939 3078//3082 3082//3086
f 3078//3082 3081//3085 3082//3086
f 2931//2937 3082//3086 2794//2796
f 2794//2796 3082//3086 2937//2943
f 3082//3086 3081//3085 2937//2943
f 3083//3087 2937//2943 3081//3085
f 3084//3088 2795//2797 2937//2943
f 2795//2797 3084//3088 3085//3089
f 3084//3088 3086//3090 3085//3089
f 3083//3087 3087//3091 3084//3088
f 2937//2943 3083//3087 3084//3088
f 3087//3091 3086//3090 3084//3088
f 3087//3091 3088//3092 3086//3090
f 3083//3087 3081//3085 3087//3091
f 3081//3085 3089//3093 3087//3091
f 3087//3091 3089//3093 3088//3092
f 3081//3085 3090//3094 3089//3093
f 3090//3094 3091//3095 3089//3093
f 3085//3089 3092//2959 2795//2797
f 3086//3090 3088//3092 3092//2959
f 3086//3090 3092//2959 3085//3089
f 3089//3093 3093//3096 3088//3092
f 3091//3095 3093//3096 3089//3093
f 3091//3095 3094//3097 3093//3096
f 3093//3096 3094//3097 3088//3092
f 3091//3095 3095//3098 3094//3097
f 3091//3095 3096//3099 3095//3098
f 3097//3100 3088//3092 3098//3101
f 3088//3092 3097//3100 3092//2959
f 3088//3092 3094//3097 3098//3101
f 3099//3102 3101//3103 3100//3104
f 3101//3103 3102//3105 3100//3104
f 3103//3106 3104//3107 3100//3104
f 3104//3107 3103//3106 3102//3105
f 3100//3104 3102//3105 3103//3106
f 2940//2946 2941//2947 3105//3108
f 3106//3109 3105//3108 2941//2947
f 2941//2947 2805//2810 3106//3109
f 3106//3109 3107//3110 3105//3108
f 3108//3111 3109//3112 2943//2949
f 3108//3111 2943//2949 2945//2951
f 2945//2951 3074//3078 3108//3111
f 3074//3078 3110//3071 3108//3111
f 3068//3072 3110//3071 3074//3078
f 2929//2936 3111//3113 3076//3080
f 2951//2957 3111//3113 2952//2958
f 3111//3113 2929//2936 2952//2958
f 2951//2957 3112//3114 3111//3113
f 3076//3080 3111//3113 3112//3114
f 3076//3080 3112//3114 3077//3081
f 3113//3115 3077//3081 3112//3114
f 3077//3081 3113//3115 3079//3083
f 2933//2938 2929//2936 3076//3080
f 3092//2959 3097//3100 2954//2961
f 2954//2961 2806//2812 3092//2959
f 3094//3097 3114//3116 3098//3101
f 3094//3097 3115//3117 3114//3116
f 3094//3097 3095//3098 3115//3117
f 3095//3098 3116//3118 3115//3117
f 2954//2961 3098//3101 2955//2962
f 3098//3101 2954//2961 3097//3100
f 3117//3119 3114//3116 3115//3117
f 3116//3118 3117//3119 3115//3117
f 3096//3099 3118//3120 3116//3118
f 3114//3116 3119//3121 3098//3101
f 3116//3118 3118//3120 3117//3119
f 3098//3101 2956//2963 2955//2962
f 2958//2966 2956//2963 3098//3101
f 3114//3116 3120//3122 3119//3121
f 3120//3122 3114//3116 3117//3119
f 3121//3123 3120//3122 3117//3119
f 3120//3122 3121//3123 3119//3121
f 3118//3120 3121//3123 3117//3119
f 3119//3121 2958//2966 3098//3101
f 2971//2977 2958//2966 3119//3121
f 3119//3121 3121//3123 3122//3124
f 3123//3125 3122//3124 3121//3123
f 3119//3121 3122//3124 2971//2977
f 2964//2974 2958//2966 2971//2977
f 3123//3125 3121//3123 3124//3126
f 3124//3126 3099//3102 3123//3125
f 3122//3124 2973//2979 2971//2977
f 3122//3124 3123//3125 2973//2979
f 3123//3125 3099//3102 2980//2986
f 3123//3125 2980//2986 2973//2979
f 3100//3104 2980//2986 3099//3102
f 2973//2979 2980//2986 2972//2978
f 2976//2982 2972//2978 2980//2986
f 2980//2986 3100//3104 2982//2988
f 3100//3104 3104//3107 2982//2988
f 2980//2986 2982//2988 2977//2983
f 3104//3107 3125//3127 2982//2988
f 3125//3127 3104//3107 3126//3128
f 3125//3127 2989//2994 2982//2988
f 3127//3129 3106//3109 2805//2810
f 3107//3110 3106//3109 3128//3130
f 3106//3109 3127//3129 3128//3130
f 3129//3131 3127//3129 2805//2810
f 3130//3132 3128//3130 3127//3129
f 3109//3112 2944//2950 2943//2949
f 3131//3133 2944//2950 3109//3112
f 3131//3133 2983//2989 2944//2950
f 3132//3134 3133//3135 2983//2989
f 3132//3134 2983//2989 3131//3133
f 3132//3134 3134//3136 3133//3135
f 3134//3136 3132//3134 3135//3137
f 3237//3138 3132//3134 3131//3133
f 3135//3137 3132//3134 3237//3138
f 2983//2989 3133//3135 2951//2957
f 3112//3114 2951//2957 3136//3139
f 3133//3135 3136//3139 2951//2957
f 3112//3114 3136//3139 3113//3115
f 3136//3139 3137//3140 3113//3115
f 3136//3139 3134//3136 3137//3140
f 3134//3136 3136//3139 3133//3135
f 3134//3136 3135//3137 3137//3140
f 2805//2810 2990//2995 3129//3131
f 2990//2995 3138//3141 3129//3131
f 3139//3142 3130//3132 3127//3129
f 3140//3143 3130//3132 3139//3142
f 2989//2994 3141//3144 2992//2996
f 2993//2997 3138//3141 2990//2995
f 2993//2997 2994//2998 3138//3141
f 3129//3131 3138//3141 2994//2998
f 3129//3131 3142//3145 3127//3129
f 3142//3145 3139//3142 3127//3129
f 3143//3146 3139//3142 3142//3145
f 3140//3143 3139//3142 3143//3146
f 3144//3147 3140//3143 3143//3146
f 3142//3145 3129//3131 2994//2998
f 3145//3148 3146//3149 3141//3144
f 3142//3145 2994//2998 2995//2999
f 3142//3145 2995//2999 3143//3146
f 3144//3147 3143//3146 2995//2999
f 3147//3150 3144//3147 3148//3151
f 3149//3152 3144//3147 2995//2999
f 3149//3152 3148//3151 3144//3147
f 3146//3149 2992//2996 3141//3144
f 3145//3148 3150//3153 3146//3149
f 3149//3152 3152//3154 3151//3155
f 3148//3151 3149//3152 3151//3155
f 3151//3155 3153//3156 3148//3151
f 2995//2999 2997//3002 2999//3003
f 3149//3152 2995//2999 3152//3154
f 2999//3003 3152//3154 2995//2999
f 3151//3155 3152//3154 3000//3004
f 3009//3013 3151//3155 3000//3004
f 2992//2996 3146//3149 3154//3157
f 3150//3153 3154//3157 3146//3149
f 3152//3154 2999//3003 3000//3004
f 3003//3007 2996//3000 2992//2996
f 2992//2996 3154//3157 3003//3007
f 3004//3008 3003//3007 3155//3158
f 3011//3015 3004//3008 3156//3159
f 3004//3008 3155//3158 3156//3159
f 3003//3007 3157//3160 3155//3158
f 3155//3158 3157//3160 3156//3159
f 3157//3160 3158//3161 3156//3159
f 3159//3162 2844//2849 3160//3163
f 3161//3164 3011//3015 3156//3159
f 3158//3161 3161//3164 3156//3159
f 3157//3160 3161//3164 3158//3161
f 3014//3018 3160//3163 2844//2849
f 3011//3015 3013//3017 3005//3009
f 3161//3164 3013//3017 3011//3015
f 3157//3160 3163//3165 3162//3166
f 3157//3160 3162//3166 3161//3164
f 3013//3017 3161//3164 3164//3167
f 3161//3164 3162//3166 3164//3167
f 3162//3166 3163//3165 3164//3167
f 3165//3168 3159//3162 3160//3163
f 3014//3018 3165//3168 3160//3163
f 3165//3168 3014//3018 3016//3020
f 3166//3169 3167//3170 3021//3025
f 3164//3167 3168//3171 3013//3017
f 3165//3168 3016//3020 3017//3021
f 3165//3168 3017//3021 3166//3169
f 3167//3170 3017//3021 3018//3022
f 3017//3021 3167//3170 3166//3169
f 3167//3170 3018//3022 3021//3025
f 3021//3025 3020//3024 3169//3172
f 3020//3024 3170//3173 3169//3172
f 3012//3016 3013//3017 3171//3174
f 3020//3024 3023//3027 3170//3173
f 3170//3173 3023//3027 3022//3026
f 3025//3029 3170//3173 3022//3026
f 3019//3023 3012//3016 3172//3175
f 3172//3175 3012//3016 3171//3174
f 3171//3174 3173//3176 3172//3175
f 3172//3175 3173//3176 3019//3023
f 3019//3023 3173//3176 2877//2882
f 3041//3047 3174//3177 3037//3042
f 3041//3047 3176//3178 3175//3179
f 3177//3180 3174//3177 3175//3179
f 3174//3177 3041//3047 3175//3179
f 3026//3030 3027//3032 3041//3047
f 3041//3047 3178//3181 3176//3178
f 3041//3047 3179//3182 3178//3181
f 3041//3047 3027//3032 3179//3182
f 3027//3032 3031//3035 3179//3182
f 3178//3181 3179//3182 3180//3183
f 3179//3182 3181//3184 3180//3183
f 3034//3038 3181//3184 3179//3182
f 3034//3038 3179//3182 3031//3035
f 3180//3183 3181//3184 3182//3185
f 3181//3184 3034//3038 3036//3040
f 3036//3040 3182//3185 3181//3184
f 3036//3040 3183//3186 3182//3185
f 3183//3186 3184//3187 3182//3185
f 3183//3186 3036//3040 3055//3060
f 2906//2911 3051//3056 3036//3040
f 3056//3061 3060//3064 3055//3060
f 3055//3060 3060//3064 3185//3188
f 3060//3064 3186//3189 3185//3188
f 3185//3188 3186//3189 3187//3190
f 3060//3064 3062//3066 3186//3189
f 3188//3191 3189//3192 3186//3189
f 3189//3192 3187//3190 3186//3189
f 3189//3192 3188//3191 3187//3190
f 3190//3193 3188//3191 3186//3189
f 3062//3066 3065//3069 3186//3189
f 3186//3189 3065//3069 3190//3193
f 3066//3070 3190//3193 3065//3069
f 3190//3193 3066//3070 3191//3194
f 3191//3194 3066//3070 3192//3195
f 3188//3191 3190//3193 3191//3194
f 3193//3196 3188//3191 3191//3194
f 3193//3196 3191//3194 3192//3195
f 3192//3195 3194//3197 3193//3196
f 3195//3198 3194//3197 3192//3195
f 3196//3199 3038//3043 3037//3042
f 3197//3200 3196//3199 3037//3042
f 3026//3030 3041//3047 3042//3046
f 3036//3040 3051//3056 3055//3060
f 3058//3063 3060//3064 3056//3061
f 3105//3108 3195//3198 3192//3195
f 3105//3108 3192//3195 3066//3070
f 3198//3201 3195//3198 3105//3108
f 2940//2946 3105//3108 3066//3070
f 3199//3202 3198//3201 3105//3108
f 3105//3108 3107//3110 3199//3202
f 3070//3075 3201//3203 3200//3204
f 3038//3043 3201//3203 3070//3075
f 3200//3204 3069//3074 3070//3075
f 3202//3205 3200//3204 3201//3203
f 3075//3079 3038//3043 3070//3075
f 3038//3043 3196//3199 3201//3203
f 3202//3205 3201//3203 3196//3199
f 3197//3200 3203//3206 3196//3199
f 3079//3083 3205//3207 3204//3208
f 3079//3083 3204//3208 3080//3084
f 3206//3209 3080//3084 3204//3208
f 3080//3084 3207//3210 3081//3085
f 3081//3085 3207//3210 3090//3094
f 3208//3211 3206//3209 3209//3212
f 3209//3212 3207//3210 3208//3211
f 3206//3209 3208//3211 3080//3084
f 3207//3210 3080//3084 3208//3211
f 3210//3213 3206//3209 3204//3208
f 3204//3208 3205//3207 3210//3213
f 3207//3210 3209//3212 3090//3094
f 3209//3212 3096//3099 3090//3094
f 3096//3099 3209//3212 3211//3214
f 3206//3209 3212//3215 3211//3214
f 3211//3214 3209//3212 3206//3209
f 3206//3209 3210//3213 3212//3215
f 3091//3095 3090//3094 3096//3099
f 3211//3214 3212//3215 3213//3216
f 3096//3099 3211//3214 3213//3216
f 3210//3213 3214//3217 3212//3215
f 3214//3217 3210//3213 3357//3218
f 3213//3216 3215//3219 3096//3099
f 3214//3217 3216//3220 3212//3215
f 3212//3215 3216//3220 3213//3216
f 3215//3219 3213//3216 3216//3220
f 3217//3221 3214//3217 3357//3218
f 3214//3217 3217//3221 3216//3220
f 3215//3219 3216//3220 3217//3221
f 3218//3222 3215//3219 3217//3221
f 3124//3126 3096//3099 3215//3219
f 3218//3222 3124//3126 3215//3219
f 3096//3099 3116//3118 3095//3098
f 3118//3120 3096//3099 3124//3126
f 3099//3102 3124//3126 3219//3223
f 3219//3223 3124//3126 3220//3224
f 3220//3224 3221//3225 3219//3223
f 3124//3126 3221//3225 3220//3224
f 3124//3126 3222//3226 3221//3225
f 3219//3223 3221//3225 3099//3102
f 3099//3102 3221//3225 3101//3103
f 3221//3225 3102//3105 3101//3103
f 3102//3105 3221//3225 3223//3227
f 3222//3226 3223//3227 3221//3225
f 3223//3227 3224//3228 3102//3105
f 3102//3105 3126//3128 3104//3107
f 3126//3128 3102//3105 3224//3228
f 3224//3228 3225//3229 3126//3128
f 3224//3228 3125//3127 3225//3229
f 3226//3230 3110//3071 3069//3074
f 3226//3230 3108//3111 3110//3071
f 3226//3230 3227//3231 3109//3112
f 3226//3230 3109//3112 3108//3111
f 3200//3204 3226//3230 3069//3074
f 3200//3204 3228//3232 3226//3230
f 3227//3231 3226//3230 3228//3232
f 3227//3231 3131//3133 3109//3112
f 3202//3205 3228//3232 3200//3204
f 3229//3233 3113//3115 3137//3140
f 3079//3083 3229//3233 3230//3234
f 3079//3083 3230//3234 3231//3235
f 3229//3233 3079//3083 3113//3115
f 3121//3123 3118//3120 3124//3126
f 3225//3229 3125//3127 3126//3128
f 3224//3228 3232//3236 3125//3127
f 3232//3236 3233//3237 3125//3127
f 3233//3237 3232//3236 3141//3144
f 3141//3144 3232//3236 3234//3238
f 3128//3130 3130//3132 3107//3110
f 3374//3239 3107//3110 3235//3240
f 3236//3241 3237//3138 3131//3133
f 3236//3241 3238//3242 3237//3138
f 3237//3138 3238//3242 3135//3137
f 3239//3243 3236//3241 3131//3133
f 3239//3243 3240//3244 3236//3241
f 3236//3241 3240//3244 3238//3242
f 3240//3244 3229//3233 3238//3242
f 3239//3243 3241//3245 3240//3244
f 3241//3245 3230//3234 3240//3244
f 3240//3244 3230//3234 3229//3233
f 3239//3243 3131//3133 3227//3231
f 3241//3245 3231//3235 3230//3234
f 3238//3242 3229//3233 3135//3137
f 3137//3140 3135//3137 3229//3233
f 3125//3127 3242//3246 2989//2994
f 3242//3246 3125//3127 3233//3237
f 3242//3246 3233//3237 3141//3144
f 3242//3246 3141//3144 2989//2994
f 3243//3247 3244//3248 3141//3144
f 3243//3247 3141//3144 3234//3238
f 3245//3249 3107//3110 3130//3132
f 3245//3249 3246//3250 3107//3110
f 3235//3240 3107//3110 3246//3250
f 3245//3249 3247//3251 3246//3250
f 3245//3249 3130//3132 3140//3143
f 3140//3143 3247//3251 3245//3249
f 3247//3251 3144//3147 3246//3250
f 3246//3250 3144//3147 3147//3150
f 3147//3150 3235//3240 3246//3250
f 3248//3252 3249//3253 3235//3240
f 3144//3147 3247//3251 3140//3143
f 3141//3144 3250//3254 3145//3148
f 3251//3255 3250//3254 3141//3144
f 3244//3248 3251//3255 3141//3144
f 3252//3256 3251//3255 3244//3248
f 3252//3256 3244//3248 3253//3257
f 3250//3254 3251//3255 3257//3258
f 3147//3150 3254//3259 3235//3240
f 3235//3240 3254//3259 3248//3252
f 3254//3259 3147//3150 3148//3151
f 3148//3151 3153//3156 3254//3259
f 3248//3252 3254//3259 3153//3156
f 3255//3260 3391//3261 3248//3252
f 3250//3254 3256//3262 3145//3148
f 3256//3262 3250//3254 3257//3258
f 3251//3255 3258//3263 3257//3258
f 3252//3256 3258//3263 3251//3255
f 3259//3264 3145//3148 3256//3262
f 3256//3262 3257//3258 3260//3265
f 3257//3258 3258//3263 3260//3265
f 3260//3265 3258//3263 3252//3256
f 3009//3013 3153//3156 3151//3155
f 3248//3252 3153//3156 3009//3013
f 3255//3260 3248//3252 3009//3013
f 3259//3264 3150//3153 3145//3148
f 3259//3264 3256//3262 3260//3265
f 3252//3256 3261//3266 3260//3265
f 3252//3256 3262//3267 3261//3266
f 3261//3266 3259//3264 3260//3265
f 3263//3268 3259//3264 3261//3266
f 3263//3268 3261//3266 3264//3269
f 3262//3267 3264//3269 3261//3266
f 3262//3267 3263//3268 3264//3269
f 3262//3267 3265//3270 3263//3268
f 3263//3268 3265//3270 3266//3271
f 3266//3271 3259//3264 3263//3268
f 3266//3271 3265//3270 3262//3267
f 3267//3272 3266//3271 3262//3267
f 3266//3271 3150//3153 3259//3264
f 3154//3157 3150//3153 3003//3007
f 3266//3271 3268//3273 3150//3153
f 3003//3007 3150//3153 3269//3274
f 3268//3273 3270//3275 3150//3153
f 3157//3160 3003//3007 3269//3274
f 3150//3153 3271//3276 3269//3274
f 3272//3277 3271//3276 3150//3153
f 3272//3277 3150//3153 3270//3275
f 3159//3162 3273//3278 2844//2849
f 3269//3274 3274//3279 3157//3160
f 3274//3279 3163//3165 3157//3160
f 3275//3280 3274//3279 3269//3274
f 3276//3281 3275//3280 3269//3274
f 3271//3276 3277//3282 3269//3274
f 3275//3280 3278//3283 3274//3279
f 3275//3280 3276//3281 3278//3283
f 3279//3284 3280//3285 3276//3281
f 3276//3281 3280//3285 3278//3283
f 3281//3286 3278//3283 3280//3285
f 3269//3274 3279//3284 3276//3281
f 3166//3169 3159//3162 3165//3168
f 3282//3287 3159//3162 3166//3169
f 3282//3287 3166//3169 3021//3025
f 3273//3278 3159//3162 3282//3287
f 3164//3167 3163//3165 3283//3288
f 3278//3283 3284//3289 3274//3279
f 3285//3290 3273//3278 3282//3287
f 3282//3287 3287//3291 3286//3292
f 3286//3292 3285//3290 3282//3287
f 3283//3288 3168//3171 3164//3167
f 3163//3165 3168//3171 3283//3288
f 3163//3165 3288//3293 3168//3171
f 3288//3293 3163//3165 3289//3294
f 3168//3171 3288//3293 3289//3294
f 3435//3295 3163//3165 3274//3279
f 3289//3294 3163//3165 3435//3295
f 3439//3296 3435//3295 3274//3279
f 3290//3297 3439//3296 3274//3279
f 3287//3291 3282//3287 3169//3172
f 3287//3291 3169//3172 3286//3292
f 3282//3287 3021//3025 3169//3172
f 3289//3294 3291//3298 3168//3171
f 3168//3171 3291//3298 3292//3299
f 3291//3298 3289//3294 3292//3299
f 3168//3171 3292//3299 3293//3300
f 3435//3295 3292//3299 3289//3294
f 3294//3301 3292//3299 3435//3295
f 3170//3173 3295//3302 3169//3172
f 3295//3302 3286//3292 3169//3172
f 3296//3303 3170//3173 3025//3029
f 3297//3304 3286//3292 3295//3302
f 3170//3173 3297//3304 3295//3302
f 3168//3171 3305//3305 3013//3017
f 3168//3171 3293//3300 3305//3305
f 3294//3301 3298//3306 3292//3299
f 3292//3299 3298//3306 3293//3300
f 3293//3300 3298//3306 3305//3305
f 3294//3301 3435//3295 3436//3307
f 3299//3308 3025//3029 3300//3309
f 3298//3306 3301//3310 3299//3308
f 3025//3029 3299//3308 3301//3310
f 3298//3306 3302//3311 3305//3305
f 3300//3309 3302//3311 3299//3308
f 3302//3311 3298//3306 3299//3308
f 3296//3303 3025//3029 3303//3312
f 3294//3301 3301//3310 3298//3306
f 3301//3310 3294//3301 3436//3307
f 3303//3312 3025//3029 3301//3310
f 3304//3313 2877//2882 3300//3309
f 3304//3313 2750//2753 2877//2882
f 3173//3176 3302//3311 3300//3309
f 2877//2882 3173//3176 3300//3309
f 3025//3029 2750//2753 3304//3313
f 3025//3029 3304//3313 3300//3309
f 3305//3305 3171//3174 3013//3017
f 3171//3174 3302//3311 3173//3176
f 3302//3311 3171//3174 3305//3305
f 3197//3200 3037//3042 3306//3314
f 3307//3315 3197//3200 3308//3316
f 3308//3316 3309//3317 3307//3315
f 3307//3315 3309//3317 3310//3318
f 3310//3318 3309//3317 3311//3319
f 3197//3200 3306//3314 3308//3316
f 3308//3316 3312//3320 3309//3317
f 3309//3317 3312//3320 3313//3321
f 3309//3317 3313//3321 3311//3319
f 3175//3179 3176//3178 3314//3322
f 3037//3042 3174//3177 3177//3180
f 3306//3314 3177//3180 3314//3322
f 3177//3180 3175//3179 3314//3322
f 3037//3042 3177//3180 3306//3314
f 3306//3314 3314//3322 3308//3316
f 3308//3316 3314//3322 3315//3323
f 3308//3316 3315//3323 3312//3320
f 3313//3321 3317//3324 3316//3325
f 3314//3322 3176//3178 3178//3181
f 3312//3320 3315//3323 3314//3322
f 3178//3181 3312//3320 3314//3322
f 3317//3324 3313//3321 3312//3320
f 3312//3320 3319//3326 3318//3327
f 3178//3181 3180//3183 3320//3328
f 3180//3183 3182//3185 3320//3328
f 3320//3328 3182//3185 3184//3187
f 3320//3328 3184//3187 3178//3181
f 3312//3320 3178//3181 3184//3187
f 3312//3320 3184//3187 3321//3329
f 3312//3320 3321//3329 3319//3326
f 3321//3329 3184//3187 3322//3330
f 3321//3329 3322//3330 3323//3331
f 3323//3331 3324//3332 3321//3329
f 3325//3333 3324//3332 3323//3331
f 3319//3326 3321//3329 3324//3332
f 3319//3326 3324//3332 3326//3334
f 3324//3332 3325//3333 3326//3334
f 3323//3331 3322//3330 3327//3335
f 3323//3331 3327//3335 3325//3333
f 3183//3186 3322//3330 3184//3187
f 3322//3330 3183//3186 3327//3335
f 3328//3336 3327//3335 3183//3186
f 3327//3335 3328//3336 3325//3333
f 3328//3336 3183//3186 3329//3337
f 3329//3337 3183//3186 3055//3060
f 3185//3188 3330//3338 3055//3060
f 3055//3060 3331//3339 3329//3337
f 3055//3060 3330//3338 3331//3339
f 3332//3340 3331//3339 3330//3338
f 3330//3338 3185//3188 3187//3190
f 3330//3338 3187//3190 3333//3341
f 3332//3340 3330//3338 3333//3341
f 3331//3339 3332//3340 3334//3342
f 3187//3190 3188//3191 3333//3341
f 3332//3340 3193//3196 3335//3343
f 3333//3341 3193//3196 3332//3340
f 3334//3342 3332//3340 3335//3343
f 3333//3341 3188//3191 3193//3196
f 3334//3342 3335//3343 3194//3197
f 3334//3342 3194//3197 3336//3344
f 3335//3343 3193//3196 3194//3197
f 3336//3344 3194//3197 3337//3345
f 3337//3345 3194//3197 3338//3346
f 3194//3197 3195//3198 3338//3346
f 3338//3346 3195//3198 3198//3201
f 3203//3206 3197//3200 3339//3347
f 3197//3200 3307//3315 3340//3348
f 3339//3347 3197//3200 3340//3348
f 3341//3349 3343//3350 3342//3351
f 3342//3351 3344//3352 3341//3349
f 3341//3349 3345//3353 3343//3350
f 3344//3352 3342//3351 3357//3218
f 3342//3351 3343//3350 3357//3218
f 3357//3218 3343//3350 3346//3354
f 3346//3354 3218//3222 3357//3218
f 3347//3355 3198//3201 3199//3202
f 3199//3202 3107//3110 3374//3239
f 3203//3206 3348//3356 3196//3199
f 3348//3356 3202//3205 3196//3199
f 3348//3356 3349//3357 3228//3232
f 3350//3358 3228//3232 3349//3357
f 3348//3356 3228//3232 3202//3205
f 3203//3206 3349//3357 3348//3356
f 3351//3359 3349//3357 3203//3206
f 3352//3360 3079//3083 3353//3361
f 3205//3207 3079//3083 3341//3349
f 3352//3360 3341//3349 3079//3083
f 3341//3349 3352//3360 3345//3353
f 3354//3362 3356//3363 3355//3364
f 3205//3207 3354//3362 3355//3364
f 3341//3349 3344//3352 3205//3207
f 3344//3352 3354//3362 3205//3207
f 3354//3362 3344//3352 3356//3363
f 3205//3207 3355//3364 3210//3213
f 3355//3364 3356//3363 3357//3218
f 3356//3363 3344//3352 3357//3218
f 3355//3364 3357//3218 3210//3213
f 3217//3221 3357//3218 3218//3222
f 3218//3222 3359//3365 3358//3366
f 3218//3222 3360//3367 3124//3126
f 3360//3367 3218//3222 3361//3368
f 3362//3369 3360//3367 3361//3368
f 3222//3226 3124//3126 3360//3367
f 3362//3369 3363//3370 3222//3226
f 3222//3226 3360//3367 3362//3369
f 3363//3370 3362//3369 3364//3371
f 3364//3371 3365//3372 3363//3370
f 3364//3371 3366//3373 3365//3372
f 3363//3370 3365//3372 3223//3227
f 3363//3370 3223//3227 3222//3226
f 3365//3372 3224//3228 3223//3227
f 3366//3373 3367//3374 3365//3372
f 3367//3374 3224//3228 3365//3372
f 3224//3228 3368//3375 3232//3236
f 3368//3375 3369//3376 3232//3236
f 3199//3202 3371//3377 3370//3378
f 3372//3379 3199//3202 3370//3378
f 3372//3379 3370//3378 3373//3380
f 3199//3202 3374//3239 3371//3377
f 3375//3381 3370//3378 3371//3377
f 3375//3381 3373//3380 3370//3378
f 3376//3382 3373//3380 3375//3381
f 3373//3380 3376//3382 3377//3383
f 3378//3384 3375//3381 3371//3377
f 3350//3358 3227//3231 3228//3232
f 3239//3243 3227//3231 3380//3385
f 3384//3386 3227//3231 3379//3387
f 3384//3386 3380//3385 3227//3231
f 3350//3358 3379//3387 3227//3231
f 3384//3386 3381//3388 3380//3385
f 3381//3388 3382//3389 3380//3385
f 3383//3390 3384//3386 3379//3387
f 3384//3386 3383//3390 3385//3391
f 3384//3386 3385//3391 3381//3388
f 3385//3391 3353//3361 3381//3388
f 3079//3083 3231//3235 3382//3389
f 3380//3385 3382//3389 3231//3235
f 3381//3388 3353//3361 3382//3389
f 3382//3389 3353//3361 3079//3083
f 3386//3392 3234//3238 3232//3236
f 3369//3376 3386//3392 3232//3236
f 3387//3393 3243//3247 3234//3238
f 3387//3393 3388//3394 3243//3247
f 3249//3253 3371//3377 3374//3239
f 3375//3381 3378//3384 3376//3382
f 3374//3239 3235//3240 3249//3253
f 3371//3377 3249//3253 3389//3395
f 3371//3377 3389//3395 3378//3384
f 3239//3243 3231//3235 3241//3245
f 3231//3235 3239//3243 3380//3385
f 3388//3394 3244//3248 3243//3247
f 3376//3382 3378//3384 3390//3396
f 3377//3383 3376//3382 3390//3396
f 3248//3252 3391//3261 3249//3253
f 3389//3395 3249//3253 3391//3261
f 3378//3384 3389//3395 3391//3261
f 3390//3396 3378//3384 3391//3261
f 3392//3397 3393//3398 3377//3383
f 3392//3397 3394//3399 3393//3398
f 3377//3383 3390//3396 3392//3397
f 3394//3399 3392//3397 3395//3400
f 3391//3261 3255//3260 3390//3396
f 3388//3394 3253//3257 3244//3248
f 3388//3394 3396//3401 3253//3257
f 3395//3400 3392//3397 3397//3402
f 3397//3402 3392//3397 3390//3396
f 3255//3260 3397//3402 3390//3396
f 3398//3403 3397//3402 3255//3260
f 3397//3402 3398//3403 3395//3400
f 3262//3267 3252//3256 3253//3257
f 3262//3267 3253//3257 3399//3404
f 3400//3405 3399//3404 3253//3257
f 3399//3404 3400//3405 3401//3406
f 3401//3406 3400//3405 3402//3407
f 3403//3408 3262//3267 3399//3404
f 3403//3408 3399//3404 3401//3406
f 3404//3409 3262//3267 3403//3408
f 3405//3410 3401//3406 3402//3407
f 3403//3408 3401//3406 3405//3410
f 3405//3410 3404//3409 3403//3408
f 3404//3409 3267//3272 3262//3267
f 3267//3272 3404//3409 3406//3411
f 3404//3409 3407//3412 3406//3411
f 3009//3013 3398//3403 3255//3260
f 3398//3403 3009//3013 3273//3278
f 3408//3413 3266//3271 3267//3272
f 3406//3411 3408//3413 3267//3272
f 3273//3278 3009//3013 2844//2849
f 3268//3273 3266//3271 3408//3413
f 3408//3413 3410//3414 3268//3273
f 3409//3415 3410//3414 3408//3413
f 3409//3415 3408//3413 3406//3411
f 3411//3416 3409//3415 3406//3411
f 3270//3275 3268//3273 3410//3414
f 3412//3417 3413//3418 3410//3414
f 3409//3415 3412//3417 3410//3414
f 3271//3276 3272//3277 3277//3282
f 3410//3414 3413//3418 3270//3275
f 3413//3418 3412//3417 3561//3419
f 3279//3284 3269//3274 3277//3282
f 3414//3420 3270//3275 3413//3418
f 3414//3420 3272//3277 3270//3275
f 3279//3284 3281//3286 3280//3285
f 3415//3421 3285//3290 3416//3422
f 3417//3423 3279//3284 3277//3282
f 3281//3286 3279//3284 3417//3423
f 3277//3282 3418//3424 3417//3423
f 3419//3425 3277//3282 3272//3277
f 3278//3283 3281//3286 3420//3426
f 3418//3424 3281//3286 3417//3423
f 3418//3424 3419//3425 3281//3286
f 3277//3282 3419//3425 3418//3424
f 3414//3420 3419//3425 3272//3277
f 3416//3422 3421//3427 3415//3421
f 3285//3290 3422//3428 3416//3422
f 3416//3422 3423//3429 3421//3427
f 3290//3297 3274//3279 3284//3289
f 3284//3289 3278//3283 3424//3430
f 3278//3283 3420//3426 3424//3430
f 3424//3430 3290//3297 3284//3289
f 3420//3426 3290//3297 3424//3430
f 3419//3425 3420//3426 3281//3286
f 3286//3292 3422//3428 3285//3290
f 3297//3304 3422//3428 3286//3292
f 3297//3304 3425//3431 3422//3428
f 3422//3428 3425//3431 3426//3432
f 3422//3428 3426//3432 3416//3422
f 3416//3422 3426//3432 3423//3429
f 3423//3429 3426//3432 3425//3431
f 3423//3429 3425//3431 3427//3433
f 3427//3433 3425//3431 3296//3303
f 3428//3434 3423//3429 3427//3433
f 3429//3435 3428//3434 3427//3433
f 3429//3435 3427//3433 3296//3303
f 3429//3435 3296//3303 3430//3436
f 3290//3297 3420//3426 3431//3437
f 3419//3425 3431//3437 3420//3426
f 3431//3437 3432//3438 3290//3297
f 3419//3425 3433//3439 3431//3437
f 3432//3438 3431//3437 3433//3439
f 3297//3304 3170//3173 3296//3303
f 3296//3303 3425//3431 3297//3304
f 3434//3440 3430//3436 3296//3303
f 3435//3295 3437//3441 3436//3307
f 3437//3441 3438//3442 3436//3307
f 3439//3296 3437//3441 3435//3295
f 3439//3296 3440//3443 3437//3441
f 3440//3443 3438//3442 3437//3441
f 3440//3443 3439//3296 3290//3297
f 3290//3297 3432//3438 3440//3443
f 3438//3442 3441//3444 3436//3307
f 3434//3440 3303//3312 3441//3444
f 3434//3440 3296//3303 3303//3312
f 3440//3443 3442//3445 3438//3442
f 3441//3444 3438//3442 3442//3445
f 3440//3443 3432//3438 3442//3445
f 3434//3440 3441//3444 3442//3445
f 3442//3445 3432//3438 3434//3440
f 3443//3446 3445//3447 3444//3448
f 3445//3447 3443//3446 3446//3449
f 3447//3450 3445//3447 3446//3449
f 3448//3451 3443//3446 3444//3448
f 3443//3446 3448//3451 3449//3452
f 3446//3449 3449//3452 3450//3453
f 3443//3446 3449//3452 3446//3449
f 3450//3453 3449//3452 3451//3454
f 3449//3452 3329//3337 3451//3454
f 3448//3451 3329//3337 3449//3452
f 3452//3455 3307//3315 3310//3318
f 3310//3318 3453//3456 3452//3455
f 3454//3457 3456//3458 3455//3459
f 3455//3459 3457//3460 3454//3457
f 3310//3318 3311//3319 3453//3456
f 3456//3458 3459//3461 3458//3462
f 3311//3319 3313//3321 3316//3325
f 3311//3319 3316//3325 3460//3463
f 3316//3325 3458//3462 3460//3463
f 3316//3325 3317//3324 3318//3327
f 3316//3325 3318//3327 3458//3462
f 3458//3462 3444//3448 3456//3458
f 3456//3458 3444//3448 3445//3447
f 3456//3458 3445//3447 3455//3459
f 3317//3324 3312//3320 3318//3327
f 3444//3448 3458//3462 3318//3327
f 3318//3327 3319//3326 3461//3464
f 3318//3327 3461//3464 3444//3448
f 3448//3451 3444//3448 3461//3464
f 3461//3464 3319//3326 3326//3334
f 3326//3334 3325//3333 3462//3465
f 3462//3465 3461//3464 3326//3334
f 3448//3451 3461//3464 3329//3337
f 3461//3464 3462//3465 3329//3337
f 3462//3465 3325//3333 3328//3336
f 3328//3336 3329//3337 3462//3465
f 3451//3454 3329//3337 3463//3466
f 3463//3466 3329//3337 3331//3339
f 3463//3466 3331//3339 3464//3467
f 3463//3466 3464//3467 3465//3468
f 3331//3339 3334//3342 3464//3467
f 3464//3467 3334//3342 3336//3344
f 3465//3468 3464//3467 3336//3344
f 3336//3344 3466//3469 3465//3468
f 3465//3468 3466//3469 3467//3470
f 3468//3471 3469//3472 3467//3470
f 3336//3344 3337//3345 3466//3469
f 3466//3469 3337//3345 3470//3473
f 3467//3470 3466//3469 3470//3473
f 3471//3474 3472//3475 3468//3471
f 3467//3470 3470//3473 3468//3471
f 3470//3473 3337//3345 3338//3346
f 3471//3474 3470//3473 3338//3346
f 3468//3471 3470//3473 3471//3474
f 3347//3355 3338//3346 3198//3201
f 3471//3474 3338//3346 3347//3355
f 3473//3476 3471//3474 3347//3355
f 3473//3476 3474//3477 3471//3474
f 3351//3359 3203//3206 3339//3347
f 3475//3478 3351//3359 3339//3347
f 3475//3478 3476//3479 3351//3359
f 3475//3478 3477//3480 3476//3479
f 3476//3479 3478//3481 3351//3359
f 3477//3480 3459//3461 3476//3479
f 3478//3481 3476//3479 3479//3482
f 3459//3461 3480//3483 3476//3479
f 3459//3461 3454//3457 3480//3483
f 3480//3483 3454//3457 3457//3460
f 3481//3484 3480//3483 3457//3460
f 3480//3483 3481//3484 3482//3485
f 3482//3485 3479//3482 3480//3483
f 3340//3348 3452//3455 3483//3486
f 3307//3315 3452//3455 3340//3348
f 3340//3348 3483//3486 3339//3347
f 3483//3486 3452//3455 3484//3487
f 3452//3455 3453//3456 3484//3487
f 3483//3486 3475//3478 3339//3347
f 3484//3487 3475//3478 3483//3486
f 3484//3487 3453//3456 3460//3463
f 3475//3478 3484//3487 3477//3480
f 3477//3480 3484//3487 3460//3463
f 3459//3461 3477//3480 3460//3463
f 3459//3461 3456//3458 3454//3457
f 3453//3456 3311//3319 3460//3463
f 3459//3461 3460//3463 3458//3462
f 3485//3488 3487//3489 3486//3490
f 3345//3353 3485//3488 3343//3350
f 3487//3489 3485//3488 3345//3353
f 3485//3488 3488//3491 3343//3350
f 3489//3492 3488//3491 3485//3488
f 3485//3488 3490//3493 3489//3492
f 3490//3493 3485//3488 3491//3494
f 3343//3350 3488//3491 3346//3354
f 3359//3365 3346//3354 3488//3491
f 3490//3493 3359//3365 3489//3492
f 3359//3365 3488//3491 3489//3492
f 3359//3365 3490//3493 3491//3494
f 3492//3495 3359//3365 3491//3494
f 3493//3496 3492//3495 3491//3494
f 3218//3222 3346//3354 3359//3365
f 3494//3497 3495//3498 3492//3495
f 3492//3495 3495//3498 3496//3499
f 3367//3374 3496//3499 3495//3498
f 3347//3355 3199//3202 3473//3476
f 3497//3500 3474//3477 3498//3501
f 3199//3202 3372//3379 3473//3476
f 3373//3380 3473//3476 3372//3379
f 3473//3476 3499//3502 3474//3477
f 3373//3380 3499//3502 3473//3476
f 3499//3502 3500//3503 3474//3477
f 3500//3503 3499//3502 3373//3380
f 3498//3501 3474//3477 3500//3503
f 3498//3501 3500//3503 3501//3504
f 3351//3359 3478//3481 3349//3357
f 3350//3358 3349//3357 3478//3481
f 3502//3505 3350//3358 3503//3506
f 3350//3358 3478//3481 3479//3482
f 3480//3483 3479//3482 3476//3479
f 3504//3507 3503//3506 3350//3358
f 3479//3482 3504//3507 3350//3358
f 3487//3489 3352//3360 3353//3361
f 3487//3489 3345//3353 3352//3360
f 3359//3365 3505//3508 3358//3366
f 3218//3222 3358//3366 3361//3368
f 3361//3368 3358//3366 3362//3369
f 3359//3365 3506//3509 3505//3508
f 3505//3508 3507//3510 3358//3366
f 3505//3508 3506//3509 3507//3510
f 3506//3509 3496//3499 3507//3510
f 3506//3509 3359//3365 3492//3495
f 3362//3369 3507//3510 3364//3371
f 3358//3366 3507//3510 3362//3369
f 3496//3499 3506//3509 3492//3495
f 3496//3499 3367//3374 3366//3373
f 3364//3371 3507//3510 3366//3373
f 3507//3510 3496//3499 3366//3373
f 3638//3511 3369//3376 3368//3375
f 3638//3511 3508//3512 3369//3376
f 3369//3376 3508//3512 3509//3513
f 3510//3514 3509//3513 3508//3512
f 3510//3514 3511//3515 3509//3513
f 3369//3376 3512//3516 3387//3393
f 3369//3376 3509//3513 3512//3516
f 3512//3516 3509//3513 3511//3515
f 3500//3503 3373//3380 3513//3517
f 3513//3517 3373//3380 3377//3383
f 3513//3517 3377//3383 3500//3503
f 3393//3398 3500//3503 3377//3383
f 3393//3398 3514//3518 3500//3503
f 3501//3504 3500//3503 3514//3518
f 3515//3519 3501//3504 3514//3518
f 3515//3519 3514//3518 3516//3520
f 3516//3520 3517//3521 3515//3519
f 3383//3390 3379//3387 3523//3522
f 3385//3391 3518//3523 3353//3361
f 3385//3391 3383//3390 3518//3523
f 3502//3505 3379//3387 3350//3358
f 3519//3524 3383//3390 3523//3522
f 3383//3390 3519//3524 3518//3523
f 3379//3387 3502//3505 3523//3522
f 3519//3524 3520//3525 3518//3523
f 3521//3526 3353//3361 3518//3523
f 3522//3527 3523//3522 3502//3505
f 3522//3527 3520//3525 3523//3522
f 3523//3522 3520//3525 3519//3524
f 3518//3523 3520//3525 3521//3526
f 3522//3527 3502//3505 3524//3528
f 3520//3525 3525//3529 3521//3526
f 3522//3527 3525//3529 3520//3525
f 3525//3529 3526//3530 3521//3526
f 3526//3530 3522//3527 3524//3528
f 3526//3530 3525//3529 3522//3527
f 3527//3531 3526//3530 3524//3528
f 3487//3489 3353//3361 3521//3526
f 3487//3489 3521//3526 3526//3530
f 3386//3392 3369//3376 3387//3393
f 3386//3392 3387//3393 3234//3238
f 3528//3532 3512//3516 3511//3515
f 3528//3532 3511//3515 3510//3514
f 3532//3533 3512//3516 3528//3532
f 3532//3533 3528//3532 3529//3534
f 3510//3514 3530//3535 3528//3532
f 3531//3536 3530//3535 3510//3514
f 3532//3533 3388//3394 3387//3393
f 3387//3393 3512//3516 3532//3533
f 3514//3518 3393//3398 3516//3520
f 3516//3520 3393//3398 3394//3399
f 3388//3394 3532//3533 3533//3537
f 3529//3534 3528//3532 3534//3538
f 3535//3539 3534//3538 3528//3532
f 3529//3534 3533//3537 3532//3533
f 3534//3538 3533//3537 3529//3534
f 3517//3521 3516//3520 3394//3399
f 3517//3521 3394//3399 3395//3400
f 3534//3538 3536//3540 3533//3537
f 3533//3537 3396//3401 3388//3394
f 3534//3538 3537//3541 3536//3540
f 3534//3538 3535//3539 3537//3541
f 3517//3521 3395//3400 3538//3542
f 3539//3543 3517//3521 3538//3542
f 3536//3540 3540//3544 3533//3537
f 3537//3541 3540//3544 3536//3540
f 3541//3545 3537//3541 3535//3539
f 3400//3405 3253//3257 3396//3401
f 3533//3537 3400//3405 3396//3401
f 3395//3400 3398//3403 3542//3546
f 3538//3542 3395//3400 3542//3546
f 3543//3547 3542//3546 3398//3403
f 3400//3405 3533//3537 3546//3548
f 3540//3544 3546//3548 3533//3537
f 3537//3541 3544//3549 3540//3544
f 3400//3405 3546//3548 3545//3550
f 3402//3407 3400//3405 3545//3550
f 3402//3407 3545//3550 3405//3410
f 3405//3410 3545//3550 3404//3409
f 3547//3551 3546//3548 3540//3544
f 3545//3550 3546//3548 3548//3552
f 3545//3550 3548//3552 3404//3409
f 3547//3551 3548//3552 3546//3548
f 3549//3553 3540//3544 3544//3549
f 3544//3549 3550//3554 3549//3553
f 3551//3555 3398//3403 3273//3278
f 3548//3552 3407//3412 3404//3409
f 3548//3552 3406//3411 3407//3412
f 3548//3552 3547//3551 3552//3556
f 3547//3551 3540//3544 3553//3557
f 3552//3556 3547//3551 3553//3557
f 3552//3556 3553//3557 3554//3558
f 3540//3544 3549//3553 3553//3557
f 3549//3553 3554//3558 3553//3557
f 3548//3552 3552//3556 3555//3559
f 3555//3559 3552//3556 3554//3558
f 3555//3559 3406//3411 3548//3552
f 3555//3559 3554//3558 3556//3560
f 3550//3554 3554//3558 3549//3553
f 3555//3559 3411//3416 3406//3411
f 3557//3561 3555//3559 3556//3560
f 3555//3559 3557//3561 3411//3416
f 3557//3561 3556//3560 3558//3562
f 3557//3561 3558//3562 3411//3416
f 3559//3563 3558//3562 3556//3560
f 3559//3563 3556//3560 3554//3558
f 3558//3562 3559//3563 3560//3564
f 3561//3419 3412//3417 3409//3415
f 3561//3419 3414//3420 3413//3418
f 3411//3416 3558//3562 3561//3419
f 3411//3416 3561//3419 3409//3415
f 3560//3564 3561//3419 3558//3562
f 3285//3290 3415//3421 3273//3278
f 3562//3565 3415//3421 3563//3566
f 3564//3567 3563//3566 3415//3421
f 3564//3567 3565//3568 3563//3566
f 3562//3565 3563//3566 3566//3569
f 3567//3570 3419//3425 3414//3420
f 3561//3419 3568//3571 3414//3420
f 3568//3571 3561//3419 3560//3564
f 3415//3421 3421//3427 3564//3567
f 3421//3427 3423//3429 3428//3434
f 3421//3427 3428//3434 3564//3567
f 3569//3572 3564//3567 3428//3434
f 3565//3568 3564//3567 3569//3572
f 3565//3568 3569//3572 3566//3569
f 3565//3568 3566//3569 3563//3566
f 3569//3572 3570//3573 3566//3569
f 3414//3420 3568//3571 3567//3570
f 3571//3574 3568//3571 3560//3564
f 3571//3574 3567//3570 3568//3571
f 3572//3575 3429//3435 3430//3436
f 3428//3434 3429//3435 3570//3573
f 3428//3434 3570//3573 3569//3572
f 3573//3576 3570//3573 3429//3435
f 3419//3425 3578//3577 3574//3578
f 3574//3578 3433//3439 3419//3425
f 3578//3577 3575//3579 3574//3578
f 3432//3438 3433//3439 3576//3580
f 3577//3581 3578//3577 3419//3425
f 3580//3582 3578//3577 3577//3581
f 3578//3577 3579//3583 3575//3579
f 3578//3577 3580//3582 3579//3583
f 3575//3579 3581//3584 3574//3578
f 3575//3579 3579//3583 3581//3584
f 3579//3583 3580//3582 3576//3580
f 3581//3584 3433//3439 3574//3578
f 3576//3580 3433//3439 3581//3584
f 3567//3570 3577//3581 3419//3425
f 3580//3582 3577//3581 3583//3585
f 3582//3586 3577//3581 3567//3570
f 3577//3581 3582//3586 3583//3585
f 3582//3586 3584//3587 3583//3585
f 3571//3574 3585//3588 3567//3570
f 3586//3589 3582//3586 3567//3570
f 3587//3590 3582//3586 3586//3589
f 3587//3590 3584//3587 3582//3586
f 3588//3591 3584//3587 3587//3590
f 3589//3592 3590//3593 3588//3591
f 3587//3590 3586//3589 3589//3592
f 3588//3591 3587//3590 3589//3592
f 3580//3582 3591//3594 3576//3580
f 3430//3436 3434//3440 3591//3594
f 3591//3594 3432//3438 3576//3580
f 3434//3440 3432//3438 3591//3594
f 3588//3591 3572//3575 3430//3436
f 3591//3594 3580//3582 3583//3585
f 3583//3585 3592//3595 3591//3594
f 3592//3595 3430//3436 3591//3594
f 3588//3591 3430//3436 3592//3595
f 3590//3593 3572//3575 3588//3591
f 3592//3595 3584//3587 3588//3591
f 3455//3459 3445//3447 3447//3450
f 3593//3596 3447//3450 3446//3449
f 3593//3596 3446//3449 3594//3597
f 3594//3597 3446//3449 3450//3453
f 3594//3597 3450//3453 3595//3598
f 3595//3598 3450//3453 3596//3599
f 3450//3453 3451//3454 3596//3599
f 3597//3600 3596//3599 3598//3601
f 3595//3598 3596//3599 3597//3600
f 3596//3599 3451//3454 3463//3466
f 3596//3599 3463//3466 3465//3468
f 3467//3470 3596//3599 3465//3468
f 3455//3459 3599//3602 3457//3460
f 3457//3460 3599//3602 3600//3603
f 3599//3602 3447//3450 3601//3604
f 3599//3602 3601//3604 3600//3603
f 3600//3603 3601//3604 3602//3605
f 3599//3602 3455//3459 3447//3450
f 3447//3450 3603//3606 3601//3604
f 3447//3450 3593//3596 3603//3606
f 3472//3475 3467//3470 3469//3472
f 3468//3471 3472//3475 3469//3472
f 3472//3475 3471//3474 3604//3607
f 3471//3474 3474//3477 3604//3607
f 3604//3607 3474//3477 3605//3608
f 3605//3608 3474//3477 3497//3500
f 3606//3609 3605//3608 3497//3500
f 3607//3610 3606//3609 3497//3500
f 3608//3611 3606//3609 3607//3610
f 3600//3603 3481//3484 3457//3460
f 3482//3485 3504//3507 3479//3482
f 3609//3612 3482//3485 3481//3484
f 3600//3603 3610//3613 3481//3484
f 3610//3613 3609//3612 3481//3484
f 3487//3489 3612//3614 3611//3615
f 3487//3489 3611//3615 3486//3490
f 3485//3488 3486//3490 3491//3494
f 3493//3496 3491//3494 3486//3490
f 3493//3496 3486//3490 3613//3616
f 3613//3616 3614//3617 3493//3496
f 3613//3616 3615//3618 3614//3617
f 3616//3619 3615//3618 3613//3616
f 3492//3495 3493//3496 3494//3497
f 3494//3497 3493//3496 3614//3617
f 3617//3620 3614//3617 3615//3618
f 3617//3620 3615//3618 3616//3619
f 3618//3621 3494//3497 3614//3617
f 3616//3619 3619//3622 3617//3620
f 3495//3498 3494//3497 3618//3621
f 3614//3617 3617//3620 3618//3621
f 3618//3621 3620//3623 3495//3498
f 3618//3621 3617//3620 3620//3623
f 3617//3620 3621//3624 3620//3623
f 3621//3624 3622//3625 3620//3623
f 3621//3624 3623//3626 3622//3625
f 3621//3624 3624//3627 3623//3626
f 3620//3623 3367//3374 3495//3498
f 3622//3625 3623//3626 3620//3623
f 3620//3623 3623//3626 3367//3374
f 3625//3628 3626//3629 3623//3626
f 3624//3627 3625//3628 3623//3626
f 3623//3626 3626//3629 3367//3374
f 3224//3228 3367//3374 3627//3630
f 3627//3630 3367//3374 3626//3629
f 3628//3631 3626//3629 3629//3632
f 3628//3631 3627//3630 3626//3629
f 3628//3631 3630//3633 3627//3630
f 3368//3375 3224//3228 3627//3630
f 3627//3630 3632//3634 3631//3635
f 3627//3630 3630//3633 3632//3634
f 3633//3636 3607//3610 3497//3500
f 3633//3636 3608//3611 3607//3610
f 3498//3501 3633//3636 3497//3500
f 3633//3636 3498//3501 3501//3504
f 3634//3637 3633//3636 3501//3504
f 3524//3528 3502//3505 3503//3506
f 3635//3638 3503//3506 3504//3507
f 3526//3530 3612//3614 3487//3489
f 3526//3530 3636//3639 3612//3614
f 3637//3640 3612//3614 3636//3639
f 3627//3630 3631//3635 3368//3375
f 3638//3511 3368//3375 3631//3635
f 3508//3512 3638//3511 3631//3635
f 3508//3512 3631//3635 3632//3634
f 3632//3634 3639//3641 3508//3512
f 3632//3634 3640//3642 3639//3641
f 3508//3512 3531//3536 3510//3514
f 3508//3512 3639//3641 3531//3536
f 3640//3642 3531//3536 3639//3641
f 3641//3643 3640//3642 3642//3644
f 3643//3645 3634//3637 3644//3646
f 3645//3647 3643//3645 3644//3646
f 3645//3647 3644//3646 3646//3648
f 3517//3521 3634//3637 3515//3519
f 3634//3637 3501//3504 3515//3519
f 3636//3639 3526//3530 3527//3531
f 3636//3639 3527//3531 3637//3640
f 3531//3536 3647//3649 3530//3535
f 3640//3642 3648//3650 3531//3536
f 3648//3650 3641//3643 3531//3536
f 3641//3643 3647//3649 3531//3536
f 3641//3643 3648//3650 3640//3642
f 3647//3649 3641//3643 3649//3651
f 3642//3644 3649//3651 3641//3643
f 3644//3646 3539//3543 3646//3648
f 3539//3543 3650//3652 3646//3648
f 3650//3652 3651//3653 3646//3648
f 3651//3653 3645//3647 3646//3648
f 3644//3646 3634//3637 3517//3521
f 3530//3535 3647//3649 3528//3532
f 3535//3539 3528//3532 3647//3649
f 3535//3539 3647//3649 3649//3651
f 3644//3646 3517//3521 3539//3543
f 3651//3653 3650//3652 3652//3654
f 3652//3654 3543//3547 3653//3655
f 3649//3651 3541//3545 3535//3539
f 3649//3651 3654//3656 3541//3545
f 3654//3656 3649//3651 3655//3657
f 3538//3542 3542//3546 3539//3543
f 3650//3652 3539//3543 3542//3546
f 3542//3546 3543//3547 3650//3652
f 3650//3652 3543//3547 3652//3654
f 3543//3547 3656//3658 3653//3655
f 3657//3659 3537//3541 3541//3545
f 3658//3660 3657//3659 3541//3545
f 3658//3660 3659//3661 3657//3659
f 3654//3656 3658//3660 3541//3545
f 3654//3656 3659//3661 3658//3660
f 3655//3657 3660//3662 3654//3656
f 3659//3661 3544//3549 3657//3659
f 3657//3659 3544//3549 3537//3541
f 3660//3662 3659//3661 3654//3656
f 3661//3663 3662//3664 3543//3547
f 3659//3661 3663//3665 3544//3549
f 3660//3662 3663//3665 3659//3661
f 3550//3554 3544//3549 3663//3665
f 3551//3555 3543//3547 3398//3403
f 3273//3278 3661//3663 3551//3555
f 3543//3547 3551//3555 3661//3663
f 3664//3666 3663//3665 3660//3662
f 3665//3667 3663//3665 3664//3666
f 3666//3668 3661//3663 3667//3669
f 3661//3663 3273//3278 3667//3669
f 3665//3667 3550//3554 3663//3665
f 3668//3670 3550//3554 3665//3667
f 3554//3558 3550//3554 3559//3563
f 3669//3671 3559//3563 3550//3554
f 3550//3554 3668//3670 3669//3671
f 3273//3278 3415//3421 3667//3669
f 3670//3672 3667//3669 3562//3565
f 3415//3421 3562//3565 3667//3669
f 3560//3564 3559//3563 3669//3671
f 3669//3671 3682//3673 3560//3564
f 3671//3674 3562//3565 3672//3675
f 3562//3565 3673//3676 3672//3675
f 3673//3676 3674//3677 3672//3675
f 3682//3673 3675//3678 3560//3564
f 3562//3565 3566//3569 3676//3679
f 3676//3679 3566//3569 3570//3573
f 3562//3565 3676//3679 3673//3676
f 3677//3680 3673//3676 3676//3679
f 3674//3677 3673//3676 3677//3680
f 3570//3573 3677//3680 3676//3679
f 3677//3680 3678//3681 3674//3677
f 3678//3681 3677//3680 3570//3573
f 3560//3564 3679//3682 3571//3574
f 3560//3564 3675//3678 3679//3682
f 3679//3682 3585//3588 3571//3574
f 3586//3589 3585//3588 3679//3682
f 3675//3678 3682//3673 3680//3683
f 3679//3682 3675//3678 3680//3683
f 3679//3682 3681//3684 3586//3589
f 3679//3682 3680//3683 3681//3684
f 3682//3673 3817//3685 3683//3686
f 3680//3683 3682//3673 3683//3686
f 3573//3576 3429//3435 3572//3575
f 3586//3589 3567//3570 3585//3588
f 3681//3684 3683//3686 3586//3589
f 3589//3592 3586//3589 3683//3686
f 3593//3596 3684//3687 3603//3606
f 3685//3688 3687//3689 3686//3690
f 3684//3687 3593//3596 3688//3691
f 3688//3691 3689//3692 3684//3687
f 3685//3688 3689//3692 3690//3693
f 3685//3688 3690//3693 3687//3689
f 3687//3689 3691//3694 3686//3690
f 3593//3596 3594//3597 3688//3691
f 3688//3691 3594//3597 3689//3692
f 3594//3597 3690//3693 3689//3692
f 3687//3689 3690//3693 3691//3694
f 3692//3695 3690//3693 3594//3597
f 3690//3693 3692//3695 3693//3696
f 3690//3693 3693//3696 3691//3694
f 3691//3694 3693//3696 3694//3697
f 3693//3696 3692//3695 3694//3697
f 3686//3690 3691//3694 3694//3697
f 3686//3690 3694//3697 3695//3698
f 3694//3697 3692//3695 3696//3699
f 3595//3598 3697//3700 3594//3597
f 3692//3695 3594//3597 3697//3700
f 3692//3695 3697//3700 3696//3699
f 3697//3700 3595//3598 3597//3600
f 3597//3600 3696//3699 3697//3700
f 3598//3601 3696//3699 3597//3600
f 3696//3699 3598//3601 3698//3701
f 3598//3601 3596//3599 3467//3470
f 3598//3601 3467//3470 3699//3702
f 3699//3702 3467//3470 3472//3475
f 3700//3703 3699//3702 3472//3475
f 3472//3475 3701//3704 3700//3703
f 3700//3703 3701//3704 3702//3705
f 3701//3704 3472//3475 3604//3607
f 3605//3608 3701//3704 3604//3607
f 3702//3705 3701//3704 3605//3608
f 3600//3603 3602//3605 3610//3613
f 3703//3706 3705//3707 3704//3708
f 3704//3708 3705//3707 3602//3605
f 3703//3706 3818//3709 3706//3710
f 3601//3604 3707//3711 3704//3708
f 3704//3708 3602//3605 3601//3604
f 3708//3712 3707//3711 3685//3688
f 3708//3712 3704//3708 3707//3711
f 3704//3708 3708//3712 3703//3706
f 3685//3688 3709//3713 3708//3712
f 3708//3712 3709//3713 3703//3706
f 3709//3713 3818//3709 3703//3706
f 3684//3687 3601//3604 3603//3606
f 3601//3604 3684//3687 3707//3711
f 3689//3692 3707//3711 3684//3687
f 3707//3711 3689//3692 3685//3688
f 3702//3705 3605//3608 3606//3609
f 3710//3714 3711//3715 3606//3609
f 3702//3705 3606//3609 3711//3715
f 3712//3716 3711//3715 3713//3717
f 3712//3716 3713//3717 3714//3718
f 3710//3714 3608//3611 3633//3636
f 3606//3609 3608//3611 3710//3714
f 3710//3714 3633//3636 3713//3717
f 3711//3715 3710//3714 3713//3717
f 3609//3612 3610//3613 3715//3719
f 3609//3612 3715//3719 3716//3720
f 3715//3719 3705//3707 3716//3720
f 3717//3721 3705//3707 3715//3719
f 3703//3706 3706//3710 3718//3722
f 3718//3722 3705//3707 3703//3706
f 3718//3722 3716//3720 3705//3707
f 3718//3722 3719//3723 3716//3720
f 3716//3720 3719//3723 3720//3724
f 3610//3613 3602//3605 3717//3721
f 3717//3721 3715//3719 3610//3613
f 3602//3605 3705//3707 3717//3721
f 3613//3616 3722//3725 3724//3726
f 3613//3616 3724//3726 3619//3622
f 3613//3616 3619//3622 3616//3619
f 3721//3727 3723//3728 3722//3725
f 3724//3726 3722//3725 3723//3728
f 3725//3729 3724//3726 3723//3728
f 3619//3622 3725//3729 3624//3627
f 3724//3726 3725//3729 3619//3622
f 3619//3622 3624//3627 3621//3624
f 3726//3730 3624//3627 3725//3729
f 3723//3728 3726//3730 3725//3729
f 3619//3622 3621//3624 3617//3620
f 3726//3730 3728//3731 3625//3628
f 3625//3628 3728//3731 3727//3732
f 3625//3628 3624//3627 3726//3730
f 3626//3629 3625//3628 3629//3632
f 3625//3628 3729//3733 3629//3632
f 3730//3734 3729//3733 3731//3735
f 3730//3734 3732//3736 3729//3733
f 3737//3737 3732//3736 3730//3734
f 3737//3737 3730//3734 3733//3738
f 3629//3632 3630//3633 3628//3631
f 3629//3632 3729//3733 3734//3739
f 3734//3739 3630//3633 3629//3632
f 3736//3740 3734//3739 3729//3733
f 3732//3736 3737//3737 3729//3733
f 3736//3740 3729//3733 3737//3737
f 3735//3741 3737//3737 3733//3738
f 3640//3642 3632//3634 3630//3633
f 3630//3633 3734//3739 3640//3642
f 3736//3740 3737//3737 3738//3742
f 3642//3644 3736//3740 3738//3742
f 3735//3741 3738//3742 3737//3737
f 3642//3644 3734//3739 3736//3740
f 3739//3743 3642//3644 3738//3742
f 3714//3718 3713//3717 3645//3647
f 3714//3718 3645//3647 3740//3744
f 3741//3745 3645//3647 3742//3746
f 3713//3717 3633//3636 3634//3637
f 3645//3647 3713//3717 3634//3637
f 3482//3485 3635//3638 3504//3507
f 3609//3612 3635//3638 3482//3485
f 3743//3747 3503//3506 3635//3638
f 3716//3720 3635//3638 3609//3612
f 3503//3506 3743//3747 3524//3528
f 3744//3748 3745//3749 3524//3528
f 3524//3528 3745//3749 3527//3531
f 3720//3724 3635//3638 3716//3720
f 3720//3724 3743//3747 3635//3638
f 3524//3528 3743//3747 3744//3748
f 3744//3748 3746//3750 3745//3749
f 3612//3614 3637//3640 3745//3749
f 3637//3640 3527//3531 3745//3749
f 3734//3739 3642//3644 3640//3642
f 3634//3637 3643//3645 3645//3647
f 3747//3751 3742//3746 3645//3647
f 3747//3751 3645//3647 3651//3653
f 3748//3752 3747//3751 3651//3653
f 3749//3753 3747//3751 3748//3752
f 3750//3754 3649//3651 3642//3644
f 3748//3752 3751//3755 3749//3753
f 3749//3753 3751//3755 3752//3756
f 3752//3756 3751//3755 3753//3757
f 3748//3752 3651//3653 3652//3654
f 3653//3655 3748//3752 3652//3654
f 3653//3655 3751//3755 3748//3752
f 3754//3758 3753//3757 3751//3755
f 3755//3759 3753//3757 3754//3758
f 3756//3760 3757//3761 3755//3759
f 3751//3755 3653//3655 3754//3758
f 3756//3760 3755//3759 3754//3758
f 3656//3658 3754//3758 3653//3655
f 3662//3664 3754//3758 3656//3658
f 3756//3760 3754//3758 3662//3664
f 3756//3760 3662//3664 3757//3761
f 3662//3664 3758//3762 3757//3761
f 3655//3657 3760//3763 3759//3764
f 3662//3664 3656//3658 3543//3547
f 3759//3764 3761//3765 3655//3657
f 3762//3766 3759//3764 3760//3763
f 3763//3767 3761//3765 3759//3764
f 3763//3767 3759//3764 3764//3768
f 3762//3766 3764//3768 3759//3764
f 3765//3769 3766//3770 3662//3664
f 3655//3657 3767//3771 3660//3662
f 3761//3765 3767//3771 3655//3657
f 3664//3666 3660//3662 3767//3771
f 3763//3767 3764//3768 3768//3772
f 3762//3766 3769//3773 3764//3768
f 3768//3772 3764//3768 3769//3773
f 3762//3766 3770//3774 3769//3773
f 3662//3664 3661//3663 3771//3775
f 3772//3776 3662//3664 3771//3775
f 3662//3664 3772//3776 3765//3769
f 3915//3777 3773//3778 3765//3769
f 3767//3771 3665//3667 3664//3666
f 3774//3779 3665//3667 3767//3771
f 3761//3765 3774//3779 3767//3771
f 3774//3779 3668//3670 3665//3667
f 3763//3767 3774//3779 3761//3765
f 3768//3772 3774//3779 3763//3767
f 3770//3774 3774//3779 3768//3772
f 3768//3772 3769//3773 3770//3774
f 3771//3775 3661//3663 3666//3668
f 3771//3775 3666//3668 3772//3776
f 3666//3668 3670//3672 3772//3776
f 3772//3776 3670//3672 3765//3769
f 3670//3672 3915//3777 3765//3769
f 3770//3774 3775//3780 3774//3779
f 3670//3672 3666//3668 3667//3669
f 3776//3781 3774//3779 3775//3780
f 3777//3782 3776//3781 3775//3780
f 3778//3783 3777//3782 3775//3780
f 3779//3784 3775//3780 3770//3774
f 3775//3780 3779//3784 3778//3783
f 3770//3774 3780//3785 3779//3784
f 3774//3779 3781//3786 3668//3670
f 3774//3779 3776//3781 3781//3786
f 3782//3787 3781//3786 3776//3781
f 3777//3782 3782//3787 3776//3781
f 3783//3788 3782//3787 3777//3782
f 3778//3783 3783//3788 3777//3782
f 3779//3784 3780//3785 3784//3789
f 3784//3789 3785//3790 3779//3784
f 3779//3784 3786//3791 3778//3783
f 3781//3786 3669//3671 3668//3670
f 3783//3788 3781//3786 3782//3787
f 3785//3790 3787//3792 3779//3784
f 3779//3784 3787//3792 3786//3791
f 3778//3783 3786//3791 3788//3793
f 3786//3791 3787//3792 3788//3793
f 3789//3794 3783//3788 3778//3783
f 3788//3793 3789//3794 3778//3783
f 3789//3794 3788//3793 3790//3795
f 3787//3792 3785//3790 3790//3795
f 3787//3792 3790//3795 3788//3793
f 3562//3565 3791//3796 3670//3672
f 3562//3565 3671//3674 3791//3796
f 3792//3797 3791//3796 3671//3674
f 3792//3797 3671//3674 3793//3798
f 3669//3671 3781//3786 3783//3788
f 3783//3788 3789//3794 3669//3671
f 3806//3799 3795//3800 3794//3801
f 3795//3800 3797//3802 3796//3803
f 3798//3804 3794//3801 3799//3805
f 3794//3801 3795//3800 3799//3805
f 3799//3805 3795//3800 3796//3803
f 3799//3805 3796//3803 3800//3806
f 3799//3805 3800//3806 3798//3804
f 3801//3807 3671//3674 3672//3675
f 3672//3675 3674//3677 3801//3807
f 3802//3808 3801//3807 3803//3809
f 3796//3803 3797//3802 3804//3810
f 3804//3810 3802//3808 3805//3811
f 3797//3802 3802//3808 3804//3810
f 3801//3807 3802//3808 3797//3802
f 3795//3800 3806//3799 3797//3802
f 3806//3799 3671//3674 3801//3807
f 3801//3807 3797//3802 3806//3799
f 3805//3811 3796//3803 3804//3810
f 3800//3806 3807//3812 3798//3804
f 3805//3811 3803//3809 3808//3813
f 3802//3808 3803//3809 3805//3811
f 3796//3803 3805//3811 3800//3806
f 3807//3812 3800//3806 3809//3814
f 3809//3814 3800//3806 3805//3811
f 3809//3814 3805//3811 3808//3813
f 3810//3815 3808//3813 3573//3576
f 3810//3815 3809//3814 3808//3813
f 3789//3794 3682//3673 3669//3671
f 3811//3816 3812//3817 3789//3794
f 3801//3807 3674//3677 3803//3809
f 3789//3794 3812//3817 3682//3673
f 3813//3818 3573//3576 3590//3593
f 3814//3819 3813//3818 3590//3593
f 3815//3820 3573//3576 3813//3818
f 4060//3821 3813//3818 3814//3819
f 3811//3816 3933//3822 3812//3817
f 3812//3817 3933//3822 3816//3823
f 4060//3821 3814//3819 3816//3823
f 3570//3573 3573//3576 3678//3681
f 3803//3809 3674//3677 3678//3681
f 3803//3809 3678//3681 3808//3813
f 3808//3813 3678//3681 3573//3576
f 3817//3685 3682//3673 3812//3817
f 3812//3817 3814//3819 3589//3592
f 3683//3686 3817//3685 3812//3817
f 3589//3592 3683//3686 3812//3817
f 3589//3592 3814//3819 3590//3593
f 3814//3819 3812//3817 3816//3823
f 3573//3576 3572//3575 3590//3593
f 3686//3690 3818//3709 3685//3688
f 3818//3709 3686//3690 3819//3824
f 3686//3690 3820//3825 3819//3824
f 3686//3690 3821//3826 3820//3825
f 3820//3825 3821//3826 3819//3824
f 3821//3826 3823//3827 3822//3828
f 3819//3824 3821//3826 3824//3829
f 3824//3829 3821//3826 3822//3828
f 3695//3698 3821//3826 3686//3690
f 3823//3827 3825//3830 3822//3828
f 3695//3698 3694//3697 3826//3831
f 3695//3698 3826//3831 3821//3826
f 3821//3826 3826//3831 3823//3827
f 3694//3697 3696//3699 3826//3831
f 3696//3699 3698//3701 3826//3831
f 3827//3832 3826//3831 3698//3701
f 3823//3827 3826//3831 3827//3832
f 3823//3827 3827//3832 3828//3833
f 3698//3701 3598//3601 3827//3832
f 3699//3702 3827//3832 3598//3601
f 3829//3834 3827//3832 3699//3702
f 3828//3833 3827//3832 3829//3834
f 3829//3834 3699//3702 3830//3835
f 3699//3702 3831//3836 3830//3835
f 3830//3835 3832//3837 3829//3834
f 3700//3703 3831//3836 3699//3702
f 3831//3836 3833//3838 3830//3835
f 3833//3838 3831//3836 3834//3839
f 3831//3836 3700//3703 3835//3840
f 3834//3839 3831//3836 3836//3841
f 3831//3836 3835//3840 3837//3842
f 3837//3842 3835//3840 3838//3843
f 3831//3836 3837//3842 3836//3841
f 3836//3841 3837//3842 3838//3843
f 3839//3844 3836//3841 3838//3843
f 3700//3703 3702//3705 3711//3715
f 3840//3845 3835//3840 3700//3703
f 3835//3840 3840//3845 3841//3846
f 3842//3847 3838//3843 3835//3840
f 3842//3847 3835//3840 3841//3846
f 3842//3847 3841//3846 3843//3848
f 3842//3847 3839//3844 3838//3843
f 3844//3849 3839//3844 3842//3847
f 3843//3848 3844//3849 3842//3847
f 3711//3715 3840//3845 3700//3703
f 3845//3850 3840//3845 3711//3715
f 3841//3846 3840//3845 3845//3850
f 3845//3850 3843//3848 3841//3846
f 3712//3716 3845//3850 3711//3715
f 3706//3710 3846//3851 3847//3852
f 3706//3710 3818//3709 3846//3851
f 3846//3851 3819//3824 3847//3852
f 3709//3713 3685//3688 3818//3709
f 3818//3709 3819//3824 3846//3851
f 3824//3829 3847//3852 3819//3824
f 3848//3853 3611//3615 3849//3854
f 3486//3490 3611//3615 3848//3853
f 3848//3853 3722//3725 3486//3490
f 3848//3853 3850//3855 3722//3725
f 3851//3856 3722//3725 3850//3855
f 3851//3856 3850//3855 3848//3853
f 3722//3725 3852//3857 3721//3727
f 3722//3725 3851//3856 3852//3857
f 3851//3856 3721//3727 3852//3857
f 3721//3727 3854//3858 3853//3859
f 3853//3859 3854//3858 3872//3860
f 3872//3860 3854//3858 3855//3861
f 3872//3860 3855//3861 3856//3862
f 3854//3858 3857//3863 3855//3861
f 3855//3861 3857//3863 3856//3862
f 3858//3864 3856//3862 3859//3865
f 3856//3862 3857//3863 3859//3865
f 3872//3860 3856//3862 3860//3866
f 3856//3862 3858//3864 3860//3866
f 3845//3850 3712//3716 3714//3718
f 3740//3744 3845//3850 3714//3718
f 3845//3850 3740//3744 3741//3745
f 3718//3722 3847//3852 3861//3867
f 3861//3867 3862//3868 3718//3722
f 3862//3868 3719//3723 3718//3722
f 3847//3852 3718//3722 3706//3710
f 3611//3615 3864//3869 3863//3870
f 3863//3870 3865//3871 3611//3615
f 3611//3615 3865//3871 3849//3854
f 3486//3490 3722//3725 3613//3616
f 3721//3727 3853//3859 3866//3872
f 3721//3727 3867//3873 3728//3731
f 3868//3874 3721//3727 3866//3872
f 3867//3873 3721//3727 3868//3874
f 3868//3874 3866//3872 3853//3859
f 3726//3730 3723//3728 3721//3727
f 3728//3731 3726//3730 3721//3727
f 3869//3875 3625//3628 3727//3732
f 3869//3875 3727//3732 3870//3876
f 3727//3732 3728//3731 3867//3873
f 3870//3876 3871//3877 3869//3875
f 3867//3873 3870//3876 3727//3732
f 3868//3874 3870//3876 3867//3873
f 3868//3874 3872//3860 3870//3876
f 3870//3876 3872//3860 3871//3877
f 3872//3860 3868//3874 3853//3859
f 3869//3875 3731//3735 3625//3628
f 3625//3628 3731//3735 3729//3733
f 3869//3875 3871//3877 3731//3735
f 3873//3878 3871//3877 3872//3860
f 3731//3735 3871//3877 3873//3878
f 3873//3878 3860//3866 3731//3735
f 3874//3879 3731//3735 3860//3866
f 3860//3866 3873//3878 3872//3860
f 3859//3865 3875//3880 3858//3864
f 3730//3734 3731//3735 3874//3879
f 3858//3864 3876//3881 3860//3866
f 3877//3882 3858//3864 3875//3880
f 3730//3734 3874//3879 3733//3738
f 3733//3738 3874//3879 3735//3741
f 3860//3866 3876//3881 3874//3879
f 3877//3882 3876//3881 3858//3864
f 3874//3879 3876//3881 3735//3741
f 3735//3741 3876//3881 3878//3883
f 3877//3882 3878//3883 3876//3881
f 3879//3884 3878//3883 3880//3885
f 3880//3885 3878//3883 3877//3882
f 3735//3741 3878//3883 3738//3742
f 3878//3883 3881//3886 3738//3742
f 3879//3884 3881//3886 3878//3883
f 3881//3886 3739//3743 3738//3742
f 3879//3884 3882//3887 3881//3886
f 3882//3887 3739//3743 3881//3886
f 3882//3887 3883//3888 3739//3743
f 3879//3884 3880//3885 3882//3887
f 3883//3888 3882//3887 3880//3885
f 3740//3744 3645//3647 3741//3745
f 3884//3889 3742//3746 3747//3751
f 3885//3890 3886//3891 3884//3889
f 3719//3723 3887//3892 3720//3724
f 3720//3724 3888//3893 3743//3747
f 3743//3747 3888//3893 3744//3748
f 3889//3894 3611//3615 3746//3750
f 3889//3894 3746//3750 3864//3869
f 3890//3895 3744//3748 3888//3893
f 3891//3896 3744//3748 3890//3895
f 3891//3896 3746//3750 3744//3748
f 3611//3615 3889//3894 3864//3869
f 3891//3896 3864//3869 3746//3750
f 3890//3895 3888//3893 3892//3897
f 3893//3898 3863//3870 3864//3869
f 3892//3897 3893//3898 3890//3895
f 3890//3895 3893//3898 3891//3896
f 3864//3869 3891//3896 3893//3898
f 3746//3750 3612//3614 3745//3749
f 3612//3614 3746//3750 3611//3615
f 3739//3743 3883//3888 3894//3899
f 3739//3743 3894//3899 3642//3644
f 3895//3900 3642//3644 3894//3899
f 3895//3900 3750//3754 3642//3644
f 3894//3899 3750//3754 3895//3900
f 3894//3899 3896//3901 3750//3754
f 3747//3751 3749//3753 3885//3890
f 3884//3889 3747//3751 3885//3890
f 3885//3890 3749//3753 3752//3756
f 3753//3757 3885//3890 3752//3756
f 3896//3901 3897//3902 3750//3754
f 3755//3759 3885//3890 3753//3757
f 3757//3761 3885//3890 3755//3759
f 3898//3903 3885//3890 3757//3761
f 3655//3657 3649//3651 3750//3754
f 3750//3754 3897//3902 3899//3904
f 3750//3754 3899//3904 3655//3657
f 3899//3904 3897//3902 3900//3905
f 3900//3905 3897//3902 3901//3906
f 3758//3762 3898//3903 3757//3761
f 3758//3762 3902//3907 3898//3903
f 3766//3770 3758//3762 3662//3664
f 3899//3904 3760//3763 3655//3657
f 3900//3905 3903//3908 3899//3904
f 3903//3908 3904//3909 3899//3904
f 3905//3910 3758//3762 3766//3770
f 3905//3910 3906//3911 3758//3762
f 3758//3762 3906//3911 3902//3907
f 3907//3912 3902//3907 3906//3911
f 3907//3912 3906//3911 3905//3910
f 3907//3912 3905//3910 3908//3913
f 3908//3913 3909//3914 3907//3912
f 3765//3769 3905//3910 3766//3770
f 3902//3907 3907//3912 3910//3915
f 3904//3909 3760//3763 3899//3904
f 3904//3909 3911//3916 3760//3763
f 3903//3908 3911//3916 3904//3909
f 3903//3908 3912//3917 3911//3916
f 3911//3916 3762//3766 3760//3763
f 3900//3905 3913//3918 3903//3908
f 3773//3778 3905//3910 3765//3769
f 3908//3913 3905//3910 3773//3778
f 3909//3914 3908//3913 3773//3778
f 3909//3914 3914//3919 3907//3912
f 3907//3912 3914//3919 3910//3915
f 3915//3777 3909//3914 3773//3778
f 3909//3914 3915//3777 3914//3919
f 3911//3916 3770//3774 3762//3766
f 3913//3918 3912//3917 3903//3908
f 3791//3796 3915//3777 3670//3672
f 3915//3777 3791//3796 3914//3919
f 3791//3796 3910//3915 3914//3919
f 3791//3796 3792//3797 3910//3915
f 3916//3920 3910//3915 3792//3797
f 3770//3774 3911//3916 3917//3921
f 3911//3916 3912//3917 3917//3921
f 3917//3921 3918//3922 3770//3774
f 3917//3921 3912//3917 3913//3918
f 3913//3918 3919//3923 3917//3921
f 3918//3922 3780//3785 3770//3774
f 3780//3785 3918//3922 3784//3789
f 3918//3922 3920//3924 3784//3789
f 3918//3922 3917//3921 3919//3923
f 3916//3920 3792//3797 3793//3798
f 3793//3798 3921//3925 3916//3920
f 3920//3924 3785//3790 3784//3789
f 3918//3922 3923//3926 3920//3924
f 3923//3926 3922//3927 3920//3924
f 3918//3922 3919//3923 3923//3926
f 3920//3924 3922//3927 3785//3790
f 3922//3927 3923//3926 3919//3923
f 3794//3801 3921//3925 3793//3798
f 3793//3798 3671//3674 3806//3799
f 3793//3798 3806//3799 3794//3801
f 3924//3928 3794//3801 3798//3804
f 3925//3929 3794//3801 3924//3928
f 3924//3928 3926//3930 3925//3929
f 3789//3794 3790//3795 3927//3931
f 3927//3931 3929//3932 3928//3933
f 3922//3927 3790//3795 3785//3790
f 3790//3795 3922//3927 3929//3932
f 3927//3931 3790//3795 3929//3932
f 3919//3923 3930//3934 3922//3927
f 3929//3932 3931//3935 3928//3933
f 3932//3936 3929//3932 3922//3927
f 3932//3936 3931//3935 3929//3932
f 3931//3935 3932//3936 3933//3822
f 3932//3936 3922//3927 3930//3934
f 3930//3934 3935//3937 3932//3936
f 3932//3936 3935//3937 3933//3822
f 3934//3938 3935//3937 3930//3934
f 3924//3928 3798//3804 3807//3812
f 3807//3812 3936//3939 3924//3928
f 3924//3928 3936//3939 3926//3930
f 3937//3940 3926//3930 3936//3939
f 3927//3931 3811//3816 3789//3794
f 3928//3933 3811//3816 3927//3931
f 3811//3816 3928//3933 3931//3935
f 3933//3822 3811//3816 3931//3935
f 3810//3815 3573//3576 3815//3820
f 3938//3941 3807//3812 3810//3815
f 3815//3820 3938//3941 3810//3815
f 3936//3939 3807//3812 3939//3942
f 3939//3942 3807//3812 3938//3941
f 3936//3939 3939//3942 3940//3943
f 3939//3942 3938//3941 3940//3943
f 3940//3943 3938//3941 3941//3944
f 3941//3944 3938//3941 3815//3820
f 3813//3818 3942//3945 3815//3820
f 3937//3940 3936//3939 3940//3943
f 3807//3812 3809//3814 3810//3815
f 3935//3937 3934//3938 3933//3822
f 3816//3823 3933//3822 4060//3821
f 3943//3946 3945//3947 3944//3948
f 3945//3947 3946//3949 3944//3948
f 3825//3830 3948//3950 3947//3951
f 3825//3830 3947//3951 3945//3947
f 3945//3947 3947//3951 3949//3952
f 3948//3950 3828//3833 3949//3952
f 3948//3950 3949//3952 3947//3951
f 3950//3953 3847//3852 3951//3954
f 3950//3953 3951//3954 3952//3955
f 3951//3954 3824//3829 3953//3956
f 3824//3829 3951//3954 3847//3852
f 3951//3954 3953//3956 3943//3946
f 3943//3946 3954//3957 3951//3954
f 3955//3958 3824//3829 3822//3828
f 3825//3830 3955//3958 3822//3828
f 3953//3956 3824//3829 3955//3958
f 3953//3956 3955//3958 3943//3946
f 3955//3958 3956//3959 3943//3946
f 3956//3959 3955//3958 3825//3830
f 3945//3947 3956//3959 3825//3830
f 3956//3959 3945//3947 3943//3946
f 3828//3833 3825//3830 3823//3827
f 3825//3830 3828//3833 3948//3950
f 3829//3834 3949//3952 3828//3833
f 3949//3952 3829//3834 3832//3837
f 3832//3837 3957//3960 3949//3952
f 3832//3837 3830//3835 3957//3960
f 3830//3835 3958//3961 3957//3960
f 3957//3960 3958//3961 3959//3962
f 3959//3962 3960//3963 3957//3960
f 3961//3964 3957//3960 3960//3963
f 3958//3961 3830//3835 3833//3838
f 3959//3962 3958//3961 3833//3838
f 3833//3838 3962//3965 3959//3962
f 3960//3963 3959//3962 3961//3964
f 3963//3966 3964//3967 3961//3964
f 3833//3838 3834//3839 3962//3965
f 3961//3964 3959//3962 3965//3968
f 3965//3968 3959//3962 3962//3965
f 3965//3968 3963//3966 3961//3964
f 3962//3965 3834//3839 3965//3968
f 3966//3969 3965//3968 3834//3839
f 3967//3970 3965//3968 3966//3969
f 3965//3968 3967//3970 3963//3966
f 3968//3971 3963//3966 3967//3970
f 3966//3969 3834//3839 3836//3841
f 3966//3969 3836//3841 3969//3972
f 3967//3970 3966//3969 3969//3972
f 3968//3971 3967//3970 3969//3972
f 3970//3973 3968//3971 3969//3972
f 3836//3841 3839//3844 3971//3974
f 3836//3841 3971//3974 3969//3972
f 3970//3973 3969//3972 3972//3975
f 3973//3976 3970//3973 3974//3977
f 3971//3974 3839//3844 3844//3849
f 3971//3974 3844//3849 3975//3978
f 3969//3972 3971//3974 3976//3979
f 3976//3979 3971//3974 3977//3980
f 3971//3974 3975//3978 3977//3980
f 3976//3979 3972//3975 3969//3972
f 3972//3975 3976//3979 3978//3981
f 3978//3981 3976//3979 3977//3980
f 3972//3975 3978//3981 3979//3982
f 3979//3982 3970//3973 3972//3975
f 3979//3982 3978//3981 3974//3977
f 3978//3981 3980//3983 3974//3977
f 3970//3973 3979//3982 3974//3977
f 3981//3984 3973//3976 3974//3977
f 3980//3983 3981//3984 3974//3977
f 3844//3849 3843//3848 3975//3978
f 3843//3848 3845//3850 3975//3978
f 3978//3981 3977//3980 3980//3983
f 3977//3980 3975//3978 3980//3983
f 3980//3983 3975//3978 3845//3850
f 3849//3854 3983//3985 3982//3986
f 3848//3853 3849//3854 3982//3986
f 3984//3987 3985//3988 3848//3853
f 3848//3853 3982//3986 3984//3987
f 3848//3853 3985//3988 3851//3856
f 3985//3988 3986//3989 3851//3856
f 3859//3865 3988//3990 3987//3991
f 3987//3991 3988//3990 3989//3992
f 3989//3992 3990//3993 3987//3991
f 3987//3991 3990//3993 3875//3880
f 3990//3993 3989//3992 3991//3994
f 3989//3992 3992//3995 3991//3994
f 3992//3995 3993//3996 3880//3885
f 3845//3850 3741//3745 3980//3983
f 3980//3983 3741//3745 3981//3984
f 3994//3997 3981//3984 3741//3745
f 3995//3998 3981//3984 3996//3999
f 3741//3745 3742//3746 3994//3997
f 3742//3746 3884//3889 3994//3997
f 3994//3997 3884//3889 3997//4000
f 3997//4000 3981//3984 3994//3997
f 3981//3984 3997//4000 3996//3999
f 3996//3999 3998//4001 3995//3998
f 3998//4001 3996//3999 3886//3891
f 3884//3889 3886//3891 3997//4000
f 3996//3999 3997//4000 3886//3891
f 3861//3867 3847//3852 3950//3953
f 3861//3867 3999//4002 3862//3868
f 3950//3953 3952//3955 3861//3867
f 4000//4003 4002//4004 4001//4005
f 3865//3871 4002//4004 3849//3854
f 4002//4004 4003//4006 3849//3854
f 4003//4006 4004//4007 3983//3985
f 4004//4007 4003//4006 4000//4003
f 4002//4004 4000//4003 4003//4006
f 3983//3985 3849//3854 4003//4006
f 3721//3727 3851//3856 3854//3858
f 3851//3856 4005//4008 3854//3858
f 3851//3856 3986//3989 4005//4008
f 3857//3863 3854//3858 4005//4008
f 3859//3865 3857//3863 4005//4008
f 4005//4008 3986//3989 3859//3865
f 3986//3989 3988//3990 3859//3865
f 3859//3865 3987//3991 3875//3880
f 3875//3880 3990//3993 3991//3994
f 3875//3880 3991//3994 3877//3882
f 3877//3882 3991//3994 3880//3885
f 3880//3885 3991//3994 3992//3995
f 3885//3890 4006//4009 3886//3891
f 3886//3891 4006//4009 4007//4010
f 3862//3868 3887//3892 3719//3723
f 3888//3893 3720//3724 4008//4011
f 4008//4011 3892//3897 3888//3893
f 3720//3724 3887//3892 4008//4011
f 3862//3868 4009//4012 3887//3892
f 4009//4012 4008//4011 3887//3892
f 4008//4011 4010//4013 3892//3897
f 4009//4012 4010//4013 4008//4011
f 3863//3870 3893//3898 4011//4014
f 4011//4014 4012//4015 3863//3870
f 3892//3897 4011//4014 3893//3898
f 4011//4014 4013//4016 4012//4015
f 4011//4014 3892//3897 4013//4016
f 4012//4015 4013//4016 3865//3871
f 4014//4017 4015//4018 3892//3897
f 4015//4018 4013//4016 3892//3897
f 4015//4018 4001//4005 4013//4016
f 4012//4015 3865//3871 3863//3870
f 4002//4004 3865//3871 4013//4016
f 4001//4005 4002//4004 4013//4016
f 3883//3888 4016//4019 3894//3899
f 3896//3901 3894//3899 4016//4019
f 4016//4019 4017//4020 3896//3901
f 4016//4019 4018//4021 4017//4020
f 3896//3901 4017//4020 3897//3902
f 4019//4022 3897//3902 4017//4020
f 4018//4021 4020//4023 4017//4020
f 4019//4022 4017//4020 4020//4023
f 4021//4024 4019//4022 4020//4023
f 4022//4025 4021//4024 4020//4023
f 3898//3903 4006//4009 3885//3890
f 4023//4026 4006//4009 3898//3903
f 4023//4026 3898//3903 4024//4027
f 4025//4028 4023//4026 4024//4027
f 4006//4009 4023//4026 4025//4028
f 4021//4024 3897//3902 4019//4022
f 4020//4023 4026//4029 4022//4025
f 4024//4027 3898//3903 3902//3907
f 4027//4030 4024//4027 3902//3907
f 4024//4027 4027//4030 4025//4028
f 3897//3902 4022//4025 3901//3906
f 4021//4024 4022//4025 3897//3902
f 4028//4031 4027//4030 4029//4032
f 4030//4033 4028//4031 4029//4032
f 3901//3906 4022//4025 3913//3918
f 3902//3907 3910//3915 4027//4030
f 4027//4030 4031//4034 4029//4032
f 4031//4034 4032//4035 4029//4032
f 4029//4032 4032//4035 4030//4033
f 4030//4033 4032//4035 4033//4036
f 4031//4034 4027//4030 3910//3915
f 4034//4037 4030//4033 4035//4038
f 3921//3925 4034//4037 4035//4038
f 3910//3915 3916//3920 4031//4034
f 4032//4035 4031//4034 3916//3920
f 4033//4036 4035//4038 4030//4033
f 3900//3905 3901//3906 3913//3918
f 4032//4035 4035//4038 4033//4036
f 3921//3925 4035//4038 4032//4035
f 4032//4035 3916//3920 3921//3925
f 4036//4039 4038//4040 4037//4041
f 3921//3925 4036//4039 4037//4041
f 3921//3925 4039//4042 4036//4039
f 4038//4040 4036//4039 4041//4043
f 4040//4044 4038//4040 4041//4043
f 3921//3925 3794//3801 3925//3929
f 4039//4042 3921//3925 3925//3929
f 4041//4043 4039//4042 3925//3929
f 4039//4042 4041//4043 4036//4039
f 4042//4045 4040//4044 4041//4043
f 3925//3929 3926//3930 4043//4046
f 4043//4046 4041//4043 3925//3929
f 4043//4046 4042//4045 4041//4043
f 4040//4044 4045//4047 4044//4048
f 3937//3940 4046//4049 3926//3930
f 4043//4046 3926//3930 4047//4050
f 4047//4050 3926//3930 4046//4049
f 4046//4049 4048//4051 4047//4050
f 4048//4051 4046//4049 4049//4052
f 4047//4050 4048//4051 4042//4045
f 4043//4046 4047//4050 4042//4045
f 4045//4047 4040//4044 4042//4045
f 4045//4047 4042//4045 4048//4051
f 4048//4051 4050//4053 4045//4047
f 4051//4054 4050//4053 4048//4051
f 3913//3918 3930//3934 3919//3923
f 3930//3934 3913//3918 3934//3938
f 3937//3940 4052//4055 4046//4049
f 4052//4055 3937//3940 3940//3943
f 4053//4056 4046//4049 4052//4055
f 3940//3943 4053//4056 4052//4055
f 4053//4056 4049//4052 4046//4049
f 4053//4056 4054//4057 4049//4052
f 4049//4052 4054//4057 4048//4051
f 4055//4058 4054//4057 4056//4059
f 4054//4057 4051//4054 4048//4051
f 4051//4054 4054//4057 4055//4058
f 4055//4058 4057//4060 4051//4054
f 4057//4060 4055//4058 4058//4061
f 4058//4061 4055//4058 4056//4059
f 3942//3945 3940//3943 3941//3944
f 3942//3945 3941//3944 3815//3820
f 3942//3945 4053//4056 3940//3943
f 3813//3818 4060//3821 4059//4062
f 4056//4059 4053//4056 3942//3945
f 4053//4056 4056//4059 4054//4057
f 4058//4061 3813//3818 4059//4062
f 4058//4061 3942//3945 3813//3818
f 4060//3821 3933//3822 3934//3938
f 4059//4062 4060//3821 3934//3938
f 4056//4059 3942//3945 4058//4061
f 3954//3957 3943//3946 3944//3948
f 3954//3957 3944//3948 4061//4063
f 3946//3949 4062//4064 3944//3948
f 4061//4063 3944//3948 4062//4064
f 4061//4063 4062//4064 4063//4065
f 4063//4065 4062//4064 4064//4066
f 4062//4064 3946//3949 4064//4066
f 4064//4066 3946//3949 4065//4067
f 4063//4065 4064//4066 4065//4067
f 4066//4068 4063//4065 4065//4067
f 4065//4067 3946//3949 4067//4069
f 3945//3947 4067//4069 3946//3949
f 3949//3952 4067//4069 3945//3947
f 4065//4067 4067//4069 4068//4070
f 4065//4067 4068//4070 4069//4071
f 4070//4072 4068//4070 4067//4069
f 3949//3952 3957//3960 4067//4069
f 3957//3960 4071//4073 4067//4069
f 4071//4073 3957//3960 4072//4074
f 4073//4075 4072//4074 3957//3960
f 3951//3954 4075//4076 4074//4077
f 4076//4078 4078//4079 4077//4080
f 4076//4078 4075//4076 4078//4079
f 4075//4076 4061//4063 4078//4079
f 4075//4076 4076//4078 4074//4077
f 3954//3957 4061//4063 4075//4076
f 3954//3957 4075//4076 3951//3954
f 4061//4063 4066//4068 4078//4079
f 4078//4079 4066//4068 4077//4080
f 4066//4068 4061//4063 4063//4065
f 4065//4067 4069//4071 4079//4081
f 4066//4068 4065//4067 4079//4081
f 4072//4074 4073//4075 4080//4082
f 3961//3964 3964//3967 3957//3960
f 4081//4083 4080//4082 4073//4075
f 3964//3967 3963//3966 4082//4084
f 3957//3960 3964//3967 4082//4084
f 3957//3960 4082//4084 4073//4075
f 4073//4075 4082//4084 4083//4085
f 4082//4084 3963//3966 4083//4085
f 4073//4075 4083//4085 3968//3971
f 4081//4083 4073//4075 3968//3971
f 3963//3966 3968//3971 4083//4085
f 3968//3971 3970//3973 4084//4086
f 4081//4083 3968//3971 4084//4086
f 3973//3976 4084//4086 3970//3973
f 4084//4086 3973//3976 4085//4087
f 4086//4088 4084//4086 4085//4087
f 4086//4088 4085//4087 4087//4089
f 3973//3976 3981//3984 4085//4087
f 4085//4087 3981//3984 4088//4090
f 4085//4087 4088//4090 4087//4089
f 4087//4089 4088//4090 4089//4091
f 4087//4089 4089//4091 4090//4092
f 4086//4088 4087//4089 4090//4092
f 4088//4090 4091//4093 4089//4091
f 4088//4090 3981//3984 4091//4093
f 4091//4093 3981//3984 3995//3998
f 3998//4001 4091//4093 3995//3998
f 4089//4091 4091//4093 3998//4001
f 3886//3891 4089//4091 3998//4001
f 4090//4092 4089//4091 3886//3891
f 4074//4077 4092//4094 3952//3955
f 4074//4077 4093//4095 4092//4094
f 4092//4094 4093//4095 4094//4096
f 4092//4094 4094//4096 4095//4097
f 4074//4077 3952//3955 3951//3954
f 4074//4077 4076//4078 4093//4095
f 4093//4095 4076//4078 4096//4098
f 4094//4096 4093//4095 4096//4098
f 4077//4080 4096//4098 4076//4078
f 3984//3987 3982//3986 4097//4099
f 4098//4100 4099//4101 3985//3988
f 3985//3988 4100//4102 3986//3989
f 4099//4101 4100//4102 3985//3988
f 4099//4101 4101//4103 4100//4102
f 4100//4102 4101//4103 3986//3989
f 4099//4101 4103//4104 4102//4105
f 3986//3989 3989//3992 3988//3990
f 3986//3989 4101//4103 3989//3992
f 4101//4103 4102//4105 3989//3992
f 4099//4101 4102//4105 4101//4103
f 3989//3992 4102//4105 3992//3995
f 4104//4106 4106//4107 4105//4108
f 4107//4109 4104//4106 4105//4108
f 4105//4108 4102//4105 4107//4109
f 4108//4110 4109//4111 4104//4106
f 4104//4106 4109//4111 4106//4107
f 3992//3995 4102//4105 4110//4112
f 4110//4112 4111//4113 3992//3995
f 4102//4105 4105//4108 4110//4112
f 4110//4112 4105//4108 4111//4113
f 4106//4107 4109//4111 4112//4114
f 4112//4114 4105//4108 4106//4107
f 4109//4111 4113//4115 4112//4114
f 4109//4111 4114//4116 4113//4115
f 4114//4116 4115//4117 4113//4115
f 4114//4116 4116//4118 4115//4117
f 3992//3995 4111//4113 3993//3996
f 4117//4119 3993//3996 4111//4113
f 4117//4119 4111//4113 4105//4108
f 4105//4108 4112//4114 4117//4119
f 4118//4120 4117//4119 4112//4114
f 4112//4114 4113//4115 4118//4120
f 4113//4115 4115//4117 4119//4121
f 4115//4117 4120//4122 4119//4121
f 3886//3891 4007//4010 4090//4092
f 4007//4010 4121//4123 4090//4092
f 4121//4123 4007//4010 4122//4124
f 4121//4123 4122//4124 4123//4125
f 4124//4126 4123//4125 4122//4124
f 4092//4094 4095//4097 4125//4127
f 4092//4094 4125//4127 3861//3867
f 3999//4002 4125//4127 4256//4128
f 3861//3867 4125//4127 3999//4002
f 4095//4097 4094//4096 4125//4127
f 4094//4096 4256//4128 4125//4127
f 4092//4094 3861//3867 3952//3955
f 4001//4005 4128//4129 4000//4003
f 4000//4003 4128//4129 4126//4130
f 4126//4130 4128//4129 4127//4131
f 4128//4129 4129//4132 4127//4131
f 4130//4133 4131//4134 4127//4131
f 4127//4131 4129//4132 4130//4133
f 4132//4135 4131//4134 4130//4133
f 4133//4136 4131//4134 4132//4135
f 4000//4003 4134//4137 4004//4007
f 4135//4138 4134//4137 4000//4003
f 4126//4130 4135//4138 4000//4003
f 4127//4131 4136//4139 4135//4138
f 4135//4138 4136//4139 4134//4137
f 4135//4138 4126//4130 4127//4131
f 4097//4099 4136//4139 4131//4134
f 4136//4139 4127//4131 4131//4134
f 4131//4134 4137//4140 4097//4099
f 4133//4136 4137//4140 4131//4134
f 4004//4007 4134//4137 3983//3985
f 4134//4137 3982//3986 3983//3985
f 3982//3986 4134//4137 4136//4139
f 3982//3986 4136//4139 4097//4099
f 4137//4140 4138//4141 4097//4099
f 3993//3996 4117//4119 3880//3885
f 3880//3885 4117//4119 3883//3888
f 4117//4119 4118//4120 3883//3888
f 4113//4115 4119//4121 4118//4120
f 3883//3888 4118//4120 4139//4142
f 4139//4142 4118//4120 4119//4121
f 4119//4121 4140//4143 4139//4142
f 4119//4121 4120//4122 4140//4143
f 4141//4144 4016//4019 3883//3888
f 4141//4144 3883//3888 4142//4145
f 3883//3888 4139//4142 4142//4145
f 4142//4145 4139//4142 4143//4146
f 4139//4142 4140//4143 4143//4146
f 4016//4019 4141//4144 4142//4145
f 4018//4021 4016//4019 4142//4145
f 4142//4145 4143//4146 4018//4021
f 4140//4143 4144//4147 4143//4146
f 4120//4122 4144//4147 4140//4143
f 4007//4010 4006//4009 4145//4148
f 4146//4149 4145//4148 4006//4009
f 4145//4148 4122//4124 4007//4010
f 4122//4124 4145//4148 4146//4149
f 4147//4150 4148//4151 3999//4002
f 4147//4150 4149//4152 4148//4151
f 4149//4152 4150//4153 4148//4151
f 4151//4154 3892//3897 4150//4153
f 4151//4154 4152//4155 3892//3897
f 4009//4012 4150//4153 4010//4013
f 4009//4012 3862//3868 4148//4151
f 4148//4151 4150//4153 4009//4012
f 4150//4153 3892//3897 4010//4013
f 3892//3897 4152//4155 4014//4017
f 4152//4155 4153//4156 4014//4017
f 4015//4018 4014//4017 4153//4156
f 3862//3868 3999//4002 4148//4151
f 4152//4155 4154//4157 4153//4156
f 4147//4150 3999//4002 4256//4128
f 4149//4152 4147//4150 4256//4128
f 4154//4157 4155//4158 4132//4135
f 4156//4159 4154//4157 4152//4155
f 4155//4158 4157//4160 4132//4135
f 4158//4161 4156//4159 4152//4155
f 4155//4158 4154//4157 4156//4159
f 4155//4158 4156//4159 4157//4160
f 4001//4005 4015//4018 4128//4129
f 4128//4129 4015//4018 4159//4162
f 4160//4163 4161//4164 4015//4018
f 4015//4018 4153//4156 4160//4163
f 4154//4157 4130//4133 4162//4165
f 4162//4165 4163//4166 4159//4162
f 4162//4165 4130//4133 4163//4166
f 4130//4133 4128//4129 4163//4166
f 4128//4129 4159//4162 4163//4166
f 4154//4157 4162//4165 4160//4163
f 4162//4165 4164//4167 4160//4163
f 4162//4165 4159//4162 4164//4167
f 4161//4164 4160//4163 4164//4167
f 4159//4162 4161//4164 4164//4167
f 4015//4018 4161//4164 4159//4162
f 4160//4163 4153//4156 4154//4157
f 4154//4157 4132//4135 4130//4133
f 4132//4135 4157//4160 4165//4168
f 4133//4136 4132//4135 4165//4168
f 4133//4136 4165//4168 4166//4169
f 4157//4160 4166//4169 4165//4168
f 4129//4132 4128//4129 4130//4133
f 4018//4021 4143//4146 4167//4170
f 4167//4170 4020//4023 4018//4021
f 4143//4146 4168//4171 4167//4170
f 4168//4171 4020//4023 4167//4170
f 4143//4146 4144//4147 4168//4171
f 4169//4172 4168//4171 4144//4147
f 4168//4171 4170//4173 4020//4023
f 4170//4173 4168//4171 4169//4172
f 4169//4172 4144//4147 4171//4174
f 4146//4149 4006//4009 4025//4028
f 4170//4173 4026//4029 4020//4023
f 4169//4172 4172//4175 4170//4173
f 4171//4174 4172//4175 4169//4172
f 4026//4029 4170//4173 4172//4175
f 4173//4176 4026//4029 4172//4175
f 4025//4028 4028//4031 4146//4149
f 4174//4177 4026//4029 4173//4176
f 4175//4178 4146//4149 4028//4031
f 4176//4179 4146//4149 4175//4178
f 4028//4031 4025//4028 4027//4030
f 4022//4025 4026//4029 4174//4177
f 4030//4033 4175//4178 4028//4031
f 4030//4033 4034//4037 4175//4178
f 4034//4037 4176//4179 4175//4178
f 4174//4177 3913//3918 4022//4025
f 4037//4041 4034//4037 3921//3925
f 4177//4180 4037//4041 4038//4040
f 4038//4040 4178//4181 4177//4180
f 4177//4180 4178//4181 4179//4182
f 4180//4183 4177//4180 4179//4182
f 4181//4184 4180//4183 4179//4182
f 4038//4040 4040//4044 4178//4181
f 4182//4185 4178//4181 4040//4044
f 4179//4182 4178//4181 4182//4185
f 4182//4185 4183//4186 4181//4184
f 4179//4182 4182//4185 4181//4184
f 4184//4187 4185//4188 4181//4184
f 4182//4185 4044//4048 4186//4189
f 4183//4186 4182//4185 4186//4189
f 4044//4048 4184//4187 4186//4189
f 4181//4184 4183//4186 4186//4189
f 4181//4184 4186//4189 4184//4187
f 4044//4048 4182//4185 4040//4044
f 4187//4190 4184//4187 4188//4191
f 4189//4192 4184//4187 4187//4190
f 4184//4187 4044//4048 4188//4191
f 4188//4191 4044//4048 4045//4047
f 4045//4047 4050//4053 4188//4191
f 4187//4190 4188//4191 4050//4053
f 4190//4193 4187//4190 4191//4194
f 4051//4054 4057//4060 4050//4053
f 4057//4060 4187//4190 4050//4053
f 4187//4190 4057//4060 4192//4195
f 4187//4190 4193//4196 4191//4194
f 4187//4190 4192//4195 4193//4196
f 4057//4060 4058//4061 4194//4197
f 4192//4195 4057//4060 4194//4197
f 4194//4197 4058//4061 4059//4062
f 4069//4071 4196//4198 4195//4199
f 4195//4199 4079//4081 4069//4071
f 4196//4198 4198//4200 4197//4201
f 4196//4198 4069//4071 4199//4202
f 4197//4201 4198//4200 4200//4203
f 4069//4071 4068//4070 4199//4202
f 4196//4198 4199//4202 4198//4200
f 4070//4072 4067//4069 4071//4073
f 4068//4070 4070//4072 4199//4202
f 4199//4202 4070//4072 4198//4200
f 4198//4200 4070//4072 4201//4204
f 4201//4204 4070//4072 4202//4205
f 4202//4205 4203//4206 4201//4204
f 4204//4207 4070//4072 4071//4073
f 4070//4072 4204//4207 4202//4205
f 4203//4206 4202//4205 4205//4208
f 4203//4206 4205//4208 4206//4209
f 4205//4208 4207//4210 4206//4209
f 4071//4073 4072//4074 4204//4207
f 4080//4082 4204//4207 4072//4074
f 4205//4208 4208//4211 4207//4210
f 4206//4209 4207//4210 4209//4212
f 4210//4213 4206//4209 4209//4212
f 4084//4086 4086//4088 4207//4210
f 4209//4212 4207//4210 4086//4088
f 4210//4213 4209//4212 4211//4214
f 4209//4212 4212//4215 4211//4214
f 4213//4216 4215//4217 4214//4218
f 4215//4217 4077//4080 4195//4199
f 4214//4218 4215//4217 4195//4199
f 4066//4068 4195//4199 4077//4080
f 4066//4068 4079//4081 4195//4199
f 4195//4199 4216//4219 4214//4218
f 4195//4199 4217//4220 4216//4219
f 4216//4219 4217//4220 4338//4221
f 4195//4199 4196//4198 4217//4220
f 4217//4220 4196//4198 4338//4221
f 4197//4201 4338//4221 4196//4198
f 4204//4207 4080//4082 4202//4205
f 4208//4211 4205//4208 4202//4205
f 4202//4205 4080//4082 4208//4211
f 4208//4211 4080//4082 4081//4083
f 4208//4211 4081//4083 4084//4086
f 4208//4211 4084//4086 4207//4210
f 4086//4088 4218//4222 4209//4212
f 4212//4215 4218//4222 4211//4214
f 4090//4092 4218//4222 4086//4088
f 4121//4123 4218//4222 4090//4092
f 4218//4222 4121//4123 4219//4223
f 4212//4215 4209//4212 4218//4222
f 4211//4214 4218//4222 4220//4224
f 4218//4222 4219//4223 4220//4224
f 4221//4225 4220//4224 4219//4223
f 4220//4224 4221//4225 4222//4226
f 4219//4223 4121//4123 4221//4225
f 4223//4227 4225//4228 4224//4229
f 4229//4230 4227//4231 4226//4232
f 4225//4228 4227//4231 4215//4217
f 4225//4228 4215//4217 4213//4216
f 4225//4228 4228//4233 4224//4229
f 4225//4228 4213//4216 4228//4233
f 4094//4096 4096//4098 4229//4230
f 4229//4230 4215//4217 4227//4231
f 4215//4217 4229//4230 4096//4098
f 4215//4217 4096//4098 4077//4080
f 4138//4141 3984//3987 4097//4099
f 4230//4234 4231//4235 4138//4141
f 4138//4141 4231//4235 3984//3987
f 3984//3987 4098//4100 3985//3988
f 4232//4236 4098//4100 3984//3987
f 3984//3987 4231//4235 4232//4236
f 4231//4235 4233//4237 4232//4236
f 4232//4236 4233//4237 4098//4100
f 4234//4238 4098//4100 4235//4239
f 4236//4240 4235//4239 4098//4100
f 4235//4239 4237//4241 4234//4238
f 4234//4238 4237//4241 4238//4242
f 4235//4239 4236//4240 4237//4241
f 4238//4242 4237//4241 4239//4243
f 4236//4240 4239//4243 4237//4241
f 4099//4101 4098//4100 4234//4238
f 4234//4238 4240//4244 4099//4101
f 4234//4238 4238//4242 4240//4244
f 4241//4245 4242//4246 4239//4243
f 4099//4101 4243//4247 4103//4104
f 4243//4247 4245//4248 4103//4104
f 4240//4244 4245//4248 4243//4247
f 4099//4101 4240//4244 4243//4247
f 4240//4244 4238//4242 4245//4248
f 4103//4104 4245//4248 4104//4106
f 4103//4104 4104//4106 4107//4109
f 4102//4105 4103//4104 4107//4109
f 4239//4243 4244//4249 4238//4242
f 4239//4243 4242//4246 4244//4249
f 4244//4249 4245//4248 4238//4242
f 4108//4110 4104//4106 4245//4248
f 4108//4110 4245//4248 4244//4249
f 4108//4110 4246//4250 4109//4111
f 4246//4250 4108//4110 4244//4249
f 4242//4246 4246//4250 4244//4249
f 4109//4111 4246//4250 4114//4116
f 4116//4118 4114//4116 4246//4250
f 4116//4118 4246//4250 4242//4246
f 4116//4118 4242//4246 4115//4117
f 4115//4117 4242//4246 4120//4122
f 4222//4226 4221//4225 4124//4126
f 4121//4123 4123//4125 4221//4225
f 4222//4226 4124//4126 4247//4251
f 4146//4149 4124//4126 4122//4124
f 4221//4225 4123//4125 4124//4126
f 4146//4149 4247//4251 4124//4126
f 4247//4251 4146//4149 4248//4252
f 4247//4251 4248//4252 4249//4253
f 4249//4253 4248//4252 4250//4254
f 4251//4255 4226//4232 4252//4256
f 4252//4256 4253//4257 4251//4255
f 4223//4227 4253//4257 4252//4256
f 4253//4257 4223//4227 4254//4258
f 4223//4227 4255//4259 4254//4258
f 4254//4258 4255//4259 4275//4260
f 4229//4230 4226//4232 4256//4128
f 4229//4230 4256//4128 4094//4096
f 4252//4256 4226//4232 4227//4231
f 4227//4231 4225//4228 4252//4256
f 4223//4227 4252//4256 4225//4228
f 4223//4227 4224//4229 4257//4261
f 4223//4227 4257//4261 4255//4259
f 4258//4262 4255//4259 4257//4261
f 4259//4263 4133//4136 4166//4169
f 4259//4263 4166//4169 4157//4160
f 4138//4141 4259//4263 4260//4264
f 4138//4141 4137//4140 4133//4136
f 4133//4136 4259//4263 4138//4141
f 4138//4141 4260//4264 4230//4234
f 4261//4265 4120//4122 4242//4246
f 4262//4266 4120//4122 4261//4265
f 4120//4122 4263//4267 4171//4174
f 4264//4268 4171//4174 4263//4267
f 4265//4269 4264//4268 4263//4267
f 4146//4149 4176//4179 4248//4252
f 4250//4254 4248//4252 4266//4270
f 4248//4252 4176//4179 4266//4270
f 4226//4232 4149//4152 4256//4128
f 4149//4152 4226//4232 4267//4271
f 4150//4153 4149//4152 4267//4271
f 4268//4272 4152//4155 4151//4154
f 4251//4255 4267//4271 4226//4232
f 4269//4273 4267//4271 4251//4255
f 4150//4153 4267//4271 4269//4273
f 4270//4274 4150//4153 4269//4273
f 4270//4274 4151//4154 4150//4153
f 4271//4275 4152//4155 4268//4272
f 4251//4255 4272//4276 4269//4273
f 4272//4276 4273//4277 4269//4273
f 4269//4273 4273//4277 4270//4274
f 4268//4272 4151//4154 4270//4274
f 4254//4258 4272//4276 4251//4255
f 4253//4257 4254//4258 4251//4255
f 4270//4274 4273//4277 4274//4278
f 4270//4274 4274//4278 4268//4272
f 4275//4260 4272//4276 4254//4258
f 4275//4260 4273//4277 4272//4276
f 4275//4260 4255//4259 4276//4279
f 4255//4259 4258//4262 4276//4279
f 4273//4277 4275//4260 4276//4279
f 4273//4277 4276//4279 4277//4280
f 4273//4277 4277//4280 4274//4278
f 4278//4281 4259//4263 4157//4160
f 4260//4264 4259//4263 4278//4281
f 4278//4281 4279//4282 4260//4264
f 4157//4160 4279//4282 4278//4281
f 4144//4147 4120//4122 4171//4174
f 4264//4268 4172//4175 4171//4174
f 4172//4175 4264//4268 4280//4283
f 4271//4275 4158//4161 4152//4155
f 4158//4161 4157//4160 4156//4159
f 4158//4161 4279//4282 4157//4160
f 4172//4175 4280//4283 4173//4176
f 4281//4284 4173//4176 4280//4283
f 4264//4268 4281//4284 4280//4283
f 4265//4269 4281//4284 4264//4268
f 4281//4284 4174//4177 4173//4176
f 4265//4269 4282//4285 4281//4284
f 4281//4284 4283//4286 4174//4177
f 4282//4285 4283//4286 4281//4284
f 4283//4286 4282//4285 4385//4287
f 3913//3918 4174//4177 4283//4286
f 4284//4288 4283//4286 4385//4287
f 4176//4179 4034//4037 4037//4041
f 3913//3918 4283//4286 4284//4288
f 3913//3918 4284//4288 4285//4289
f 4037//4041 4286//4290 4176//4179
f 4287//4291 4177//4180 4180//4183
f 4287//4291 4037//4041 4177//4180
f 4287//4291 4286//4290 4037//4041
f 4288//4292 4287//4291 4180//4183
f 4286//4290 4287//4291 4288//4292
f 4289//4293 4288//4292 4180//4183
f 4181//4184 4289//4293 4180//4183
f 4181//4184 4185//4188 4289//4293
f 4185//4188 4288//4292 4289//4293
f 3913//3918 4285//4289 4290//4294
f 4285//4289 4291//4295 4290//4294
f 4292//4296 4185//4188 4184//4187
f 4293//4297 4292//4296 4184//4187
f 4189//4192 4293//4297 4184//4187
f 4290//4294 3934//3938 3913//3918
f 4294//4298 4292//4296 4293//4297
f 4293//4297 4295//4299 4294//4298
f 4190//4193 4189//4192 4187//4190
f 4293//4297 4189//4192 4190//4193
f 4295//4299 4293//4297 4190//4193
f 4296//4300 4295//4299 4190//4193
f 4295//4299 4297//4301 4294//4298
f 4296//4300 4298//4302 4295//4299
f 4295//4299 4298//4302 4297//4301
f 4299//4303 4294//4298 4297//4301
f 4297//4301 4300//4304 4299//4303
f 4291//4295 4301//4305 4290//4294
f 4301//4305 3934//3938 4290//4294
f 4190//4193 4191//4194 4193//4196
f 4190//4193 4193//4196 4296//4300
f 4302//4306 4296//4300 4193//4196
f 4296//4300 4303//4307 4298//4302
f 4298//4302 4303//4307 4304//4308
f 4298//4302 4304//4308 4297//4301
f 4300//4304 4297//4301 4304//4308
f 4304//4308 4305//4309 4300//4304
f 4304//4308 4306//4310 4305//4309
f 4303//4307 4306//4310 4304//4308
f 4306//4310 4303//4307 4307//4311
f 4306//4310 4308//4312 4305//4309
f 4308//4312 4306//4310 4307//4311
f 4302//4306 4193//4196 4194//4197
f 4302//4306 4303//4307 4296//4300
f 4303//4307 4302//4306 4307//4311
f 4194//4197 4307//4311 4302//4306
f 4309//4313 4307//4311 4194//4197
f 4310//4314 4309//4313 4059//4062
f 4311//4315 4309//4313 4310//4314
f 4193//4196 4192//4195 4194//4197
f 4310//4314 4059//4062 3934//3938
f 4309//4313 4194//4197 4059//4062
f 4312//4316 4197//4201 4313//4317
f 4313//4317 4197//4201 4314//4318
f 4313//4317 4314//4318 4315//4319
f 4314//4318 4316//4320 4315//4319
f 4314//4318 4200//4203 4317//4321
f 4316//4320 4314//4318 4317//4321
f 4316//4320 4317//4321 4318//4322
f 4319//4323 4316//4320 4318//4322
f 4320//4324 4321//4325 4318//4322
f 4319//4323 4318//4322 4321//4325
f 4200//4203 4314//4318 4197//4201
f 4318//4322 4317//4321 4320//4324
f 4200//4203 4198//4200 4201//4204
f 4201//4204 4317//4321 4200//4203
f 4320//4324 4317//4321 4201//4204
f 4320//4324 4201//4204 4206//4209
f 4321//4325 4320//4324 4322//4326
f 4320//4324 4206//4209 4322//4326
f 4322//4326 4324//4327 4323//4328
f 4323//4328 4324//4327 4325//4329
f 4201//4204 4203//4206 4206//4209
f 4322//4326 4206//4209 4324//4327
f 4324//4327 4206//4209 4326//4330
f 4206//4209 4327//4331 4326//4330
f 4324//4327 4326//4330 4325//4329
f 4323//4328 4325//4329 4328//4332
f 4325//4329 4326//4330 4328//4332
f 4327//4331 4206//4209 4329//4333
f 4327//4331 4329//4333 4326//4330
f 4330//4334 4326//4330 4329//4333
f 4206//4209 4210//4213 4331//4335
f 4329//4333 4206//4209 4331//4335
f 4330//4334 4331//4335 4332//4336
f 4329//4333 4331//4335 4330//4334
f 4330//4334 4332//4336 4333//4337
f 4333//4337 4332//4336 4334//4338
f 4331//4335 4210//4213 4211//4214
f 4211//4214 4332//4336 4331//4335
f 4332//4336 4211//4214 4334//4338
f 4213//4216 4214//4218 4335//4339
f 4216//4219 4335//4339 4214//4218
f 4336//4340 4335//4339 4313//4317
f 4313//4317 4315//4319 4336//4340
f 4336//4340 4315//4319 4337//4341
f 4216//4219 4313//4317 4335//4339
f 4313//4317 4216//4219 4312//4316
f 4338//4221 4312//4316 4216//4219
f 4197//4201 4312//4316 4338//4221
f 4315//4319 4316//4320 4337//4341
f 4319//4323 4337//4341 4316//4320
f 4211//4214 4220//4224 4339//4342
f 4340//4343 4339//4342 4220//4224
f 4220//4224 4222//4226 4340//4343
f 4340//4343 4222//4226 4341//4344
f 4340//4343 4341//4344 4342//4345
f 4343//4346 4258//4262 4257//4261
f 4224//4229 4228//4233 4257//4261
f 4257//4261 4228//4233 4343//4346
f 4213//4216 4335//4339 4344//4347
f 4213//4216 4344//4347 4228//4233
f 4228//4233 4344//4347 4343//4346
f 4335//4339 4336//4340 4344//4347
f 4345//4348 4344//4347 4336//4340
f 4231//4235 4230//4234 4346//4349
f 4346//4349 4347//4350 4231//4235
f 4233//4237 4236//4240 4098//4100
f 4233//4237 4348//4351 4236//4240
f 4236//4240 4349//4352 4241//4245
f 4241//4245 4239//4243 4236//4240
f 4350//4353 4241//4245 4349//4352
f 4241//4245 4350//4353 4242//4246
f 4242//4246 4352//4354 4351//4355
f 4351//4355 4261//4265 4242//4246
f 4351//4355 4353//4356 4261//4265
f 4352//4354 4353//4356 4351//4355
f 4352//4354 4354//4357 4353//4356
f 4222//4226 4247//4251 4249//4253
f 4222//4226 4249//4253 4341//4344
f 4341//4344 4249//4253 4355//4358
f 4356//4359 4342//4345 4341//4344
f 4356//4359 4341//4344 4355//4358
f 4249//4253 4250//4254 4355//4358
f 4250//4254 4266//4270 4355//4358
f 4356//4359 4355//4358 4266//4270
f 4356//4359 4266//4270 4357//4360
f 4358//4361 4276//4279 4258//4262
f 4358//4361 4359//4362 4345//4348
f 4345//4348 4361//4363 4360//4364
f 4359//4362 4358//4361 4258//4262
f 4345//4348 4359//4362 4343//4346
f 4359//4362 4258//4262 4343//4346
f 4343//4346 4344//4347 4345//4348
f 4260//4264 4279//4282 4230//4234
f 4230//4234 4363//4365 4362//4366
f 4230//4234 4362//4366 4346//4349
f 4346//4349 4362//4366 4364//4367
f 4262//4266 4261//4265 4353//4356
f 4353//4356 4354//4357 4262//4266
f 4263//4267 4120//4122 4262//4266
f 4263//4267 4262//4266 4265//4269
f 4357//4360 4366//4368 4365//4369
f 4367//4370 4368//4371 4277//4280
f 4368//4371 4501//4372 4277//4280
f 4367//4370 4369//4373 4368//4371
f 4370//4374 4369//4373 4360//4364
f 4277//4280 4501//4372 4274//4278
f 4501//4372 4268//4272 4274//4278
f 4276//4279 4358//4361 4277//4280
f 4345//4348 4360//4364 4358//4361
f 4358//4361 4360//4364 4277//4280
f 4360//4364 4367//4370 4277//4280
f 4369//4373 4367//4370 4360//4364
f 4279//4282 4371//4375 4363//4365
f 4364//4367 4371//4375 4372//4376
f 4363//4365 4230//4234 4279//4282
f 4364//4367 4362//4366 4363//4365
f 4364//4367 4363//4365 4371//4375
f 4373//4377 4265//4269 4262//4266
f 4265//4269 4373//4377 4374//4378
f 4266//4270 4176//4179 4366//4368
f 4357//4360 4266//4270 4366//4368
f 4366//4368 4376//4379 4375//4380
f 4501//4372 4377//4381 4268//4272
f 4378//4382 4501//4372 4368//4371
f 4377//4381 4271//4275 4268//4272
f 4271//4275 4379//4383 4158//4161
f 4377//4381 4379//4383 4271//4275
f 4379//4383 4279//4282 4158//4161
f 4377//4381 4380//4384 4379//4383
f 4380//4384 4381//4385 4379//4383
f 4379//4383 4381//4385 4279//4282
f 4382//4386 4372//4376 4381//4385
f 4377//4381 4382//4386 4380//4384
f 4382//4386 4381//4385 4380//4384
f 4279//4282 4381//4385 4371//4375
f 4372//4376 4371//4375 4381//4385
f 4374//4378 4383//4387 4265//4269
f 4265//4269 4383//4387 4384//4388
f 4265//4269 4384//4388 4282//4285
f 4385//4287 4282//4285 4384//4388
f 4386//4389 4383//4387 4374//4378
f 4374//4378 4387//4390 4386//4389
f 4366//4368 4176//4179 4376//4379
f 4376//4379 4176//4179 4388//4391
f 4384//4388 4389//4392 4385//4287
f 4384//4388 4383//4387 4389//4392
f 4388//4391 4176//4179 4286//4290
f 4383//4387 4390//4393 4389//4392
f 4385//4287 4389//4392 4390//4393
f 4390//4393 4284//4288 4385//4287
f 4391//4394 4390//4393 4383//4387
f 4383//4387 4386//4389 4391//4394
f 4392//4395 4391//4394 4386//4389
f 4391//4394 4393//4396 4390//4393
f 4394//4397 4388//4391 4286//4290
f 4285//4289 4284//4288 4390//4393
f 4395//4398 4390//4393 4393//4396
f 4395//4398 4285//4289 4390//4393
f 4391//4394 4395//4398 4393//4396
f 4391//4394 4392//4395 4396//4399
f 4286//4290 4288//4292 4185//4188
f 4397//4400 4286//4290 4185//4188
f 4285//4289 4395//4398 4398//4401
f 4391//4394 4396//4399 4395//4398
f 4399//4402 4396//4399 4392//4395
f 4400//4403 4397//4400 4185//4188
f 4401//4404 4397//4400 4400//4403
f 4395//4398 4396//4399 4398//4401
f 4396//4399 4399//4402 4402//4405
f 4396//4399 4402//4405 4398//4401
f 4403//4406 4292//4296 4404//4407
f 4403//4406 4400//4403 4185//4188
f 4403//4406 4185//4188 4292//4296
f 4404//4407 4400//4403 4403//4406
f 4400//4403 4406//4408 4405//4409
f 4404//4407 4406//4408 4400//4403
f 4398//4401 4291//4295 4285//4289
f 4404//4407 4292//4296 4294//4298
f 4404//4407 4294//4298 4299//4303
f 4406//4408 4404//4407 4407//4410
f 4407//4410 4408//4411 4406//4408
f 4407//4410 4409//4412 4408//4411
f 4408//4411 4405//4409 4406//4408
f 4404//4407 4299//4303 4407//4410
f 4410//4413 4536//4414 4408//4411
f 4411//4415 4300//4304 4305//4309
f 4305//4309 4308//4312 4411//4415
f 4300//4304 4407//4410 4299//4303
f 4411//4415 4407//4410 4300//4304
f 4411//4415 4409//4412 4407//4410
f 4411//4415 4308//4312 4409//4412
f 4409//4412 4413//4416 4412//4417
f 4409//4412 4412//4417 4408//4411
f 4412//4417 4413//4416 4414//4418
f 4412//4417 4410//4413 4408//4411
f 4414//4418 4410//4413 4412//4417
f 4415//4419 4416//4420 4414//4418
f 4414//4418 4416//4420 4410//4413
f 4410//4413 4416//4420 4417//4421
f 4398//4401 4301//4305 4291//4295
f 4402//4405 4301//4305 4398//4401
f 4301//4305 4418//4422 3934//3938
f 4418//4422 4301//4305 4402//4405
f 4419//4423 4307//4311 4309//4313
f 4308//4312 4307//4311 4419//4423
f 4308//4312 4413//4416 4409//4412
f 4308//4312 4419//4423 4413//4416
f 4419//4423 4309//4313 4311//4315
f 4420//4424 4413//4416 4419//4423
f 4420//4424 4419//4423 4311//4315
f 4415//4419 4414//4418 4421//4425
f 4421//4425 4414//4418 4413//4416
f 4413//4416 4420//4424 4421//4425
f 3934//3938 4422//4426 4310//4314
f 4423//4427 4425//4428 4424//4429
f 4425//4428 4427//4430 4426//4431
f 4424//4429 4425//4428 4426//4431
f 4427//4430 4428//4432 4322//4326
f 4426//4431 4427//4430 4322//4326
f 4321//4325 4322//4326 4428//4432
f 4429//4433 4430//4434 4426//4431
f 4322//4326 4323//4328 4431//4435
f 4426//4431 4322//4326 4432//4436
f 4322//4326 4431//4435 4432//4436
f 4426//4431 4432//4436 4429//4433
f 4328//4332 4326//4330 4433//4437
f 4431//4435 4323//4328 4328//4332
f 4431//4435 4433//4437 4432//4436
f 4433//4437 4431//4435 4328//4332
f 4434//4438 4432//4436 4433//4437
f 4433//4437 4326//4330 4434//4438
f 4326//4330 4330//4334 4434//4438
f 4434//4438 4330//4334 4333//4337
f 4333//4337 4334//4338 4435//4439
f 4334//4338 4211//4214 4339//4342
f 4436//4440 4334//4338 4437//4441
f 4339//4342 4438//4442 4334//4338
f 4337//4341 4319//4323 4439//4443
f 4439//4443 4440//4444 4337//4341
f 4439//4443 4428//4432 4440//4444
f 4441//4445 4442//4446 4444//4447
f 4443//4448 4428//4432 4444//4447
f 4440//4444 4428//4432 4443//4448
f 4440//4444 4443//4448 4444//4447
f 4427//4430 4425//4428 4444//4447
f 4442//4446 4440//4444 4444//4447
f 4444//4447 4425//4428 4441//4445
f 4444//4447 4428//4432 4427//4430
f 4439//4443 4321//4325 4428//4432
f 4321//4325 4439//4443 4319//4323
f 4339//4342 4340//4343 4445//4449
f 4339//4342 4445//4449 4438//4442
f 4334//4338 4438//4442 4447//4450
f 4437//4441 4334//4338 4446//4451
f 4334//4338 4447//4450 4446//4451
f 4438//4442 4445//4449 4447//4450
f 4437//4441 4446//4451 4447//4450
f 4340//4343 4342//4345 4448//4452
f 4448//4452 4445//4449 4340//4343
f 4449//4453 4445//4449 4448//4452
f 4449//4453 4448//4452 4342//4345
f 4450//4454 4437//4441 4447//4450
f 4451//4455 4450//4454 4447//4450
f 4445//4449 4449//4453 4452//4456
f 4445//4449 4452//4456 4453//4457
f 4445//4449 4453//4457 4447//4450
f 4336//4340 4337//4341 4454//4458
f 4442//4446 4456//4459 4455//4460
f 4442//4446 4441//4445 4456//4459
f 4455//4460 4456//4459 4457//4461
f 4442//4446 4337//4341 4440//4444
f 4455//4460 4337//4341 4442//4446
f 4458//4462 4346//4349 4459//4463
f 4458//4462 4460//4464 4346//4349
f 4460//4464 4458//4462 4459//4463
f 4461//4465 4463//4466 4462//4467
f 4460//4464 4464//4468 4347//4350
f 4460//4464 4347//4350 4346//4349
f 4459//4463 4465//4469 4460//4464
f 4460//4464 4465//4469 4464//4468
f 4465//4469 4459//4463 4466//4470
f 4466//4470 4463//4466 4465//4469
f 4462//4467 4463//4466 4466//4470
f 4233//4237 4347//4350 4464//4468
f 4231//4235 4347//4350 4233//4237
f 4465//4469 4467//4471 4464//4468
f 4464//4468 4467//4471 4468//4472
f 4465//4469 4463//4466 4467//4471
f 4463//4466 4468//4472 4467//4471
f 4348//4351 4233//4237 4464//4468
f 4464//4468 4468//4472 4348//4351
f 4468//4472 4469//4473 4348//4351
f 4348//4351 4349//4352 4236//4240
f 4349//4352 4348//4351 4470//4474
f 4469//4473 4470//4474 4348//4351
f 4471//4475 4472//4476 4469//4473
f 4469//4473 4472//4476 4470//4474
f 4469//4473 4473//4477 4471//4475
f 4471//4475 4474//4478 4472//4476
f 4475//4479 4470//4474 4476//4480
f 4476//4480 4470//4474 4474//4478
f 4475//4479 4476//4480 4474//4478
f 4474//4478 4470//4474 4472//4476
f 4350//4353 4349//4352 4470//4474
f 4475//4479 4474//4478 4471//4475
f 4470//4474 4475//4479 4350//4353
f 4350//4353 4475//4479 4477//4481
f 4475//4479 4478//4482 4477//4481
f 4350//4353 4477//4481 4242//4246
f 4352//4354 4242//4246 4477//4481
f 4478//4482 4354//4357 4477//4481
f 4352//4354 4477//4481 4354//4357
f 4342//4345 4480//4483 4479//4484
f 4480//4483 4342//4345 4356//4359
f 4479//4484 4449//4453 4342//4345
f 4449//4453 4453//4457 4452//4456
f 4451//4455 4447//4450 4453//4457
f 4453//4457 4481//4485 4451//4455
f 4449//4453 4479//4484 4480//4483
f 4482//4486 4481//4485 4453//4457
f 4356//4359 4357//4360 4480//4483
f 4480//4483 4453//4457 4449//4453
f 4482//4486 4453//4457 4483//4487
f 4345//4348 4454//4458 4361//4363
f 4361//4363 4454//4458 4484//4488
f 4454//4458 4485//4489 4484//4488
f 4454//4458 4486//4490 4485//4489
f 4345//4348 4336//4340 4454//4458
f 4454//4458 4337//4341 4486//4490
f 4486//4490 4337//4341 4455//4460
f 4457//4461 4486//4490 4455//4460
f 4346//4349 4364//4367 4487//4491
f 4346//4349 4487//4491 4488//4492
f 4462//4467 4487//4491 4509//4493
f 4488//4492 4459//4463 4346//4349
f 4466//4470 4459//4463 4488//4492
f 4466//4470 4488//4492 4462//4467
f 4487//4491 4462//4467 4488//4492
f 4354//4357 4489//4494 4373//4377
f 4262//4266 4354//4357 4373//4377
f 4365//4369 4480//4483 4357//4360
f 4490//4495 4483//4487 4453//4457
f 4482//4486 4483//4487 4490//4495
f 4480//4483 4365//4369 4491//4496
f 4490//4495 4480//4483 4491//4496
f 4490//4495 4453//4457 4480//4483
f 4492//4497 4482//4486 4490//4495
f 4491//4496 4365//4369 4366//4368
f 4368//4371 4369//4373 4370//4374
f 4368//4371 4370//4374 4493//4498
f 4493//4498 4370//4374 4485//4489
f 4370//4374 4361//4363 4484//4488
f 4370//4374 4484//4488 4485//4489
f 4370//4374 4360//4364 4361//4363
f 4485//4489 4486//4490 4494//4499
f 4457//4461 4494//4499 4486//4490
f 4487//4491 4364//4367 4372//4376
f 4372//4376 4508//4500 4487//4491
f 4487//4491 4495//4501 4509//4493
f 4508//4500 4495//4501 4487//4491
f 4496//4502 4497//4503 4373//4377
f 4374//4378 4373//4377 4498//4504
f 4491//4496 4366//4368 4375//4380
f 4491//4496 4375//4380 4490//4495
f 4492//4497 4490//4495 4499//4505
f 4492//4497 4499//4505 4500//4506
f 4511//4507 4502//4508 4501//4372
f 4501//4372 4502//4508 4377//4381
f 4502//4508 4503//4509 4377//4381
f 4493//4498 4378//4382 4368//4371
f 4493//4498 4485//4489 4504//4510
f 4504//4510 4378//4382 4493//4498
f 4504//4510 4494//4499 4505//4511
f 4485//4489 4494//4499 4504//4510
f 4505//4511 4378//4382 4504//4510
f 4382//4386 4503//4509 4506//4512
f 4377//4381 4503//4509 4382//4386
f 4382//4386 4506//4512 4372//4376
f 4507//4513 4506//4512 4508//4500
f 4503//4509 4502//4508 4508//4500
f 4506//4512 4503//4509 4508//4500
f 4506//4512 4507//4513 4372//4376
f 4511//4507 4495//4501 4502//4508
f 4502//4508 4495//4501 4508//4500
f 4513//4514 4509//4493 4495//4501
f 4511//4507 4510//4515 4513//4514
f 4511//4507 4513//4514 4495//4501
f 4512//4516 4513//4514 4510//4515
f 4513//4514 4514//4517 4509//4493
f 4512//4516 4514//4517 4513//4514
f 4508//4500 4372//4376 4507//4513
f 4373//4377 4497//4503 4498//4504
f 4498//4504 4515//4518 4387//4390
f 4498//4504 4497//4503 4515//4518
f 4375//4380 4376//4379 4516//4519
f 4516//4519 4490//4495 4375//4380
f 4490//4495 4516//4519 4499//4505
f 4499//4505 4517//4520 4500//4506
f 4517//4520 4518//4521 4500//4506
f 4519//4522 4518//4521 4517//4520
f 4520//4523 4518//4521 4519//4522
f 4387//4390 4374//4378 4498//4504
f 4388//4391 4516//4519 4376//4379
f 4499//4505 4516//4519 4388//4391
f 4521//4524 4499//4505 4388//4391
f 4499//4505 4521//4524 4517//4520
f 4387//4390 4392//4395 4386//4389
f 4515//4518 4392//4395 4387//4390
f 4522//4525 4517//4520 4521//4524
f 4519//4522 4517//4520 4522//4525
f 4519//4522 4522//4525 4523//4526
f 4388//4391 4394//4397 4521//4524
f 4524//4527 4522//4525 4521//4524
f 4524//4527 4521//4524 4394//4397
f 4523//4526 4524//4527 4394//4397
f 4522//4525 4524//4527 4523//4526
f 4523//4526 4394//4397 4525//4528
f 4526//4529 4394//4397 4286//4290
f 4527//4530 4526//4529 4528//4531
f 4529//4532 4527//4530 4528//4531
f 4525//4528 4526//4529 4527//4530
f 4526//4529 4397//4400 4530//4533
f 4528//4531 4526//4529 4530//4533
f 4515//4518 4531//4534 4399//4402
f 4515//4518 4399//4402 4392//4395
f 4286//4290 4397//4400 4526//4529
f 4529//4532 4528//4531 4530//4533
f 4401//4404 4530//4533 4397//4400
f 4530//4533 4401//4404 4529//4532
f 4529//4532 4401//4404 4532//4535
f 4532//4535 4401//4404 4400//4403
f 4532//4535 4400//4403 4405//4409
f 4533//4536 4532//4535 4534//4537
f 4533//4536 4534//4537 4535//4538
f 4534//4537 4532//4535 4536//4414
f 4532//4535 4405//4409 4408//4411
f 4408//4411 4536//4414 4532//4535
f 4537//4539 4536//4414 4417//4421
f 4537//4539 4417//4421 4538//4540
f 4536//4414 4537//4539 4534//4537
f 4534//4537 4537//4539 4535//4538
f 4535//4538 4537//4539 4539//4541
f 4539//4541 4540//4542 4535//4538
f 4538//4540 4539//4541 4537//4539
f 4538//4540 4541//4543 4539//4541
f 4541//4543 4542//4544 4539//4541
f 4543//4545 4539//4541 4542//4544
f 4536//4414 4410//4413 4417//4421
f 4416//4420 4541//4543 4417//4421
f 4417//4421 4541//4543 4538//4540
f 4541//4543 4416//4420 4415//4419
f 4544//4546 4541//4543 4415//4419
f 4544//4546 4415//4419 4421//4425
f 4542//4544 4541//4543 4544//4546
f 4544//4546 4421//4425 4420//4424
f 4311//4315 4544//4546 4420//4424
f 4544//4546 4543//4545 4542//4544
f 4422//4426 4311//4315 4310//4314
f 4545//4547 4311//4315 4422//4426
f 4547//4548 4546//4549 4576//4550
f 4547//4548 4549//4551 4548//4552
f 4548//4552 4546//4549 4547//4548
f 4423//4427 4424//4429 4550//4553
f 4551//4554 4550//4553 4424//4429
f 4551//4554 4554//4555 4552//4556
f 4425//4428 4423//4427 4553//4557
f 4552//4556 4553//4557 4550//4553
f 4550//4553 4553//4557 4423//4427
f 4552//4556 4550//4553 4551//4554
f 4554//4555 4556//4558 4555//4559
f 4552//4556 4554//4555 4555//4559
f 4552//4556 4555//4559 4553//4557
f 4549//4551 4553//4557 4555//4559
f 4555//4559 4556//4558 4557//4560
f 4549//4551 4555//4559 4548//4552
f 4555//4559 4557//4560 4548//4552
f 4548//4552 4557//4560 4558//4561
f 4424//4429 4426//4431 4430//4434
f 4551//4554 4424//4429 4430//4434
f 4554//4555 4430//4434 4556//4558
f 4551//4554 4430//4434 4554//4555
f 4556//4558 4559//4562 4557//4560
f 4430//4434 4429//4433 4556//4558
f 4556//4558 4429//4433 4559//4562
f 4429//4433 4432//4436 4559//4562
f 4559//4562 4432//4436 4560//4563
f 4561//4564 4562//4565 4560//4563
f 4563//4566 4562//4565 4561//4564
f 4561//4564 4560//4563 4432//4436
f 4432//4436 4434//4438 4561//4564
f 4561//4564 4434//4438 4564//4567
f 4434//4438 4333//4337 4564//4567
f 4333//4337 4565//4568 4564//4567
f 4333//4337 4435//4439 4565//4568
f 4565//4568 4435//4439 4566//4569
f 4566//4569 4435//4439 4567//4570
f 4435//4439 4334//4338 4436//4440
f 4435//4439 4436//4440 4567//4570
f 4568//4571 4567//4570 4436//4440
f 4567//4570 4568//4571 4569//4572
f 4436//4440 4437//4441 4568//4571
f 4441//4445 4571//4573 4570//4574
f 4572//4575 4571//4573 4573//4576
f 4573//4576 4574//4577 4572//4575
f 4574//4577 4576//4550 4575//4578
f 4573//4576 4577//4579 4574//4577
f 4574//4577 4577//4579 4576//4550
f 4553//4557 4573//4576 4578//4580
f 4571//4573 4553//4557 4578//4580
f 4573//4576 4571//4573 4578//4580
f 4577//4579 4549//4551 4547//4548
f 4549//4551 4577//4579 4573//4576
f 4576//4550 4577//4579 4547//4548
f 4441//4445 4425//4428 4553//4557
f 4553//4557 4571//4573 4441//4445
f 4553//4557 4549//4551 4573//4576
f 4568//4571 4437//4441 4579//4581
f 4579//4581 4569//4572 4568//4571
f 4569//4572 4579//4581 4580//4582
f 4569//4572 4580//4582 4581//4583
f 4582//4584 4437//4441 4450//4454
f 4582//4584 4450//4454 4451//4455
f 4579//4581 4437//4441 4582//4584
f 4481//4485 4579//4581 4582//4584
f 4481//4485 4580//4582 4579//4581
f 4582//4584 4451//4455 4481//4485
f 4583//4585 4481//4485 4584//4586
f 4583//4585 4580//4582 4481//4485
f 4581//4583 4580//4582 4583//4585
f 4581//4583 4583//4585 4585//4587
f 4456//4459 4441//4445 4570//4574
f 4586//4588 4456//4459 4570//4574
f 4572//4575 4588//4589 4587//4590
f 4570//4574 4587//4590 4588//4589
f 4589//4591 4588//4589 4572//4575
f 4589//4591 4572//4575 4590//4592
f 4587//4590 4570//4574 4571//4573
f 4587//4590 4571//4573 4572//4575
f 4574//4577 4590//4592 4572//4575
f 4591//4593 4593//4594 4592//4595
f 4463//4466 4461//4465 4592//4595
f 4592//4595 4468//4472 4463//4466
f 4592//4595 4594//4596 4468//4472
f 4592//4595 4593//4594 4595//4597
f 4595//4597 4593//4594 4596//4598
f 4468//4472 4597//4599 4469//4473
f 4594//4596 4597//4599 4468//4472
f 4592//4595 4595//4597 4594//4596
f 4594//4596 4595//4597 4597//4599
f 4595//4597 4473//4477 4597//4599
f 4473//4477 4469//4473 4597//4599
f 4473//4477 4598//4600 4471//4475
f 4598//4600 4599//4601 4471//4475
f 4475//4479 4471//4475 4478//4482
f 4471//4475 4599//4601 4478//4482
f 4600//4602 4478//4482 4599//4601
f 4601//4603 4478//4482 4600//4602
f 4478//4482 4601//4603 4354//4357
f 4600//4602 4602//4604 4601//4603
f 4601//4603 4602//4604 4603//4605
f 4354//4357 4601//4603 4489//4494
f 4601//4603 4603//4605 4489//4494
f 4602//4604 4604//4606 4603//4605
f 4605//4607 4604//4606 4602//4604
f 4481//4485 4482//4486 4584//4586
f 4583//4585 4584//4586 4585//4587
f 4584//4586 4482//4486 4606//4608
f 4584//4586 4606//4608 4585//4587
f 4585//4587 4606//4608 4607//4609
f 4585//4587 4607//4609 4581//4583
f 4457//4461 4456//4459 4586//4588
f 4457//4461 4586//4588 4611//4610
f 4586//4588 4610//4611 4611//4610
f 4608//4612 4610//4611 4586//4588
f 4608//4612 4588//4589 4609//4613
f 4608//4612 4609//4613 4610//4611
f 4610//4611 4612//4614 4611//4610
f 4612//4614 4610//4611 4609//4613
f 4609//4613 4588//4589 4613//4615
f 4612//4614 4609//4613 4613//4615
f 4614//4616 4613//4615 4588//4589
f 4589//4591 4615//4617 4614//4616
f 4615//4617 4714//4618 4614//4616
f 4714//4618 4616//4619 4614//4616
f 4616//4619 4613//4615 4614//4616
f 4608//4612 4586//4588 4570//4574
f 4608//4612 4570//4574 4588//4589
f 4588//4589 4589//4591 4614//4616
f 4509//4493 4617//4620 4461//4465
f 4461//4465 4617//4620 4591//4593
f 4591//4593 4617//4620 4618//4621
f 4462//4467 4509//4493 4461//4465
f 4591//4593 4592//4595 4461//4465
f 4591//4593 4618//4621 4593//4594
f 4496//4502 4489//4494 4603//4605
f 4619//4622 4496//4502 4603//4605
f 4604//4606 4619//4622 4603//4605
f 4605//4607 4620//4623 4604//4606
f 4619//4622 4604//4606 4620//4623
f 4605//4607 4621//4624 4620//4623
f 4496//4502 4373//4377 4489//4494
f 4620//4623 4622//4625 4619//4622
f 4619//4622 4622//4625 4623//4626
f 4622//4625 4624//4627 4623//4626
f 4621//4624 4622//4625 4620//4623
f 4625//4628 4624//4627 4622//4625
f 4625//4628 4626//4629 4624//4627
f 4634//4630 4496//4502 4619//4622
f 4634//4630 4619//4622 4623//4626
f 4482//4486 4492//4497 4627//4631
f 4482//4486 4627//4631 4606//4608
f 4627//4631 4607//4609 4606//4608
f 4607//4609 4627//4631 4628//4632
f 4628//4632 4627//4631 4492//4497
f 4581//4583 4607//4609 4629//4633
f 4607//4609 4628//4632 4629//4633
f 4630//4634 4629//4633 4628//4632
f 4630//4634 4628//4632 4631//4635
f 4632//4636 4631//4635 4628//4632
f 4494//4499 4611//4610 4505//4511
f 4611//4610 4612//4614 4613//4615
f 4505//4511 4611//4610 4613//4615
f 4633//4637 4505//4511 4613//4615
f 4611//4610 4494//4499 4457//4461
f 4496//4502 4634//4630 4497//4503
f 4624//4627 4635//4638 4623//4626
f 4497//4503 4634//4630 4636//4639
f 4637//4640 4634//4630 4623//4626
f 4634//4630 4637//4640 4636//4639
f 4623//4626 4635//4638 4637//4640
f 4628//4632 4492//4497 4638//4641
f 4638//4641 4492//4497 4500//4506
f 4628//4632 4638//4641 4632//4636
f 4518//4521 4638//4641 4500//4506
f 4638//4641 4518//4521 4520//4523
f 4632//4636 4638//4641 4520//4523
f 4639//4642 4378//4382 4640//4643
f 4505//4511 4640//4643 4378//4382
f 4378//4382 4639//4642 4511//4507
f 4641//4644 4511//4507 4639//4642
f 4639//4642 4642//4645 4641//4644
f 4641//4644 4510//4515 4511//4507
f 4642//4645 4510//4515 4641//4644
f 4617//4620 4509//4493 4514//4517
f 4643//4646 4520//4523 4519//4522
f 4523//4526 4643//4646 4519//4522
f 4632//4636 4520//4523 4643//4646
f 4523//4526 4632//4636 4643//4646
f 4644//4647 4645//4648 4642//4645
f 4642//4645 4645//4648 4510//4515
f 4646//4649 4514//4517 4512//4516
f 4510//4515 4645//4648 4512//4516
f 4515//4518 4497//4503 4647//4650
f 4636//4639 4647//4650 4497//4503
f 4636//4639 4637//4640 4647//4650
f 4637//4640 4635//4638 4647//4650
f 4525//4528 4632//4636 4523//4526
f 4525//4528 4648//4651 4632//4636
f 4648//4651 4525//4528 4649//4652
f 4650//4653 4648//4651 4649//4652
f 4531//4534 4515//4518 4647//4650
f 4649//4652 4525//4528 4650//4653
f 4525//4528 4394//4397 4526//4529
f 4525//4528 4527//4530 4651//4654
f 4650//4653 4525//4528 4651//4654
f 4651//4654 4652//4655 4650//4653
f 4531//4534 4647//4650 4653//4656
f 4529//4532 4651//4654 4527//4530
f 4529//4532 4654//4657 4651//4654
f 4529//4532 4532//4535 4654//4657
f 4652//4655 4651//4654 4654//4657
f 4655//4658 4654//4657 4532//4535
f 4652//4655 4654//4657 4655//4658
f 4655//4658 4656//4659 4652//4655
f 4402//4405 4399//4402 4531//4534
f 4402//4405 4531//4534 4657//4660
f 4653//4656 4657//4660 4531//4534
f 4532//4535 4533//4536 4655//4658
f 4533//4536 4656//4659 4655//4658
f 4658//4661 4656//4659 4533//4536
f 4659//4662 4660//4663 4657//4660
f 4653//4656 4659//4662 4657//4660
f 4659//4662 4653//4656 4661//4664
f 4661//4664 4660//4663 4659//4662
f 4658//4661 4533//4536 4535//4538
f 4535//4538 4540//4542 4658//4661
f 4418//4422 4402//4405 4657//4660
f 4660//4663 4418//4422 4657//4660
f 4662//4665 4660//4663 4663//4666
f 4539//4541 4664//4667 4540//4542
f 4539//4541 4543//4545 4664//4667
f 4665//4668 4543//4545 4544//4546
f 4660//4663 4662//4665 4666//4669
f 4544//4546 4311//4315 4545//4547
f 3934//3938 4418//4422 4660//4663
f 3934//3938 4660//4663 4422//4426
f 4545//4547 4665//4668 4544//4546
f 4665//4668 4545//4547 4422//4426
f 4422//4426 4660//4663 4666//4669
f 4665//4668 4422//4426 4666//4669
f 4558//4561 4546//4549 4548//4552
f 4546//4549 4558//4561 4667//4670
f 4667//4670 4558//4561 4668//4671
f 4669//4672 4668//4671 4558//4561
f 4670//4673 4668//4671 4669//4672
f 4557//4560 4559//4562 4558//4561
f 4669//4672 4558//4561 4559//4562
f 4562//4565 4563//4566 4559//4562
f 4669//4672 4559//4562 4563//4566
f 4563//4566 4670//4673 4669//4672
f 4563//4566 4671//4674 4670//4673
f 4671//4674 4673//4675 4672//4676
f 4560//4563 4562//4565 4559//4562
f 4674//4677 4673//4675 4671//4674
f 4674//4677 4675//4678 4673//4675
f 4563//4566 4561//4564 4676//4679
f 4563//4566 4676//4679 4671//4674
f 4671//4674 4676//4679 4674//4677
f 4561//4564 4564//4567 4676//4679
f 4676//4679 4564//4567 4565//4568
f 4676//4679 4565//4568 4674//4677
f 4674//4677 4565//4568 4677//4680
f 4677//4680 4565//4568 4566//4569
f 4566//4569 4567//4570 4678//4681
f 4678//4681 4679//4682 4566//4569
f 4680//4683 4679//4682 4681//4684
f 4678//4681 4567//4570 4682//4685
f 4567//4570 4569//4572 4682//4685
f 4683//4686 4679//4682 4678//4681
f 4681//4684 4679//4682 4683//4686
f 4683//4686 4684//4687 4681//4684
f 4678//4681 4682//4685 4683//4686
f 4681//4684 4684//4687 4685//4688
f 4686//4689 4681//4684 4685//4688
f 4575//4578 4576//4550 4687//4690
f 4687//4690 4546//4549 4688//4691
f 4667//4670 4690//4692 4689//4693
f 4688//4691 4689//4693 4690//4692
f 4690//4692 4667//4670 4691//4694
f 4576//4550 4546//4549 4687//4690
f 4689//4693 4688//4691 4546//4549
f 4668//4671 4691//4694 4667//4670
f 4667//4670 4689//4693 4546//4549
f 4670//4673 4671//4674 4672//4676
f 4569//4572 4581//4583 4682//4685
f 4692//4695 4682//4685 4693//4696
f 4683//4686 4682//4685 4692//4695
f 4684//4687 4683//4686 4692//4695
f 4693//4696 4684//4687 4692//4695
f 4685//4688 4684//4687 4694//4697
f 4695//4698 4694//4697 4684//4687
f 4682//4685 4581//4583 4693//4696
f 4684//4687 4693//4696 4696//4699
f 4695//4698 4684//4687 4696//4699
f 4697//4700 4590//4592 4698//4701
f 4697//4700 4589//4591 4590//4592
f 4699//4702 4590//4592 4688//4691
f 4700//4703 4699//4702 4688//4691
f 4575//4578 4590//4592 4574//4577
f 4687//4690 4590//4592 4575//4578
f 4590//4592 4687//4690 4688//4691
f 4690//4692 4700//4703 4688//4691
f 4593//4594 4701//4704 4596//4598
f 4595//4597 4596//4598 4473//4477
f 4702//4705 4473//4477 4596//4598
f 4703//4706 4473//4477 4702//4705
f 4703//4706 4598//4600 4473//4477
f 4703//4706 4600//4602 4598//4600
f 4598//4600 4600//4602 4704//4707
f 4598//4600 4705//4708 4599//4601
f 4704//4707 4705//4708 4598//4600
f 4599//4601 4704//4707 4600//4602
f 4704//4707 4599//4601 4705//4708
f 4696//4699 4693//4696 4581//4583
f 4706//4709 4695//4698 4696//4699
f 4629//4633 4696//4699 4581//4583
f 4706//4709 4708//4710 4707//4711
f 4706//4709 4696//4699 4708//4710
f 4707//4711 4708//4710 4631//4635
f 4711//4712 4633//4637 4709//4713
f 4710//4714 4633//4637 4711//4712
f 4711//4712 4712//4715 4710//4714
f 4589//4591 4697//4700 4713//4716
f 4713//4716 4714//4618 4615//4617
f 4713//4716 4615//4617 4589//4591
f 4714//4618 4711//4712 4616//4619
f 4616//4619 4711//4712 4709//4713
f 4613//4615 4616//4619 4709//4713
f 4713//4716 4697//4700 4712//4715
f 4712//4715 4714//4618 4713//4716
f 4714//4618 4712//4715 4711//4712
f 4716//4717 4715//4718 4712//4715
f 4712//4715 4715//4718 4710//4714
f 4715//4718 4716//4717 4710//4714
f 4716//4717 4717//4719 4710//4714
f 4699//4702 4718//4720 4717//4719
f 4712//4715 4697//4700 4698//4701
f 4698//4701 4590//4592 4717//4719
f 4698//4701 4716//4717 4712//4715
f 4716//4717 4698//4701 4717//4719
f 4717//4719 4590//4592 4699//4702
f 4719//4721 4605//4607 4602//4604
f 4720//4722 4719//4721 4602//4604
f 4605//4607 4719//4721 4621//4624
f 4621//4624 4625//4628 4622//4625
f 4719//4721 4625//4628 4621//4624
f 4719//4721 4721//4723 4625//4628
f 4625//4628 4721//4723 4626//4629
f 4630//4634 4696//4699 4629//4633
f 4631//4635 4696//4699 4630//4634
f 4708//4710 4696//4699 4631//4635
f 4631//4635 4723//4724 4722//4725
f 4723//4724 4724//4726 4722//4725
f 4631//4635 4722//4725 4707//4711
f 4724//4726 4707//4711 4722//4725
f 4725//4727 4505//4511 4726//4728
f 4710//4714 4725//4727 4726//4728
f 4727//4729 4725//4727 4718//4720
f 4633//4637 4613//4615 4709//4713
f 4726//4728 4505//4511 4633//4637
f 4726//4728 4633//4637 4710//4714
f 4717//4719 4725//4727 4710//4714
f 4728//4730 4730//4731 4729//4732
f 4718//4720 4725//4727 4717//4719
f 4728//4730 4617//4620 4731//4733
f 4731//4733 4617//4620 4732//4734
f 4728//4730 4731//4733 4732//4734
f 4730//4731 4728//4730 4732//4734
f 4618//4621 4728//4730 4729//4732
f 4733//4735 4734//4736 4729//4732
f 4734//4736 4618//4621 4729//4732
f 4617//4620 4728//4730 4618//4621
f 4721//4723 4719//4721 4735//4737
f 4721//4723 4735//4737 4626//4629
f 4735//4737 4719//4721 4736//4738
f 4736//4738 4737//4739 4735//4737
f 4624//4627 4626//4629 4635//4638
f 4626//4629 4738//4740 4635//4638
f 4735//4737 4738//4740 4626//4629
f 4735//4737 4739//4741 4738//4740
f 4735//4737 4737//4739 4739//4741
f 4736//4738 4740//4742 4737//4739
f 4736//4738 4890//4743 4740//4742
f 4723//4724 4631//4635 4632//4636
f 4723//4724 4741//4744 4724//4726
f 4742//4745 4724//4726 4741//4744
f 4743//4746 4724//4726 4742//4745
f 4743//4746 4742//4745 4744//4747
f 4745//4748 4640//4643 4505//4511
f 4640//4643 4745//4748 4746//4749
f 4639//4642 4640//4643 4746//4749
f 4514//4517 4747//4750 4732//4734
f 4617//4620 4514//4517 4732//4734
f 4730//4731 4732//4734 4733//4735
f 4729//4732 4730//4731 4733//4735
f 4738//4740 4739//4741 4635//4638
f 4737//4739 4748//4751 4739//4741
f 4740//4742 4748//4751 4737//4739
f 4739//4741 4748//4751 4749//4752
f 4723//4724 4632//4636 4741//4744
f 4741//4744 4750//4753 4742//4745
f 4742//4745 4750//4753 4744//4747
f 4751//4754 4639//4642 4746//4749
f 4642//4645 4639//4642 4751//4754
f 4644//4647 4752//4755 4645//4648
f 4752//4755 4747//4750 4645//4648
f 4747//4750 4752//4755 4753//4756
f 4644//4647 4642//4645 4751//4754
f 4752//4755 4754//4757 4753//4756
f 4755//4758 4754//4757 4752//4755
f 4756//4759 4754//4757 4757//4760
f 4755//4758 4757//4760 4754//4757
f 4646//4649 4747//4750 4514//4517
f 4646//4649 4512//4516 4747//4750
f 4747//4750 4512//4516 4645//4648
f 4758//4761 4732//4734 4747//4750
f 4753//4756 4758//4761 4747//4750
f 4758//4761 4753//4756 4732//4734
f 4753//4756 4756//4759 4732//4734
f 4753//4756 4754//4757 4756//4759
f 4759//4762 4733//4735 4732//4734
f 4757//4760 4759//4762 4756//4759
f 4759//4762 4732//4734 4756//4759
f 4759//4762 4757//4760 4733//4735
f 4757//4760 4755//4758 4904//4763
f 4733//4735 4757//4760 4904//4763
f 4739//4741 4760//4764 4635//4638
f 4748//4751 4762//4765 4761//4766
f 4749//4752 4748//4751 4761//4766
f 4741//4744 4632//4636 4648//4651
f 4750//4753 4741//4744 4648//4651
f 4763//4767 4744//4747 4750//4753
f 4763//4767 4764//4768 4744//4747
f 4760//4764 4739//4741 4749//4752
f 4765//4769 4749//4752 4761//4766
f 4650//4653 4652//4655 4648//4651
f 4652//4655 4750//4753 4648//4651
f 4763//4767 4750//4753 4766//4770
f 4764//4768 4763//4767 4766//4770
f 4635//4638 4760//4764 4647//4650
f 4749//4752 4765//4769 4767//4771
f 4760//4764 4768//4772 4647//4650
f 4760//4764 4749//4752 4768//4772
f 4656//4659 4750//4753 4652//4655
f 4769//4773 4750//4753 4656//4659
f 4770//4774 4769//4773 4656//4659
f 4769//4773 4770//4774 4771//4775
f 4770//4774 4656//4659 4658//4661
f 4653//4656 4647//4650 4768//4772
f 4772//4776 4916//4777 4920//4778
f 4770//4774 4658//4661 4540//4542
f 4540//4542 4773//4779 4770//4774
f 4768//4772 4774//4780 4653//4656
f 4774//4780 4768//4772 4775//4781
f 4916//4777 4772//4776 4768//4772
f 4774//4780 4775//4781 4776//4782
f 4768//4772 4777//4783 4775//4781
f 4768//4772 4778//4784 4777//4783
f 4779//4785 4661//4664 4653//4656
f 4779//4785 4660//4663 4661//4664
f 4779//4785 4653//4656 4774//4780
f 4780//4786 4779//4785 4774//4780
f 4781//4787 4780//4786 4774//4780
f 4781//4787 4774//4780 4776//4782
f 4663//4666 4660//4663 4779//4785
f 4780//4786 4781//4787 4779//4785
f 4779//4785 4781//4787 4782//4788
f 4664//4667 4543//4545 4783//4789
f 4663//4666 4779//4785 4782//4788
f 4782//4788 4781//4787 4776//4782
f 4776//4782 4663//4666 4782//4788
f 4776//4782 4775//4781 4784//4790
f 4785//4791 4775//4781 4786//4792
f 4785//4791 4784//4790 4775//4781
f 4787//4793 4784//4790 4785//4791
f 4663//4666 4788//4794 4662//4665
f 4776//4782 4788//4794 4663//4666
f 4666//4669 4662//4665 4788//4794
f 4776//4782 4789//4795 4788//4794
f 4788//4794 4789//4795 4666//4669
f 4789//4795 4790//4796 4666//4669
f 4784//4790 4789//4795 4776//4782
f 4791//4797 4789//4795 4784//4790
f 4789//4795 4791//4797 4790//4796
f 4790//4796 4791//4797 4792//4798
f 4784//4790 4787//4793 4791//4797
f 4665//4668 4666//4669 4790//4796
f 4792//4798 4665//4668 4790//4796
f 4672//4676 4673//4675 4793//4799
f 4794//4800 4672//4676 4793//4799
f 4793//4799 4673//4675 4675//4678
f 4795//4801 4793//4799 4675//4678
f 4796//4802 4794//4800 4795//4801
f 4793//4799 4795//4801 4794//4800
f 4795//4801 4798//4803 4797//4804
f 4795//4801 4675//4678 4798//4803
f 4798//4803 4675//4678 4799//4805
f 4797//4804 4796//4802 4795//4801
f 4798//4803 4799//4805 4800//4806
f 4799//4805 4801//4807 4800//4806
f 4675//4678 4674//4677 4802//4808
f 4675//4678 4802//4808 4799//4805
f 4802//4808 4674//4677 4677//4680
f 4799//4805 4802//4808 4803//4809
f 4801//4807 4799//4805 4803//4809
f 4677//4680 4566//4569 4802//4808
f 4802//4808 4566//4569 4803//4809
f 4803//4809 4566//4569 4804//4810
f 4805//4811 4566//4569 4806//4812
f 4805//4811 4806//4812 4807//4813
f 4810//4814 4805//4811 4807//4813
f 4805//4811 4810//4814 4808//4815
f 4566//4569 4679//4682 4806//4812
f 4806//4812 4679//4682 4809//4816
f 4807//4813 4806//4812 4809//4816
f 4810//4814 4807//4813 4809//4816
f 4810//4814 4812//4817 4811//4818
f 4813//4819 4810//4814 4809//4816
f 4679//4682 4680//4683 4809//4816
f 4680//4683 4813//4819 4809//4816
f 4814//4820 4810//4814 4813//4819
f 4810//4814 4814//4820 4812//4817
f 4815//4821 4812//4817 4816//4822
f 4812//4817 4815//4821 4817//4823
f 4814//4820 4813//4819 4680//4683
f 4814//4820 4816//4822 4812//4817
f 4680//4683 4681//4684 4686//4689
f 4686//4689 4814//4820 4680//4683
f 4818//4824 4814//4820 4686//4689
f 4685//4688 4818//4824 4686//4689
f 4819//4825 4690//4692 4691//4694
f 4691//4694 4820//4826 4819//4825
f 4819//4825 4820//4826 4821//4827
f 4820//4826 4822//4828 4821//4827
f 4668//4671 4820//4826 4691//4694
f 4823//4829 4820//4826 4668//4671
f 4823//4829 4822//4828 4820//4826
f 4794//4800 4825//4830 4824//4831
f 4670//4673 4823//4829 4668//4671
f 4823//4829 4670//4673 4826//4832
f 4826//4832 4822//4828 4823//4829
f 4672//4676 4824//4831 4826//4832
f 4824//4831 4672//4676 4794//4800
f 4672//4676 4826//4832 4670//4673
f 4702//4705 4596//4598 4827//4833
f 4702//4705 4827//4833 4828//4834
f 4702//4705 4829//4835 4703//4706
f 4828//4834 4829//4835 4702//4705
f 4829//4835 4830//4836 4703//4706
f 4703//4706 4830//4836 4600//4602
f 4831//4837 4830//4836 4829//4835
f 4829//4835 4832//4838 4831//4837
f 4833//4839 4830//4836 4831//4837
f 4833//4839 4831//4837 4834//4840
f 4832//4838 4834//4840 4831//4837
f 4814//4820 4818//4824 4816//4822
f 4818//4824 4685//4688 4694//4697
f 4816//4822 4818//4824 4694//4697
f 4816//4822 4694//4697 4835//4841
f 4836//4842 4838//4843 4837//4844
f 4694//4697 4695//4698 4835//4841
f 4838//4843 4835//4841 4837//4844
f 4837//4844 4835//4841 4695//4698
f 4837//4844 4695//4698 4839//4845
f 4837//4844 4839//4845 4840//4846
f 4706//4709 4839//4845 4695//4698
f 4700//4703 4842//4847 4841//4848
f 4842//4847 4843//4849 4841//4848
f 4700//4703 4690//4692 4819//4825
f 4821//4827 4842//4847 4819//4825
f 4700//4703 4819//4825 4842//4847
f 4821//4827 4843//4849 4842//4847
f 4843//4849 4825//4830 4844//4850
f 4843//4849 4821//4827 4822//4828
f 4843//4849 4822//4828 4825//4830
f 4822//4828 4826//4832 4825//4830
f 4794//4800 4844//4850 4825//4830
f 4825//4830 4826//4832 4824//4831
f 4845//4851 4847//4852 4846//4853
f 4593//4594 4845//4851 4846//4853
f 4848//4854 4849//4855 4846//4853
f 4847//4852 4848//4854 4846//4853
f 4850//4856 4848//4854 4845//4851
f 4847//4852 4845//4851 4848//4854
f 4846//4853 4701//4704 4593//4594
f 4827//4833 4596//4598 4701//4704
f 4701//4704 4846//4853 4849//4855
f 4701//4704 4849//4855 4827//4833
f 4833//4839 4600//4602 4830//4836
f 4833//4839 4852//4857 4851//4858
f 4833//4839 4853//4859 4600//4602
f 4833//4839 4851//4858 4853//4859
f 4854//4860 4851//4858 4852//4857
f 4851//4858 4855//4861 4853//4859
f 4855//4861 4600//4602 4853//4859
f 4856//4862 4600//4602 4855//4861
f 4851//4858 4857//4863 4855//4861
f 4854//4860 4857//4863 4851//4858
f 4600//4602 4856//4862 4602//4604
f 4720//4722 4602//4604 4856//4862
f 4855//4861 4720//4722 4856//4862
f 4858//4864 4720//4722 4855//4861
f 4855//4861 4857//4863 4858//4864
f 4858//4864 4857//4863 4859//4865
f 4854//4860 4860//4866 4857//4863
f 4857//4863 4860//4866 4859//4865
f 4861//4867 4859//4865 4862//4868
f 4706//4709 4863//4869 4839//4845
f 4864//4870 4840//4846 4839//4845
f 4864//4870 4839//4845 4863//4869
f 4865//4871 4863//4869 4866//4872
f 4863//4869 4706//4709 4707//4711
f 4867//4873 4863//4869 4707//4711
f 4863//4869 4867//4873 4866//4872
f 4868//4874 4866//4872 4867//4873
f 4869//4875 4866//4872 4868//4874
f 4870//4876 4869//4875 4868//4874
f 4872//4877 4871//4878 4699//4702
f 4872//4877 4841//4848 4873//4879
f 4700//4703 4841//4848 4699//4702
f 4872//4877 4699//4702 4841//4848
f 4873//4879 4841//4848 4843//4849
f 4873//4879 4843//4849 4874//4880
f 4844//4850 4874//4880 4843//4849
f 4593//4594 4618//4621 4875//4881
f 4876//4882 4877//4883 4875//4881
f 4878//4884 4875//4881 4877//4883
f 4875//4881 4878//4884 4850//4856
f 4845//4851 4593//4594 4875//4881
f 4845//4851 4875//4881 4850//4856
f 4858//4864 4861//4867 4720//4722
f 4720//4722 4861//4867 4879//4885
f 4861//4867 4858//4864 4859//4865
f 4879//4885 4861//4867 4862//4868
f 4879//4885 4719//4721 4720//4722
f 4880//4886 4879//4885 4862//4868
f 4879//4885 4880//4886 4719//4721
f 4881//4887 4719//4721 4880//4886
f 4707//4711 4883//4888 4882//4889
f 4867//4873 4707//4711 4882//4889
f 4868//4874 4867//4873 4882//4889
f 4868//4874 4882//4889 4883//4888
f 4883//4888 4870//4876 4868//4874
f 4883//4888 4707//4711 4724//4726
f 4884//4890 4870//4876 4883//4888
f 4885//4891 4883//4888 4724//4726
f 4886//4892 4718//4720 4871//4878
f 4887//4893 4718//4720 4886//4892
f 4727//4729 4718//4720 4887//4893
f 4888//4894 4887//4893 4874//4880
f 4699//4702 4871//4878 4718//4720
f 4871//4878 4872//4877 4886//4892
f 4872//4877 4889//4895 4886//4892
f 4889//4895 4887//4893 4886//4892
f 4872//4877 4873//4879 4889//4895
f 4889//4895 4873//4879 4887//4893
f 4873//4879 4874//4880 4887//4893
f 4734//4736 4733//4735 4876//4882
f 4876//4882 4618//4621 4734//4736
f 4618//4621 4876//4882 4875//4881
f 4878//4884 4877//4883 4876//4882
f 4719//4721 4881//4887 4890//4743
f 4880//4886 4891//4896 4881//4887
f 4890//4743 4736//4738 4719//4721
f 4881//4887 4892//4897 4890//4743
f 4892//4897 4881//4887 4891//4896
f 4892//4897 4740//4742 4890//4743
f 4893//4898 4892//4897 4891//4896
f 4894//4899 4892//4897 4893//4898
f 4891//4896 4895//4900 4893//4898
f 4893//4898 4895//4900 4894//4899
f 4895//4900 4891//4896 4880//4886
f 4885//4891 4884//4890 4883//4888
f 4743//4746 4885//4891 4724//4726
f 4896//4901 4884//4890 4885//4891
f 4505//4511 4725//4727 4745//4748
f 4725//4727 4727//4729 4745//4748
f 4888//4894 4727//4729 4887//4893
f 4904//4763 4897//4902 4733//4735
f 4897//4902 4876//4882 4733//4735
f 4878//4884 4897//4902 4898//4903
f 4878//4884 4876//4882 4897//4902
f 4894//4899 4899//4904 4892//4897
f 4894//4899 4895//4900 4899//4904
f 4892//4897 4900//4905 4740//4742
f 4899//4904 4900//4905 4892//4897
f 4885//4891 4743//4746 4744//4747
f 4751//4754 4901//4906 4644//4647
f 4901//4906 4902//4907 4644//4647
f 4755//4758 4903//4908 4904//4763
f 4897//4902 4904//4763 4903//4908
f 4897//4902 4903//4908 4898//4903
f 4903//4908 4905//4909 4898//4903
f 4740//4742 4762//4765 4748//4751
f 4900//4905 4762//4765 4740//4742
f 4899//4904 4906//4910 4900//4905
f 4907//4911 4899//4904 4895//4900
f 4764//4768 4885//4891 4744//4747
f 4901//4906 4908//4912 4902//4907
f 4752//4755 4909//4913 4755//4758
f 4909//4913 4644//4647 4902//4907
f 4644//4647 4909//4913 4752//4755
f 4908//4912 4909//4913 4902//4907
f 4909//4913 4903//4908 4755//4758
f 4765//4769 4761//4766 4762//4765
f 4765//4769 4762//4765 4900//4905
f 4765//4769 4900//4905 4767//4771
f 4910//4914 4906//4910 4899//4904
f 4907//4911 4910//4914 4899//4904
f 4907//4911 4911//4915 4910//4914
f 4766//4770 4912//4916 4764//4768
f 4912//4916 4766//4770 4750//4753
f 4906//4910 4767//4771 4900//4905
f 4906//4910 4910//4914 4767//4771
f 4750//4753 4769//4773 4912//4916
f 4771//4775 4912//4916 4769//4773
f 4913//4917 4912//4916 4771//4775
f 4773//4779 4913//4917 4771//4775
f 4914//4918 4912//4916 4913//4917
f 4914//4918 4913//4917 4773//4779
f 4915//4919 4914//4918 4773//4779
f 4749//4752 4916//4777 4768//4772
f 4767//4771 4916//4777 4749//4752
f 4910//4914 4917//4920 4767//4771
f 4767//4771 4918//4921 4916//4777
f 4915//4919 4773//4779 4540//4542
f 4915//4919 4540//4542 4919//4922
f 4918//4921 4920//4778 4916//4777
f 4918//4921 4767//4771 4920//4778
f 4771//4775 4770//4774 4773//4779
f 4772//4776 4778//4784 4768//4772
f 4917//4920 4772//4776 4920//4778
f 4917//4920 4920//4778 4767//4771
f 4772//4776 4917//4920 4921//4923
f 4772//4776 4921//4923 4778//4784
f 4778//4784 4921//4923 4777//4783
f 4921//4923 4917//4920 4922//4924
f 4786//4792 4775//4781 4777//4783
f 4923//4925 4777//4783 4921//4923
f 4923//4925 4786//4792 4777//4783
f 4924//4926 4786//4792 4923//4925
f 4785//4791 4786//4792 4924//4926
f 4924//4926 4925//4927 4785//4791
f 4787//4793 4785//4791 4925//4927
f 4922//4924 4923//4925 4921//4923
f 4922//4924 4924//4926 4923//4925
f 4922//4924 4925//4927 4924//4926
f 4922//4924 4787//4793 4925//4927
f 4922//4924 4926//4928 4787//4793
f 4927//4929 4928//4930 4783//4789
f 4922//4924 4930//4931 4929//4932
f 4926//4928 4922//4924 4929//4932
f 4930//4931 4922//4924 4917//4920
f 4928//4930 4926//4928 4929//4932
f 4927//4929 4926//4928 4928//4930
f 4927//4929 4787//4793 4926//4928
f 4783//4789 4665//4668 4792//4798
f 4543//4545 4665//4668 4783//4789
f 4791//4797 4787//4793 4931//4933
f 4792//4798 4791//4797 4931//4933
f 4931//4933 4927//4929 4792//4798
f 4927//4929 4783//4789 4792//4798
f 4927//4929 4931//4933 4787//4793
f 4794//4800 4796//4802 4932//4934
f 4797//4804 4934//4935 4933//4936
f 4934//4935 4936//4937 4935//4938
f 4934//4935 4935//4938 4933//4936
f 4937//4939 4935//4938 4936//4937
f 4933//4936 4935//4938 4937//4939
f 4797//4804 4798//4803 4934//4935
f 4798//4803 4800//4806 4938//4940
f 4938//4940 4934//4935 4798//4803
f 4937//4939 4936//4937 4939//4941
f 4937//4939 4939//4941 4940//4942
f 4938//4940 4800//4806 4801//4807
f 4941//4943 4934//4935 4938//4940
f 4936//4937 4934//4935 4941//4943
f 4936//4937 4942//4944 4939//4941
f 4939//4941 4942//4944 4943//4945
f 4942//4944 4936//4937 4941//4943
f 4940//4942 4939//4941 4943//4945
f 4940//4942 4943//4945 4944//4946
f 4940//4942 4944//4946 4945//4947
f 4938//4940 4801//4807 4941//4943
f 4941//4943 4801//4807 4943//4945
f 4943//4945 4801//4807 4804//4810
f 4943//4945 4804//4810 4944//4946
f 4942//4944 4941//4943 4943//4945
f 4945//4947 4944//4946 4946//4948
f 4801//4807 4803//4809 4804//4810
f 4947//4949 4944//4946 4804//4810
f 4947//4949 4948//4950 4944//4946
f 4948//4950 4946//4948 4944//4946
f 4947//4949 4804//4810 4948//4950
f 4804//4810 4566//4569 4808//4815
f 4804//4810 4808//4815 4948//4950
f 4946//4948 4948//4950 4817//4823
f 4566//4569 4805//4811 4808//4815
f 4808//4815 4817//4823 4948//4950
f 4949//4951 4817//4823 4838//4843
f 4808//4815 4810//4814 4811//4818
f 4811//4818 4817//4823 4808//4815
f 4838//4843 4836//4842 4949//4951
f 4812//4817 4817//4823 4811//4818
f 4817//4823 4815//4821 4838//4843
f 4815//4821 4816//4822 4835//4841
f 4815//4821 4835//4841 4838//4843
f 4950//4952 4836//4842 4951//4953
f 4951//4953 4953//4954 4952//4955
f 4954//4956 4956//4957 4955//4958
f 4932//4934 4957//4959 4794//4800
f 4932//4934 4954//4956 4957//4959
f 4932//4934 4956//4957 4954//4956
f 4956//4957 4797//4804 4958//4960
f 4956//4957 4796//4802 4797//4804
f 4956//4957 4932//4934 4796//4802
f 4959//4961 4960//4962 4827//4833
f 4960//4962 4961//4963 4827//4833
f 4827//4833 4961//4963 4828//4834
f 4828//4834 4963//4964 4962//4965
f 4832//4838 4828//4834 4964//4966
f 4828//4834 4962//4965 4964//4966
f 4828//4834 4832//4838 4829//4835
f 4834//4840 4832//4838 4965//4967
f 4833//4839 4834//4840 4965//4967
f 4852//4857 4833//4839 4965//4967
f 4951//4953 4836//4842 4840//4846
f 4840//4846 4953//4954 4951//4953
f 4836//4842 4837//4844 4840//4846
f 4966//4968 4967//4969 4952//4955
f 4966//4968 4968//4970 4967//4969
f 4864//4870 4953//4954 4840//4846
f 4864//4870 4952//4955 4953//4954
f 4952//4955 4864//4870 4966//4968
f 4864//4870 4865//4871 4966//4968
f 4969//4971 4971//4972 4970//4973
f 4971//4972 4955//4958 4970//4973
f 4969//4971 4844//4850 4954//4956
f 4969//4971 4954//4956 4971//4972
f 4954//4956 4955//4958 4971//4972
f 4844//4850 4794//4800 4957//4959
f 4844//4850 4957//4959 4954//4956
f 4955//4958 4956//4957 4972//4974
f 4848//4854 4850//4856 4973//4975
f 4973//4975 4974//4976 4848//4854
f 4975//4977 4974//4976 4973//4975
f 4974//4976 4959//4961 4848//4854
f 4849//4855 4848//4854 4959//4961
f 4960//4962 4959//4961 4974//4976
f 4959//4961 4827//4833 4849//4855
f 4832//4838 4964//4966 4965//4967
f 4964//4966 5097//4978 4965//4967
f 4965//4967 5097//4978 4852//4857
f 5097//4978 4976//4979 4852//4857
f 4852//4857 4977//4980 4854//4860
f 4852//4857 4976//4979 4977//4980
f 4977//4980 4978//4981 4854//4860
f 4976//4979 4979//4982 4977//4980
f 4977//4980 4979//4982 4978//4981
f 4980//4983 4854//4860 4978//4981
f 4979//4982 4981//4984 4978//4981
f 4979//4982 4982//4985 4981//4984
f 4860//4866 4854//4860 4980//4983
f 4983//4986 4859//4865 4860//4866
f 4860//4866 4980//4983 4983//4986
f 4859//4865 4983//4986 4862//4868
f 4984//4987 4983//4986 4980//4983
f 4981//4984 4980//4983 4978//4981
f 4982//4985 4985//4988 4981//4984
f 4864//4870 4863//4869 4865//4871
f 4966//4968 4865//4871 4968//4970
f 4865//4871 4869//4875 4968//4970
f 4986//4989 4968//4970 4869//4875
f 4869//4875 4865//4871 4866//4872
f 4987//4990 4988//4991 4869//4875
f 4989//4992 4869//4875 4988//4991
f 4874//4880 4844//4850 4970//4973
f 4955//4958 4990//4993 4970//4973
f 4970//4973 4844//4850 4969//4971
f 4990//4993 4955//4958 4972//4974
f 4878//4884 4991//4994 4850//4856
f 5009//4995 4850//4856 4991//4994
f 4975//4977 4973//4975 4992//4996
f 4993//4997 4975//4977 4992//4996
f 5009//4995 4973//4975 4850//4856
f 4983//4986 4984//4987 4862//4868
f 4994//4998 4984//4987 4980//4983
f 4981//4984 4994//4998 4980//4983
f 4985//4988 4994//4998 4981//4984
f 4985//4988 4995//4999 4994//4998
f 4995//4999 4984//4987 4994//4998
f 4862//4868 4984//4987 4996//5000
f 4987//4990 4870//4876 4884//4890
f 4869//4875 4870//4876 4987//4990
f 4997//5001 4989//4992 4998//5002
f 4997//5001 4999//5003 4989//4992
f 4884//4890 4896//4901 4988//4991
f 4988//4991 4987//4990 4884//4890
f 4989//4992 4988//4991 4998//5002
f 5000//5004 4997//5001 4998//5002
f 4999//5003 4997//5001 5001//5005
f 4997//5001 5000//5004 5001//5005
f 4970//4973 5002//5006 4874//4880
f 5002//5006 4888//4894 4874//4880
f 4970//4973 5003//5007 5002//5006
f 4970//4973 4990//4993 5003//5007
f 4905//4909 5006//5008 4898//4903
f 5004//5009 5005//5010 4905//4909
f 5005//5010 5006//5008 4905//4909
f 5004//5009 5008//5011 5007//5012
f 5004//5009 5007//5012 5005//5010
f 5009//4995 4991//4994 5006//5008
f 5006//5008 4991//4994 4898//4903
f 5005//5010 4973//4975 5009//4995
f 5005//5010 5009//4995 5006//5008
f 5005//5010 4992//4996 4973//4975
f 5010//5013 4992//4996 5005//5010
f 5005//5010 5007//5012 5010//5013
f 5010//5013 5008//5011 4992//4996
f 5007//5012 5008//5011 5010//5013
f 5008//5011 5011//5014 4993//4997
f 4878//4884 4898//4903 4991//4994
f 4993//4997 4992//4996 5008//5011
f 4862//4868 4996//5000 4880//4886
f 4996//5000 4895//4900 4880//4886
f 5012//5015 5001//5005 5000//5004
f 4896//4901 5013//5016 4988//4991
f 5013//5016 4896//4901 4885//4891
f 4988//4991 5013//5016 4998//5002
f 4998//5002 5012//5015 5000//5004
f 4888//4894 5015//5017 5014//5018
f 4745//4748 4888//4894 5014//5018
f 4888//4894 4745//4748 4727//4729
f 5015//5017 4888//4894 5002//5006
f 5002//5006 5003//5007 5015//5017
f 4905//4909 5011//5014 5004//5009
f 5011//5014 4905//4909 5016//5019
f 5004//5009 5011//5014 5008//5011
f 4984//4987 5017//5020 4996//5000
f 4996//5000 4907//4911 4895//4900
f 5013//5016 4885//4891 4764//4768
f 5013//5016 4764//4768 4998//5002
f 5012//5015 4998//5002 4764//4768
f 5018//5021 5024//5022 4746//4749
f 5014//5018 5018//5021 4746//4749
f 5019//5023 5018//5021 5014//5018
f 5014//5018 4746//4749 4745//4748
f 5020//5024 5147//5025 5024//5022
f 5015//5017 5019//5023 5014//5018
f 4903//4908 4909//4913 4905//4909
f 5147//5025 4905//4909 4909//4913
f 5021//5026 4996//5000 5022//5027
f 5022//5027 4996//5000 5017//5020
f 4996//5000 5021//5026 4907//4911
f 4912//4916 5012//5015 4764//4768
f 5012//5015 4912//4916 5023//5028
f 4901//4906 4751//4754 5024//5022
f 4751//4754 4746//4749 5024//5022
f 5024//5022 4908//4912 4901//4906
f 4908//4912 5147//5025 4909//4913
f 4908//4912 5024//5022 5147//5025
f 5022//5027 5160//5029 5021//5026
f 5025//5030 5023//5028 5026//5031
f 4914//4918 5023//5028 4912//4916
f 5026//5031 5023//5028 5027//5032
f 5028//5033 5026//5031 5027//5032
f 5028//5033 5025//5030 5026//5031
f 5021//5026 4911//4915 4907//4911
f 5021//5026 5160//5029 4911//4915
f 4911//4915 5029//5034 4910//4914
f 5030//5035 4911//4915 5160//5029
f 5027//5032 4914//4918 5031//5036
f 4914//4918 5027//5032 5023//5028
f 5031//5036 4915//4919 4919//4922
f 4915//4919 5031//5036 4914//4918
f 4919//4922 5027//5032 5031//5036
f 4911//4915 5030//5035 5032//5037
f 5029//5034 4911//4915 5032//5037
f 5033//5038 5032//5037 5030//5035
f 5032//5037 5033//5038 5034//5039
f 5034//5039 5029//5034 5032//5037
f 5033//5038 5030//5035 5035//5040
f 5036//5041 5035//5040 5030//5035
f 5037//5042 5027//5032 4919//4922
f 5037//5042 5038//5043 5027//5032
f 4540//4542 5037//5042 4919//4922
f 5037//5042 5039//5044 5038//5043
f 4540//4542 5039//5044 5037//5042
f 4917//4920 4910//4914 5040//5045
f 4910//4914 5029//5034 5040//5045
f 5029//5034 5034//5039 5040//5045
f 5033//5038 5041//5046 5034//5039
f 5041//5046 5040//5045 5034//5039
f 5035//5040 5041//5046 5033//5038
f 5041//5046 5035//5040 5042//5047
f 5043//5048 5039//5044 4540//4542
f 5039//5044 5043//5048 5044//5049
f 4917//4920 5040//5045 5045//5050
f 5041//5046 5046//5051 5040//5045
f 5046//5051 5045//5050 5040//5045
f 5046//5051 5041//5046 5045//5050
f 5041//5046 5047//5052 5045//5050
f 5047//5052 5041//5046 5042//5047
f 5039//5044 5044//5049 5048//5053
f 4540//4542 4664//4667 5043//5048
f 5044//5049 5043//5048 4664//4667
f 4664//4667 4783//4789 5044//5049
f 5044//5049 4783//4789 5048//5053
f 5049//5054 5048//5053 4783//4789
f 4917//4920 5050//5055 4930//4931
f 4917//4920 5045//5050 5051//5056
f 5050//5055 4917//4920 5051//5056
f 5051//5056 5045//5050 5047//5052
f 5051//5056 5052//5057 5050//5055
f 5053//5058 4929//4932 4930//4931
f 5050//5055 5053//5058 4930//4931
f 4928//4930 4929//4932 5053//5058
f 5053//5058 5050//5055 4928//4930
f 4928//4930 5049//5054 4783//4789
f 4928//4930 5050//5055 5054//5059
f 5054//5059 5049//5054 4928//4930
f 4797//4804 4933//4936 5055//5060
f 4933//4936 5056//5061 5055//5060
f 4933//4936 5057//5062 5056//5061
f 5058//5063 5055//5060 5057//5062
f 5056//5061 5057//5062 5055//5060
f 5059//5064 4933//4936 4937//4939
f 5059//5064 5060//5065 4933//4936
f 5057//5062 4933//4936 5060//5065
f 4937//4939 5061//5066 5059//5064
f 5060//5065 5059//5064 5062//5067
f 5061//5066 4937//4939 4940//4942
f 5061//5066 4940//4942 5063//5068
f 5061//5066 5063//5068 5059//5064
f 5062//5067 5059//5064 5064//5069
f 4945//4947 5063//5068 4940//4942
f 5063//5068 4945//4947 5065//5070
f 5059//5064 5063//5068 5065//5070
f 5064//5069 5065//5070 5066//5071
f 5065//5070 4945//4947 5066//5071
f 5059//5064 5065//5070 5064//5069
f 5064//5069 5066//5071 5067//5072
f 5064//5069 5068//5073 5062//5067
f 5062//5067 5068//5073 5069//5074
f 5068//5073 5064//5069 5069//5074
f 4945//4947 4946//4948 5070//5075
f 5066//5071 4945//4947 5070//5075
f 5066//5071 5070//5075 5067//5072
f 5067//5072 5070//5075 5071//5076
f 5070//5075 4946//4948 5071//5076
f 4949//4951 5071//5076 4946//4948
f 4817//4823 4949//4951 4946//4948
f 5071//5076 4949//4951 5067//5072
f 5072//5077 5073//5078 5067//5072
f 4949//4951 5072//5077 5067//5072
f 5072//5077 4949//4951 5074//5079
f 5074//5079 4949//4951 4950//4952
f 4949//4951 4836//4842 4950//4952
f 5074//5079 4950//4952 5075//5080
f 5076//5081 5077//5082 5074//5079
f 4950//4952 4951//4953 5078//5083
f 5078//5083 5079//5084 4950//4952
f 5080//5085 5079//5084 5078//5083
f 4950//4952 5079//5084 5075//5080
f 5079//5084 5080//5085 5075//5080
f 5074//5079 5075//5080 5080//5085
f 5081//5086 5074//5079 5080//5085
f 5074//5079 5081//5086 5076//5081
f 5078//5083 4951//4953 4952//4955
f 5078//5083 5082//5087 5080//5085
f 5078//5083 4952//4955 5082//5087
f 4952//4955 4967//4969 5082//5087
f 5083//5088 5081//5086 5080//5085
f 5084//5089 5081//5086 5083//5088
f 4958//4960 5085//5090 4972//4974
f 5058//5063 5085//5090 4958//4960
f 5058//5063 4958//4960 5055//5060
f 5055//5060 4958//4960 4797//4804
f 4961//4963 4963//4964 4828//4834
f 5086//5091 4963//4964 4961//4963
f 5097//4978 5088//5092 5087//5093
f 5082//5087 4967//4969 4968//4970
f 5082//5087 4968//4970 4986//4989
f 5080//5085 5082//5087 4986//4989
f 5089//5094 5080//5085 4986//4989
f 5083//5088 5080//5085 5089//5094
f 5090//5095 5089//5094 5091//5096
f 5083//5088 5090//5095 5092//5097
f 5089//5094 5090//5095 5083//5088
f 5092//5097 5093//5098 5083//5088
f 5093//5098 5092//5097 5094//5099
f 5095//5100 5090//5095 5091//5096
f 5090//5095 5095//5100 5092//5097
f 5095//5100 5094//5099 5092//5097
f 4956//4957 4958//4960 4972//4974
f 4960//4962 5096//5101 4961//4963
f 4964//4966 4962//4965 4963//4964
f 4963//4964 5088//5092 4964//4966
f 4964//4966 5088//5092 5097//4978
f 5088//5092 4963//4964 5087//5093
f 5212//5102 5098//5103 5097//4978
f 4976//4979 5099//5104 4979//4982
f 4976//4979 5097//4978 5099//5104
f 5097//4978 5098//5103 5100//5105
f 4979//4982 5099//5104 4982//4985
f 5101//5106 4982//4985 5099//5104
f 5100//5105 5101//5106 5099//5104
f 5100//5105 5099//5104 5097//4978
f 5102//5107 5100//5105 5098//5103
f 4985//4988 4982//4985 5101//5106
f 4985//4988 5101//5106 5100//5105
f 4995//4999 4985//4988 5100//5105
f 5103//5108 4995//4999 5100//5105
f 5100//5105 5102//5107 5103//5108
f 4999//5003 4986//4989 4869//4875
f 4986//4989 4999//5003 5089//5094
f 5089//5094 4999//5003 5091//5096
f 5091//5096 4999//5003 5104//5109
f 5091//5096 5104//5109 5095//5100
f 5095//5100 5104//5109 5094//5099
f 4869//4875 4989//4992 4999//5003
f 4993//4997 5011//5014 5118//5110
f 4993//4997 5118//5110 4975//4977
f 5118//5110 5105//5111 4974//4976
f 4974//4976 4975//4977 5118//5110
f 5103//5108 5106//5112 4995//4999
f 5104//5109 4999//5003 5001//5005
f 5107//5113 5104//5109 5001//5005
f 5003//5007 4990//4993 5127//5114
f 5108//5115 5127//5114 4990//4993
f 5109//5116 4990//4993 4972//4974
f 4990//4993 5109//5116 5108//5115
f 5110//5117 5111//5118 5016//5019
f 5110//5117 5112//5119 5111//5118
f 5112//5119 5113//5120 5111//5118
f 5114//5121 5115//5122 5110//5117
f 5115//5122 5112//5119 5110//5117
f 5112//5119 5117//5123 5116//5124
f 5116//5124 5113//5120 5112//5119
f 5117//5123 5112//5119 5115//5122
f 5114//5121 5117//5123 5115//5122
f 5016//5019 5119//5125 5118//5110
f 5119//5125 5111//5118 5118//5110
f 5111//5118 5119//5125 5016//5019
f 5016//5019 5118//5110 5011//5014
f 5113//5120 5118//5110 5111//5118
f 5116//5124 5105//5111 5113//5120
f 5113//5120 5105//5111 5118//5110
f 5106//5112 5120//5126 4995//4999
f 4995//4999 5120//5126 4984//4987
f 5001//5005 5012//5015 5107//5113
f 5012//5015 5121//5127 5107//5113
f 5122//5128 5107//5113 5121//5127
f 5123//5129 5124//5130 5144//5131
f 5127//5114 5124//5130 5123//5129
f 5144//5131 5124//5130 5125//5132
f 5003//5007 5127//5114 5015//5017
f 5130//5133 5127//5114 5135//5134
f 5126//5135 5135//5134 5108//5115
f 5108//5115 5135//5134 5127//5114
f 5124//5130 5127//5114 5128//5136
f 5127//5114 5129//5137 5128//5136
f 5268//5138 5130//5133 5135//5134
f 5129//5137 5127//5114 5130//5133
f 5130//5133 5147//5025 5131//5139
f 5132//5140 5147//5025 5130//5133
f 5108//5115 5133//5141 5126//5135
f 5126//5135 5134//5142 5135//5134
f 5135//5134 5267//5143 5268//5138
f 5267//5143 5135//5134 5136//5144
f 5135//5134 5134//5142 5136//5144
f 5136//5144 5132//5140 5137//5145
f 5272//5146 5132//5140 5138//5147
f 5129//5137 5139//5148 5128//5136
f 5139//5148 5129//5137 5130//5133
f 5268//5138 5137//5145 5130//5133
f 5130//5133 5137//5145 5132//5140
f 5139//5148 5130//5133 5131//5139
f 5016//5019 4905//4909 5147//5025
f 5132//5140 5016//5019 5147//5025
f 5132//5140 5272//5146 5016//5019
f 5016//5019 5114//5121 5110//5117
f 4984//4987 5120//5126 5017//5020
f 5156//5149 5121//5127 5012//5015
f 5122//5128 5121//5127 5156//5149
f 5012//5015 5023//5028 5156//5149
f 5020//5024 5018//5021 5019//5023
f 5123//5129 5140//5150 5019//5023
f 5140//5150 5141//5151 5019//5023
f 5019//5023 5142//5152 5020//5024
f 5140//5150 5144//5131 5145//5153
f 5144//5131 5140//5150 5123//5129
f 5850//5154 5852//5155 5851//5156
f 5470//5157 5469//5158 5471//5159
f 5462//5160 5378//5161 5374//5162
f 5143//5163 5147//5025 5142//5152
f 5144//5131 5146//5164 5145//5153
f 5148//5165 5144//5131 5125//5132
f 5148//5165 5147//5025 5144//5131
f 5147//5025 5146//5164 5144//5131
f 5279//5166 5248//5167 5281//5168
f 5147//5025 5143//5163 5146//5164
f 5024//5022 5018//5021 5020//5024
f 5015//5017 5123//5129 5019//5023
f 5127//5114 5123//5129 5015//5017
f 5142//5152 5147//5025 5020//5024
f 5131//5139 5147//5025 5148//5165
f 5120//5126 5022//5027 5017//5020
f 5022//5027 5120//5126 5160//5029
f 5149//5169 5156//5149 5150//5170
f 5151//5171 5150//5170 5152//5172
f 5025//5030 5156//5149 5023//5028
f 5150//5170 5156//5149 5153//5173
f 5156//5149 5025//5030 5154//5174
f 5153//5173 5156//5149 5155//5175
f 5157//5176 5150//5170 5153//5173
f 5157//5176 5152//5172 5150//5170
f 5154//5174 5025//5030 5028//5033
f 5158//5177 5154//5174 5028//5033
f 5027//5032 5158//5177 5028//5033
f 5155//5175 5156//5149 5154//5174
f 5158//5177 5155//5175 5154//5174
f 5038//5043 5158//5177 5027//5032
f 5153//5173 5155//5175 5159//5178
f 5159//5178 5155//5175 5158//5177
f 5038//5043 5159//5178 5158//5177
f 5157//5176 5153//5173 5159//5178
f 5159//5178 5038//5043 5157//5176
f 5152//5172 5157//5176 5038//5043
f 5030//5035 5160//5029 5036//5041
f 5161//5179 5036//5041 5160//5029
f 5038//5043 5039//5044 5162//5180
f 5163//5181 5038//5043 5162//5180
f 5164//5182 5161//5179 5160//5029
f 5036//5041 5165//5183 5035//5040
f 5165//5183 5042//5047 5035//5040
f 5161//5179 5165//5183 5036//5041
f 5164//5182 5166//5184 5161//5179
f 5048//5053 5167//5185 5039//5044
f 5162//5180 5039//5044 5167//5185
f 5167//5185 5168//5186 5162//5180
f 5163//5181 5162//5180 5169//5187
f 5169//5187 5162//5180 5170//5188
f 5168//5186 5170//5188 5162//5180
f 5169//5187 5170//5188 5171//5189
f 5161//5179 5166//5184 5165//5183
f 5165//5183 5166//5184 5042//5047
f 5166//5184 5172//5190 5042//5047
f 5166//5184 5164//5182 5173//5191
f 5166//5184 5173//5191 5174//5192
f 5172//5190 5047//5052 5042//5047
f 5047//5052 5175//5193 5051//5056
f 5172//5190 5175//5193 5047//5052
f 5052//5057 5051//5056 5175//5193
f 5174//5192 5172//5190 5166//5184
f 5172//5190 5174//5192 5175//5193
f 5175//5193 5174//5192 5052//5057
f 5174//5192 5173//5191 5052//5057
f 5171//5189 5177//5194 5176//5195
f 5170//5188 5177//5194 5171//5189
f 5173//5191 5178//5196 5052//5057
f 5179//5197 5049//5054 5180//5198
f 5048//5053 5049//5054 5179//5197
f 5180//5198 5049//5054 5054//5059
f 5167//5185 5048//5053 5168//5186
f 5048//5053 5179//5197 5168//5186
f 5180//5198 5054//5059 5052//5057
f 5177//5194 5180//5198 5176//5195
f 5177//5194 5179//5197 5180//5198
f 5176//5195 5180//5198 5052//5057
f 5170//5188 5179//5197 5177//5194
f 5168//5186 5179//5197 5170//5188
f 5052//5057 5054//5059 5050//5055
f 5069//5074 5073//5078 5181//5199
f 5057//5062 5085//5090 5058//5063
f 5182//5200 5184//5201 5183//5202
f 5085//5090 5057//5062 5060//5065
f 5060//5065 5183//5202 5085//5090
f 5184//5201 5182//5200 5185//5203
f 5184//5201 5185//5203 5186//5204
f 5183//5202 5060//5065 5187//5205
f 5182//5200 5183//5202 5187//5205
f 5185//5203 5182//5200 5188//5206
f 5185//5203 5188//5206 5189//5207
f 5182//5200 5187//5205 5188//5206
f 5189//5207 5188//5206 5190//5208
f 5062//5067 5069//5074 5060//5065
f 5060//5065 5069//5074 5187//5205
f 5188//5206 5187//5205 5191//5209
f 5190//5208 5188//5206 5191//5209
f 5067//5072 5073//5078 5069//5074
f 5069//5074 5064//5069 5067//5072
f 5187//5205 5069//5074 5191//5209
f 5191//5209 5069//5074 5181//5199
f 5077//5082 5072//5077 5074//5079
f 5073//5078 5072//5077 5077//5082
f 5192//5210 5077//5082 5193//5211
f 5077//5082 5194//5212 5193//5211
f 5194//5212 5192//5210 5193//5211
f 5194//5212 5077//5082 5195//5213
f 5194//5212 5195//5213 5196//5214
f 5195//5213 5077//5082 5076//5081
f 5081//5086 5195//5213 5076//5081
f 5195//5213 5081//5086 5084//5089
f 5197//5215 5196//5214 5198//5216
f 5083//5088 5093//5098 5084//5089
f 5195//5213 5084//5089 5199//5217
f 5199//5217 5084//5089 5093//5098
f 5199//5217 5093//5098 5200//5218
f 5199//5217 5196//5214 5195//5213
f 5196//5214 5199//5217 5200//5218
f 5196//5214 5200//5218 5198//5216
f 5201//5219 4972//4974 5202//5220
f 5202//5220 5085//5090 5203//5221
f 5202//5220 5203//5221 5201//5219
f 4972//4974 5085//5090 5202//5220
f 5085//5090 5183//5202 5203//5221
f 5203//5221 5183//5202 5204//5222
f 5183//5202 5184//5201 5204//5222
f 5201//5219 5203//5221 5204//5222
f 5201//5219 5204//5222 5184//5201
f 5096//5101 5205//5223 4961//4963
f 5205//5223 5206//5224 4961//4963
f 4961//4963 5206//5224 5086//5091
f 5205//5223 5207//5225 5206//5224
f 5206//5224 5208//5226 5086//5091
f 5086//5091 5208//5226 5210//5227
f 5206//5224 5209//5228 5208//5226
f 5206//5224 5207//5225 5209//5228
f 5086//5091 5087//5093 4963//4964
f 5087//5093 5086//5091 5210//5227
f 5208//5226 5209//5228 5210//5227
f 5207//5225 5211//5229 5209//5228
f 5087//5093 5210//5227 5212//5102
f 5212//5102 5210//5227 5209//5228
f 5212//5102 5097//4978 5087//5093
f 5209//5228 5211//5229 5212//5102
f 5094//5099 5200//5218 5093//5098
f 5200//5218 5094//5099 5198//5216
f 5213//5230 5198//5216 5094//5099
f 5213//5230 5094//5099 5104//5109
f 5214//5231 5216//5232 5215//5233
f 5215//5233 5217//5234 5214//5231
f 4960//4962 4974//4976 5218//5235
f 5214//5231 5218//5235 4974//4976
f 5218//5235 5214//5231 5217//5234
f 4960//4962 5218//5235 5217//5234
f 5212//5102 5219//5236 5098//5103
f 5212//5102 5211//5229 5219//5236
f 5219//5236 5211//5229 5220//5237
f 5220//5237 5221//5238 5219//5236
f 5098//5103 5219//5236 5102//5107
f 5222//5239 5219//5236 5221//5238
f 5223//5240 5222//5239 5221//5238
f 5220//5237 5224//5241 5221//5238
f 5223//5240 5221//5238 5224//5241
f 5219//5236 5222//5239 5102//5107
f 5222//5239 5223//5240 5102//5107
f 5223//5240 5224//5241 5102//5107
f 5224//5241 5225//5242 5102//5107
f 5103//5108 5102//5107 5225//5242
f 5109//5116 4972//4974 5226//5243
f 5109//5116 5226//5243 5227//5244
f 5228//5245 5227//5244 5226//5243
f 4972//4974 5201//5219 5226//5243
f 5214//5231 5105//5111 5216//5232
f 5105//5111 5229//5246 5216//5232
f 5229//5246 5230//5247 5216//5232
f 5214//5231 4974//4976 5105//5111
f 5103//5108 5231//5248 5106//5112
f 5103//5108 5232//5249 5231//5248
f 5225//5242 5233//5250 5103//5108
f 5234//5251 5231//5248 5232//5249
f 5232//5249 5103//5108 5233//5250
f 5234//5251 5232//5249 5233//5250
f 5235//5252 5233//5250 5225//5242
f 5236//5253 5235//5252 5225//5242
f 5237//5254 5233//5250 5235//5252
f 5237//5254 5235//5252 5236//5253
f 5213//5230 5104//5109 5238//5255
f 5239//5256 5213//5230 5238//5255
f 5238//5255 5104//5109 5240//5257
f 5240//5257 5104//5109 5107//5113
f 5213//5230 5239//5256 5241//5258
f 5242//5259 5239//5256 5243//5260
f 5242//5259 5241//5258 5239//5256
f 5240//5257 5239//5256 5238//5255
f 5243//5260 5239//5256 5240//5257
f 5244//5261 5242//5259 5245//5262
f 5108//5115 5109//5116 5279//5166
f 5246//5263 5279//5166 5109//5116
f 5248//5167 5279//5166 5246//5263
f 5227//5244 5247//5264 5246//5263
f 5246//5263 5282//5265 5248//5167
f 5246//5263 5247//5264 5249//5266
f 4501//4372 4378//4382 4511//4507
f 5283//5267 5282//5265 5246//5263
f 5249//5266 5250//5268 5246//5263
f 5246//5263 5250//5268 5251//5269
f 5250//5268 5252//5270 5251//5269
f 5246//5263 5109//5116 5253//5271
f 5246//5263 5253//5271 5227//5244
f 5247//5264 5227//5244 5469//5158
f 5254//5272 5116//5124 5117//5123
f 5255//5273 5254//5272 5117//5123
f 5277//5274 5255//5273 5114//5121
f 5114//5121 5255//5273 5117//5123
f 5254//5272 5256//5275 5116//5124
f 5255//5273 5256//5275 5254//5272
f 5277//5274 5257//5276 5255//5273
f 5256//5275 5255//5273 5257//5276
f 5253//5271 5109//5116 5227//5244
f 5229//5246 5256//5275 5258//5277
f 5258//5277 5256//5275 5257//5276
f 5251//5269 5258//5277 5257//5276
f 5251//5269 5252//5270 5258//5277
f 5116//5124 5259//5278 5105//5111
f 5116//5124 5256//5275 5259//5278
f 5259//5278 5256//5275 5105//5111
f 5105//5111 5256//5275 5229//5246
f 5229//5246 5258//5277 5230//5247
f 5120//5126 5106//5112 5231//5248
f 5120//5126 5231//5248 5234//5251
f 5237//5254 5234//5251 5233//5250
f 5107//5113 5122//5128 5240//5257
f 5243//5260 5240//5257 5260//5279
f 5242//5259 5260//5279 5245//5262
f 5242//5259 5243//5260 5260//5279
f 5261//5280 5244//5261 5245//5262
f 5244//5261 5261//5280 5262//5281
f 5149//5169 5245//5262 5260//5279
f 5245//5262 5149//5169 5261//5280
f 5263//5282 5262//5281 5261//5280
f 5264//5283 5263//5282 5261//5280
f 5133//5141 5274//5284 5126//5135
f 5134//5142 5265//5285 5136//5144
f 5265//5285 5134//5142 5126//5135
f 5138//5147 5265//5285 5126//5135
f 5266//5286 5268//5138 5267//5143
f 5136//5144 5266//5286 5267//5143
f 5265//5285 5132//5140 5136//5144
f 5138//5147 5132//5140 5265//5285
f 5137//5145 5268//5138 5266//5286
f 5266//5286 5136//5144 5137//5145
f 5133//5141 5270//5287 5269//5288
f 5273//5289 5274//5284 5133//5141
f 5271//5290 5272//5146 5133//5141
f 1511//1517 1510//1516 1513//1296
f 5272//5146 5273//5289 5133//5141
f 5272//5146 5138//5147 5273//5289
f 5272//5146 5271//5290 5269//5288
f 5853//5291 5854//5292 5852//5155
f 5273//5289 5138//5147 5274//5284
f 5275//5293 5276//5294 5278//5295
f 5275//5293 5270//5287 5276//5294
f 5108//5115 5270//5287 5133//5141
f 5016//5019 5272//5146 5277//5274
f 5108//5115 5276//5294 5270//5287
f 5275//5293 5277//5274 5270//5287
f 5775//5296 5772//5297 5774//5298
f 5277//5274 5272//5146 5269//5288
f 5108//5115 5279//5166 5276//5294
f 5278//5295 5277//5274 5275//5293
f 5257//5276 5277//5274 5278//5295
f 5773//5299 5771//5300 5685//5301
f 5281//5168 5276//5294 5279//5166
f 5281//5168 5278//5295 5276//5294
f 5278//5295 5281//5168 5280//5302
f 5280//5302 5257//5276 5278//5295
f 5280//5302 5281//5168 5248//5167
f 5282//5265 5280//5302 5248//5167
f 5257//5276 5280//5302 5282//5265
f 5283//5267 5257//5276 5282//5265
f 5251//5269 5257//5276 5283//5267
f 5277//5274 5114//5121 5016//5019
f 5160//5029 5120//5126 5234//5251
f 5160//5029 5234//5251 5237//5254
f 5122//5128 5260//5279 5240//5257
f 5149//5169 5260//5279 5122//5128
f 5156//5149 5149//5169 5122//5128
f 5151//5171 5261//5280 5149//5169
f 5284//5303 5264//5283 5261//5280
f 5284//5303 5261//5280 5151//5171
f 5151//5171 5285//5304 5284//5303
f 5151//5171 5149//5169 5150//5170
f 5237//5254 5287//5305 5286//5306
f 5160//5029 5237//5254 5286//5306
f 5286//5306 5288//5307 5160//5029
f 5287//5305 5288//5307 5286//5306
f 5289//5308 5288//5307 5287//5305
f 5163//5181 5152//5172 5038//5043
f 5290//5309 5152//5172 5163//5181
f 5291//5310 5290//5309 5163//5181
f 5292//5311 5291//5310 5163//5181
f 5288//5307 5164//5182 5160//5029
f 5164//5182 5288//5307 5293//5312
f 5289//5308 5293//5312 5288//5307
f 5163//5181 5169//5187 5294//5313
f 5164//5182 5293//5312 5295//5314
f 5296//5315 5169//5187 5171//5189
f 5176//5195 5178//5196 5297//5316
f 5296//5315 5171//5189 5297//5316
f 5297//5316 5171//5189 5176//5195
f 5173//5191 5164//5182 5298//5317
f 5178//5196 5176//5195 5052//5057
f 5299//5318 5181//5199 5300//5319
f 5300//5319 5181//5199 5301//5320
f 5073//5078 5077//5082 5181//5199
f 5301//5320 5181//5199 5077//5082
f 5302//5321 5303//5322 5186//5204
f 5304//5323 5303//5322 5302//5321
f 5304//5323 5306//5324 5305//5325
f 5305//5325 5303//5322 5304//5323
f 5305//5325 5306//5324 5307//5326
f 5302//5321 5185//5203 5189//5207
f 5302//5321 5186//5204 5185//5203
f 5304//5323 5302//5321 5189//5207
f 5307//5326 5306//5324 5308//5327
f 5189//5207 5190//5208 5304//5323
f 5306//5324 5304//5323 5300//5319
f 5191//5209 5181//5199 5299//5318
f 5304//5323 5190//5208 5299//5318
f 5190//5208 5191//5209 5299//5318
f 5304//5323 5299//5318 5300//5319
f 5300//5319 5301//5320 5306//5324
f 5306//5324 5301//5320 5308//5327
f 5301//5320 5077//5082 5192//5210
f 5309//5328 5192//5210 5194//5212
f 5192//5210 5309//5328 5310//5329
f 5311//5330 5310//5329 5309//5328
f 5194//5212 5196//5214 5312//5331
f 5197//5215 5312//5331 5196//5214
f 5309//5328 5194//5212 5312//5331
f 5311//5330 5312//5331 5197//5215
f 5312//5331 5311//5330 5309//5328
f 5313//5332 5311//5330 5197//5215
f 5314//5333 5315//5334 5313//5332
f 5316//5335 5315//5334 5314//5333
f 5314//5333 5317//5336 5316//5335
f 5317//5336 5318//5337 5316//5335
f 5319//5338 5186//5204 5320//5339
f 5323//5340 5321//5341 5320//5339
f 5320//5339 5321//5341 5319//5338
f 5321//5341 5323//5340 5322//5342
f 5321//5341 5322//5342 5324//5343
f 5324//5343 5322//5342 5325//5344
f 5325//5344 5327//5345 5326//5346
f 5201//5219 5184//5201 5319//5338
f 5184//5201 5186//5204 5319//5338
f 5320//5339 5186//5204 5328//5347
f 5329//5348 5328//5347 5186//5204
f 5323//5340 5328//5347 5329//5348
f 5320//5339 5328//5347 5323//5340
f 5323//5340 5329//5348 5322//5342
f 5329//5348 5330//5349 5322//5342
f 5322//5342 5330//5349 5325//5344
f 5186//5204 5303//5322 5329//5348
f 5303//5322 5305//5325 5329//5348
f 5329//5348 5305//5325 5330//5349
f 5305//5325 5307//5326 5325//5344
f 5325//5344 5330//5349 5305//5325
f 4960//4962 5331//5350 5096//5101
f 5332//5351 5333//5352 5331//5350
f 5331//5350 5333//5352 5096//5101
f 5334//5353 5335//5354 5096//5101
f 5334//5353 5096//5101 5336//5355
f 5333//5352 5336//5355 5096//5101
f 5096//5101 5335//5354 5205//5223
f 5334//5353 5337//5356 5335//5354
f 5334//5353 5338//5357 5337//5356
f 5333//5352 5334//5353 5336//5355
f 5333//5352 5338//5357 5334//5353
f 5207//5225 5205//5223 5335//5354
f 5339//5358 5338//5357 5340//5359
f 5333//5352 5340//5359 5338//5357
f 5335//5354 5337//5356 5341//5360
f 5337//5356 5339//5358 5341//5360
f 5341//5360 5207//5225 5335//5354
f 5338//5357 5339//5358 5337//5356
f 5341//5360 5211//5229 5207//5225
f 5211//5229 5341//5360 5339//5358
f 5339//5358 5342//5361 5211//5229
f 5339//5358 5340//5359 5342//5361
f 5211//5229 5342//5361 5220//5237
f 5314//5333 5313//5332 5197//5215
f 5343//5362 5198//5216 5213//5230
f 5314//5333 5197//5215 5198//5216
f 5314//5333 5198//5216 5343//5362
f 5314//5333 5343//5362 5317//5336
f 5317//5336 5343//5362 5344//5363
f 5318//5337 5317//5336 5344//5363
f 5344//5363 5343//5362 5213//5230
f 5344//5363 5213//5230 5345//5364
f 5228//5245 5319//5338 5346//5365
f 5226//5243 5319//5338 5228//5245
f 5226//5243 5201//5219 5319//5338
f 5347//5366 5324//5343 5348//5367
f 5348//5367 5346//5365 5347//5366
f 5348//5367 5324//5343 5326//5346
f 5346//5365 5348//5367 5326//5346
f 5346//5365 5326//5346 5327//5345
f 5349//5368 5346//5365 5327//5345
f 5216//5232 5350//5369 5215//5233
f 5319//5338 5321//5341 5324//5343
f 5346//5365 5319//5338 5347//5366
f 5319//5338 5324//5343 5347//5366
f 5215//5233 5352//5370 5351//5371
f 5350//5369 5352//5370 5215//5233
f 5326//5346 5324//5343 5325//5344
f 5217//5234 5215//5233 5351//5371
f 5217//5234 5351//5371 5331//5350
f 5332//5351 5331//5350 5351//5371
f 5351//5371 5352//5370 5332//5351
f 4960//4962 5217//5234 5331//5350
f 5342//5361 5353//5372 5220//5237
f 5353//5372 5354//5373 5220//5237
f 5220//5237 5354//5373 5224//5241
f 5355//5374 5354//5373 5353//5372
f 5356//5375 5357//5376 5353//5372
f 5448//5377 5353//5372 5357//5376
f 5355//5374 5225//5242 5354//5373
f 5448//5377 5355//5374 5353//5372
f 5354//5373 5225//5242 5224//5241
f 5225//5242 5355//5374 5358//5378
f 5359//5379 5355//5374 5448//5377
f 5359//5379 5358//5378 5355//5374
f 5213//5230 5241//5258 5242//5259
f 5244//5261 5360//5380 5345//5364
f 5360//5380 5244//5261 5361//5381
f 5469//5158 5227//5244 5228//5245
f 5469//5158 5228//5245 5346//5365
f 5469//5158 5346//5365 5349//5368
f 5362//5382 5363//5383 5352//5370
f 5230//5247 5352//5370 5350//5369
f 5230//5247 5350//5369 5216//5232
f 5364//5384 5225//5242 5358//5378
f 5225//5242 5364//5384 5236//5253
f 5237//5254 5236//5253 5365//5385
f 5365//5385 5236//5253 5364//5384
f 5242//5259 5345//5364 5213//5230
f 5242//5259 5244//5261 5345//5364
f 5244//5261 5263//5282 5366//5386
f 5263//5282 5244//5261 5262//5281
f 5367//5387 5368//5388 5252//5270
f 5367//5387 5252//5270 5250//5268
f 5771//5300 5770//5389 5774//5298
f 5767//5390 5769//5391 5768//5392
f 5247//5264 5369//5393 5375//5394
f 5759//5395 5755//5396 5756//5397
f 5370//5398 5250//5268 5249//5266
f 5370//5398 5367//5387 5250//5268
f 5371//5399 5373//5400 5247//5264
f 5375//5394 5369//5393 5373//5400
f 5373//5400 5369//5393 5247//5264
f 5745//5401 5776//5402 5748//5403
f 5367//5387 5375//5394 5368//5388
f 5372//5404 5368//5388 5373//5400
f 5372//5404 5373//5400 5374//5162
f 5670//5405 5694//5406 5667//5407
f 5693//5408 5692//5409 5666//5410
f 5371//5399 5376//5411 5373//5400
f 5373//5400 5376//5411 5374//5162
f 996//1001 1007//5412 1002//999
f 1002//999 1007//5412 1008//1006
f 5679//5413 5678//5414 5680//5415
f 1007//5412 996//1001 1004//1009
f 5374//5162 5368//5388 5372//5404
f 5581//5416 5674//5417 5551//5418
f 5576//5419 5477//5420 5557//5421
f 5377//5422 5376//5411 5371//5399
f 5575//5423 5472//5424 5476//5425
f 5563//5426 5561//5427 5562//5428
f 5465//5429 5464//5430 5379//5431
f 5378//5161 5376//5411 5377//5422
f 5378//5161 5460//5432 5464//5430
f 5469//5158 5371//5399 5247//5264
f 5368//5388 5474//5433 5252//5270
f 5252//5270 5474//5433 5362//5382
f 5379//5431 5371//5399 5469//5158
f 5380//5434 5474//5433 5368//5388
f 5258//5277 5362//5382 5230//5247
f 5362//5382 5258//5277 5252//5270
f 5474//5433 5363//5383 5362//5382
f 5230//5247 5362//5382 5352//5370
f 5365//5385 5287//5305 5237//5254
f 5263//5282 5264//5283 5381//5435
f 5381//5435 5264//5283 5382//5436
f 5381//5435 5382//5436 5383//5437
f 5384//5438 5365//5385 5364//5384
f 5264//5283 5284//5303 5285//5304
f 5264//5283 5285//5304 5382//5436
f 5385//5439 5382//5436 5285//5304
f 5385//5439 5383//5437 5382//5436
f 5385//5439 5285//5304 5386//5440
f 5387//5441 5385//5439 5386//5440
f 5290//5309 5151//5171 5152//5172
f 5151//5171 5290//5309 5285//5304
f 5290//5309 5386//5440 5285//5304
f 5287//5305 5365//5385 5388//5442
f 5389//5443 5388//5442 5365//5385
f 5365//5385 5390//5444 5389//5443
f 5384//5438 5390//5444 5365//5385
f 5391//5445 5389//5443 5390//5444
f 5392//5446 5389//5443 5391//5445
f 5386//5440 5290//5309 5291//5310
f 5386//5440 5291//5310 5393//5447
f 5291//5310 5395//5448 5394//5449
f 5396//5450 5393//5447 5291//5310
f 5289//5308 5287//5305 5397//5451
f 5287//5305 5388//5442 5397//5451
f 5291//5310 5394//5449 5396//5450
f 5398//5452 5396//5450 5394//5449
f 5398//5452 5394//5449 5395//5448
f 5399//5453 5396//5450 5398//5452
f 5396//5450 5400//5454 5393//5447
f 5400//5454 5396//5450 5399//5453
f 5395//5448 5291//5310 5292//5311
f 5402//5455 5397//5451 5388//5442
f 5388//5442 5389//5443 5402//5455
f 5389//5443 5403//5456 5402//5455
f 5397//5451 5404//5457 5289//5308
f 5404//5457 5295//5314 5289//5308
f 5295//5314 5293//5312 5289//5308
f 5397//5451 5402//5455 5404//5457
f 5402//5455 5403//5456 5404//5457
f 5404//5457 5403//5456 5295//5314
f 5389//5443 5405//5458 5403//5456
f 5292//5311 5294//5313 5395//5448
f 5406//5459 5395//5448 5294//5313
f 5398//5452 5395//5448 5406//5459
f 5399//5453 5398//5452 5406//5459
f 5294//5313 5292//5311 5163//5181
f 5406//5459 5294//5313 5408//5460
f 5294//5313 5409//5461 5408//5460
f 5406//5459 5408//5460 5399//5453
f 5407//5462 5408//5460 5409//5461
f 5298//5317 5403//5456 5405//5458
f 5164//5182 5295//5314 5298//5317
f 5298//5317 5295//5314 5403//5456
f 5298//5317 5405//5458 5410//5463
f 5410//5463 5411//5464 5298//5317
f 5294//5313 5169//5187 5296//5315
f 5178//5196 5412//5465 5297//5316
f 5411//5464 5173//5191 5298//5317
f 5411//5464 5413//5466 5173//5191
f 5178//5196 5173//5191 5413//5466
f 5297//5316 5409//5461 5296//5315
f 5411//5464 5414//5467 5413//5466
f 5412//5465 5178//5196 5413//5466
f 5409//5461 5297//5316 5412//5465
f 5414//5467 5415//5468 5412//5465
f 5414//5467 5412//5465 5413//5466
f 5296//5315 5409//5461 5294//5313
f 5415//5468 5409//5461 5412//5465
f 5409//5461 5415//5468 5407//5462
f 5416//5469 5418//5470 5417//5471
f 5419//5472 5307//5326 5308//5327
f 5416//5469 5308//5327 5420//5473
f 5419//5472 5308//5327 5416//5469
f 5418//5470 5416//5469 5420//5473
f 5420//5473 5422//5474 5421//5475
f 5308//5327 5301//5320 5420//5473
f 5422//5474 5420//5473 5423//5476
f 5422//5474 5423//5476 5424//5477
f 5420//5473 5301//5320 5423//5476
f 5423//5476 5301//5320 5424//5477
f 5301//5320 5192//5210 5424//5477
f 5424//5477 5192//5210 5425//5478
f 5425//5478 5427//5479 5426//5480
f 5192//5210 5310//5329 5425//5478
f 5425//5478 5310//5329 5427//5479
f 5310//5329 5311//5330 5427//5479
f 5428//5481 5430//5482 5429//5483
f 5430//5482 5428//5481 5431//5484
f 5311//5330 5313//5332 5432//5485
f 5432//5485 5427//5479 5311//5330
f 5432//5485 5429//5483 5427//5479
f 5433//5486 5429//5483 5432//5485
f 5429//5483 5433//5486 5428//5481
f 5428//5481 5433//5486 5431//5484
f 5433//5486 5434//5487 5431//5484
f 5431//5484 5434//5487 5435//5488
f 5313//5332 5315//5334 5432//5485
f 5432//5485 5315//5334 5433//5486
f 5315//5334 5316//5335 5433//5486
f 5436//5489 5419//5472 5417//5471
f 5437//5490 5438//5491 5417//5471
f 5327//5345 5325//5344 5439//5492
f 5439//5492 5436//5489 5327//5345
f 5419//5472 5436//5489 5439//5492
f 5419//5472 5416//5469 5417//5471
f 5437//5490 5417//5471 5418//5470
f 5325//5344 5307//5326 5439//5492
f 5419//5472 5439//5492 5307//5326
f 5418//5470 5440//5493 5437//5490
f 5353//5372 5342//5361 5356//5375
f 5356//5375 5342//5361 5441//5494
f 5356//5375 5442//5495 5357//5376
f 5433//5486 5316//5335 5434//5487
f 5318//5337 5434//5487 5316//5335
f 5318//5337 5344//5363 5434//5487
f 5434//5487 5344//5363 5345//5364
f 5435//5488 5434//5487 5345//5364
f 5443//5496 5435//5488 5345//5364
f 5435//5488 5443//5496 5444//5497
f 5360//5380 5443//5496 5345//5364
f 5349//5368 5436//5489 5445//5498
f 5349//5368 5445//5498 5446//5499
f 5327//5345 5436//5489 5349//5368
f 5436//5489 5417//5471 5445//5498
f 5438//5491 5445//5498 5417//5471
f 5447//5500 5448//5377 5357//5376
f 5442//5495 5449//5501 5357//5376
f 5359//5379 5448//5377 5447//5500
f 5357//5376 5449//5501 5450//5502
f 5451//5503 5449//5501 5442//5495
f 5451//5503 5450//5502 5449//5501
f 5447//5500 5452//5504 5359//5379
f 5357//5376 5450//5502 5447//5500
f 5450//5502 5452//5504 5447//5500
f 5450//5502 5453//5505 5452//5504
f 5352//5370 5363//5383 5332//5351
f 5454//5506 5332//5351 5363//5383
f 5359//5379 5455//5507 5358//5378
f 5452//5504 5455//5507 5359//5379
f 5453//5505 5455//5507 5452//5504
f 5450//5502 5456//5508 5453//5505
f 5456//5508 5450//5502 5451//5503
f 5455//5507 5364//5384 5358//5378
f 5457//5509 5455//5507 5453//5505
f 5457//5509 5364//5384 5455//5507
f 5453//5505 5456//5508 5457//5509
f 5451//5503 5457//5509 5456//5508
f 5361//5381 5244//5261 5366//5386
f 5458//5510 5361//5381 5459//5511
f 5361//5381 5366//5386 5459//5511
f 5371//5399 5379//5431 5460//5432
f 5379//5431 5461//5512 5460//5432
f 5374//5162 5376//5411 5462//5160
f 5376//5411 5463//5513 5462//5160
f 5378//5161 5463//5513 5376//5411
f 5378//5161 5380//5434 5368//5388
f 5379//5431 5464//5430 5461//5512
f 5367//5387 5249//5266 5247//5264
f 5463//5513 5378//5161 5462//5160
f 5378//5161 5368//5388 5374//5162
f 5251//5269 5283//5267 5246//5263
f 5464//5430 5465//5429 5380//5434
f 5379//5431 5469//5158 5466//5514
f 5464//5430 5460//5432 5461//5512
f 5138//5147 5126//5135 5274//5284
f 5269//5288 5270//5287 5277//5274
f 5468//5515 5466//5514 5469//5158
f 5467//5516 5465//5429 5466//5514
f 5468//5515 5470//5157 5466//5514
f 5469//5158 5470//5157 5468//5515
f 5133//5141 5269//5288 5271//5290
f 5470//5157 5467//5516 5466//5514
f 5471//5159 5467//5516 5470//5157
f 5465//5429 5467//5516 5471//5159
f 5465//5429 5474//5433 5380//5434
f 5465//5429 5471//5159 5474//5433
f 5473//5517 5471//5159 5469//5158
f 5471//5159 5473//5517 5474//5433
f 5473//5517 5469//5158 5349//5368
f 5472//5424 5575//5423 5349//5368
f 5473//5517 5475//5518 5474//5433
f 5574//5519 5476//5425 5474//5433
f 5474//5433 5476//5425 5477//5420
f 5363//5383 5474//5433 5477//5420
f 5457//5509 5451//5503 5478//5520
f 5366//5386 5263//5282 5381//5435
f 5381//5435 5459//5511 5366//5386
f 5459//5511 5381//5435 5479//5521
f 5480//5522 5459//5511 5479//5521
f 5480//5522 5479//5521 5481//5523
f 5481//5523 5479//5521 5482//5524
f 5483//5525 5381//5435 5383//5437
f 5483//5525 5383//5437 5484//5526
f 5483//5525 5479//5521 5381//5435
f 5482//5524 5483//5525 5485//5527
f 5483//5525 5482//5524 5479//5521
f 5485//5527 5483//5525 5484//5526
f 5485//5527 5484//5526 5486//5528
f 5481//5523 5482//5524 5485//5527
f 5486//5528 5481//5523 5485//5527
f 5486//5528 5487//5529 5481//5523
f 5487//5529 5486//5528 5488//5530
f 5457//5509 5384//5438 5364//5384
f 5385//5439 5484//5526 5383//5437
f 5385//5439 5486//5528 5484//5526
f 5385//5439 5387//5441 5486//5528
f 5489//5531 5488//5530 5486//5528
f 5387//5441 5489//5531 5486//5528
f 5478//5520 5490//5532 5457//5509
f 5478//5520 5491//5533 5490//5532
f 5384//5438 5457//5509 5492//5534
f 5387//5441 5386//5440 5393//5447
f 5489//5531 5387//5441 5493//5535
f 5493//5535 5387//5441 5393//5447
f 5495//5536 5384//5438 5492//5534
f 5495//5536 5390//5444 5384//5438
f 5492//5534 5496//5537 5495//5536
f 5492//5534 5497//5538 5496//5537
f 5490//5532 5492//5534 5457//5509
f 5490//5532 5497//5538 5492//5534
f 5391//5445 5390//5444 5495//5536
f 5392//5446 5391//5445 5495//5536
f 5496//5537 5498//5539 5495//5536
f 5498//5539 5392//5446 5495//5536
f 5499//5540 5498//5539 5497//5538
f 5497//5538 5498//5539 5496//5537
f 5497//5538 5490//5532 5499//5540
f 5500//5541 5499//5540 5490//5532
f 5491//5533 5500//5541 5490//5532
f 5393//5447 5400//5454 5493//5535
f 5499//5540 5500//5541 5498//5539
f 5500//5541 5392//5446 5498//5539
f 5500//5541 5491//5533 5405//5458
f 5392//5446 5500//5541 5405//5458
f 5392//5446 5405//5458 5389//5443
f 5414//5467 5411//5464 5511//5542
f 5440//5493 5418//5470 5513//5543
f 5440//5493 5513//5543 5512//5544
f 5440//5493 5512//5544 5514//5545
f 5514//5545 5512//5544 5515//5546
f 5512//5544 5513//5543 5515//5546
f 5421//5475 5513//5543 5418//5470
f 5421//5475 5516//5547 5513//5543
f 5516//5547 5421//5475 5517//5548
f 5515//5546 5513//5543 5516//5547
f 5515//5546 5516//5547 5517//5548
f 5517//5548 5518//5549 5515//5546
f 5519//5550 5517//5548 5520//5551
f 5418//5470 5420//5473 5421//5475
f 5517//5548 5421//5475 5521//5552
f 5520//5551 5517//5548 5522//5553
f 5522//5553 5523//5554 5520//5551
f 5421//5475 5422//5474 5524//5555
f 5422//5474 5424//5477 5524//5555
f 5421//5475 5524//5555 5521//5552
f 5517//5548 5521//5552 5524//5555
f 5522//5553 5517//5548 5524//5555
f 5525//5556 5524//5555 5526//5557
f 5526//5557 5527//5558 5525//5556
f 5525//5556 5522//5553 5524//5555
f 5525//5556 5528//5559 5522//5553
f 5528//5559 5525//5556 5527//5558
f 5524//5555 5424//5477 5526//5557
f 5424//5477 5425//5478 5526//5557
f 5527//5558 5526//5557 5614//5560
f 5614//5560 5526//5557 5530//5561
f 5425//5478 5530//5561 5526//5557
f 5425//5478 5426//5480 5530//5561
f 5426//5480 5430//5482 5530//5561
f 5530//5561 5430//5482 5529//5562
f 5427//5479 5429//5483 5426//5480
f 5429//5483 5430//5482 5426//5480
f 5530//5561 5531//5563 5536//5564
f 5529//5562 5531//5563 5530//5561
f 5530//5561 5536//5564 5624//5565
f 5529//5562 5532//5566 5531//5563
f 5529//5562 5431//5484 5532//5566
f 5430//5482 5431//5484 5529//5562
f 5444//5497 5531//5563 5532//5566
f 5536//5564 5531//5563 5533//5567
f 5531//5563 5444//5497 5533//5567
f 5534//5568 5533//5567 5535//5569
f 5536//5564 5533//5567 5534//5568
f 5535//5569 5537//5570 5534//5568
f 5532//5566 5431//5484 5444//5497
f 5444//5497 5431//5484 5435//5488
f 5533//5567 5444//5497 5535//5569
f 5535//5569 5444//5497 5538//5571
f 5537//5570 5535//5569 5538//5571
f 5444//5497 5443//5496 5538//5571
f 5443//5496 5539//5572 5538//5571
f 5540//5573 5437//5490 5440//5493
f 5446//5499 5437//5490 5540//5573
f 5514//5545 5446//5499 5540//5573
f 5440//5493 5514//5545 5540//5573
f 5515//5546 5518//5549 5514//5545
f 5518//5549 5446//5499 5514//5545
f 5333//5352 5541//5574 5340//5359
f 5541//5574 5342//5361 5340//5359
f 5356//5375 5441//5494 5442//5495
f 5538//5571 5539//5572 5542//5575
f 5360//5380 5539//5572 5443//5496
f 5542//5575 5539//5572 5543//5576
f 5543//5576 5539//5572 5544//5577
f 5542//5575 5543//5576 5545//5578
f 5539//5572 5360//5380 5544//5577
f 5543//5576 5544//5577 5545//5578
f 5542//5575 5545//5578 5546//5579
f 5518//5549 5547//5580 5446//5499
f 5438//5491 5446//5499 5445//5498
f 5438//5491 5437//5490 5446//5499
f 5548//5581 5454//5506 5549//5582
f 5332//5351 5454//5506 5548//5581
f 5549//5582 5550//5583 5548//5581
f 5549//5582 5363//5383 5551//5418
f 5551//5418 5550//5583 5549//5582
f 5548//5581 5333//5352 5332//5351
f 5442//5495 5552//5584 5451//5503
f 5544//5577 5553//5585 5545//5578
f 5554//5586 5545//5578 5553//5585
f 5544//5577 5360//5380 5361//5381
f 5544//5577 5361//5381 5458//5510
f 5459//5511 5555//5587 5458//5510
f 5555//5587 5544//5577 5458//5510
f 5544//5577 5555//5587 5556//5588
f 5553//5585 5544//5577 5556//5588
f 5557//5421 5559//5589 5558//5590
f 5560//5591 5557//5421 5561//5427
f 5562//5428 5561//5427 5558//5590
f 5558//5590 5561//5427 5557//5421
f 5562//5428 5564//5592 5563//5426
f 5143//5163 5145//5153 5146//5164
f 658//546 659//562 541//547
f 5139//5148 5124//5130 5128//5136
f 3680//3683 3683//3686 3681//3684
f 3584//3587 3592//3595 3583//3585
f 5349//5368 5446//5499 5565//5593
f 5566//5594 5567//5595 5363//5383
f 5349//5368 5565//5593 5559//5589
f 5559//5589 5557//5421 5349//5368
f 5565//5593 5446//5499 5547//5580
f 5559//5589 5565//5593 5547//5580
f 5558//5590 5559//5589 5547//5580
f 5547//5580 5562//5428 5558//5590
f 3579//3583 3576//3580 3581//3584
f 5566//5594 5551//5418 5567//5595
f 5562//5428 5547//5580 5564//5592
f 5567//5595 5551//5418 5363//5383
f 5454//5506 5363//5383 5549//5582
f 5451//5503 5552//5584 5568//5596
f 5553//5585 5556//5588 5569//5597
f 5569//5597 5554//5586 5553//5585
f 5555//5587 5459//5511 5480//5522
f 5569//5597 5556//5588 5487//5529
f 5570//5598 5554//5586 5569//5597
f 5571//5599 5554//5586 5570//5598
f 5555//5587 5480//5522 5481//5523
f 5487//5529 5555//5587 5481//5523
f 5572//5600 5569//5597 5487//5529
f 5570//5598 5569//5597 5572//5600
f 5349//5368 5573//5601 5473//5517
f 5573//5601 5475//5518 5473//5517
f 3436//3307 3441//3444 3303//3312
f 5574//5519 5349//5368 5575//5423
f 2497//2500 2495//2498 2501//2503
f 5477//5420 5476//5425 5472//5424
f 5475//5518 5574//5519 5474//5433
f 5557//5421 5472//5424 5349//5368
f 5574//5519 5573//5601 5349//5368
f 5477//5420 5576//5419 5363//5383
f 5574//5519 5475//5518 5573//5601
f 5363//5383 5576//5419 5577//5602
f 5363//5383 5577//5602 5566//5594
f 2021//2024 1878//1882 2006//2008
f 1516//1522 1525//1528 1520//1524
f 1511//1517 1288//1295 1509//1515
f 5576//5419 5578//5603 5577//5602
f 5577//5602 5578//5603 5566//5594
f 5557//5421 5579//5604 5578//5603
f 5579//5604 5566//5594 5578//5603
f 5579//5604 5580//5605 5566//5594
f 1419//1426 1424//1428 1408//1413
f 5581//5416 5566//5594 5580//5605
f 5551//5418 5566//5594 5581//5416
f 5451//5503 5582//5606 5478//5520
f 5582//5606 5451//5503 5568//5596
f 5555//5587 5487//5529 5556//5588
f 5487//5529 5488//5530 5489//5531
f 5584//5607 5487//5529 5489//5531
f 5478//5520 5582//5606 5491//5533
f 5596//5608 5598//5609 5597//5610
f 5517//5548 5519//5550 5518//5549
f 5640//5611 5518//5549 5519//5550
f 5519//5550 5520//5551 5596//5608
f 5596//5608 5520//5551 5599//5612
f 5596//5608 5640//5611 5519//5550
f 5596//5608 5600//5613 5598//5609
f 5596//5608 5599//5612 5600//5613
f 5599//5612 5598//5609 5600//5613
f 5601//5614 5523//5554 5522//5553
f 5520//5551 5523//5554 5599//5612
f 5523//5554 5601//5614 5599//5612
f 5599//5612 5601//5614 5528//5559
f 5602//5615 5604//5616 5603//5617
f 5528//5559 5601//5614 5522//5553
f 5528//5559 5527//5558 5605//5618
f 5604//5616 5605//5618 5606//5619
f 5607//5620 5606//5619 5608//5621
f 5609//5622 5607//5620 5608//5621
f 5603//5617 5606//5619 5607//5620
f 5603//5617 5604//5616 5606//5619
f 5603//5617 5607//5620 5602//5615
f 5610//5623 5602//5615 5607//5620
f 5610//5623 5607//5620 5609//5622
f 5602//5615 5610//5623 5611//5624
f 5605//5618 5527//5558 5612//5625
f 5605//5618 5612//5625 5606//5619
f 5608//5621 5606//5619 5609//5622
f 5606//5619 5613//5626 5609//5622
f 5606//5619 5612//5625 5614//5560
f 5606//5619 5614//5560 5615//5627
f 5613//5626 5606//5619 5616//5628
f 5606//5619 5615//5627 5616//5628
f 5613//5626 5616//5628 5609//5622
f 5609//5622 5616//5628 5610//5623
f 5611//5624 5610//5623 5617//5629
f 5610//5623 5616//5628 5617//5629
f 5612//5625 5527//5558 5614//5560
f 5615//5627 5614//5560 5616//5628
f 5618//5630 5617//5629 5616//5628
f 5616//5628 5614//5560 5530//5561
f 5616//5628 5530//5561 5619//5631
f 5616//5628 5619//5631 5618//5630
f 5617//5629 5618//5630 5620//5632
f 5620//5632 5618//5630 5619//5631
f 5621//5633 5622//5634 5620//5632
f 5620//5632 5619//5631 5623//5635
f 5623//5635 5621//5633 5620//5632
f 5619//5631 5530//5561 5624//5565
f 5619//5631 5624//5565 5623//5635
f 5625//5636 5621//5633 5623//5635
f 5624//5565 5536//5564 5623//5635
f 5623//5635 5536//5564 5626//5637
f 5626//5637 5625//5636 5623//5635
f 5534//5568 5627//5638 5626//5637
f 5625//5636 5626//5637 5628//5639
f 5626//5637 5627//5638 5628//5639
f 5628//5639 5621//5633 5625//5636
f 5628//5639 5629//5640 5621//5633
f 5630//5641 5621//5633 5629//5640
f 5630//5641 5629//5640 5631//5642
f 5626//5637 5536//5564 5534//5568
f 5537//5570 5627//5638 5534//5568
f 5627//5638 5537//5570 5628//5639
f 5628//5639 5537//5570 5629//5640
f 5631//5642 5629//5640 5632//5643
f 5632//5643 5629//5640 5633//5644
f 5632//5643 5633//5644 5727//5645
f 5727//5645 5633//5644 5730//5646
f 5629//5640 5537//5570 5633//5644
f 5634//5647 5730//5646 5633//5644
f 5537//5570 5538//5571 5635//5648
f 5633//5644 5537//5570 5634//5647
f 5537//5570 5635//5648 5634//5647
f 5564//5592 5637//5649 5636//5650
f 5638//5651 5636//5650 5637//5649
f 5636//5650 5638//5651 5639//5652
f 5518//5549 5640//5611 5564//5592
f 5640//5611 5637//5649 5564//5592
f 5597//5610 5637//5649 5640//5611
f 5637//5649 5605//5618 5641//5653
f 5638//5651 5637//5649 5641//5653
f 5638//5651 5641//5653 5639//5652
f 5642//5654 5333//5352 5550//5583
f 5596//5608 5597//5610 5640//5611
f 5598//5609 5637//5649 5597//5610
f 5605//5618 5637//5649 5598//5609
f 5605//5618 5643//5655 5641//5653
f 5643//5655 5639//5652 5641//5653
f 5598//5609 5599//5612 5528//5559
f 5598//5609 5528//5559 5605//5618
f 5642//5654 5644//5656 5333//5352
f 5643//5655 5605//5618 5604//5616
f 5604//5616 5602//5615 5643//5655
f 5644//5656 5645//5657 5333//5352
f 5541//5574 5333//5352 5645//5657
f 5646//5658 5541//5574 5645//5657
f 5646//5658 5647//5659 5541//5574
f 5541//5574 5648//5660 5342//5361
f 5647//5659 5648//5660 5541//5574
f 5648//5660 5441//5494 5342//5361
f 5441//5494 5648//5660 5649//5661
f 5441//5494 5649//5661 5442//5495
f 5649//5661 5650//5662 5442//5495
f 5635//5648 5538//5571 5542//5575
f 5651//5663 5635//5648 5542//5575
f 5635//5648 5651//5663 5652//5664
f 5651//5663 5542//5575 5546//5579
f 5652//5664 5651//5663 5546//5579
f 5653//5665 5546//5579 5571//5599
f 5652//5664 5546//5579 5653//5665
f 5654//5666 5652//5664 5653//5665
f 5654//5666 5653//5665 5655//5667
f 5571//5599 5655//5667 5653//5665
f 5564//5592 5636//5650 5639//5652
f 5547//5580 5518//5549 5564//5592
f 5656//5668 5657//5669 5551//5418
f 5656//5668 5658//5670 5657//5669
f 5551//5418 5657//5669 5550//5583
f 5657//5669 5659//5671 5550//5583
f 5550//5583 5659//5671 5642//5654
f 5657//5669 5658//5670 5659//5671
f 5658//5670 5642//5654 5659//5671
f 5548//5581 5550//5583 5333//5352
f 5650//5662 5552//5584 5442//5495
f 5545//5578 5571//5599 5546//5579
f 5554//5586 5571//5599 5545//5578
f 5660//5672 5661//5673 5655//5667
f 5661//5673 5654//5666 5655//5667
f 5655//5667 5571//5599 5662//5674
f 5662//5674 5660//5672 5655//5667
f 5662//5674 5663//5675 5661//5673
f 5662//5674 5661//5673 5660//5672
f 5662//5674 5571//5599 5570//5598
f 5570//5598 5664//5676 5662//5674
f 5664//5676 5663//5675 5662//5674
f 5563//5426 5564//5592 5665//5677
f 1030//994 989//992 993//868
f 1304//1313 1134//1138 1135//1139
f 5560//5591 5692//5409 5557//5421
f 5692//5409 5560//5591 5666//5410
f 5666//5410 5560//5591 5667//5407
f 5560//5591 5665//5677 5667//5407
f 5667//5407 5665//5677 5564//5592
f 5666//5410 5667//5407 5694//5406
f 5564//5592 5672//5678 5667//5407
f 5672//5678 5564//5592 5668//5679
f 5564//5592 5669//5680 5668//5679
f 1130//1134 1116//1122 1133//1136
f 1123//1128 1124//1017 1122//1127
f 1011//1018 1012//1015 1003//1007
f 1009//1016 1010//1008 1000//1004
f 5672//5678 5671//5681 5670//5405
f 5671//5681 5672//5678 5668//5679
f 5673//5682 5675//5683 5674//5417
f 5551//5418 5674//5417 5675//5683
f 5673//5682 5676//5684 5675//5683
f 5676//5684 5670//5405 5677//5685
f 5669//5680 5564//5592 5678//5414
f 5671//5681 5677//5685 5670//5405
f 5678//5414 5564//5592 5681//5686
f 5669//5680 5671//5681 5668//5679
f 1278//1280 1277//1283 1276//1281
f 1310//1319 1324//1288 1279//1284
f 1117//1121 1097//1102 1099//1104
f 5681//5686 5683//5687 5680//5415
f 1006//5688 1010//1008 1008//1006
f 5680//5415 5683//5687 5676//5684
f 5679//5413 5677//5685 5671//5681
f 5680//5415 5677//5685 5679//5413
f 5680//5415 5676//5684 5677//5685
f 5564//5592 5682//5689 5681//5686
f 5682//5689 5683//5687 5681//5686
f 5676//5684 5683//5687 5682//5689
f 5675//5683 5676//5684 5656//5668
f 5656//5668 5684//5690 5675//5683
f 5684//5690 5551//5418 5675//5683
f 5656//5668 5551//5418 5684//5690
f 5676//5684 5685//5301 5656//5668
f 5685//5301 5686//5691 5656//5668
f 5687//5692 5663//5675 5664//5676
f 5663//5675 5687//5692 5661//5673
f 5579//5604 5673//5682 5580//5605
f 1136//1140 1286//1291 1283//1289
f 5692//5409 5579//5604 5557//5421
f 5579//5604 5670//5405 5673//5682
f 5693//5408 5579//5604 5692//5409
f 5694//5406 5579//5604 5693//5408
f 5694//5406 5670//5405 5579//5604
f 5670//5405 5676//5684 5673//5682
f 5639//5652 5602//5615 5714//5693
f 5602//5615 5611//5624 5715//5694
f 5611//5624 5716//5695 5715//5694
f 5715//5694 5716//5695 5717//5696
f 5717//5696 5716//5695 5718//5697
f 5611//5624 5617//5629 5719//5698
f 5611//5624 5719//5698 5720//5699
f 5716//5695 5611//5624 5720//5699
f 5716//5695 5720//5699 5721//5700
f 5721//5700 5718//5697 5716//5695
f 5620//5632 5719//5698 5617//5629
f 5620//5632 5622//5634 5719//5698
f 5719//5698 5622//5634 5720//5699
f 5622//5634 5621//5633 5720//5699
f 5721//5700 5722//5701 5718//5697
f 5718//5697 5722//5701 5723//5702
f 5720//5699 5621//5633 5630//5641
f 5720//5699 5630//5641 5721//5700
f 5721//5700 5630//5641 5724//5703
f 5721//5700 5724//5703 5722//5701
f 5722//5701 5725//5704 5723//5702
f 5630//5641 5631//5642 5724//5703
f 5723//5702 5725//5704 5726//5705
f 5724//5703 5632//5643 5722//5701
f 5631//5642 5632//5643 5724//5703
f 5722//5701 5632//5643 5727//5645
f 5722//5701 5727//5645 5725//5704
f 5725//5704 5727//5645 5728//5706
f 5726//5705 5725//5704 5728//5706
f 5728//5706 5729//5707 5726//5705
f 5738//5708 5727//5645 5730//5646
f 5728//5706 5727//5645 5738//5708
f 5729//5707 5728//5706 5731//5709
f 5731//5709 5728//5706 5738//5708
f 5738//5708 5730//5646 5634//5647
f 5634//5647 5635//5648 5738//5708
f 5714//5693 5733//5710 5732//5711
f 5732//5711 5733//5710 5758//5712
f 5639//5652 5643//5655 5602//5615
f 5714//5693 5602//5615 5733//5710
f 5733//5710 5602//5615 5734//5713
f 5602//5615 5715//5694 5734//5713
f 5734//5713 5715//5694 5733//5710
f 5733//5710 5715//5694 5758//5712
f 5735//5714 5758//5712 5715//5694
f 5644//5656 5642//5654 5736//5715
f 5735//5714 5715//5694 5717//5696
f 5736//5715 5645//5657 5644//5656
f 5736//5715 5646//5658 5645//5657
f 5646//5658 5737//5716 5647//5659
f 5647//5659 5737//5716 5648//5660
f 5646//5658 5649//5661 5737//5716
f 5648//5660 5737//5716 5649//5661
f 5635//5648 5652//5664 5738//5708
f 5739//5717 5738//5708 5652//5664
f 5738//5708 5739//5717 5740//5718
f 5738//5708 5740//5718 5741//5719
f 5731//5709 5738//5708 5741//5719
f 5652//5664 5654//5666 5739//5717
f 5742//5720 5741//5719 5740//5718
f 5744//5721 5747//5722 5749//5723
f 5747//5722 5744//5721 5745//5401
f 5745//5401 5744//5721 5746//5724
f 5747//5722 5745//5401 5748//5403
f 1513//1296 1514//1293 1285//1292
f 1130//1134 1131//1135 961//963
f 5744//5721 5639//5652 5714//5693
f 5749//5723 5639//5652 5744//5721
f 5750//5725 5752//5726 5751//5727
f 5753//5728 5746//5724 5744//5721
f 5753//5728 5756//5397 5746//5724
f 5756//5397 5754//5729 5746//5724
f 5751//5727 5754//5729 5756//5397
f 5751//5727 5756//5397 5750//5725
f 888//892 989//992 1029//1035
f 882//888 887//869 886//885
f 5755//5396 5757//5730 5756//5397
f 5756//5397 5757//5730 5750//5725
f 5752//5726 5750//5725 5757//5730
f 5658//5670 5656//5668 5751//5727
f 5753//5728 5714//5693 5732//5711
f 5744//5721 5714//5693 5753//5728
f 5752//5726 5658//5670 5751//5727
f 5753//5728 5732//5711 5758//5712
f 5758//5712 5759//5395 5753//5728
f 5757//5730 5760//5731 5752//5726
f 5658//5670 5760//5731 5642//5654
f 5752//5726 5760//5731 5658//5670
f 5761//5732 5650//5662 5762//5733
f 5761//5732 5763//5734 5650//5662
f 5654//5666 5661//5673 5739//5717
f 5661//5673 5689//5735 5739//5717
f 5740//5718 5739//5717 5689//5735
f 5564//5592 5766//5736 5765//5737
f 5564//5592 5639//5652 5766//5736
f 5564//5592 5765//5737 5682//5689
f 1306//1314 1307//1316 1302//1310
f 5767//5390 5768//5392 5676//5684
f 5767//5390 5676//5684 5682//5689
f 5765//5737 5766//5736 5769//5391
f 1315//1323 1306//1314 1309//1318
f 881//887 877//883 880//880
f 5766//5736 5639//5652 5770//5389
f 5770//5389 5639//5652 5774//5298
f 5766//5736 5770//5389 5769//5391
f 5768//5392 5685//5301 5676//5684
f 5770//5389 5773//5299 5769//5391
f 5771//5300 5773//5299 5770//5389
f 876//882 879//886 880//880
f 5639//5652 5749//5723 5774//5298
f 777//652 646//650 642//645
f 5774//5298 5685//5301 5771//5300
f 5774//5298 5772//5297 5685//5301
f 5685//5301 5772//5297 5686//5691
f 774//778 778//646 771//775
f 5685//5301 5768//5392 5773//5299
f 5656//5668 5686//5691 5775//5296
f 5774//5298 5749//5723 5775//5296
f 5686//5691 5772//5297 5775//5296
f 1314//1322 1282//1287 1324//1288
f 5656//5668 5776//5402 5754//5729
f 5776//5402 5656//5668 5777//5738
f 5775//5296 5777//5738 5656//5668
f 758//763 772//776 752//755
f 771//775 770//774 772//776
f 5747//5722 5775//5296 5749//5723
f 5747//5722 5778//5739 5777//5738
f 5777//5738 5778//5739 5776//5402
f 5777//5738 5775//5296 5747//5722
f 5754//5729 5751//5727 5656//5668
f 1316//1324 1311//1320 1280//1285
f 5763//5734 5552//5584 5650//5662
f 5779//5740 5552//5584 5763//5734
f 5779//5740 5568//5596 5552//5584
f 5793//5741 5735//5714 5717//5696
f 5717//5696 5794//5742 5793//5741
f 5794//5742 5796//5743 5795//5744
f 5795//5744 5797//5745 5794//5742
f 5794//5742 5798//5746 5796//5743
f 5794//5742 5717//5696 5798//5746
f 5717//5696 5718//5697 5798//5746
f 5799//5747 5795//5744 5796//5743
f 5798//5746 5718//5697 5723//5702
f 5723//5702 5796//5743 5798//5746
f 5796//5743 5723//5702 5800//5748
f 5800//5748 5799//5747 5796//5743
f 5801//5749 5799//5747 5800//5748
f 5801//5749 5802//5750 5799//5747
f 5723//5702 5803//5751 5800//5748
f 5800//5748 5803//5751 5804//5752
f 5804//5752 5801//5749 5800//5748
f 5723//5702 5726//5705 5803//5751
f 5805//5753 5803//5751 5726//5705
f 5803//5751 5805//5753 5804//5752
f 5805//5753 5726//5705 5729//5707
f 5802//5750 5801//5749 5806//5754
f 5805//5753 5729//5707 5731//5709
f 5805//5753 5731//5709 5807//5755
f 5807//5755 5804//5752 5805//5753
f 5808//5756 5804//5752 5807//5755
f 5808//5756 5801//5749 5804//5752
f 5807//5755 5731//5709 5808//5756
f 5801//5749 5808//5756 5809//5757
f 5810//5758 5809//5757 5808//5756
f 5801//5749 5809//5757 5806//5754
f 5741//5719 5810//5758 5808//5756
f 5759//5395 5793//5741 5811//5759
f 5812//5760 5814//5761 5813//5762
f 5793//5741 5759//5395 5758//5712
f 5815//5763 5811//5759 5797//5745
f 5816//5764 5811//5759 5815//5763
f 5815//5763 5797//5745 5812//5760
f 5814//5761 5817//5765 5813//5762
f 5735//5714 5793//5741 5758//5712
f 5793//5741 5794//5742 5811//5759
f 5794//5742 5797//5745 5811//5759
f 5795//5744 5812//5760 5797//5745
f 5795//5744 5814//5761 5812//5760
f 5642//5654 5817//5765 5736//5715
f 5818//5766 5736//5715 5817//5765
f 5818//5766 5819//5767 5736//5715
f 5795//5744 5799//5747 5814//5761
f 5818//5766 5817//5765 5814//5761
f 5736//5715 5819//5767 5646//5658
f 5820//5768 5818//5766 5814//5761
f 5819//5767 5818//5766 5820//5768
f 5819//5767 5820//5768 5646//5658
f 5814//5761 5802//5750 5820//5768
f 5646//5658 5820//5768 5649//5661
f 5799//5747 5802//5750 5814//5761
f 5820//5768 5802//5750 5821//5769
f 5649//5661 5820//5768 5650//5662
f 5820//5768 5822//5770 5650//5662
f 5650//5662 5822//5770 5762//5733
f 5820//5768 5821//5769 5822//5770
f 5806//5754 5823//5771 5802//5750
f 5802//5750 5823//5771 5821//5769
f 5821//5769 5825//5772 5824//5773
f 5824//5773 5822//5770 5821//5769
f 5823//5771 5825//5772 5821//5769
f 5824//5773 5825//5772 5846//5774
f 5823//5771 5806//5754 5825//5772
f 5809//5757 5826//5775 5806//5754
f 5826//5775 5825//5772 5806//5754
f 5808//5756 5731//5709 5741//5719
f 5755//5396 5759//5395 5748//5403
f 5759//5395 5816//5764 5830//5776
f 5830//5776 5816//5764 5831//5777
f 5831//5777 5816//5764 5832//5778
f 5833//5779 5832//5778 5816//5764
f 5835//5780 5834//5781 5757//5730
f 5835//5780 5836//5782 5834//5781
f 5833//5779 5837//5783 5839//5784
f 5757//5730 5834//5781 5760//5731
f 5759//5395 5811//5759 5816//5764
f 5842//5785 5838//5786 5834//5781
f 5839//5784 5842//5785 5834//5781
f 5815//5763 5833//5779 5816//5764
f 5815//5763 5840//5787 5841//5788
f 5815//5763 5841//5788 5833//5779
f 5833//5779 5841//5788 5837//5783
f 5841//5788 5842//5785 5837//5783
f 5840//5787 5842//5785 5841//5788
f 5838//5786 5842//5785 5840//5787
f 5842//5785 5839//5784 5837//5783
f 5834//5781 5845//5789 5760//5731
f 5845//5789 5834//5781 5838//5786
f 5813//5762 5843//5790 5812//5760
f 5815//5763 5812//5760 5840//5787
f 5812//5760 5838//5786 5840//5787
f 5812//5760 5843//5790 5838//5786
f 5845//5789 5642//5654 5760//5731
f 5844//5791 5642//5654 5845//5789
f 5813//5762 5844//5791 5843//5790
f 5844//5791 5845//5789 5843//5790
f 5843//5790 5845//5789 5838//5786
f 5844//5791 5817//5765 5642//5654
f 5844//5791 5813//5762 5817//5765
f 5762//5733 5822//5770 5824//5773
f 5762//5733 5846//5774 5761//5732
f 5824//5773 5846//5774 5762//5733
f 5846//5774 5847//5792 5761//5732
f 5847//5792 5846//5774 5825//5772
f 5763//5734 5761//5732 5847//5792
f 5850//5154 5747//5722 5748//5403
f 5851//5156 5747//5722 5850//5154
f 5747//5722 5851//5156 5778//5739
f 5851//5156 5776//5402 5778//5739
f 5835//5780 5776//5402 5836//5782
f 5748//5403 5759//5395 5850//5154
f 1311//1320 1323//1327 1315//1323
f 5851//5156 5836//5782 5776//5402
f 5850//5154 5830//5776 5853//5291
f 5759//5395 5830//5776 5850//5154
f 5850//5154 5853//5291 5852//5155
f 5852//5155 5836//5782 5851//5156
f 5830//5776 5831//5777 5853//5291
f 643//643 644//651 661//538
f 571//429 560//431 570//569
f 5854//5292 5836//5782 5852//5155
f 5831//5777 5832//5778 5856//5793
f 218//221 219//220 206//209
f 5856//5793 5855//5794 5854//5292
f 5854//5292 5855//5794 5836//5782
f 5832//5778 5833//5779 5856//5793
f 5855//5794 5856//5793 5833//5779
f 5755//5396 5835//5780 5757//5730
f 5857//5795 5834//5781 5836//5782
f 5857//5795 5855//5794 5858//5796
f 5858//5796 5839//5784 5857//5795
f 5857//5795 5839//5784 5834//5781
f 5855//5794 5857//5795 5836//5782
f 5855//5794 5833//5779 5858//5796
f 5839//5784 5858//5796 5833//5779
f 996//1001 1002//999 994//997
f 1004//1012 1006//1011 1010//5797
f 1001//1005 1010//1008 1004//1009
f 1490//1498 1684//1687 1682//1686
f 1490//1498 1682//1686 1685//1688
f 1490//1498 1685//1688 1683//1685
f 1490//1498 1683//1685 1488//1474
f 1129//1133 1128//1131 1126//1130
f 1129//1133 961//963 1125//1129
f 1127//5798 1129//5799 1128//5800
f 1127//1132 1129//1133 1125//1129
f 995//1000 1002//999 999//1002
f 5856//5793 5854//5292 5831//5777
f 5831//5777 5854//5292 5853//5291
f 5765//5737 5767//5390 5682//5689
f 5768//5392 5769//5391 5773//5299
f 5765//5737 5769//5391 5767//5390
f 5759//5395 5756//5397 5753//5728
f 5754//5729 5745//5401 5746//5724
f 5748//5403 5835//5780 5755//5396
f 5776//5402 5745//5401 5754//5729
f 5748//5403 5776//5402 5835//5780
f 5670//5405 5667//5407 5672//5678
f 5693//5408 5666//5410 5694//5406
f 5681//5686 5680//5415 5678//5414
f 5678//5414 5679//5413 5669//5680
f 5669//5680 5679//5413 5671//5681
f 5673//5682 5674//5417 5580//5605
f 5580//5605 5674//5417 5581//5416
f 5578//5603 5576//5419 5557//5421
f 5557//5421 5477//5420 5472//5424
f 5575//5423 5476//5425 5574//5519
f 5561//5427 5563//5426 5560//5591
f 5560//5591 5563//5426 5665//5677
f 5465//5429 5379//5431 5466//5514
f 5460//5432 5378//5161 5371//5399
f 5371//5399 5378//5161 5377//5422
f 5378//5161 5464//5430 5380//5434
f 5375//5394 5373//5400 5368//5388
f 5249//5266 5367//5387 5370//5398
f 5367//5387 5247//5264 5375//5394
f 5145//5153 5143//5163 5140//5150
f 5140//5150 5143//5163 5141//5151
f 5141//5151 5142//5152 5019//5023
f 5142//5152 5141//5151 5143//5163
f 5124//5130 5131//5139 5125//5132
f 5125//5132 5131//5139 5148//5165
f 5131//5139 5124//5130 5139//5148
f 3436//3307 3303//3312 3301//3310
f 2497//2500 2501//2503 2500//2502
f 1880//1881 1878//1882 1879//1883
f 1879//1883 1878//1882 2021//2024
f 1525//1528 1516//1522 1521//1523
f 1516//1522 1520//1524 1523//1526
f 1520//1524 1525//1528 1526//1494
f 1304//1313 1135//1139 1303//1311
f 1123//1128 1122//1127 1128//1131
f 1011//1018 1003//1007 1124//1017
f 1009//1016 1000//1004 1012//1015
f 1310//1319 1279//1284 1276//1281
f 1136//1140 1283//1289 1514//1293
f 1513//1296 1285//1292 1267//1273
f 1131//1135 1132//1137 1302//1310
f 1132//1137 1131//1135 1130//1134
f 888//892 1029//1035 885//891
f 1309//1318 1312//1315 1308//1317
f 1306//1314 1315//1323 1280//1285
f 1280//1285 1315//1323 1313//1321
f 1309//1318 1306//1314 1312//1315
f 879//886 886//885 885//891
f 886//885 879//886 876//882
f 1282//1287 1321//1332 1281//1286
f 1281//1286 1321//1332 1326//1328
f 1321//1332 1282//1287 1314//1322
f 758//763 752//755 895//762
f 1316//1324 1280//1285 1326//1328
f 1323//1327 1318//1330 1325//1333
f 1318//1330 1323//1327 1311//1320
usemtl Tendon.002
f 5399//5453 5401//5801 5400//5454
f 5399//5453 5407//5462 5401//5801
f 5408//5460 5407//5462 5399//5453
f 5489//5531 5493//5535 5494//5802
f 5401//5801 5493//5535 5400//5454
f 5501//5803 5493//5535 5401//5801
f 5501//5803 5494//5802 5493//5535
f 5502//5804 5494//5802 5501//5803
f 5503//5805 5504//5806 5494//5802
f 5401//5801 5502//5804 5501//5803
f 5502//5804 5503//5805 5494//5802
f 5502//5804 5401//5801 5505//5807
f 5502//5804 5505//5807 5506//5808
f 5507//5809 5506//5808 5505//5807
f 5503//5805 5509//5810 5508//5811
f 5506//5808 5503//5805 5502//5804
f 5506//5808 5509//5810 5503//5805
f 5509//5810 5506//5808 5508//5811
f 5507//5809 5508//5811 5506//5808
f 5401//5801 5407//5462 5505//5807
f 5407//5462 5507//5809 5505//5807
f 5414//5467 5511//5542 5510//5812
f 5411//5464 5410//5463 5511//5542
f 5507//5809 5415//5468 5508//5811
f 5510//5812 5415//5468 5414//5467
f 5507//5809 5407//5462 5415//5468
f 5583//5813 5572//5600 5487//5529
f 5584//5607 5583//5813 5487//5529
f 5583//5813 5584//5607 5585//5814
f 5586//5815 5489//5531 5494//5802
f 5586//5815 5584//5607 5489//5531
f 5586//5815 5585//5814 5584//5607
f 5587//5816 5585//5814 5586//5815
f 5588//5817 5491//5533 5582//5606
f 5494//5802 5504//5806 5586//5815
f 5589//5818 5587//5816 5586//5815
f 5503//5805 5508//5811 5504//5806
f 5590//5819 5504//5806 5508//5811
f 5504//5806 5590//5819 5586//5815
f 5590//5819 5589//5818 5586//5815
f 5589//5818 5591//5820 5587//5816
f 5589//5818 5592//5821 5591//5820
f 5585//5814 5587//5816 5591//5820
f 5491//5533 5588//5817 5593//5822
f 5405//5458 5491//5533 5410//5463
f 5593//5822 5410//5463 5491//5533
f 5589//5818 5590//5819 5592//5821
f 5592//5821 5594//5823 5710//5824
f 5594//5823 5595//5825 5710//5824
f 5510//5812 5590//5819 5508//5811
f 5592//5821 5590//5819 5594//5823
f 5510//5812 5594//5823 5590//5819
f 5594//5823 5510//5812 5595//5825
f 5410//5463 5595//5825 5511//5542
f 5510//5812 5508//5811 5415//5468
f 5511//5542 5595//5825 5510//5812
f 5661//5673 5687//5692 5688//5826
f 5661//5673 5688//5826 5689//5735
f 5690//5827 5689//5735 5691//5828
f 5688//5826 5664//5676 5572//5600
f 5572//5600 5664//5676 5570//5598
f 5687//5692 5664//5676 5688//5826
f 5691//5828 5689//5735 5688//5826
f 5572//5600 5583//5813 5691//5828
f 5688//5826 5572//5600 5691//5828
f 5695//5829 5582//5606 5568//5596
f 5695//5829 5568//5596 5696//5830
f 5583//5813 5697//5831 5691//5828
f 5698//5832 5697//5831 5583//5813
f 5699//5833 5698//5832 5592//5821
f 5700//5834 5697//5831 5698//5832
f 5699//5833 5700//5834 5698//5832
f 5583//5813 5585//5814 5591//5820
f 5583//5813 5591//5820 5698//5832
f 5698//5832 5591//5820 5592//5821
f 5582//5606 5701//5835 5588//5817
f 5701//5835 5582//5606 5702//5836
f 5695//5829 5702//5836 5582//5606
f 5701//5835 5703//5837 5588//5817
f 5703//5837 5705//5838 5704//5839
f 5701//5835 5705//5838 5703//5837
f 5702//5836 5706//5840 5701//5835
f 5701//5835 5706//5840 5705//5838
f 5707//5841 5702//5836 5695//5829
f 5707//5841 5706//5840 5702//5836
f 5707//5841 5712//5842 5706//5840
f 5695//5829 5708//5843 5707//5841
f 5707//5841 5708//5843 5712//5842
f 5709//5844 5700//5834 5699//5833
f 5592//5821 5710//5824 5709//5844
f 5706//5840 5712//5842 5710//5824
f 5705//5838 5706//5840 5710//5824
f 5709//5844 5699//5833 5592//5821
f 5709//5844 5710//5824 5711//5845
f 5712//5842 5711//5845 5710//5824
f 5588//5817 5703//5837 5593//5822
f 5703//5837 5704//5839 5593//5822
f 5704//5839 5705//5838 5713//5846
f 5593//5822 5704//5839 5713//5846
f 5410//5463 5593//5822 5713//5846
f 5595//5825 5410//5463 5713//5846
f 5710//5824 5595//5825 5705//5838
f 5595//5825 5713//5846 5705//5838
f 5741//5719 5742//5720 5743//5847
f 5740//5718 5690//5827 5742//5720
f 5743//5847 5742//5720 5764//5848
f 5742//5720 5690//5827 5764//5848
f 5690//5827 5740//5718 5689//5735
f 5690//5827 5691//5828 5764//5848
f 5764//5848 5691//5828 5780//5849
f 5781//5850 5764//5848 5782//5851
f 5779//5740 5783//5852 5568//5596
f 5697//5831 5780//5849 5691//5828
f 5780//5849 5782//5851 5764//5848
f 5782//5851 5780//5849 5784//5853
f 5785//5854 5784//5853 5780//5849
f 5697//5831 5786//5855 5780//5849
f 5785//5854 5780//5849 5787//5856
f 5787//5856 5780//5849 5786//5855
f 5786//5855 5788//5857 5787//5856
f 5695//5829 5696//5830 5789//5858
f 5789//5858 5696//5830 5568//5596
f 5697//5831 5790//5859 5786//5855
f 5786//5855 5790//5859 5788//5857
f 5788//5857 5790//5859 5791//5860
f 5790//5859 5697//5831 5700//5834
f 5789//5858 5708//5843 5695//5829
f 5711//5845 5792//5861 5791//5860
f 5709//5844 5711//5845 5790//5859
f 5708//5843 5711//5845 5712//5842
f 5709//5844 5790//5859 5700//5834
f 5792//5861 5711//5845 5708//5843
f 5792//5861 5708//5843 5789//5858
f 5791//5860 5790//5859 5711//5845
f 5809//5757 5810//5758 5826//5775
f 5810//5758 5741//5719 5827//5862
f 5826//5775 5810//5758 5828//5863
f 5829//5864 5741//5719 5743//5847
f 5810//5758 5827//5862 5828//5863
f 5829//5864 5827//5862 5741//5719
f 5825//5772 5848//5865 5847//5792
f 5825//5772 5826//5775 5848//5865
f 5828//5863 5849//5866 5826//5775
f 5826//5775 5849//5866 5848//5865
f 5743//5847 5764//5848 5829//5864
f 5781//5850 5827//5862 5829//5864
f 5779//5740 5763//5734 5847//5792
f 5847//5792 5859//5867 5779//5740
f 5849//5866 5859//5867 5848//5865
f 5859//5867 5847//5792 5848//5865
f 5828//5863 5860//5868 5849//5866
f 5860//5868 5861//5869 5849//5866
f 5849//5866 5861//5869 5859//5867
f 5829//5864 5764//5848 5781//5850
f 5827//5862 5781//5850 5862//5870
f 5862//5870 5828//5863 5827//5862
f 5863//5871 5828//5863 5862//5870
f 5828//5863 5863//5871 5860//5868
f 5862//5870 5781//5850 5864//5872
f 5864//5872 5863//5871 5862//5870
f 5864//5872 5781//5850 5782//5851
f 5865//5873 5779//5740 5859//5867
f 5865//5873 5783//5852 5779//5740
f 5859//5867 5861//5869 5865//5873
f 5783//5852 5865//5873 5789//5858
f 5863//5871 5866//5874 5860//5868
f 5866//5874 5861//5869 5860//5868
f 5864//5872 5866//5874 5863//5871
f 5867//5875 5866//5874 5864//5872
f 5784//5853 5864//5872 5782//5851
f 5868//5876 5864//5872 5784//5853
f 5867//5875 5864//5872 5868//5876
f 5868//5876 5784//5853 5785//5854
f 5783//5852 5789//5858 5568//5596
f 5865//5873 5861//5869 5792//5861
f 5861//5869 5866//5874 5869//5877
f 5869//5877 5792//5861 5861//5869
f 5867//5875 5868//5876 5785//5854
f 5867//5875 5785//5854 5870//5878
f 5791//5860 5792//5861 5870//5878
f 5867//5875 5869//5877 5866//5874
f 5870//5878 5869//5877 5867//5875
f 5869//5877 5870//5878 5792//5861
f 5787//5856 5788//5857 5785//5854
f 5788//5857 5870//5878 5785//5854
f 5789//5858 5865//5873 5792//5861
f 5870//5878 5788//5857 5791//5860
